7,0,ycsDMGC1LJOZzxIgddlzr/qvxmQ=,n1FTSqeC7n0JkFtyIl/al9Pqags=
8,0,wYog0ItYNG1t7dsKu8+FKpn89Yw=,n1FTSqeC7n0JkFtyIl/al9Pqags=
9,0,wYog0ItYNG1t7dsKu8+FKpn89Yw=,n1FTSqeC7n0JkFtyIl/al9Pqags=
13,15,wYog0ItYNG1t7dsKu8+FKpn89Yw=,n1FTSqeC7n0JkFtyIl/al9Pqags=
15,15,wYog0ItYNG1t7dsKu8+FKpn89Yw=,n1FTSqeC7n0JkFtyIl/al9Pqags=
11,0,wYog0ItYNG1t7dsKu8+FKpn89Yw=,n1FTSqeC7n0JkFtyIl/al9Pqags=
10,0,wYog0ItYNG1t7dsKu8+FKpn89Yw=,n1FTSqeC7n0JkFtyIl/al9Pqags=
14,15,wYog0ItYNG1t7dsKu8+FKpn89Yw=,n1FTSqeC7n0JkFtyIl/al9Pqags=
12,0,wYog0ItYNG1t7dsKu8+FKpn89Yw=,n1FTSqeC7n0JkFtyIl/al9Pqags=
14,0,wYog0ItYNG1t7dsKu8+FKpn89Yw=,n1FTSqeC7n0JkFtyIl/al9Pqags=
12,15,wYog0ItYNG1t7dsKu8+FKpn89Yw=,n1FTSqeC7n0JkFtyIl/al9Pqags=
13,0,wYog0ItYNG1t7dsKu8+FKpn89Yw=,n1FTSqeC7n0JkFtyIl/al9Pqags=
11,15,wYog0ItYNG1t7dsKu8+FKpn89Yw=,n1FTSqeC7n0JkFtyIl/al9Pqags=
15,0,wYog0ItYNG1t7dsKu8+FKpn89Yw=,n1FTSqeC7n0JkFtyIl/al9Pqags=
10,15,wYog0ItYNG1t7dsKu8+FKpn89Yw=,n1FTSqeC7n0JkFtyIl/al9Pqags=
8,15,wYog0ItYNG1t7dsKu8+FKpn89Yw=,n1FTSqeC7n0JkFtyIl/al9Pqags=
6,15,wYog0ItYNG1t7dsKu8+FKpn89Yw=,n1FTSqeC7n0JkFtyIl/al9Pqags=
7,15,wYog0ItYNG1t7dsKu8+FKpn89Yw=,n1FTSqeC7n0JkFtyIl/al9Pqags=
5,15,wYog0ItYNG1t7dsKu8+FKpn89Yw=,n1FTSqeC7n0JkFtyIl/al9Pqags=
9,15,wYog0ItYNG1t7dsKu8+FKpn89Yw=,n1FTSqeC7n0JkFtyIl/al9Pqags=
3,15,wYog0ItYNG1t7dsKu8+FKpn89Yw=,n1FTSqeC7n0JkFtyIl/al9Pqags=
4,15,wYog0ItYNG1t7dsKu8+FKpn89Yw=,n1FTSqeC7n0JkFtyIl/al9Pqags=
2,15,wYog0ItYNG1t7dsKu8+FKpn89Yw=,n1FTSqeC7n0JkFtyIl/al9Pqags=
1,15,wYog0ItYNG1t7dsKu8+FKpn89Yw=,n1FTSqeC7n0JkFtyIl/al9Pqags=
0,15,wYog0ItYNG1t7dsKu8+FKpn89Yw=,n1FTSqeC7n0JkFtyIl/al9Pqags=
15,14,wYog0ItYNG1t7dsKu8+FKpn89Yw=,n1FTSqeC7n0JkFtyIl/al9Pqags=
14,14,wYog0ItYNG1t7dsKu8+FKpn89Yw=,n1FTSqeC7n0JkFtyIl/al9Pqags=
13,14,wYog0ItYNG1t7dsKu8+FKpn89Yw=,n1FTSqeC7n0JkFtyIl/al9Pqags=
12,14,wYog0ItYNG1t7dsKu8+FKpn89Yw=,n1FTSqeC7n0JkFtyIl/al9Pqags=
7,14,wYog0ItYNG1t7dsKu8+FKpn89Yw=,n1FTSqeC7n0JkFtyIl/al9Pqags=
10,14,wYog0ItYNG1t7dsKu8+FKpn89Yw=,n1FTSqeC7n0JkFtyIl/al9Pqags=
4,14,wYog0ItYNG1t7dsKu8+FKpn89Yw=,n1FTSqeC7n0JkFtyIl/al9Pqags=
8,14,wYog0ItYNG1t7dsKu8+FKpn89Yw=,n1FTSqeC7n0JkFtyIl/al9Pqags=
9,14,wYog0ItYNG1t7dsKu8+FKpn89Yw=,n1FTSqeC7n0JkFtyIl/al9Pqags=
5,14,wYog0ItYNG1t7dsKu8+FKpn89Yw=,n1FTSqeC7n0JkFtyIl/al9Pqags=
3,14,wYog0ItYNG1t7dsKu8+FKpn89Yw=,n1FTSqeC7n0JkFtyIl/al9Pqags=
6,14,wYog0ItYNG1t7dsKu8+FKpn89Yw=,n1FTSqeC7n0JkFtyIl/al9Pqags=
1,14,wYog0ItYNG1t7dsKu8+FKpn89Yw=,n1FTSqeC7n0JkFtyIl/al9Pqags=
2,14,wYog0ItYNG1t7dsKu8+FKpn89Yw=,n1FTSqeC7n0JkFtyIl/al9Pqags=
11,14,wYog0ItYNG1t7dsKu8+FKpn89Yw=,n1FTSqeC7n0JkFtyIl/al9Pqags=
0,14,wYog0ItYNG1t7dsKu8+FKpn89Yw=,n1FTSqeC7n0JkFtyIl/al9Pqags=
15,13,wYog0ItYNG1t7dsKu8+FKpn89Yw=,n1FTSqeC7n0JkFtyIl/al9Pqags=
14,13,wYog0ItYNG1t7dsKu8+FKpn89Yw=,n1FTSqeC7n0JkFtyIl/al9Pqags=
13,13,wYog0ItYNG1t7dsKu8+FKpn89Yw=,n1FTSqeC7n0JkFtyIl/al9Pqags=
12,13,wYog0ItYNG1t7dsKu8+FKpn89Yw=,n1FTSqeC7n0JkFtyIl/al9Pqags=
11,13,wYog0ItYNG1t7dsKu8+FKpn89Yw=,n1FTSqeC7n0JkFtyIl/al9Pqags=
10,13,wYog0ItYNG1t7dsKu8+FKpn89Yw=,n1FTSqeC7n0JkFtyIl/al9Pqags=
9,13,wYog0ItYNG1t7dsKu8+FKpn89Yw=,n1FTSqeC7n0JkFtyIl/al9Pqags=
8,13,wYog0ItYNG1t7dsKu8+FKpn89Yw=,n1FTSqeC7n0JkFtyIl/al9Pqags=
7,13,wYog0ItYNG1t7dsKu8+FKpn89Yw=,n1FTSqeC7n0JkFtyIl/al9Pqags=
6,13,wYog0ItYNG1t7dsKu8+FKpn89Yw=,n1FTSqeC7n0JkFtyIl/al9Pqags=
4,13,wYog0ItYNG1t7dsKu8+FKpn89Yw=,n1FTSqeC7n0JkFtyIl/al9Pqags=
5,13,wYog0ItYNG1t7dsKu8+FKpn89Yw=,n1FTSqeC7n0JkFtyIl/al9Pqags=
3,13,wYog0ItYNG1t7dsKu8+FKpn89Yw=,n1FTSqeC7n0JkFtyIl/al9Pqags=
2,13,wYog0ItYNG1t7dsKu8+FKpn89Yw=,n1FTSqeC7n0JkFtyIl/al9Pqags=
1,13,wYog0ItYNG1t7dsKu8+FKpn89Yw=,n1FTSqeC7n0JkFtyIl/al9Pqags=
0,13,wYog0ItYNG1t7dsKu8+FKpn89Yw=,n1FTSqeC7n0JkFtyIl/al9Pqags=
15,12,wYog0ItYNG1t7dsKu8+FKpn89Yw=,n1FTSqeC7n0JkFtyIl/al9Pqags=
13,12,wYog0ItYNG1t7dsKu8+FKpn89Yw=,n1FTSqeC7n0JkFtyIl/al9Pqags=
14,12,wYog0ItYNG1t7dsKu8+FKpn89Yw=,n1FTSqeC7n0JkFtyIl/al9Pqags=
12,12,wYog0ItYNG1t7dsKu8+FKpn89Yw=,n1FTSqeC7n0JkFtyIl/al9Pqags=
11,12,wYog0ItYNG1t7dsKu8+FKpn89Yw=,n1FTSqeC7n0JkFtyIl/al9Pqags=
10,12,wYog0ItYNG1t7dsKu8+FKpn89Yw=,n1FTSqeC7n0JkFtyIl/al9Pqags=
9,12,wYog0ItYNG1t7dsKu8+FKpn89Yw=,n1FTSqeC7n0JkFtyIl/al9Pqags=
8,12,wYog0ItYNG1t7dsKu8+FKpn89Yw=,n1FTSqeC7n0JkFtyIl/al9Pqags=
7,12,wYog0ItYNG1t7dsKu8+FKpn89Yw=,n1FTSqeC7n0JkFtyIl/al9Pqags=
6,12,wYog0ItYNG1t7dsKu8+FKpn89Yw=,n1FTSqeC7n0JkFtyIl/al9Pqags=
5,12,wYog0ItYNG1t7dsKu8+FKpn89Yw=,n1FTSqeC7n0JkFtyIl/al9Pqags=
4,12,wYog0ItYNG1t7dsKu8+FKpn89Yw=,n1FTSqeC7n0JkFtyIl/al9Pqags=
2,12,wYog0ItYNG1t7dsKu8+FKpn89Yw=,n1FTSqeC7n0JkFtyIl/al9Pqags=
3,12,wYog0ItYNG1t7dsKu8+FKpn89Yw=,n1FTSqeC7n0JkFtyIl/al9Pqags=
1,12,wYog0ItYNG1t7dsKu8+FKpn89Yw=,n1FTSqeC7n0JkFtyIl/al9Pqags=
0,12,wYog0ItYNG1t7dsKu8+FKpn89Yw=,n1FTSqeC7n0JkFtyIl/al9Pqags=
15,11,wYog0ItYNG1t7dsKu8+FKpn89Yw=,n1FTSqeC7n0JkFtyIl/al9Pqags=
14,11,wYog0ItYNG1t7dsKu8+FKpn89Yw=,n1FTSqeC7n0JkFtyIl/al9Pqags=
13,11,wYog0ItYNG1t7dsKu8+FKpn89Yw=,n1FTSqeC7n0JkFtyIl/al9Pqags=
12,11,wYog0ItYNG1t7dsKu8+FKpn89Yw=,n1FTSqeC7n0JkFtyIl/al9Pqags=
11,11,wYog0ItYNG1t7dsKu8+FKpn89Yw=,n1FTSqeC7n0JkFtyIl/al9Pqags=
10,11,wYog0ItYNG1t7dsKu8+FKpn89Yw=,n1FTSqeC7n0JkFtyIl/al9Pqags=
8,11,wYog0ItYNG1t7dsKu8+FKpn89Yw=,n1FTSqeC7n0JkFtyIl/al9Pqags=
9,11,wYog0ItYNG1t7dsKu8+FKpn89Yw=,n1FTSqeC7n0JkFtyIl/al9Pqags=
7,11,wYog0ItYNG1t7dsKu8+FKpn89Yw=,n1FTSqeC7n0JkFtyIl/al9Pqags=
6,11,wYog0ItYNG1t7dsKu8+FKpn89Yw=,n1FTSqeC7n0JkFtyIl/al9Pqags=
5,11,wYog0ItYNG1t7dsKu8+FKpn89Yw=,n1FTSqeC7n0JkFtyIl/al9Pqags=
4,11,wYog0ItYNG1t7dsKu8+FKpn89Yw=,n1FTSqeC7n0JkFtyIl/al9Pqags=
3,11,wYog0ItYNG1t7dsKu8+FKpn89Yw=,n1FTSqeC7n0JkFtyIl/al9Pqags=
2,11,wYog0ItYNG1t7dsKu8+FKpn89Yw=,n1FTSqeC7n0JkFtyIl/al9Pqags=
1,11,wYog0ItYNG1t7dsKu8+FKpn89Yw=,n1FTSqeC7n0JkFtyIl/al9Pqags=
0,11,wYog0ItYNG1t7dsKu8+FKpn89Yw=,n1FTSqeC7n0JkFtyIl/al9Pqags=
15,10,wYog0ItYNG1t7dsKu8+FKpn89Yw=,n1FTSqeC7n0JkFtyIl/al9Pqags=
14,10,wYog0ItYNG1t7dsKu8+FKpn89Yw=,n1FTSqeC7n0JkFtyIl/al9Pqags=
13,10,wYog0ItYNG1t7dsKu8+FKpn89Yw=,n1FTSqeC7n0JkFtyIl/al9Pqags=
12,10,wYog0ItYNG1t7dsKu8+FKpn89Yw=,n1FTSqeC7n0JkFtyIl/al9Pqags=
10,10,wYog0ItYNG1t7dsKu8+FKpn89Yw=,n1FTSqeC7n0JkFtyIl/al9Pqags=
11,10,wYog0ItYNG1t7dsKu8+FKpn89Yw=,n1FTSqeC7n0JkFtyIl/al9Pqags=
9,10,wYog0ItYNG1t7dsKu8+FKpn89Yw=,n1FTSqeC7n0JkFtyIl/al9Pqags=
8,10,wYog0ItYNG1t7dsKu8+FKpn89Yw=,n1FTSqeC7n0JkFtyIl/al9Pqags=
7,10,wYog0ItYNG1t7dsKu8+FKpn89Yw=,n1FTSqeC7n0JkFtyIl/al9Pqags=
6,10,wYog0ItYNG1t7dsKu8+FKpn89Yw=,n1FTSqeC7n0JkFtyIl/al9Pqags=
5,10,wYog0ItYNG1t7dsKu8+FKpn89Yw=,n1FTSqeC7n0JkFtyIl/al9Pqags=
4,10,wYog0ItYNG1t7dsKu8+FKpn89Yw=,n1FTSqeC7n0JkFtyIl/al9Pqags=
3,10,wYog0ItYNG1t7dsKu8+FKpn89Yw=,n1FTSqeC7n0JkFtyIl/al9Pqags=
2,10,wYog0ItYNG1t7dsKu8+FKpn89Yw=,n1FTSqeC7n0JkFtyIl/al9Pqags=
1,10,wYog0ItYNG1t7dsKu8+FKpn89Yw=,n1FTSqeC7n0JkFtyIl/al9Pqags=
0,10,wYog0ItYNG1t7dsKu8+FKpn89Yw=,n1FTSqeC7n0JkFtyIl/al9Pqags=
15,9,wYog0ItYNG1t7dsKu8+FKpn89Yw=,n1FTSqeC7n0JkFtyIl/al9Pqags=
14,9,wYog0ItYNG1t7dsKu8+FKpn89Yw=,n1FTSqeC7n0JkFtyIl/al9Pqags=
13,9,wYog0ItYNG1t7dsKu8+FKpn89Yw=,n1FTSqeC7n0JkFtyIl/al9Pqags=
11,9,wYog0ItYNG1t7dsKu8+FKpn89Yw=,n1FTSqeC7n0JkFtyIl/al9Pqags=
12,9,wYog0ItYNG1t7dsKu8+FKpn89Yw=,n1FTSqeC7n0JkFtyIl/al9Pqags=
10,9,wYog0ItYNG1t7dsKu8+FKpn89Yw=,n1FTSqeC7n0JkFtyIl/al9Pqags=
8,9,wYog0ItYNG1t7dsKu8+FKpn89Yw=,n1FTSqeC7n0JkFtyIl/al9Pqags=
9,9,wYog0ItYNG1t7dsKu8+FKpn89Yw=,n1FTSqeC7n0JkFtyIl/al9Pqags=
7,9,wYog0ItYNG1t7dsKu8+FKpn89Yw=,n1FTSqeC7n0JkFtyIl/al9Pqags=
6,0,wYog0ItYNG1t7dsKu8+FKpn89Yw=,n1FTSqeC7n0JkFtyIl/al9Pqags=
5,0,wYog0ItYNG1t7dsKu8+FKpn89Yw=,n1FTSqeC7n0JkFtyIl/al9Pqags=
4,0,wYog0ItYNG1t7dsKu8+FKpn89Yw=,n1FTSqeC7n0JkFtyIl/al9Pqags=
1,0,wYog0ItYNG1t7dsKu8+FKpn89Yw=,n1FTSqeC7n0JkFtyIl/al9Pqags=
0,0,wYog0ItYNG1t7dsKu8+FKpn89Yw=,n1FTSqeC7n0JkFtyIl/al9Pqags=
1,1,wYog0ItYNG1t7dsKu8+FKpn89Yw=,n1FTSqeC7n0JkFtyIl/al9Pqags=
5,1,wYog0ItYNG1t7dsKu8+FKpn89Yw=,n1FTSqeC7n0JkFtyIl/al9Pqags=
7,1,wYog0ItYNG1t7dsKu8+FKpn89Yw=,n1FTSqeC7n0JkFtyIl/al9Pqags=
8,1,wYog0ItYNG1t7dsKu8+FKpn89Yw=,n1FTSqeC7n0JkFtyIl/al9Pqags=
9,1,wYog0ItYNG1t7dsKu8+FKpn89Yw=,n1FTSqeC7n0JkFtyIl/al9Pqags=
10,1,wYog0ItYNG1t7dsKu8+FKpn89Yw=,n1FTSqeC7n0JkFtyIl/al9Pqags=
11,1,wYog0ItYNG1t7dsKu8+FKpn89Yw=,n1FTSqeC7n0JkFtyIl/al9Pqags=
12,1,wYog0ItYNG1t7dsKu8+FKpn89Yw=,n1FTSqeC7n0JkFtyIl/al9Pqags=
14,1,wYog0ItYNG1t7dsKu8+FKpn89Yw=,n1FTSqeC7n0JkFtyIl/al9Pqags=
13,1,wYog0ItYNG1t7dsKu8+FKpn89Yw=,n1FTSqeC7n0JkFtyIl/al9Pqags=
2,0,wYog0ItYNG1t7dsKu8+FKpn89Yw=,n1FTSqeC7n0JkFtyIl/al9Pqags=
6,1,wYog0ItYNG1t7dsKu8+FKpn89Yw=,n1FTSqeC7n0JkFtyIl/al9Pqags=
2,1,wYog0ItYNG1t7dsKu8+FKpn89Yw=,n1FTSqeC7n0JkFtyIl/al9Pqags=
15,1,wYog0ItYNG1t7dsKu8+FKpn89Yw=,n1FTSqeC7n0JkFtyIl/al9Pqags=
0,1,wYog0ItYNG1t7dsKu8+FKpn89Yw=,n1FTSqeC7n0JkFtyIl/al9Pqags=
4,2,wYog0ItYNG1t7dsKu8+FKpn89Yw=,n1FTSqeC7n0JkFtyIl/al9Pqags=
5,2,wYog0ItYNG1t7dsKu8+FKpn89Yw=,n1FTSqeC7n0JkFtyIl/al9Pqags=
6,2,wYog0ItYNG1t7dsKu8+FKpn89Yw=,n1FTSqeC7n0JkFtyIl/al9Pqags=
7,2,wYog0ItYNG1t7dsKu8+FKpn89Yw=,n1FTSqeC7n0JkFtyIl/al9Pqags=
8,2,wYog0ItYNG1t7dsKu8+FKpn89Yw=,n1FTSqeC7n0JkFtyIl/al9Pqags=
9,2,wYog0ItYNG1t7dsKu8+FKpn89Yw=,n1FTSqeC7n0JkFtyIl/al9Pqags=
10,2,wYog0ItYNG1t7dsKu8+FKpn89Yw=,n1FTSqeC7n0JkFtyIl/al9Pqags=
11,2,wYog0ItYNG1t7dsKu8+FKpn89Yw=,n1FTSqeC7n0JkFtyIl/al9Pqags=
12,2,wYog0ItYNG1t7dsKu8+FKpn89Yw=,n1FTSqeC7n0JkFtyIl/al9Pqags=
13,2,wYog0ItYNG1t7dsKu8+FKpn89Yw=,n1FTSqeC7n0JkFtyIl/al9Pqags=
14,2,wYog0ItYNG1t7dsKu8+FKpn89Yw=,n1FTSqeC7n0JkFtyIl/al9Pqags=
15,2,wYog0ItYNG1t7dsKu8+FKpn89Yw=,n1FTSqeC7n0JkFtyIl/al9Pqags=
3,1,wYog0ItYNG1t7dsKu8+FKpn89Yw=,n1FTSqeC7n0JkFtyIl/al9Pqags=
4,1,wYog0ItYNG1t7dsKu8+FKpn89Yw=,n1FTSqeC7n0JkFtyIl/al9Pqags=
3,2,wYog0ItYNG1t7dsKu8+FKpn89Yw=,n1FTSqeC7n0JkFtyIl/al9Pqags=
3,3,wYog0ItYNG1t7dsKu8+FKpn89Yw=,n1FTSqeC7n0JkFtyIl/al9Pqags=
4,3,wYog0ItYNG1t7dsKu8+FKpn89Yw=,n1FTSqeC7n0JkFtyIl/al9Pqags=
5,3,wYog0ItYNG1t7dsKu8+FKpn89Yw=,n1FTSqeC7n0JkFtyIl/al9Pqags=
6,3,wYog0ItYNG1t7dsKu8+FKpn89Yw=,n1FTSqeC7n0JkFtyIl/al9Pqags=
7,3,wYog0ItYNG1t7dsKu8+FKpn89Yw=,n1FTSqeC7n0JkFtyIl/al9Pqags=
8,3,wYog0ItYNG1t7dsKu8+FKpn89Yw=,n1FTSqeC7n0JkFtyIl/al9Pqags=
9,3,wYog0ItYNG1t7dsKu8+FKpn89Yw=,n1FTSqeC7n0JkFtyIl/al9Pqags=
10,3,wYog0ItYNG1t7dsKu8+FKpn89Yw=,n1FTSqeC7n0JkFtyIl/al9Pqags=
11,3,wYog0ItYNG1t7dsKu8+FKpn89Yw=,n1FTSqeC7n0JkFtyIl/al9Pqags=
12,3,wYog0ItYNG1t7dsKu8+FKpn89Yw=,n1FTSqeC7n0JkFtyIl/al9Pqags=
13,3,wYog0ItYNG1t7dsKu8+FKpn89Yw=,n1FTSqeC7n0JkFtyIl/al9Pqags=
14,3,wYog0ItYNG1t7dsKu8+FKpn89Yw=,n1FTSqeC7n0JkFtyIl/al9Pqags=
15,3,wYog0ItYNG1t7dsKu8+FKpn89Yw=,n1FTSqeC7n0JkFtyIl/al9Pqags=
1,2,wYog0ItYNG1t7dsKu8+FKpn89Yw=,n1FTSqeC7n0JkFtyIl/al9Pqags=
0,2,wYog0ItYNG1t7dsKu8+FKpn89Yw=,n1FTSqeC7n0JkFtyIl/al9Pqags=
2,4,wYog0ItYNG1t7dsKu8+FKpn89Yw=,n1FTSqeC7n0JkFtyIl/al9Pqags=
3,4,wYog0ItYNG1t7dsKu8+FKpn89Yw=,n1FTSqeC7n0JkFtyIl/al9Pqags=
4,4,wYog0ItYNG1t7dsKu8+FKpn89Yw=,n1FTSqeC7n0JkFtyIl/al9Pqags=
5,4,wYog0ItYNG1t7dsKu8+FKpn89Yw=,n1FTSqeC7n0JkFtyIl/al9Pqags=
6,4,wYog0ItYNG1t7dsKu8+FKpn89Yw=,n1FTSqeC7n0JkFtyIl/al9Pqags=
7,4,wYog0ItYNG1t7dsKu8+FKpn89Yw=,n1FTSqeC7n0JkFtyIl/al9Pqags=
8,4,wYog0ItYNG1t7dsKu8+FKpn89Yw=,n1FTSqeC7n0JkFtyIl/al9Pqags=
9,4,wYog0ItYNG1t7dsKu8+FKpn89Yw=,n1FTSqeC7n0JkFtyIl/al9Pqags=
11,4,OjRakCacl9TuMmDjxHd0r7HWCfc=,n1FTSqeC7n0JkFtyIl/al9Pqags=
10,4,OjRakCacl9TuMmDjxHd0r7HWCfc=,n1FTSqeC7n0JkFtyIl/al9Pqags=
12,4,OjRakCacl9TuMmDjxHd0r7HWCfc=,n1FTSqeC7n0JkFtyIl/al9Pqags=
13,4,ycsDMGC1LJOZzxIgddlzr/qvxmQ=,n1FTSqeC7n0JkFtyIl/al9Pqags=
14,4,wYog0ItYNG1t7dsKu8+FKpn89Yw=,n1FTSqeC7n0JkFtyIl/al9Pqags=
15,4,wYog0ItYNG1t7dsKu8+FKpn89Yw=,n1FTSqeC7n0JkFtyIl/al9Pqags=
0,5,wYog0ItYNG1t7dsKu8+FKpn89Yw=,n1FTSqeC7n0JkFtyIl/al9Pqags=
1,5,wYog0ItYNG1t7dsKu8+FKpn89Yw=,n1FTSqeC7n0JkFtyIl/al9Pqags=
2,5,wYog0ItYNG1t7dsKu8+FKpn89Yw=,n1FTSqeC7n0JkFtyIl/al9Pqags=
3,5,wYog0ItYNG1t7dsKu8+FKpn89Yw=,n1FTSqeC7n0JkFtyIl/al9Pqags=
4,5,wYog0ItYNG1t7dsKu8+FKpn89Yw=,n1FTSqeC7n0JkFtyIl/al9Pqags=
2,3,wYog0ItYNG1t7dsKu8+FKpn89Yw=,n1FTSqeC7n0JkFtyIl/al9Pqags=
2,2,wYog0ItYNG1t7dsKu8+FKpn89Yw=,n1FTSqeC7n0JkFtyIl/al9Pqags=
7,5,wYog0ItYNG1t7dsKu8+FKpn89Yw=,n1FTSqeC7n0JkFtyIl/al9Pqags=
9,5,wYog0ItYNG1t7dsKu8+FKpn89Yw=,n1FTSqeC7n0JkFtyIl/al9Pqags=
8,5,wYog0ItYNG1t7dsKu8+FKpn89Yw=,n1FTSqeC7n0JkFtyIl/al9Pqags=
10,5,wYog0ItYNG1t7dsKu8+FKpn89Yw=,n1FTSqeC7n0JkFtyIl/al9Pqags=
12,5,wYog0ItYNG1t7dsKu8+FKpn89Yw=,n1FTSqeC7n0JkFtyIl/al9Pqags=
11,5,wYog0ItYNG1t7dsKu8+FKpn89Yw=,n1FTSqeC7n0JkFtyIl/al9Pqags=
13,5,wYog0ItYNG1t7dsKu8+FKpn89Yw=,n1FTSqeC7n0JkFtyIl/al9Pqags=
14,5,wYog0ItYNG1t7dsKu8+FKpn89Yw=,n1FTSqeC7n0JkFtyIl/al9Pqags=
15,5,wYog0ItYNG1t7dsKu8+FKpn89Yw=,n1FTSqeC7n0JkFtyIl/al9Pqags=
0,6,wYog0ItYNG1t7dsKu8+FKpn89Yw=,n1FTSqeC7n0JkFtyIl/al9Pqags=
1,6,wYog0ItYNG1t7dsKu8+FKpn89Yw=,n1FTSqeC7n0JkFtyIl/al9Pqags=
2,6,wYog0ItYNG1t7dsKu8+FKpn89Yw=,n1FTSqeC7n0JkFtyIl/al9Pqags=
3,6,wYog0ItYNG1t7dsKu8+FKpn89Yw=,n1FTSqeC7n0JkFtyIl/al9Pqags=
5,5,wYog0ItYNG1t7dsKu8+FKpn89Yw=,n1FTSqeC7n0JkFtyIl/al9Pqags=
0,3,wYog0ItYNG1t7dsKu8+FKpn89Yw=,n1FTSqeC7n0JkFtyIl/al9Pqags=
7,6,wYog0ItYNG1t7dsKu8+FKpn89Yw=,n1FTSqeC7n0JkFtyIl/al9Pqags=
1,3,wYog0ItYNG1t7dsKu8+FKpn89Yw=,n1FTSqeC7n0JkFtyIl/al9Pqags=
8,6,wYog0ItYNG1t7dsKu8+FKpn89Yw=,n1FTSqeC7n0JkFtyIl/al9Pqags=
10,6,wYog0ItYNG1t7dsKu8+FKpn89Yw=,n1FTSqeC7n0JkFtyIl/al9Pqags=
9,6,wYog0ItYNG1t7dsKu8+FKpn89Yw=,n1FTSqeC7n0JkFtyIl/al9Pqags=
11,6,wYog0ItYNG1t7dsKu8+FKpn89Yw=,n1FTSqeC7n0JkFtyIl/al9Pqags=
12,6,wYog0ItYNG1t7dsKu8+FKpn89Yw=,n1FTSqeC7n0JkFtyIl/al9Pqags=
13,6,wYog0ItYNG1t7dsKu8+FKpn89Yw=,n1FTSqeC7n0JkFtyIl/al9Pqags=
14,6,wYog0ItYNG1t7dsKu8+FKpn89Yw=,n1FTSqeC7n0JkFtyIl/al9Pqags=
15,6,wYog0ItYNG1t7dsKu8+FKpn89Yw=,n1FTSqeC7n0JkFtyIl/al9Pqags=
0,7,wYog0ItYNG1t7dsKu8+FKpn89Yw=,n1FTSqeC7n0JkFtyIl/al9Pqags=
1,7,wYog0ItYNG1t7dsKu8+FKpn89Yw=,n1FTSqeC7n0JkFtyIl/al9Pqags=
2,7,wYog0ItYNG1t7dsKu8+FKpn89Yw=,n1FTSqeC7n0JkFtyIl/al9Pqags=
3,7,wYog0ItYNG1t7dsKu8+FKpn89Yw=,n1FTSqeC7n0JkFtyIl/al9Pqags=
4,6,wYog0ItYNG1t7dsKu8+FKpn89Yw=,n1FTSqeC7n0JkFtyIl/al9Pqags=
6,5,wYog0ItYNG1t7dsKu8+FKpn89Yw=,n1FTSqeC7n0JkFtyIl/al9Pqags=
6,9,wYog0ItYNG1t7dsKu8+FKpn89Yw=,n1FTSqeC7n0JkFtyIl/al9Pqags=
1,4,wYog0ItYNG1t7dsKu8+FKpn89Yw=,n1FTSqeC7n0JkFtyIl/al9Pqags=
6,6,wYog0ItYNG1t7dsKu8+FKpn89Yw=,n1FTSqeC7n0JkFtyIl/al9Pqags=
8,7,wYog0ItYNG1t7dsKu8+FKpn89Yw=,n1FTSqeC7n0JkFtyIl/al9Pqags=
9,7,wYog0ItYNG1t7dsKu8+FKpn89Yw=,n1FTSqeC7n0JkFtyIl/al9Pqags=
10,7,wYog0ItYNG1t7dsKu8+FKpn89Yw=,n1FTSqeC7n0JkFtyIl/al9Pqags=
11,7,wYog0ItYNG1t7dsKu8+FKpn89Yw=,n1FTSqeC7n0JkFtyIl/al9Pqags=
12,7,wYog0ItYNG1t7dsKu8+FKpn89Yw=,n1FTSqeC7n0JkFtyIl/al9Pqags=
13,7,wYog0ItYNG1t7dsKu8+FKpn89Yw=,n1FTSqeC7n0JkFtyIl/al9Pqags=
14,7,wYog0ItYNG1t7dsKu8+FKpn89Yw=,n1FTSqeC7n0JkFtyIl/al9Pqags=
15,7,wYog0ItYNG1t7dsKu8+FKpn89Yw=,n1FTSqeC7n0JkFtyIl/al9Pqags=
0,8,wYog0ItYNG1t7dsKu8+FKpn89Yw=,n1FTSqeC7n0JkFtyIl/al9Pqags=
1,8,wYog0ItYNG1t7dsKu8+FKpn89Yw=,n1FTSqeC7n0JkFtyIl/al9Pqags=
2,8,wYog0ItYNG1t7dsKu8+FKpn89Yw=,n1FTSqeC7n0JkFtyIl/al9Pqags=
3,8,wYog0ItYNG1t7dsKu8+FKpn89Yw=,n1FTSqeC7n0JkFtyIl/al9Pqags=
4,8,wYog0ItYNG1t7dsKu8+FKpn89Yw=,n1FTSqeC7n0JkFtyIl/al9Pqags=
5,6,wYog0ItYNG1t7dsKu8+FKpn89Yw=,n1FTSqeC7n0JkFtyIl/al9Pqags=
5,7,wYog0ItYNG1t7dsKu8+FKpn89Yw=,n1FTSqeC7n0JkFtyIl/al9Pqags=
4,7,wYog0ItYNG1t7dsKu8+FKpn89Yw=,n1FTSqeC7n0JkFtyIl/al9Pqags=
8,8,wYog0ItYNG1t7dsKu8+FKpn89Yw=,n1FTSqeC7n0JkFtyIl/al9Pqags=
9,8,wYog0ItYNG1t7dsKu8+FKpn89Yw=,n1FTSqeC7n0JkFtyIl/al9Pqags=
10,8,wYog0ItYNG1t7dsKu8+FKpn89Yw=,n1FTSqeC7n0JkFtyIl/al9Pqags=
11,8,wYog0ItYNG1t7dsKu8+FKpn89Yw=,n1FTSqeC7n0JkFtyIl/al9Pqags=
12,8,wYog0ItYNG1t7dsKu8+FKpn89Yw=,n1FTSqeC7n0JkFtyIl/al9Pqags=
13,8,wYog0ItYNG1t7dsKu8+FKpn89Yw=,n1FTSqeC7n0JkFtyIl/al9Pqags=
14,8,wYog0ItYNG1t7dsKu8+FKpn89Yw=,n1FTSqeC7n0JkFtyIl/al9Pqags=
15,8,wYog0ItYNG1t7dsKu8+FKpn89Yw=,n1FTSqeC7n0JkFtyIl/al9Pqags=
0,9,wYog0ItYNG1t7dsKu8+FKpn89Yw=,n1FTSqeC7n0JkFtyIl/al9Pqags=
1,9,wYog0ItYNG1t7dsKu8+FKpn89Yw=,n1FTSqeC7n0JkFtyIl/al9Pqags=
2,9,wYog0ItYNG1t7dsKu8+FKpn89Yw=,n1FTSqeC7n0JkFtyIl/al9Pqags=
4,9,wYog0ItYNG1t7dsKu8+FKpn89Yw=,n1FTSqeC7n0JkFtyIl/al9Pqags=
3,9,wYog0ItYNG1t7dsKu8+FKpn89Yw=,n1FTSqeC7n0JkFtyIl/al9Pqags=
5,9,wYog0ItYNG1t7dsKu8+FKpn89Yw=,n1FTSqeC7n0JkFtyIl/al9Pqags=
7,8,wYog0ItYNG1t7dsKu8+FKpn89Yw=,n1FTSqeC7n0JkFtyIl/al9Pqags=
6,7,wYog0ItYNG1t7dsKu8+FKpn89Yw=,n1FTSqeC7n0JkFtyIl/al9Pqags=
3,0,wYog0ItYNG1t7dsKu8+FKpn89Yw=,n1FTSqeC7n0JkFtyIl/al9Pqags=
7,7,wYog0ItYNG1t7dsKu8+FKpn89Yw=,n1FTSqeC7n0JkFtyIl/al9Pqags=
6,8,wYog0ItYNG1t7dsKu8+FKpn89Yw=,n1FTSqeC7n0JkFtyIl/al9Pqags=
5,8,wYog0ItYNG1t7dsKu8+FKpn89Yw=,n1FTSqeC7n0JkFtyIl/al9Pqags=
0,4,wYog0ItYNG1t7dsKu8+FKpn89Yw=,n1FTSqeC7n0JkFtyIl/al9Pqags=
21,16,6oE1tUOFRixYfbBxiyXvSEkKLs8=,oFTLh9cBUefAAAfHpdnqGikQuV0=
22,19,6oE1tUOFRixYfbBxiyXvSEkKLs8=,oFTLh9cBUefAAAfHpdnqGikQuV0=
21,18,6oE1tUOFRixYfbBxiyXvSEkKLs8=,oFTLh9cBUefAAAfHpdnqGikQuV0=
19,16,6oE1tUOFRixYfbBxiyXvSEkKLs8=,oFTLh9cBUefAAAfHpdnqGikQuV0=
21,19,6oE1tUOFRixYfbBxiyXvSEkKLs8=,oFTLh9cBUefAAAfHpdnqGikQuV0=
18,18,6oE1tUOFRixYfbBxiyXvSEkKLs8=,oFTLh9cBUefAAAfHpdnqGikQuV0=
20,18,6oE1tUOFRixYfbBxiyXvSEkKLs8=,oFTLh9cBUefAAAfHpdnqGikQuV0=
19,18,6oE1tUOFRixYfbBxiyXvSEkKLs8=,oFTLh9cBUefAAAfHpdnqGikQuV0=
20,17,6oE1tUOFRixYfbBxiyXvSEkKLs8=,oFTLh9cBUefAAAfHpdnqGikQuV0=
21,17,6oE1tUOFRixYfbBxiyXvSEkKLs8=,oFTLh9cBUefAAAfHpdnqGikQuV0=
17,16,6oE1tUOFRixYfbBxiyXvSEkKLs8=,oFTLh9cBUefAAAfHpdnqGikQuV0=
17,18,6oE1tUOFRixYfbBxiyXvSEkKLs8=,oFTLh9cBUefAAAfHpdnqGikQuV0=
20,19,6oE1tUOFRixYfbBxiyXvSEkKLs8=,oFTLh9cBUefAAAfHpdnqGikQuV0=
31,31,6oE1tUOFRixYfbBxiyXvSEkKLs8=,oFTLh9cBUefAAAfHpdnqGikQuV0=
30,31,6oE1tUOFRixYfbBxiyXvSEkKLs8=,oFTLh9cBUefAAAfHpdnqGikQuV0=
28,31,6oE1tUOFRixYfbBxiyXvSEkKLs8=,oFTLh9cBUefAAAfHpdnqGikQuV0=
29,31,6oE1tUOFRixYfbBxiyXvSEkKLs8=,oFTLh9cBUefAAAfHpdnqGikQuV0=
27,31,6oE1tUOFRixYfbBxiyXvSEkKLs8=,oFTLh9cBUefAAAfHpdnqGikQuV0=
26,31,6oE1tUOFRixYfbBxiyXvSEkKLs8=,oFTLh9cBUefAAAfHpdnqGikQuV0=
25,31,6oE1tUOFRixYfbBxiyXvSEkKLs8=,oFTLh9cBUefAAAfHpdnqGikQuV0=
22,31,6oE1tUOFRixYfbBxiyXvSEkKLs8=,oFTLh9cBUefAAAfHpdnqGikQuV0=
21,31,6oE1tUOFRixYfbBxiyXvSEkKLs8=,oFTLh9cBUefAAAfHpdnqGikQuV0=
24,31,6oE1tUOFRixYfbBxiyXvSEkKLs8=,oFTLh9cBUefAAAfHpdnqGikQuV0=
19,31,6oE1tUOFRixYfbBxiyXvSEkKLs8=,oFTLh9cBUefAAAfHpdnqGikQuV0=
18,31,6oE1tUOFRixYfbBxiyXvSEkKLs8=,oFTLh9cBUefAAAfHpdnqGikQuV0=
23,19,6oE1tUOFRixYfbBxiyXvSEkKLs8=,oFTLh9cBUefAAAfHpdnqGikQuV0=
20,31,6oE1tUOFRixYfbBxiyXvSEkKLs8=,oFTLh9cBUefAAAfHpdnqGikQuV0=
17,31,6oE1tUOFRixYfbBxiyXvSEkKLs8=,oFTLh9cBUefAAAfHpdnqGikQuV0=
16,31,6oE1tUOFRixYfbBxiyXvSEkKLs8=,oFTLh9cBUefAAAfHpdnqGikQuV0=
20,16,6oE1tUOFRixYfbBxiyXvSEkKLs8=,oFTLh9cBUefAAAfHpdnqGikQuV0=
23,31,6oE1tUOFRixYfbBxiyXvSEkKLs8=,oFTLh9cBUefAAAfHpdnqGikQuV0=
16,18,6oE1tUOFRixYfbBxiyXvSEkKLs8=,oFTLh9cBUefAAAfHpdnqGikQuV0=
24,19,6oE1tUOFRixYfbBxiyXvSEkKLs8=,oFTLh9cBUefAAAfHpdnqGikQuV0=
31,30,6oE1tUOFRixYfbBxiyXvSEkKLs8=,oFTLh9cBUefAAAfHpdnqGikQuV0=
30,30,6oE1tUOFRixYfbBxiyXvSEkKLs8=,oFTLh9cBUefAAAfHpdnqGikQuV0=
19,19,6oE1tUOFRixYfbBxiyXvSEkKLs8=,oFTLh9cBUefAAAfHpdnqGikQuV0=
25,19,6oE1tUOFRixYfbBxiyXvSEkKLs8=,oFTLh9cBUefAAAfHpdnqGikQuV0=
28,30,6oE1tUOFRixYfbBxiyXvSEkKLs8=,oFTLh9cBUefAAAfHpdnqGikQuV0=
29,30,6oE1tUOFRixYfbBxiyXvSEkKLs8=,oFTLh9cBUefAAAfHpdnqGikQuV0=
27,30,6oE1tUOFRixYfbBxiyXvSEkKLs8=,oFTLh9cBUefAAAfHpdnqGikQuV0=
26,30,6oE1tUOFRixYfbBxiyXvSEkKLs8=,oFTLh9cBUefAAAfHpdnqGikQuV0=
26,19,6oE1tUOFRixYfbBxiyXvSEkKLs8=,oFTLh9cBUefAAAfHpdnqGikQuV0=
25,30,6oE1tUOFRixYfbBxiyXvSEkKLs8=,oFTLh9cBUefAAAfHpdnqGikQuV0=
24,30,6oE1tUOFRixYfbBxiyXvSEkKLs8=,oFTLh9cBUefAAAfHpdnqGikQuV0=
23,30,6oE1tUOFRixYfbBxiyXvSEkKLs8=,oFTLh9cBUefAAAfHpdnqGikQuV0=
22,30,6oE1tUOFRixYfbBxiyXvSEkKLs8=,oFTLh9cBUefAAAfHpdnqGikQuV0=
21,30,6oE1tUOFRixYfbBxiyXvSEkKLs8=,oFTLh9cBUefAAAfHpdnqGikQuV0=
20,30,6oE1tUOFRixYfbBxiyXvSEkKLs8=,oFTLh9cBUefAAAfHpdnqGikQuV0=
27,19,6oE1tUOFRixYfbBxiyXvSEkKLs8=,oFTLh9cBUefAAAfHpdnqGikQuV0=
19,30,6oE1tUOFRixYfbBxiyXvSEkKLs8=,oFTLh9cBUefAAAfHpdnqGikQuV0=
18,30,6oE1tUOFRixYfbBxiyXvSEkKLs8=,oFTLh9cBUefAAAfHpdnqGikQuV0=
17,30,6oE1tUOFRixYfbBxiyXvSEkKLs8=,oFTLh9cBUefAAAfHpdnqGikQuV0=
16,30,6oE1tUOFRixYfbBxiyXvSEkKLs8=,oFTLh9cBUefAAAfHpdnqGikQuV0=
28,19,6oE1tUOFRixYfbBxiyXvSEkKLs8=,oFTLh9cBUefAAAfHpdnqGikQuV0=
31,29,6oE1tUOFRixYfbBxiyXvSEkKLs8=,oFTLh9cBUefAAAfHpdnqGikQuV0=
19,17,6oE1tUOFRixYfbBxiyXvSEkKLs8=,oFTLh9cBUefAAAfHpdnqGikQuV0=
29,19,6oE1tUOFRixYfbBxiyXvSEkKLs8=,oFTLh9cBUefAAAfHpdnqGikQuV0=
18,19,6oE1tUOFRixYfbBxiyXvSEkKLs8=,oFTLh9cBUefAAAfHpdnqGikQuV0=
30,19,6oE1tUOFRixYfbBxiyXvSEkKLs8=,oFTLh9cBUefAAAfHpdnqGikQuV0=
27,29,6oE1tUOFRixYfbBxiyXvSEkKLs8=,oFTLh9cBUefAAAfHpdnqGikQuV0=
26,29,6oE1tUOFRixYfbBxiyXvSEkKLs8=,oFTLh9cBUefAAAfHpdnqGikQuV0=
25,29,6oE1tUOFRixYfbBxiyXvSEkKLs8=,oFTLh9cBUefAAAfHpdnqGikQuV0=
31,19,6oE1tUOFRixYfbBxiyXvSEkKLs8=,oFTLh9cBUefAAAfHpdnqGikQuV0=
22,18,6oE1tUOFRixYfbBxiyXvSEkKLs8=,oFTLh9cBUefAAAfHpdnqGikQuV0=
24,29,6oE1tUOFRixYfbBxiyXvSEkKLs8=,oFTLh9cBUefAAAfHpdnqGikQuV0=
23,29,6oE1tUOFRixYfbBxiyXvSEkKLs8=,oFTLh9cBUefAAAfHpdnqGikQuV0=
22,29,6oE1tUOFRixYfbBxiyXvSEkKLs8=,oFTLh9cBUefAAAfHpdnqGikQuV0=
22,16,6oE1tUOFRixYfbBxiyXvSEkKLs8=,oFTLh9cBUefAAAfHpdnqGikQuV0=
21,29,6oE1tUOFRixYfbBxiyXvSEkKLs8=,oFTLh9cBUefAAAfHpdnqGikQuV0=
20,29,6oE1tUOFRixYfbBxiyXvSEkKLs8=,oFTLh9cBUefAAAfHpdnqGikQuV0=
22,17,6oE1tUOFRixYfbBxiyXvSEkKLs8=,oFTLh9cBUefAAAfHpdnqGikQuV0=
19,29,6oE1tUOFRixYfbBxiyXvSEkKLs8=,oFTLh9cBUefAAAfHpdnqGikQuV0=
18,29,6oE1tUOFRixYfbBxiyXvSEkKLs8=,oFTLh9cBUefAAAfHpdnqGikQuV0=
16,20,6oE1tUOFRixYfbBxiyXvSEkKLs8=,oFTLh9cBUefAAAfHpdnqGikQuV0=
17,29,6oE1tUOFRixYfbBxiyXvSEkKLs8=,oFTLh9cBUefAAAfHpdnqGikQuV0=
16,29,6oE1tUOFRixYfbBxiyXvSEkKLs8=,oFTLh9cBUefAAAfHpdnqGikQuV0=
17,20,6oE1tUOFRixYfbBxiyXvSEkKLs8=,oFTLh9cBUefAAAfHpdnqGikQuV0=
18,17,6oE1tUOFRixYfbBxiyXvSEkKLs8=,oFTLh9cBUefAAAfHpdnqGikQuV0=
17,19,6oE1tUOFRixYfbBxiyXvSEkKLs8=,oFTLh9cBUefAAAfHpdnqGikQuV0=
18,20,6oE1tUOFRixYfbBxiyXvSEkKLs8=,oFTLh9cBUefAAAfHpdnqGikQuV0=
16,16,6oE1tUOFRixYfbBxiyXvSEkKLs8=,oFTLh9cBUefAAAfHpdnqGikQuV0=
20,20,6oE1tUOFRixYfbBxiyXvSEkKLs8=,oFTLh9cBUefAAAfHpdnqGikQuV0=
19,20,6oE1tUOFRixYfbBxiyXvSEkKLs8=,oFTLh9cBUefAAAfHpdnqGikQuV0=
21,20,6oE1tUOFRixYfbBxiyXvSEkKLs8=,oFTLh9cBUefAAAfHpdnqGikQuV0=
22,20,6oE1tUOFRixYfbBxiyXvSEkKLs8=,oFTLh9cBUefAAAfHpdnqGikQuV0=
23,20,6oE1tUOFRixYfbBxiyXvSEkKLs8=,oFTLh9cBUefAAAfHpdnqGikQuV0=
24,20,6oE1tUOFRixYfbBxiyXvSEkKLs8=,oFTLh9cBUefAAAfHpdnqGikQuV0=
25,20,6oE1tUOFRixYfbBxiyXvSEkKLs8=,oFTLh9cBUefAAAfHpdnqGikQuV0=
26,20,6oE1tUOFRixYfbBxiyXvSEkKLs8=,oFTLh9cBUefAAAfHpdnqGikQuV0=
28,20,6oE1tUOFRixYfbBxiyXvSEkKLs8=,oFTLh9cBUefAAAfHpdnqGikQuV0=
27,20,6oE1tUOFRixYfbBxiyXvSEkKLs8=,oFTLh9cBUefAAAfHpdnqGikQuV0=
29,20,6oE1tUOFRixYfbBxiyXvSEkKLs8=,oFTLh9cBUefAAAfHpdnqGikQuV0=
30,20,6oE1tUOFRixYfbBxiyXvSEkKLs8=,oFTLh9cBUefAAAfHpdnqGikQuV0=
23,18,6oE1tUOFRixYfbBxiyXvSEkKLs8=,oFTLh9cBUefAAAfHpdnqGikQuV0=
31,20,6oE1tUOFRixYfbBxiyXvSEkKLs8=,oFTLh9cBUefAAAfHpdnqGikQuV0=
23,16,6oE1tUOFRixYfbBxiyXvSEkKLs8=,oFTLh9cBUefAAAfHpdnqGikQuV0=
16,21,6oE1tUOFRixYfbBxiyXvSEkKLs8=,oFTLh9cBUefAAAfHpdnqGikQuV0=
23,17,6oE1tUOFRixYfbBxiyXvSEkKLs8=,oFTLh9cBUefAAAfHpdnqGikQuV0=
17,21,6oE1tUOFRixYfbBxiyXvSEkKLs8=,oFTLh9cBUefAAAfHpdnqGikQuV0=
18,21,6oE1tUOFRixYfbBxiyXvSEkKLs8=,oFTLh9cBUefAAAfHpdnqGikQuV0=
19,21,6oE1tUOFRixYfbBxiyXvSEkKLs8=,oFTLh9cBUefAAAfHpdnqGikQuV0=
20,21,6oE1tUOFRixYfbBxiyXvSEkKLs8=,oFTLh9cBUefAAAfHpdnqGikQuV0=
21,21,6oE1tUOFRixYfbBxiyXvSEkKLs8=,oFTLh9cBUefAAAfHpdnqGikQuV0=
22,21,6oE1tUOFRixYfbBxiyXvSEkKLs8=,oFTLh9cBUefAAAfHpdnqGikQuV0=
23,21,6oE1tUOFRixYfbBxiyXvSEkKLs8=,oFTLh9cBUefAAAfHpdnqGikQuV0=
24,21,6oE1tUOFRixYfbBxiyXvSEkKLs8=,oFTLh9cBUefAAAfHpdnqGikQuV0=
25,21,6oE1tUOFRixYfbBxiyXvSEkKLs8=,oFTLh9cBUefAAAfHpdnqGikQuV0=
26,21,6oE1tUOFRixYfbBxiyXvSEkKLs8=,oFTLh9cBUefAAAfHpdnqGikQuV0=
27,21,6oE1tUOFRixYfbBxiyXvSEkKLs8=,oFTLh9cBUefAAAfHpdnqGikQuV0=
28,21,6oE1tUOFRixYfbBxiyXvSEkKLs8=,oFTLh9cBUefAAAfHpdnqGikQuV0=
29,21,6oE1tUOFRixYfbBxiyXvSEkKLs8=,oFTLh9cBUefAAAfHpdnqGikQuV0=
30,21,6oE1tUOFRixYfbBxiyXvSEkKLs8=,oFTLh9cBUefAAAfHpdnqGikQuV0=
24,18,6oE1tUOFRixYfbBxiyXvSEkKLs8=,oFTLh9cBUefAAAfHpdnqGikQuV0=
31,21,6oE1tUOFRixYfbBxiyXvSEkKLs8=,oFTLh9cBUefAAAfHpdnqGikQuV0=
24,16,6oE1tUOFRixYfbBxiyXvSEkKLs8=,oFTLh9cBUefAAAfHpdnqGikQuV0=
16,22,6oE1tUOFRixYfbBxiyXvSEkKLs8=,oFTLh9cBUefAAAfHpdnqGikQuV0=
24,17,6oE1tUOFRixYfbBxiyXvSEkKLs8=,oFTLh9cBUefAAAfHpdnqGikQuV0=
17,22,6oE1tUOFRixYfbBxiyXvSEkKLs8=,oFTLh9cBUefAAAfHpdnqGikQuV0=
18,22,6oE1tUOFRixYfbBxiyXvSEkKLs8=,oFTLh9cBUefAAAfHpdnqGikQuV0=
19,22,6oE1tUOFRixYfbBxiyXvSEkKLs8=,oFTLh9cBUefAAAfHpdnqGikQuV0=
20,22,6oE1tUOFRixYfbBxiyXvSEkKLs8=,oFTLh9cBUefAAAfHpdnqGikQuV0=
21,22,6oE1tUOFRixYfbBxiyXvSEkKLs8=,oFTLh9cBUefAAAfHpdnqGikQuV0=
30,29,6oE1tUOFRixYfbBxiyXvSEkKLs8=,oFTLh9cBUefAAAfHpdnqGikQuV0=
31,28,6oE1tUOFRixYfbBxiyXvSEkKLs8=,oFTLh9cBUefAAAfHpdnqGikQuV0=
22,22,6oE1tUOFRixYfbBxiyXvSEkKLs8=,oFTLh9cBUefAAAfHpdnqGikQuV0=
30,28,6oE1tUOFRixYfbBxiyXvSEkKLs8=,oFTLh9cBUefAAAfHpdnqGikQuV0=
26,28,6oE1tUOFRixYfbBxiyXvSEkKLs8=,oFTLh9cBUefAAAfHpdnqGikQuV0=
17,17,6oE1tUOFRixYfbBxiyXvSEkKLs8=,oFTLh9cBUefAAAfHpdnqGikQuV0=
25,28,6oE1tUOFRixYfbBxiyXvSEkKLs8=,oFTLh9cBUefAAAfHpdnqGikQuV0=
24,28,6oE1tUOFRixYfbBxiyXvSEkKLs8=,oFTLh9cBUefAAAfHpdnqGikQuV0=
23,28,6oE1tUOFRixYfbBxiyXvSEkKLs8=,oFTLh9cBUefAAAfHpdnqGikQuV0=
22,28,6oE1tUOFRixYfbBxiyXvSEkKLs8=,oFTLh9cBUefAAAfHpdnqGikQuV0=
21,28,6oE1tUOFRixYfbBxiyXvSEkKLs8=,oFTLh9cBUefAAAfHpdnqGikQuV0=
20,28,6oE1tUOFRixYfbBxiyXvSEkKLs8=,oFTLh9cBUefAAAfHpdnqGikQuV0=
19,28,6oE1tUOFRixYfbBxiyXvSEkKLs8=,oFTLh9cBUefAAAfHpdnqGikQuV0=
18,28,6oE1tUOFRixYfbBxiyXvSEkKLs8=,oFTLh9cBUefAAAfHpdnqGikQuV0=
17,28,6oE1tUOFRixYfbBxiyXvSEkKLs8=,oFTLh9cBUefAAAfHpdnqGikQuV0=
16,28,6oE1tUOFRixYfbBxiyXvSEkKLs8=,oFTLh9cBUefAAAfHpdnqGikQuV0=
31,17,6oE1tUOFRixYfbBxiyXvSEkKLs8=,oFTLh9cBUefAAAfHpdnqGikQuV0=
16,17,6oE1tUOFRixYfbBxiyXvSEkKLs8=,oFTLh9cBUefAAAfHpdnqGikQuV0=
16,19,6oE1tUOFRixYfbBxiyXvSEkKLs8=,oFTLh9cBUefAAAfHpdnqGikQuV0=
18,16,6oE1tUOFRixYfbBxiyXvSEkKLs8=,oFTLh9cBUefAAAfHpdnqGikQuV0=
30,17,6oE1tUOFRixYfbBxiyXvSEkKLs8=,oFTLh9cBUefAAAfHpdnqGikQuV0=
31,16,6oE1tUOFRixYfbBxiyXvSEkKLs8=,oFTLh9cBUefAAAfHpdnqGikQuV0=
31,18,6oE1tUOFRixYfbBxiyXvSEkKLs8=,oFTLh9cBUefAAAfHpdnqGikQuV0=
29,29,6oE1tUOFRixYfbBxiyXvSEkKLs8=,oFTLh9cBUefAAAfHpdnqGikQuV0=
30,16,6oE1tUOFRixYfbBxiyXvSEkKLs8=,oFTLh9cBUefAAAfHpdnqGikQuV0=
30,18,6oE1tUOFRixYfbBxiyXvSEkKLs8=,oFTLh9cBUefAAAfHpdnqGikQuV0=
28,29,6oE1tUOFRixYfbBxiyXvSEkKLs8=,oFTLh9cBUefAAAfHpdnqGikQuV0=
31,27,6oE1tUOFRixYfbBxiyXvSEkKLs8=,oFTLh9cBUefAAAfHpdnqGikQuV0=
29,28,6oE1tUOFRixYfbBxiyXvSEkKLs8=,oFTLh9cBUefAAAfHpdnqGikQuV0=
28,28,6oE1tUOFRixYfbBxiyXvSEkKLs8=,oFTLh9cBUefAAAfHpdnqGikQuV0=
26,27,6oE1tUOFRixYfbBxiyXvSEkKLs8=,oFTLh9cBUefAAAfHpdnqGikQuV0=
25,27,6oE1tUOFRixYfbBxiyXvSEkKLs8=,oFTLh9cBUefAAAfHpdnqGikQuV0=
24,27,6oE1tUOFRixYfbBxiyXvSEkKLs8=,oFTLh9cBUefAAAfHpdnqGikQuV0=
23,27,6oE1tUOFRixYfbBxiyXvSEkKLs8=,oFTLh9cBUefAAAfHpdnqGikQuV0=
22,27,6oE1tUOFRixYfbBxiyXvSEkKLs8=,oFTLh9cBUefAAAfHpdnqGikQuV0=
21,27,6oE1tUOFRixYfbBxiyXvSEkKLs8=,oFTLh9cBUefAAAfHpdnqGikQuV0=
20,27,6oE1tUOFRixYfbBxiyXvSEkKLs8=,oFTLh9cBUefAAAfHpdnqGikQuV0=
30,27,6oE1tUOFRixYfbBxiyXvSEkKLs8=,oFTLh9cBUefAAAfHpdnqGikQuV0=
19,27,6oE1tUOFRixYfbBxiyXvSEkKLs8=,oFTLh9cBUefAAAfHpdnqGikQuV0=
18,27,6oE1tUOFRixYfbBxiyXvSEkKLs8=,oFTLh9cBUefAAAfHpdnqGikQuV0=
17,27,6oE1tUOFRixYfbBxiyXvSEkKLs8=,oFTLh9cBUefAAAfHpdnqGikQuV0=
29,16,6oE1tUOFRixYfbBxiyXvSEkKLs8=,oFTLh9cBUefAAAfHpdnqGikQuV0=
29,17,6oE1tUOFRixYfbBxiyXvSEkKLs8=,oFTLh9cBUefAAAfHpdnqGikQuV0=
16,27,6oE1tUOFRixYfbBxiyXvSEkKLs8=,oFTLh9cBUefAAAfHpdnqGikQuV0=
29,18,6oE1tUOFRixYfbBxiyXvSEkKLs8=,oFTLh9cBUefAAAfHpdnqGikQuV0=
23,22,6oE1tUOFRixYfbBxiyXvSEkKLs8=,oFTLh9cBUefAAAfHpdnqGikQuV0=
27,28,6oE1tUOFRixYfbBxiyXvSEkKLs8=,oFTLh9cBUefAAAfHpdnqGikQuV0=
24,22,6oE1tUOFRixYfbBxiyXvSEkKLs8=,oFTLh9cBUefAAAfHpdnqGikQuV0=
29,27,6oE1tUOFRixYfbBxiyXvSEkKLs8=,oFTLh9cBUefAAAfHpdnqGikQuV0=
30,26,6oE1tUOFRixYfbBxiyXvSEkKLs8=,oFTLh9cBUefAAAfHpdnqGikQuV0=
28,27,6oE1tUOFRixYfbBxiyXvSEkKLs8=,oFTLh9cBUefAAAfHpdnqGikQuV0=
25,22,6oE1tUOFRixYfbBxiyXvSEkKLs8=,oFTLh9cBUefAAAfHpdnqGikQuV0=
27,27,6oE1tUOFRixYfbBxiyXvSEkKLs8=,oFTLh9cBUefAAAfHpdnqGikQuV0=
24,26,6oE1tUOFRixYfbBxiyXvSEkKLs8=,oFTLh9cBUefAAAfHpdnqGikQuV0=
29,26,6oE1tUOFRixYfbBxiyXvSEkKLs8=,oFTLh9cBUefAAAfHpdnqGikQuV0=
23,26,6oE1tUOFRixYfbBxiyXvSEkKLs8=,oFTLh9cBUefAAAfHpdnqGikQuV0=
22,26,6oE1tUOFRixYfbBxiyXvSEkKLs8=,oFTLh9cBUefAAAfHpdnqGikQuV0=
21,26,6oE1tUOFRixYfbBxiyXvSEkKLs8=,oFTLh9cBUefAAAfHpdnqGikQuV0=
20,26,6oE1tUOFRixYfbBxiyXvSEkKLs8=,oFTLh9cBUefAAAfHpdnqGikQuV0=
19,26,6oE1tUOFRixYfbBxiyXvSEkKLs8=,oFTLh9cBUefAAAfHpdnqGikQuV0=
18,26,6oE1tUOFRixYfbBxiyXvSEkKLs8=,oFTLh9cBUefAAAfHpdnqGikQuV0=
17,26,6oE1tUOFRixYfbBxiyXvSEkKLs8=,oFTLh9cBUefAAAfHpdnqGikQuV0=
28,16,6oE1tUOFRixYfbBxiyXvSEkKLs8=,oFTLh9cBUefAAAfHpdnqGikQuV0=
28,17,6oE1tUOFRixYfbBxiyXvSEkKLs8=,oFTLh9cBUefAAAfHpdnqGikQuV0=
16,26,6oE1tUOFRixYfbBxiyXvSEkKLs8=,oFTLh9cBUefAAAfHpdnqGikQuV0=
25,26,6oE1tUOFRixYfbBxiyXvSEkKLs8=,oFTLh9cBUefAAAfHpdnqGikQuV0=
31,26,6oE1tUOFRixYfbBxiyXvSEkKLs8=,oFTLh9cBUefAAAfHpdnqGikQuV0=
28,18,6oE1tUOFRixYfbBxiyXvSEkKLs8=,oFTLh9cBUefAAAfHpdnqGikQuV0=
26,26,6oE1tUOFRixYfbBxiyXvSEkKLs8=,oFTLh9cBUefAAAfHpdnqGikQuV0=
28,26,6oE1tUOFRixYfbBxiyXvSEkKLs8=,oFTLh9cBUefAAAfHpdnqGikQuV0=
27,26,6oE1tUOFRixYfbBxiyXvSEkKLs8=,oFTLh9cBUefAAAfHpdnqGikQuV0=
26,22,6oE1tUOFRixYfbBxiyXvSEkKLs8=,oFTLh9cBUefAAAfHpdnqGikQuV0=
31,25,6oE1tUOFRixYfbBxiyXvSEkKLs8=,oFTLh9cBUefAAAfHpdnqGikQuV0=
30,25,6oE1tUOFRixYfbBxiyXvSEkKLs8=,oFTLh9cBUefAAAfHpdnqGikQuV0=
28,25,6oE1tUOFRixYfbBxiyXvSEkKLs8=,oFTLh9cBUefAAAfHpdnqGikQuV0=
27,22,6oE1tUOFRixYfbBxiyXvSEkKLs8=,oFTLh9cBUefAAAfHpdnqGikQuV0=
27,25,6oE1tUOFRixYfbBxiyXvSEkKLs8=,oFTLh9cBUefAAAfHpdnqGikQuV0=
21,25,6oE1tUOFRixYfbBxiyXvSEkKLs8=,oFTLh9cBUefAAAfHpdnqGikQuV0=
20,25,6oE1tUOFRixYfbBxiyXvSEkKLs8=,oFTLh9cBUefAAAfHpdnqGikQuV0=
19,25,6oE1tUOFRixYfbBxiyXvSEkKLs8=,oFTLh9cBUefAAAfHpdnqGikQuV0=
18,25,6oE1tUOFRixYfbBxiyXvSEkKLs8=,oFTLh9cBUefAAAfHpdnqGikQuV0=
17,25,6oE1tUOFRixYfbBxiyXvSEkKLs8=,oFTLh9cBUefAAAfHpdnqGikQuV0=
27,16,6oE1tUOFRixYfbBxiyXvSEkKLs8=,oFTLh9cBUefAAAfHpdnqGikQuV0=
27,17,6oE1tUOFRixYfbBxiyXvSEkKLs8=,oFTLh9cBUefAAAfHpdnqGikQuV0=
16,25,6oE1tUOFRixYfbBxiyXvSEkKLs8=,oFTLh9cBUefAAAfHpdnqGikQuV0=
24,25,6oE1tUOFRixYfbBxiyXvSEkKLs8=,oFTLh9cBUefAAAfHpdnqGikQuV0=
27,18,6oE1tUOFRixYfbBxiyXvSEkKLs8=,oFTLh9cBUefAAAfHpdnqGikQuV0=
26,25,6oE1tUOFRixYfbBxiyXvSEkKLs8=,oFTLh9cBUefAAAfHpdnqGikQuV0=
22,25,6oE1tUOFRixYfbBxiyXvSEkKLs8=,oFTLh9cBUefAAAfHpdnqGikQuV0=
31,24,6oE1tUOFRixYfbBxiyXvSEkKLs8=,oFTLh9cBUefAAAfHpdnqGikQuV0=
25,25,6oE1tUOFRixYfbBxiyXvSEkKLs8=,oFTLh9cBUefAAAfHpdnqGikQuV0=
23,25,6oE1tUOFRixYfbBxiyXvSEkKLs8=,oFTLh9cBUefAAAfHpdnqGikQuV0=
28,22,6oE1tUOFRixYfbBxiyXvSEkKLs8=,oFTLh9cBUefAAAfHpdnqGikQuV0=
29,22,6oE1tUOFRixYfbBxiyXvSEkKLs8=,oFTLh9cBUefAAAfHpdnqGikQuV0=
30,22,6oE1tUOFRixYfbBxiyXvSEkKLs8=,oFTLh9cBUefAAAfHpdnqGikQuV0=
25,18,6oE1tUOFRixYfbBxiyXvSEkKLs8=,oFTLh9cBUefAAAfHpdnqGikQuV0=
31,22,6oE1tUOFRixYfbBxiyXvSEkKLs8=,oFTLh9cBUefAAAfHpdnqGikQuV0=
25,16,6oE1tUOFRixYfbBxiyXvSEkKLs8=,oFTLh9cBUefAAAfHpdnqGikQuV0=
16,23,6oE1tUOFRixYfbBxiyXvSEkKLs8=,oFTLh9cBUefAAAfHpdnqGikQuV0=
25,17,6oE1tUOFRixYfbBxiyXvSEkKLs8=,oFTLh9cBUefAAAfHpdnqGikQuV0=
17,23,6oE1tUOFRixYfbBxiyXvSEkKLs8=,oFTLh9cBUefAAAfHpdnqGikQuV0=
18,23,6oE1tUOFRixYfbBxiyXvSEkKLs8=,oFTLh9cBUefAAAfHpdnqGikQuV0=
19,23,6oE1tUOFRixYfbBxiyXvSEkKLs8=,oFTLh9cBUefAAAfHpdnqGikQuV0=
20,23,6oE1tUOFRixYfbBxiyXvSEkKLs8=,oFTLh9cBUefAAAfHpdnqGikQuV0=
29,24,6oE1tUOFRixYfbBxiyXvSEkKLs8=,oFTLh9cBUefAAAfHpdnqGikQuV0=
28,24,6oE1tUOFRixYfbBxiyXvSEkKLs8=,oFTLh9cBUefAAAfHpdnqGikQuV0=
21,24,6oE1tUOFRixYfbBxiyXvSEkKLs8=,oFTLh9cBUefAAAfHpdnqGikQuV0=
20,24,6oE1tUOFRixYfbBxiyXvSEkKLs8=,oFTLh9cBUefAAAfHpdnqGikQuV0=
19,24,6oE1tUOFRixYfbBxiyXvSEkKLs8=,oFTLh9cBUefAAAfHpdnqGikQuV0=
18,24,6oE1tUOFRixYfbBxiyXvSEkKLs8=,oFTLh9cBUefAAAfHpdnqGikQuV0=
17,24,6oE1tUOFRixYfbBxiyXvSEkKLs8=,oFTLh9cBUefAAAfHpdnqGikQuV0=
26,16,6oE1tUOFRixYfbBxiyXvSEkKLs8=,oFTLh9cBUefAAAfHpdnqGikQuV0=
26,17,6oE1tUOFRixYfbBxiyXvSEkKLs8=,oFTLh9cBUefAAAfHpdnqGikQuV0=
16,24,6oE1tUOFRixYfbBxiyXvSEkKLs8=,oFTLh9cBUefAAAfHpdnqGikQuV0=
27,24,6oE1tUOFRixYfbBxiyXvSEkKLs8=,oFTLh9cBUefAAAfHpdnqGikQuV0=
26,18,6oE1tUOFRixYfbBxiyXvSEkKLs8=,oFTLh9cBUefAAAfHpdnqGikQuV0=
31,23,6oE1tUOFRixYfbBxiyXvSEkKLs8=,oFTLh9cBUefAAAfHpdnqGikQuV0=
26,24,6oE1tUOFRixYfbBxiyXvSEkKLs8=,oFTLh9cBUefAAAfHpdnqGikQuV0=
21,23,6oE1tUOFRixYfbBxiyXvSEkKLs8=,oFTLh9cBUefAAAfHpdnqGikQuV0=
25,24,6oE1tUOFRixYfbBxiyXvSEkKLs8=,oFTLh9cBUefAAAfHpdnqGikQuV0=
24,24,6oE1tUOFRixYfbBxiyXvSEkKLs8=,oFTLh9cBUefAAAfHpdnqGikQuV0=
30,23,6oE1tUOFRixYfbBxiyXvSEkKLs8=,oFTLh9cBUefAAAfHpdnqGikQuV0=
22,24,6oE1tUOFRixYfbBxiyXvSEkKLs8=,oFTLh9cBUefAAAfHpdnqGikQuV0=
29,25,6oE1tUOFRixYfbBxiyXvSEkKLs8=,oFTLh9cBUefAAAfHpdnqGikQuV0=
27,23,6oE1tUOFRixYfbBxiyXvSEkKLs8=,oFTLh9cBUefAAAfHpdnqGikQuV0=
29,23,6oE1tUOFRixYfbBxiyXvSEkKLs8=,oFTLh9cBUefAAAfHpdnqGikQuV0=
28,23,6oE1tUOFRixYfbBxiyXvSEkKLs8=,oFTLh9cBUefAAAfHpdnqGikQuV0=
22,23,6oE1tUOFRixYfbBxiyXvSEkKLs8=,oFTLh9cBUefAAAfHpdnqGikQuV0=
30,24,6oE1tUOFRixYfbBxiyXvSEkKLs8=,oFTLh9cBUefAAAfHpdnqGikQuV0=
25,23,6oE1tUOFRixYfbBxiyXvSEkKLs8=,oFTLh9cBUefAAAfHpdnqGikQuV0=
24,23,6oE1tUOFRixYfbBxiyXvSEkKLs8=,oFTLh9cBUefAAAfHpdnqGikQuV0=
26,23,6oE1tUOFRixYfbBxiyXvSEkKLs8=,oFTLh9cBUefAAAfHpdnqGikQuV0=
23,23,6oE1tUOFRixYfbBxiyXvSEkKLs8=,oFTLh9cBUefAAAfHpdnqGikQuV0=
23,24,6oE1tUOFRixYfbBxiyXvSEkKLs8=,oFTLh9cBUefAAAfHpdnqGikQuV0=
