-529,655,9X7L3dbnxHnZpBJDR/VEqTLduQw=,EphBDgkS/QyF2vRxksmFP1Did7s=
-531,640,9X7L3dbnxHnZpBJDR/VEqTLduQw=,EphBDgkS/QyF2vRxksmFP1Did7s=
-529,654,9X7L3dbnxHnZpBJDR/VEqTLduQw=,EphBDgkS/QyF2vRxksmFP1Did7s=
-530,655,9X7L3dbnxHnZpBJDR/VEqTLduQw=,EphBDgkS/QyF2vRxksmFP1Did7s=
-532,655,9X7L3dbnxHnZpBJDR/VEqTLduQw=,EphBDgkS/QyF2vRxksmFP1Did7s=
-533,655,9X7L3dbnxHnZpBJDR/VEqTLduQw=,EphBDgkS/QyF2vRxksmFP1Did7s=
-530,654,9X7L3dbnxHnZpBJDR/VEqTLduQw=,EphBDgkS/QyF2vRxksmFP1Did7s=
-542,655,9X7L3dbnxHnZpBJDR/VEqTLduQw=,EphBDgkS/QyF2vRxksmFP1Did7s=
-543,655,9X7L3dbnxHnZpBJDR/VEqTLduQw=,EphBDgkS/QyF2vRxksmFP1Did7s=
-529,640,9X7L3dbnxHnZpBJDR/VEqTLduQw=,EphBDgkS/QyF2vRxksmFP1Did7s=
-530,640,9X7L3dbnxHnZpBJDR/VEqTLduQw=,EphBDgkS/QyF2vRxksmFP1Did7s=
-543,641,9X7L3dbnxHnZpBJDR/VEqTLduQw=,EphBDgkS/QyF2vRxksmFP1Did7s=
-532,654,9X7L3dbnxHnZpBJDR/VEqTLduQw=,EphBDgkS/QyF2vRxksmFP1Did7s=
-544,641,9X7L3dbnxHnZpBJDR/VEqTLduQw=,EphBDgkS/QyF2vRxksmFP1Did7s=
-540,655,9X7L3dbnxHnZpBJDR/VEqTLduQw=,EphBDgkS/QyF2vRxksmFP1Did7s=
-542,641,9X7L3dbnxHnZpBJDR/VEqTLduQw=,EphBDgkS/QyF2vRxksmFP1Did7s=
-534,655,9X7L3dbnxHnZpBJDR/VEqTLduQw=,EphBDgkS/QyF2vRxksmFP1Did7s=
-535,654,9X7L3dbnxHnZpBJDR/VEqTLduQw=,EphBDgkS/QyF2vRxksmFP1Did7s=
-536,655,9X7L3dbnxHnZpBJDR/VEqTLduQw=,EphBDgkS/QyF2vRxksmFP1Did7s=
-529,653,9X7L3dbnxHnZpBJDR/VEqTLduQw=,EphBDgkS/QyF2vRxksmFP1Did7s=
-544,655,9X7L3dbnxHnZpBJDR/VEqTLduQw=,EphBDgkS/QyF2vRxksmFP1Did7s=
-541,655,9X7L3dbnxHnZpBJDR/VEqTLduQw=,EphBDgkS/QyF2vRxksmFP1Did7s=
-537,655,9X7L3dbnxHnZpBJDR/VEqTLduQw=,EphBDgkS/QyF2vRxksmFP1Did7s=
-530,653,9X7L3dbnxHnZpBJDR/VEqTLduQw=,EphBDgkS/QyF2vRxksmFP1Did7s=
-533,654,9X7L3dbnxHnZpBJDR/VEqTLduQw=,EphBDgkS/QyF2vRxksmFP1Did7s=
-535,653,9X7L3dbnxHnZpBJDR/VEqTLduQw=,EphBDgkS/QyF2vRxksmFP1Did7s=
-531,655,9X7L3dbnxHnZpBJDR/VEqTLduQw=,EphBDgkS/QyF2vRxksmFP1Did7s=
-531,654,9X7L3dbnxHnZpBJDR/VEqTLduQw=,EphBDgkS/QyF2vRxksmFP1Did7s=
-535,655,9X7L3dbnxHnZpBJDR/VEqTLduQw=,EphBDgkS/QyF2vRxksmFP1Did7s=
-543,654,9X7L3dbnxHnZpBJDR/VEqTLduQw=,EphBDgkS/QyF2vRxksmFP1Did7s=
-532,653,9X7L3dbnxHnZpBJDR/VEqTLduQw=,EphBDgkS/QyF2vRxksmFP1Did7s=
-532,640,9X7L3dbnxHnZpBJDR/VEqTLduQw=,EphBDgkS/QyF2vRxksmFP1Did7s=
-538,655,9X7L3dbnxHnZpBJDR/VEqTLduQw=,EphBDgkS/QyF2vRxksmFP1Did7s=
-534,654,9X7L3dbnxHnZpBJDR/VEqTLduQw=,EphBDgkS/QyF2vRxksmFP1Did7s=
-529,652,9X7L3dbnxHnZpBJDR/VEqTLduQw=,EphBDgkS/QyF2vRxksmFP1Did7s=
-530,652,9X7L3dbnxHnZpBJDR/VEqTLduQw=,EphBDgkS/QyF2vRxksmFP1Did7s=
-544,654,9X7L3dbnxHnZpBJDR/VEqTLduQw=,EphBDgkS/QyF2vRxksmFP1Did7s=
-536,653,9X7L3dbnxHnZpBJDR/VEqTLduQw=,EphBDgkS/QyF2vRxksmFP1Did7s=
-541,641,9X7L3dbnxHnZpBJDR/VEqTLduQw=,EphBDgkS/QyF2vRxksmFP1Did7s=
-538,654,9X7L3dbnxHnZpBJDR/VEqTLduQw=,EphBDgkS/QyF2vRxksmFP1Did7s=
-539,655,9X7L3dbnxHnZpBJDR/VEqTLduQw=,EphBDgkS/QyF2vRxksmFP1Did7s=
-531,653,9X7L3dbnxHnZpBJDR/VEqTLduQw=,EphBDgkS/QyF2vRxksmFP1Did7s=
-536,654,9X7L3dbnxHnZpBJDR/VEqTLduQw=,EphBDgkS/QyF2vRxksmFP1Did7s=
-539,654,9X7L3dbnxHnZpBJDR/VEqTLduQw=,EphBDgkS/QyF2vRxksmFP1Did7s=
-533,653,9X7L3dbnxHnZpBJDR/VEqTLduQw=,EphBDgkS/QyF2vRxksmFP1Did7s=
-544,653,9X7L3dbnxHnZpBJDR/VEqTLduQw=,EphBDgkS/QyF2vRxksmFP1Did7s=
-533,640,9X7L3dbnxHnZpBJDR/VEqTLduQw=,EphBDgkS/QyF2vRxksmFP1Did7s=
-543,653,9X7L3dbnxHnZpBJDR/VEqTLduQw=,EphBDgkS/QyF2vRxksmFP1Did7s=
-540,653,9X7L3dbnxHnZpBJDR/VEqTLduQw=,EphBDgkS/QyF2vRxksmFP1Did7s=
-537,654,9X7L3dbnxHnZpBJDR/VEqTLduQw=,EphBDgkS/QyF2vRxksmFP1Did7s=
-542,654,9X7L3dbnxHnZpBJDR/VEqTLduQw=,EphBDgkS/QyF2vRxksmFP1Did7s=
-529,651,9X7L3dbnxHnZpBJDR/VEqTLduQw=,EphBDgkS/QyF2vRxksmFP1Did7s=
-538,653,9X7L3dbnxHnZpBJDR/VEqTLduQw=,EphBDgkS/QyF2vRxksmFP1Did7s=
-536,652,9X7L3dbnxHnZpBJDR/VEqTLduQw=,EphBDgkS/QyF2vRxksmFP1Did7s=
-530,651,9X7L3dbnxHnZpBJDR/VEqTLduQw=,EphBDgkS/QyF2vRxksmFP1Did7s=
-535,652,9X7L3dbnxHnZpBJDR/VEqTLduQw=,EphBDgkS/QyF2vRxksmFP1Did7s=
-537,653,9X7L3dbnxHnZpBJDR/VEqTLduQw=,EphBDgkS/QyF2vRxksmFP1Did7s=
-541,654,9X7L3dbnxHnZpBJDR/VEqTLduQw=,EphBDgkS/QyF2vRxksmFP1Did7s=
-540,654,9X7L3dbnxHnZpBJDR/VEqTLduQw=,EphBDgkS/QyF2vRxksmFP1Did7s=
-534,652,9X7L3dbnxHnZpBJDR/VEqTLduQw=,EphBDgkS/QyF2vRxksmFP1Did7s=
-533,652,9X7L3dbnxHnZpBJDR/VEqTLduQw=,EphBDgkS/QyF2vRxksmFP1Did7s=
-539,653,9X7L3dbnxHnZpBJDR/VEqTLduQw=,EphBDgkS/QyF2vRxksmFP1Did7s=
-534,640,9X7L3dbnxHnZpBJDR/VEqTLduQw=,EphBDgkS/QyF2vRxksmFP1Did7s=
-531,652,9X7L3dbnxHnZpBJDR/VEqTLduQw=,EphBDgkS/QyF2vRxksmFP1Did7s=
-540,641,9X7L3dbnxHnZpBJDR/VEqTLduQw=,EphBDgkS/QyF2vRxksmFP1Did7s=
-531,651,9X7L3dbnxHnZpBJDR/VEqTLduQw=,EphBDgkS/QyF2vRxksmFP1Did7s=
-534,653,9X7L3dbnxHnZpBJDR/VEqTLduQw=,EphBDgkS/QyF2vRxksmFP1Did7s=
-532,652,9X7L3dbnxHnZpBJDR/VEqTLduQw=,EphBDgkS/QyF2vRxksmFP1Did7s=
-529,650,9X7L3dbnxHnZpBJDR/VEqTLduQw=,EphBDgkS/QyF2vRxksmFP1Did7s=
-531,650,9X7L3dbnxHnZpBJDR/VEqTLduQw=,EphBDgkS/QyF2vRxksmFP1Did7s=
-530,650,9X7L3dbnxHnZpBJDR/VEqTLduQw=,EphBDgkS/QyF2vRxksmFP1Did7s=
-535,651,9X7L3dbnxHnZpBJDR/VEqTLduQw=,EphBDgkS/QyF2vRxksmFP1Did7s=
-537,652,9X7L3dbnxHnZpBJDR/VEqTLduQw=,EphBDgkS/QyF2vRxksmFP1Did7s=
-542,653,9X7L3dbnxHnZpBJDR/VEqTLduQw=,EphBDgkS/QyF2vRxksmFP1Did7s=
-536,651,9X7L3dbnxHnZpBJDR/VEqTLduQw=,EphBDgkS/QyF2vRxksmFP1Did7s=
-541,652,9X7L3dbnxHnZpBJDR/VEqTLduQw=,EphBDgkS/QyF2vRxksmFP1Did7s=
-544,652,9X7L3dbnxHnZpBJDR/VEqTLduQw=,EphBDgkS/QyF2vRxksmFP1Did7s=
-532,650,9X7L3dbnxHnZpBJDR/VEqTLduQw=,EphBDgkS/QyF2vRxksmFP1Did7s=
-535,640,9X7L3dbnxHnZpBJDR/VEqTLduQw=,EphBDgkS/QyF2vRxksmFP1Did7s=
-538,651,9X7L3dbnxHnZpBJDR/VEqTLduQw=,EphBDgkS/QyF2vRxksmFP1Did7s=
-542,652,9X7L3dbnxHnZpBJDR/VEqTLduQw=,EphBDgkS/QyF2vRxksmFP1Did7s=
-534,650,9X7L3dbnxHnZpBJDR/VEqTLduQw=,EphBDgkS/QyF2vRxksmFP1Did7s=
-534,651,9X7L3dbnxHnZpBJDR/VEqTLduQw=,EphBDgkS/QyF2vRxksmFP1Did7s=
-533,651,9X7L3dbnxHnZpBJDR/VEqTLduQw=,EphBDgkS/QyF2vRxksmFP1Did7s=
-542,651,9X7L3dbnxHnZpBJDR/VEqTLduQw=,EphBDgkS/QyF2vRxksmFP1Did7s=
-539,652,9X7L3dbnxHnZpBJDR/VEqTLduQw=,EphBDgkS/QyF2vRxksmFP1Did7s=
-539,641,9X7L3dbnxHnZpBJDR/VEqTLduQw=,EphBDgkS/QyF2vRxksmFP1Did7s=
-529,649,9X7L3dbnxHnZpBJDR/VEqTLduQw=,EphBDgkS/QyF2vRxksmFP1Did7s=
-530,649,9X7L3dbnxHnZpBJDR/VEqTLduQw=,EphBDgkS/QyF2vRxksmFP1Did7s=
-531,649,9X7L3dbnxHnZpBJDR/VEqTLduQw=,EphBDgkS/QyF2vRxksmFP1Did7s=
-532,649,9X7L3dbnxHnZpBJDR/VEqTLduQw=,EphBDgkS/QyF2vRxksmFP1Did7s=
-533,649,9X7L3dbnxHnZpBJDR/VEqTLduQw=,EphBDgkS/QyF2vRxksmFP1Did7s=
-541,653,9X7L3dbnxHnZpBJDR/VEqTLduQw=,EphBDgkS/QyF2vRxksmFP1Did7s=
-535,650,9X7L3dbnxHnZpBJDR/VEqTLduQw=,EphBDgkS/QyF2vRxksmFP1Did7s=
-536,640,9X7L3dbnxHnZpBJDR/VEqTLduQw=,EphBDgkS/QyF2vRxksmFP1Did7s=
-533,650,9X7L3dbnxHnZpBJDR/VEqTLduQw=,EphBDgkS/QyF2vRxksmFP1Did7s=
-540,651,9X7L3dbnxHnZpBJDR/VEqTLduQw=,EphBDgkS/QyF2vRxksmFP1Did7s=
-539,651,9X7L3dbnxHnZpBJDR/VEqTLduQw=,EphBDgkS/QyF2vRxksmFP1Did7s=
-544,651,9X7L3dbnxHnZpBJDR/VEqTLduQw=,EphBDgkS/QyF2vRxksmFP1Did7s=
-532,651,9X7L3dbnxHnZpBJDR/VEqTLduQw=,EphBDgkS/QyF2vRxksmFP1Did7s=
-534,649,9X7L3dbnxHnZpBJDR/VEqTLduQw=,EphBDgkS/QyF2vRxksmFP1Did7s=
-538,650,9X7L3dbnxHnZpBJDR/VEqTLduQw=,EphBDgkS/QyF2vRxksmFP1Did7s=
-541,651,9X7L3dbnxHnZpBJDR/VEqTLduQw=,EphBDgkS/QyF2vRxksmFP1Did7s=
-535,649,9X7L3dbnxHnZpBJDR/VEqTLduQw=,EphBDgkS/QyF2vRxksmFP1Did7s=
-542,650,9X7L3dbnxHnZpBJDR/VEqTLduQw=,EphBDgkS/QyF2vRxksmFP1Did7s=
-541,650,9X7L3dbnxHnZpBJDR/VEqTLduQw=,EphBDgkS/QyF2vRxksmFP1Did7s=
-537,651,9X7L3dbnxHnZpBJDR/VEqTLduQw=,EphBDgkS/QyF2vRxksmFP1Did7s=
-538,641,9X7L3dbnxHnZpBJDR/VEqTLduQw=,EphBDgkS/QyF2vRxksmFP1Did7s=
-534,648,9X7L3dbnxHnZpBJDR/VEqTLduQw=,EphBDgkS/QyF2vRxksmFP1Did7s=
-533,648,9X7L3dbnxHnZpBJDR/VEqTLduQw=,EphBDgkS/QyF2vRxksmFP1Did7s=
-530,648,9X7L3dbnxHnZpBJDR/VEqTLduQw=,EphBDgkS/QyF2vRxksmFP1Did7s=
-539,650,9X7L3dbnxHnZpBJDR/VEqTLduQw=,EphBDgkS/QyF2vRxksmFP1Did7s=
-532,648,9X7L3dbnxHnZpBJDR/VEqTLduQw=,EphBDgkS/QyF2vRxksmFP1Did7s=
-531,648,9X7L3dbnxHnZpBJDR/VEqTLduQw=,EphBDgkS/QyF2vRxksmFP1Did7s=
-544,650,9X7L3dbnxHnZpBJDR/VEqTLduQw=,EphBDgkS/QyF2vRxksmFP1Did7s=
-540,650,9X7L3dbnxHnZpBJDR/VEqTLduQw=,EphBDgkS/QyF2vRxksmFP1Did7s=
-529,648,9X7L3dbnxHnZpBJDR/VEqTLduQw=,EphBDgkS/QyF2vRxksmFP1Did7s=
-536,650,9X7L3dbnxHnZpBJDR/VEqTLduQw=,EphBDgkS/QyF2vRxksmFP1Did7s=
-543,651,9X7L3dbnxHnZpBJDR/VEqTLduQw=,EphBDgkS/QyF2vRxksmFP1Did7s=
-537,650,9X7L3dbnxHnZpBJDR/VEqTLduQw=,EphBDgkS/QyF2vRxksmFP1Did7s=
-529,647,9X7L3dbnxHnZpBJDR/VEqTLduQw=,EphBDgkS/QyF2vRxksmFP1Did7s=
-542,649,9X7L3dbnxHnZpBJDR/VEqTLduQw=,EphBDgkS/QyF2vRxksmFP1Did7s=
-530,647,9X7L3dbnxHnZpBJDR/VEqTLduQw=,EphBDgkS/QyF2vRxksmFP1Did7s=
-531,647,9X7L3dbnxHnZpBJDR/VEqTLduQw=,EphBDgkS/QyF2vRxksmFP1Did7s=
-543,650,9X7L3dbnxHnZpBJDR/VEqTLduQw=,EphBDgkS/QyF2vRxksmFP1Did7s=
-534,647,9X7L3dbnxHnZpBJDR/VEqTLduQw=,EphBDgkS/QyF2vRxksmFP1Did7s=
-532,647,9X7L3dbnxHnZpBJDR/VEqTLduQw=,EphBDgkS/QyF2vRxksmFP1Did7s=
-533,647,9X7L3dbnxHnZpBJDR/VEqTLduQw=,EphBDgkS/QyF2vRxksmFP1Did7s=
-539,649,9X7L3dbnxHnZpBJDR/VEqTLduQw=,EphBDgkS/QyF2vRxksmFP1Did7s=
-537,640,9X7L3dbnxHnZpBJDR/VEqTLduQw=,EphBDgkS/QyF2vRxksmFP1Did7s=
-535,647,9X7L3dbnxHnZpBJDR/VEqTLduQw=,EphBDgkS/QyF2vRxksmFP1Did7s=
-542,648,9X7L3dbnxHnZpBJDR/VEqTLduQw=,EphBDgkS/QyF2vRxksmFP1Did7s=
-543,649,9X7L3dbnxHnZpBJDR/VEqTLduQw=,EphBDgkS/QyF2vRxksmFP1Did7s=
-540,649,9X7L3dbnxHnZpBJDR/VEqTLduQw=,EphBDgkS/QyF2vRxksmFP1Did7s=
-543,652,9X7L3dbnxHnZpBJDR/VEqTLduQw=,EphBDgkS/QyF2vRxksmFP1Did7s=
-537,648,9X7L3dbnxHnZpBJDR/VEqTLduQw=,EphBDgkS/QyF2vRxksmFP1Did7s=
-536,648,9X7L3dbnxHnZpBJDR/VEqTLduQw=,EphBDgkS/QyF2vRxksmFP1Did7s=
-537,641,9X7L3dbnxHnZpBJDR/VEqTLduQw=,EphBDgkS/QyF2vRxksmFP1Did7s=
-536,641,9X7L3dbnxHnZpBJDR/VEqTLduQw=,EphBDgkS/QyF2vRxksmFP1Did7s=
-534,641,9X7L3dbnxHnZpBJDR/VEqTLduQw=,EphBDgkS/QyF2vRxksmFP1Did7s=
-535,641,9X7L3dbnxHnZpBJDR/VEqTLduQw=,EphBDgkS/QyF2vRxksmFP1Did7s=
-533,641,9X7L3dbnxHnZpBJDR/VEqTLduQw=,EphBDgkS/QyF2vRxksmFP1Did7s=
-536,649,9X7L3dbnxHnZpBJDR/VEqTLduQw=,EphBDgkS/QyF2vRxksmFP1Did7s=
-537,649,9X7L3dbnxHnZpBJDR/VEqTLduQw=,EphBDgkS/QyF2vRxksmFP1Did7s=
-530,646,9X7L3dbnxHnZpBJDR/VEqTLduQw=,EphBDgkS/QyF2vRxksmFP1Did7s=
-529,646,9X7L3dbnxHnZpBJDR/VEqTLduQw=,EphBDgkS/QyF2vRxksmFP1Did7s=
-532,646,9X7L3dbnxHnZpBJDR/VEqTLduQw=,EphBDgkS/QyF2vRxksmFP1Did7s=
-531,646,9X7L3dbnxHnZpBJDR/VEqTLduQw=,EphBDgkS/QyF2vRxksmFP1Did7s=
-534,646,9X7L3dbnxHnZpBJDR/VEqTLduQw=,EphBDgkS/QyF2vRxksmFP1Did7s=
-535,646,9X7L3dbnxHnZpBJDR/VEqTLduQw=,EphBDgkS/QyF2vRxksmFP1Did7s=
-538,648,9X7L3dbnxHnZpBJDR/VEqTLduQw=,EphBDgkS/QyF2vRxksmFP1Did7s=
-536,646,9X7L3dbnxHnZpBJDR/VEqTLduQw=,EphBDgkS/QyF2vRxksmFP1Did7s=
-539,648,9X7L3dbnxHnZpBJDR/VEqTLduQw=,EphBDgkS/QyF2vRxksmFP1Did7s=
-541,649,9X7L3dbnxHnZpBJDR/VEqTLduQw=,EphBDgkS/QyF2vRxksmFP1Did7s=
-541,648,9X7L3dbnxHnZpBJDR/VEqTLduQw=,EphBDgkS/QyF2vRxksmFP1Did7s=
-538,649,9X7L3dbnxHnZpBJDR/VEqTLduQw=,EphBDgkS/QyF2vRxksmFP1Did7s=
-540,648,9X7L3dbnxHnZpBJDR/VEqTLduQw=,EphBDgkS/QyF2vRxksmFP1Did7s=
-537,646,9X7L3dbnxHnZpBJDR/VEqTLduQw=,EphBDgkS/QyF2vRxksmFP1Did7s=
-529,645,9X7L3dbnxHnZpBJDR/VEqTLduQw=,EphBDgkS/QyF2vRxksmFP1Did7s=
-538,647,9X7L3dbnxHnZpBJDR/VEqTLduQw=,EphBDgkS/QyF2vRxksmFP1Did7s=
-530,645,9X7L3dbnxHnZpBJDR/VEqTLduQw=,EphBDgkS/QyF2vRxksmFP1Did7s=
-531,645,9X7L3dbnxHnZpBJDR/VEqTLduQw=,EphBDgkS/QyF2vRxksmFP1Did7s=
-532,645,9X7L3dbnxHnZpBJDR/VEqTLduQw=,EphBDgkS/QyF2vRxksmFP1Did7s=
-539,647,9X7L3dbnxHnZpBJDR/VEqTLduQw=,EphBDgkS/QyF2vRxksmFP1Did7s=
-538,640,9X7L3dbnxHnZpBJDR/VEqTLduQw=,EphBDgkS/QyF2vRxksmFP1Did7s=
-535,645,9X7L3dbnxHnZpBJDR/VEqTLduQw=,EphBDgkS/QyF2vRxksmFP1Did7s=
-534,645,9X7L3dbnxHnZpBJDR/VEqTLduQw=,EphBDgkS/QyF2vRxksmFP1Did7s=
-540,652,9X7L3dbnxHnZpBJDR/VEqTLduQw=,EphBDgkS/QyF2vRxksmFP1Did7s=
-537,645,9X7L3dbnxHnZpBJDR/VEqTLduQw=,EphBDgkS/QyF2vRxksmFP1Did7s=
-536,645,9X7L3dbnxHnZpBJDR/VEqTLduQw=,EphBDgkS/QyF2vRxksmFP1Did7s=
-538,652,9X7L3dbnxHnZpBJDR/VEqTLduQw=,EphBDgkS/QyF2vRxksmFP1Did7s=
-538,645,9X7L3dbnxHnZpBJDR/VEqTLduQw=,EphBDgkS/QyF2vRxksmFP1Did7s=
-539,645,9X7L3dbnxHnZpBJDR/VEqTLduQw=,EphBDgkS/QyF2vRxksmFP1Did7s=
-542,645,9X7L3dbnxHnZpBJDR/VEqTLduQw=,EphBDgkS/QyF2vRxksmFP1Did7s=
-541,645,9X7L3dbnxHnZpBJDR/VEqTLduQw=,EphBDgkS/QyF2vRxksmFP1Did7s=
-540,646,9X7L3dbnxHnZpBJDR/VEqTLduQw=,EphBDgkS/QyF2vRxksmFP1Did7s=
-540,645,9X7L3dbnxHnZpBJDR/VEqTLduQw=,EphBDgkS/QyF2vRxksmFP1Did7s=
-530,644,9X7L3dbnxHnZpBJDR/VEqTLduQw=,EphBDgkS/QyF2vRxksmFP1Did7s=
-531,644,9X7L3dbnxHnZpBJDR/VEqTLduQw=,EphBDgkS/QyF2vRxksmFP1Did7s=
-537,647,9X7L3dbnxHnZpBJDR/VEqTLduQw=,EphBDgkS/QyF2vRxksmFP1Did7s=
-529,644,9X7L3dbnxHnZpBJDR/VEqTLduQw=,EphBDgkS/QyF2vRxksmFP1Did7s=
-539,640,9X7L3dbnxHnZpBJDR/VEqTLduQw=,EphBDgkS/QyF2vRxksmFP1Did7s=
-532,644,9X7L3dbnxHnZpBJDR/VEqTLduQw=,EphBDgkS/QyF2vRxksmFP1Did7s=
-543,645,9X7L3dbnxHnZpBJDR/VEqTLduQw=,EphBDgkS/QyF2vRxksmFP1Did7s=
-533,645,9X7L3dbnxHnZpBJDR/VEqTLduQw=,EphBDgkS/QyF2vRxksmFP1Did7s=
-537,644,9X7L3dbnxHnZpBJDR/VEqTLduQw=,EphBDgkS/QyF2vRxksmFP1Did7s=
-536,647,9X7L3dbnxHnZpBJDR/VEqTLduQw=,EphBDgkS/QyF2vRxksmFP1Did7s=
-538,644,9X7L3dbnxHnZpBJDR/VEqTLduQw=,EphBDgkS/QyF2vRxksmFP1Did7s=
-540,644,9X7L3dbnxHnZpBJDR/VEqTLduQw=,EphBDgkS/QyF2vRxksmFP1Did7s=
-544,649,9X7L3dbnxHnZpBJDR/VEqTLduQw=,EphBDgkS/QyF2vRxksmFP1Did7s=
-542,644,9X7L3dbnxHnZpBJDR/VEqTLduQw=,EphBDgkS/QyF2vRxksmFP1Did7s=
-539,644,9X7L3dbnxHnZpBJDR/VEqTLduQw=,EphBDgkS/QyF2vRxksmFP1Did7s=
-541,644,9X7L3dbnxHnZpBJDR/VEqTLduQw=,EphBDgkS/QyF2vRxksmFP1Did7s=
-543,644,9X7L3dbnxHnZpBJDR/VEqTLduQw=,EphBDgkS/QyF2vRxksmFP1Did7s=
-532,641,9X7L3dbnxHnZpBJDR/VEqTLduQw=,EphBDgkS/QyF2vRxksmFP1Did7s=
-539,646,9X7L3dbnxHnZpBJDR/VEqTLduQw=,EphBDgkS/QyF2vRxksmFP1Did7s=
-535,644,9X7L3dbnxHnZpBJDR/VEqTLduQw=,EphBDgkS/QyF2vRxksmFP1Did7s=
-543,648,9X7L3dbnxHnZpBJDR/VEqTLduQw=,EphBDgkS/QyF2vRxksmFP1Did7s=
-533,644,9X7L3dbnxHnZpBJDR/VEqTLduQw=,EphBDgkS/QyF2vRxksmFP1Did7s=
-533,643,9X7L3dbnxHnZpBJDR/VEqTLduQw=,EphBDgkS/QyF2vRxksmFP1Did7s=
-534,643,9X7L3dbnxHnZpBJDR/VEqTLduQw=,EphBDgkS/QyF2vRxksmFP1Did7s=
-536,643,9X7L3dbnxHnZpBJDR/VEqTLduQw=,EphBDgkS/QyF2vRxksmFP1Did7s=
-535,643,9X7L3dbnxHnZpBJDR/VEqTLduQw=,EphBDgkS/QyF2vRxksmFP1Did7s=
-540,640,9X7L3dbnxHnZpBJDR/VEqTLduQw=,EphBDgkS/QyF2vRxksmFP1Did7s=
-534,644,9X7L3dbnxHnZpBJDR/VEqTLduQw=,EphBDgkS/QyF2vRxksmFP1Did7s=
-539,643,9X7L3dbnxHnZpBJDR/VEqTLduQw=,EphBDgkS/QyF2vRxksmFP1Did7s=
-538,643,9X7L3dbnxHnZpBJDR/VEqTLduQw=,EphBDgkS/QyF2vRxksmFP1Did7s=
-536,644,9X7L3dbnxHnZpBJDR/VEqTLduQw=,EphBDgkS/QyF2vRxksmFP1Did7s=
-540,643,9X7L3dbnxHnZpBJDR/VEqTLduQw=,EphBDgkS/QyF2vRxksmFP1Did7s=
-541,643,9X7L3dbnxHnZpBJDR/VEqTLduQw=,EphBDgkS/QyF2vRxksmFP1Did7s=
-542,643,9X7L3dbnxHnZpBJDR/VEqTLduQw=,EphBDgkS/QyF2vRxksmFP1Did7s=
-544,643,9X7L3dbnxHnZpBJDR/VEqTLduQw=,EphBDgkS/QyF2vRxksmFP1Did7s=
-543,643,9X7L3dbnxHnZpBJDR/VEqTLduQw=,EphBDgkS/QyF2vRxksmFP1Did7s=
-540,647,9X7L3dbnxHnZpBJDR/VEqTLduQw=,EphBDgkS/QyF2vRxksmFP1Did7s=
-538,646,9X7L3dbnxHnZpBJDR/VEqTLduQw=,EphBDgkS/QyF2vRxksmFP1Did7s=
-537,643,9X7L3dbnxHnZpBJDR/VEqTLduQw=,EphBDgkS/QyF2vRxksmFP1Did7s=
-544,644,9X7L3dbnxHnZpBJDR/VEqTLduQw=,EphBDgkS/QyF2vRxksmFP1Did7s=
-533,642,9X7L3dbnxHnZpBJDR/VEqTLduQw=,EphBDgkS/QyF2vRxksmFP1Did7s=
-534,642,9X7L3dbnxHnZpBJDR/VEqTLduQw=,EphBDgkS/QyF2vRxksmFP1Did7s=
-536,642,9X7L3dbnxHnZpBJDR/VEqTLduQw=,EphBDgkS/QyF2vRxksmFP1Did7s=
-535,642,9X7L3dbnxHnZpBJDR/VEqTLduQw=,EphBDgkS/QyF2vRxksmFP1Did7s=
-531,641,9X7L3dbnxHnZpBJDR/VEqTLduQw=,EphBDgkS/QyF2vRxksmFP1Did7s=
-541,647,9X7L3dbnxHnZpBJDR/VEqTLduQw=,EphBDgkS/QyF2vRxksmFP1Did7s=
-544,647,9X7L3dbnxHnZpBJDR/VEqTLduQw=,EphBDgkS/QyF2vRxksmFP1Did7s=
-541,640,9X7L3dbnxHnZpBJDR/VEqTLduQw=,EphBDgkS/QyF2vRxksmFP1Did7s=
-544,645,9X7L3dbnxHnZpBJDR/VEqTLduQw=,EphBDgkS/QyF2vRxksmFP1Did7s=
-544,648,9X7L3dbnxHnZpBJDR/VEqTLduQw=,EphBDgkS/QyF2vRxksmFP1Did7s=
-542,640,9X7L3dbnxHnZpBJDR/VEqTLduQw=,EphBDgkS/QyF2vRxksmFP1Did7s=
-544,642,9X7L3dbnxHnZpBJDR/VEqTLduQw=,EphBDgkS/QyF2vRxksmFP1Did7s=
-542,646,9X7L3dbnxHnZpBJDR/VEqTLduQw=,EphBDgkS/QyF2vRxksmFP1Did7s=
-543,642,9X7L3dbnxHnZpBJDR/VEqTLduQw=,EphBDgkS/QyF2vRxksmFP1Did7s=
-542,647,9X7L3dbnxHnZpBJDR/VEqTLduQw=,EphBDgkS/QyF2vRxksmFP1Did7s=
-538,642,9X7L3dbnxHnZpBJDR/VEqTLduQw=,EphBDgkS/QyF2vRxksmFP1Did7s=
-543,646,9X7L3dbnxHnZpBJDR/VEqTLduQw=,EphBDgkS/QyF2vRxksmFP1Did7s=
-532,642,9X7L3dbnxHnZpBJDR/VEqTLduQw=,EphBDgkS/QyF2vRxksmFP1Did7s=
-542,642,9X7L3dbnxHnZpBJDR/VEqTLduQw=,EphBDgkS/QyF2vRxksmFP1Did7s=
-539,642,9X7L3dbnxHnZpBJDR/VEqTLduQw=,EphBDgkS/QyF2vRxksmFP1Did7s=
-544,646,9X7L3dbnxHnZpBJDR/VEqTLduQw=,EphBDgkS/QyF2vRxksmFP1Did7s=
-533,646,9X7L3dbnxHnZpBJDR/VEqTLduQw=,EphBDgkS/QyF2vRxksmFP1Did7s=
-540,642,9X7L3dbnxHnZpBJDR/VEqTLduQw=,EphBDgkS/QyF2vRxksmFP1Did7s=
-531,643,9X7L3dbnxHnZpBJDR/VEqTLduQw=,EphBDgkS/QyF2vRxksmFP1Did7s=
-529,643,9X7L3dbnxHnZpBJDR/VEqTLduQw=,EphBDgkS/QyF2vRxksmFP1Did7s=
-543,640,9X7L3dbnxHnZpBJDR/VEqTLduQw=,EphBDgkS/QyF2vRxksmFP1Did7s=
-543,647,9X7L3dbnxHnZpBJDR/VEqTLduQw=,EphBDgkS/QyF2vRxksmFP1Did7s=
-535,648,9X7L3dbnxHnZpBJDR/VEqTLduQw=,EphBDgkS/QyF2vRxksmFP1Did7s=
-541,646,9X7L3dbnxHnZpBJDR/VEqTLduQw=,EphBDgkS/QyF2vRxksmFP1Did7s=
-530,643,9X7L3dbnxHnZpBJDR/VEqTLduQw=,EphBDgkS/QyF2vRxksmFP1Did7s=
-529,642,9X7L3dbnxHnZpBJDR/VEqTLduQw=,EphBDgkS/QyF2vRxksmFP1Did7s=
-531,642,9X7L3dbnxHnZpBJDR/VEqTLduQw=,EphBDgkS/QyF2vRxksmFP1Did7s=
-532,643,9X7L3dbnxHnZpBJDR/VEqTLduQw=,EphBDgkS/QyF2vRxksmFP1Did7s=
-537,642,9X7L3dbnxHnZpBJDR/VEqTLduQw=,EphBDgkS/QyF2vRxksmFP1Did7s=
-541,642,9X7L3dbnxHnZpBJDR/VEqTLduQw=,EphBDgkS/QyF2vRxksmFP1Did7s=
-530,641,9X7L3dbnxHnZpBJDR/VEqTLduQw=,EphBDgkS/QyF2vRxksmFP1Did7s=
-544,640,9X7L3dbnxHnZpBJDR/VEqTLduQw=,EphBDgkS/QyF2vRxksmFP1Did7s=
-530,642,9X7L3dbnxHnZpBJDR/VEqTLduQw=,EphBDgkS/QyF2vRxksmFP1Did7s=
-529,641,9X7L3dbnxHnZpBJDR/VEqTLduQw=,EphBDgkS/QyF2vRxksmFP1Did7s=
-513,640,FdHANpG0Pxpiz2hTqgRDc+jIhXg=,EphBDgkS/QyF2vRxksmFP1Did7s=
-514,640,FdHANpG0Pxpiz2hTqgRDc+jIhXg=,EphBDgkS/QyF2vRxksmFP1Did7s=
-515,640,FdHANpG0Pxpiz2hTqgRDc+jIhXg=,EphBDgkS/QyF2vRxksmFP1Did7s=
-527,641,FdHANpG0Pxpiz2hTqgRDc+jIhXg=,EphBDgkS/QyF2vRxksmFP1Did7s=
-528,655,FdHANpG0Pxpiz2hTqgRDc+jIhXg=,EphBDgkS/QyF2vRxksmFP1Did7s=
-528,641,FdHANpG0Pxpiz2hTqgRDc+jIhXg=,EphBDgkS/QyF2vRxksmFP1Did7s=
-519,655,FdHANpG0Pxpiz2hTqgRDc+jIhXg=,EphBDgkS/QyF2vRxksmFP1Did7s=
-517,655,FdHANpG0Pxpiz2hTqgRDc+jIhXg=,EphBDgkS/QyF2vRxksmFP1Did7s=
-520,655,FdHANpG0Pxpiz2hTqgRDc+jIhXg=,EphBDgkS/QyF2vRxksmFP1Did7s=
-517,654,FdHANpG0Pxpiz2hTqgRDc+jIhXg=,EphBDgkS/QyF2vRxksmFP1Did7s=
-526,641,FdHANpG0Pxpiz2hTqgRDc+jIhXg=,EphBDgkS/QyF2vRxksmFP1Did7s=
-513,655,FdHANpG0Pxpiz2hTqgRDc+jIhXg=,EphBDgkS/QyF2vRxksmFP1Did7s=
-514,654,FdHANpG0Pxpiz2hTqgRDc+jIhXg=,EphBDgkS/QyF2vRxksmFP1Did7s=
-524,655,FdHANpG0Pxpiz2hTqgRDc+jIhXg=,EphBDgkS/QyF2vRxksmFP1Did7s=
-526,655,FdHANpG0Pxpiz2hTqgRDc+jIhXg=,EphBDgkS/QyF2vRxksmFP1Did7s=
-514,655,FdHANpG0Pxpiz2hTqgRDc+jIhXg=,EphBDgkS/QyF2vRxksmFP1Did7s=
-525,655,FdHANpG0Pxpiz2hTqgRDc+jIhXg=,EphBDgkS/QyF2vRxksmFP1Did7s=
-528,654,FdHANpG0Pxpiz2hTqgRDc+jIhXg=,EphBDgkS/QyF2vRxksmFP1Did7s=
-515,655,FdHANpG0Pxpiz2hTqgRDc+jIhXg=,EphBDgkS/QyF2vRxksmFP1Did7s=
-516,655,FdHANpG0Pxpiz2hTqgRDc+jIhXg=,EphBDgkS/QyF2vRxksmFP1Did7s=
-513,654,FdHANpG0Pxpiz2hTqgRDc+jIhXg=,EphBDgkS/QyF2vRxksmFP1Did7s=
-518,655,FdHANpG0Pxpiz2hTqgRDc+jIhXg=,EphBDgkS/QyF2vRxksmFP1Did7s=
-523,655,FdHANpG0Pxpiz2hTqgRDc+jIhXg=,EphBDgkS/QyF2vRxksmFP1Did7s=
-520,654,FdHANpG0Pxpiz2hTqgRDc+jIhXg=,EphBDgkS/QyF2vRxksmFP1Did7s=
-527,655,FdHANpG0Pxpiz2hTqgRDc+jIhXg=,EphBDgkS/QyF2vRxksmFP1Did7s=
-522,655,FdHANpG0Pxpiz2hTqgRDc+jIhXg=,EphBDgkS/QyF2vRxksmFP1Did7s=
-518,654,FdHANpG0Pxpiz2hTqgRDc+jIhXg=,EphBDgkS/QyF2vRxksmFP1Did7s=
-521,655,FdHANpG0Pxpiz2hTqgRDc+jIhXg=,EphBDgkS/QyF2vRxksmFP1Did7s=
-515,654,FdHANpG0Pxpiz2hTqgRDc+jIhXg=,EphBDgkS/QyF2vRxksmFP1Did7s=
-519,654,FdHANpG0Pxpiz2hTqgRDc+jIhXg=,EphBDgkS/QyF2vRxksmFP1Did7s=
-516,654,FdHANpG0Pxpiz2hTqgRDc+jIhXg=,EphBDgkS/QyF2vRxksmFP1Did7s=
-521,654,FdHANpG0Pxpiz2hTqgRDc+jIhXg=,EphBDgkS/QyF2vRxksmFP1Did7s=
-526,654,FdHANpG0Pxpiz2hTqgRDc+jIhXg=,EphBDgkS/QyF2vRxksmFP1Did7s=
-516,640,FdHANpG0Pxpiz2hTqgRDc+jIhXg=,EphBDgkS/QyF2vRxksmFP1Did7s=
-522,654,FdHANpG0Pxpiz2hTqgRDc+jIhXg=,EphBDgkS/QyF2vRxksmFP1Did7s=
-525,654,FdHANpG0Pxpiz2hTqgRDc+jIhXg=,EphBDgkS/QyF2vRxksmFP1Did7s=
-528,653,FdHANpG0Pxpiz2hTqgRDc+jIhXg=,EphBDgkS/QyF2vRxksmFP1Did7s=
-525,641,FdHANpG0Pxpiz2hTqgRDc+jIhXg=,EphBDgkS/QyF2vRxksmFP1Did7s=
-524,641,FdHANpG0Pxpiz2hTqgRDc+jIhXg=,EphBDgkS/QyF2vRxksmFP1Did7s=
-517,653,FdHANpG0Pxpiz2hTqgRDc+jIhXg=,EphBDgkS/QyF2vRxksmFP1Did7s=
-513,653,FdHANpG0Pxpiz2hTqgRDc+jIhXg=,EphBDgkS/QyF2vRxksmFP1Did7s=
-523,641,FdHANpG0Pxpiz2hTqgRDc+jIhXg=,EphBDgkS/QyF2vRxksmFP1Did7s=
-523,654,FdHANpG0Pxpiz2hTqgRDc+jIhXg=,EphBDgkS/QyF2vRxksmFP1Did7s=
-522,641,FdHANpG0Pxpiz2hTqgRDc+jIhXg=,EphBDgkS/QyF2vRxksmFP1Did7s=
-520,641,FdHANpG0Pxpiz2hTqgRDc+jIhXg=,EphBDgkS/QyF2vRxksmFP1Did7s=
-521,641,FdHANpG0Pxpiz2hTqgRDc+jIhXg=,EphBDgkS/QyF2vRxksmFP1Did7s=
-519,641,FdHANpG0Pxpiz2hTqgRDc+jIhXg=,EphBDgkS/QyF2vRxksmFP1Did7s=
-519,653,FdHANpG0Pxpiz2hTqgRDc+jIhXg=,EphBDgkS/QyF2vRxksmFP1Did7s=
-518,641,FdHANpG0Pxpiz2hTqgRDc+jIhXg=,EphBDgkS/QyF2vRxksmFP1Did7s=
-517,641,FdHANpG0Pxpiz2hTqgRDc+jIhXg=,EphBDgkS/QyF2vRxksmFP1Did7s=
-516,641,FdHANpG0Pxpiz2hTqgRDc+jIhXg=,EphBDgkS/QyF2vRxksmFP1Did7s=
-515,641,FdHANpG0Pxpiz2hTqgRDc+jIhXg=,EphBDgkS/QyF2vRxksmFP1Did7s=
-514,641,FdHANpG0Pxpiz2hTqgRDc+jIhXg=,EphBDgkS/QyF2vRxksmFP1Did7s=
-513,652,FdHANpG0Pxpiz2hTqgRDc+jIhXg=,EphBDgkS/QyF2vRxksmFP1Did7s=
-513,641,FdHANpG0Pxpiz2hTqgRDc+jIhXg=,EphBDgkS/QyF2vRxksmFP1Did7s=
-525,653,FdHANpG0Pxpiz2hTqgRDc+jIhXg=,EphBDgkS/QyF2vRxksmFP1Did7s=
-517,640,FdHANpG0Pxpiz2hTqgRDc+jIhXg=,EphBDgkS/QyF2vRxksmFP1Did7s=
-527,654,FdHANpG0Pxpiz2hTqgRDc+jIhXg=,EphBDgkS/QyF2vRxksmFP1Did7s=
-514,653,FdHANpG0Pxpiz2hTqgRDc+jIhXg=,EphBDgkS/QyF2vRxksmFP1Did7s=
-515,653,FdHANpG0Pxpiz2hTqgRDc+jIhXg=,EphBDgkS/QyF2vRxksmFP1Did7s=
-523,653,FdHANpG0Pxpiz2hTqgRDc+jIhXg=,EphBDgkS/QyF2vRxksmFP1Did7s=
-528,652,FdHANpG0Pxpiz2hTqgRDc+jIhXg=,EphBDgkS/QyF2vRxksmFP1Did7s=
-524,653,FdHANpG0Pxpiz2hTqgRDc+jIhXg=,EphBDgkS/QyF2vRxksmFP1Did7s=
-516,653,FdHANpG0Pxpiz2hTqgRDc+jIhXg=,EphBDgkS/QyF2vRxksmFP1Did7s=
-524,654,FdHANpG0Pxpiz2hTqgRDc+jIhXg=,EphBDgkS/QyF2vRxksmFP1Did7s=
-526,653,FdHANpG0Pxpiz2hTqgRDc+jIhXg=,EphBDgkS/QyF2vRxksmFP1Did7s=
-514,652,FdHANpG0Pxpiz2hTqgRDc+jIhXg=,EphBDgkS/QyF2vRxksmFP1Did7s=
-520,653,FdHANpG0Pxpiz2hTqgRDc+jIhXg=,EphBDgkS/QyF2vRxksmFP1Did7s=
-518,653,FdHANpG0Pxpiz2hTqgRDc+jIhXg=,EphBDgkS/QyF2vRxksmFP1Did7s=
-525,652,FdHANpG0Pxpiz2hTqgRDc+jIhXg=,EphBDgkS/QyF2vRxksmFP1Did7s=
-515,652,FdHANpG0Pxpiz2hTqgRDc+jIhXg=,EphBDgkS/QyF2vRxksmFP1Did7s=
-522,653,FdHANpG0Pxpiz2hTqgRDc+jIhXg=,EphBDgkS/QyF2vRxksmFP1Did7s=
-517,652,FdHANpG0Pxpiz2hTqgRDc+jIhXg=,EphBDgkS/QyF2vRxksmFP1Did7s=
-519,652,FdHANpG0Pxpiz2hTqgRDc+jIhXg=,EphBDgkS/QyF2vRxksmFP1Did7s=
-518,640,FdHANpG0Pxpiz2hTqgRDc+jIhXg=,EphBDgkS/QyF2vRxksmFP1Did7s=
-527,653,FdHANpG0Pxpiz2hTqgRDc+jIhXg=,EphBDgkS/QyF2vRxksmFP1Did7s=
-521,653,FdHANpG0Pxpiz2hTqgRDc+jIhXg=,EphBDgkS/QyF2vRxksmFP1Did7s=
-528,640,FdHANpG0Pxpiz2hTqgRDc+jIhXg=,EphBDgkS/QyF2vRxksmFP1Did7s=
-518,652,FdHANpG0Pxpiz2hTqgRDc+jIhXg=,EphBDgkS/QyF2vRxksmFP1Did7s=
-526,652,FdHANpG0Pxpiz2hTqgRDc+jIhXg=,EphBDgkS/QyF2vRxksmFP1Did7s=
-520,652,FdHANpG0Pxpiz2hTqgRDc+jIhXg=,EphBDgkS/QyF2vRxksmFP1Did7s=
-527,652,FdHANpG0Pxpiz2hTqgRDc+jIhXg=,EphBDgkS/QyF2vRxksmFP1Did7s=
-515,651,FdHANpG0Pxpiz2hTqgRDc+jIhXg=,EphBDgkS/QyF2vRxksmFP1Did7s=
-524,652,FdHANpG0Pxpiz2hTqgRDc+jIhXg=,EphBDgkS/QyF2vRxksmFP1Did7s=
-513,651,FdHANpG0Pxpiz2hTqgRDc+jIhXg=,EphBDgkS/QyF2vRxksmFP1Did7s=
-522,652,FdHANpG0Pxpiz2hTqgRDc+jIhXg=,EphBDgkS/QyF2vRxksmFP1Did7s=
-521,652,FdHANpG0Pxpiz2hTqgRDc+jIhXg=,EphBDgkS/QyF2vRxksmFP1Did7s=
-528,642,FdHANpG0Pxpiz2hTqgRDc+jIhXg=,EphBDgkS/QyF2vRxksmFP1Did7s=
-517,651,FdHANpG0Pxpiz2hTqgRDc+jIhXg=,EphBDgkS/QyF2vRxksmFP1Did7s=
-528,651,FdHANpG0Pxpiz2hTqgRDc+jIhXg=,EphBDgkS/QyF2vRxksmFP1Did7s=
-524,651,FdHANpG0Pxpiz2hTqgRDc+jIhXg=,EphBDgkS/QyF2vRxksmFP1Did7s=
-519,640,FdHANpG0Pxpiz2hTqgRDc+jIhXg=,EphBDgkS/QyF2vRxksmFP1Did7s=
-525,651,FdHANpG0Pxpiz2hTqgRDc+jIhXg=,EphBDgkS/QyF2vRxksmFP1Did7s=
-526,651,FdHANpG0Pxpiz2hTqgRDc+jIhXg=,EphBDgkS/QyF2vRxksmFP1Did7s=
-518,651,FdHANpG0Pxpiz2hTqgRDc+jIhXg=,EphBDgkS/QyF2vRxksmFP1Did7s=
-514,651,FdHANpG0Pxpiz2hTqgRDc+jIhXg=,EphBDgkS/QyF2vRxksmFP1Did7s=
-523,651,FdHANpG0Pxpiz2hTqgRDc+jIhXg=,EphBDgkS/QyF2vRxksmFP1Did7s=
-516,651,FdHANpG0Pxpiz2hTqgRDc+jIhXg=,EphBDgkS/QyF2vRxksmFP1Did7s=
-517,650,FdHANpG0Pxpiz2hTqgRDc+jIhXg=,EphBDgkS/QyF2vRxksmFP1Did7s=
-523,652,FdHANpG0Pxpiz2hTqgRDc+jIhXg=,EphBDgkS/QyF2vRxksmFP1Did7s=
-513,650,FdHANpG0Pxpiz2hTqgRDc+jIhXg=,EphBDgkS/QyF2vRxksmFP1Did7s=
-519,651,FdHANpG0Pxpiz2hTqgRDc+jIhXg=,EphBDgkS/QyF2vRxksmFP1Did7s=
-518,650,FdHANpG0Pxpiz2hTqgRDc+jIhXg=,EphBDgkS/QyF2vRxksmFP1Did7s=
-515,650,FdHANpG0Pxpiz2hTqgRDc+jIhXg=,EphBDgkS/QyF2vRxksmFP1Did7s=
-520,651,FdHANpG0Pxpiz2hTqgRDc+jIhXg=,EphBDgkS/QyF2vRxksmFP1Did7s=
-514,650,FdHANpG0Pxpiz2hTqgRDc+jIhXg=,EphBDgkS/QyF2vRxksmFP1Did7s=
-526,650,FdHANpG0Pxpiz2hTqgRDc+jIhXg=,EphBDgkS/QyF2vRxksmFP1Did7s=
-527,642,FdHANpG0Pxpiz2hTqgRDc+jIhXg=,EphBDgkS/QyF2vRxksmFP1Did7s=
-520,640,FdHANpG0Pxpiz2hTqgRDc+jIhXg=,EphBDgkS/QyF2vRxksmFP1Did7s=
-525,650,FdHANpG0Pxpiz2hTqgRDc+jIhXg=,EphBDgkS/QyF2vRxksmFP1Did7s=
-519,650,FdHANpG0Pxpiz2hTqgRDc+jIhXg=,EphBDgkS/QyF2vRxksmFP1Did7s=
-522,651,FdHANpG0Pxpiz2hTqgRDc+jIhXg=,EphBDgkS/QyF2vRxksmFP1Did7s=
-527,650,FdHANpG0Pxpiz2hTqgRDc+jIhXg=,EphBDgkS/QyF2vRxksmFP1Did7s=
-522,650,FdHANpG0Pxpiz2hTqgRDc+jIhXg=,EphBDgkS/QyF2vRxksmFP1Did7s=
-524,650,FdHANpG0Pxpiz2hTqgRDc+jIhXg=,EphBDgkS/QyF2vRxksmFP1Did7s=
-521,651,FdHANpG0Pxpiz2hTqgRDc+jIhXg=,EphBDgkS/QyF2vRxksmFP1Did7s=
-525,649,FdHANpG0Pxpiz2hTqgRDc+jIhXg=,EphBDgkS/QyF2vRxksmFP1Did7s=
-516,650,FdHANpG0Pxpiz2hTqgRDc+jIhXg=,EphBDgkS/QyF2vRxksmFP1Did7s=
-528,650,FdHANpG0Pxpiz2hTqgRDc+jIhXg=,EphBDgkS/QyF2vRxksmFP1Did7s=
-523,650,FdHANpG0Pxpiz2hTqgRDc+jIhXg=,EphBDgkS/QyF2vRxksmFP1Did7s=
-513,649,FdHANpG0Pxpiz2hTqgRDc+jIhXg=,EphBDgkS/QyF2vRxksmFP1Did7s=
-515,649,FdHANpG0Pxpiz2hTqgRDc+jIhXg=,EphBDgkS/QyF2vRxksmFP1Did7s=
-518,649,FdHANpG0Pxpiz2hTqgRDc+jIhXg=,EphBDgkS/QyF2vRxksmFP1Did7s=
-526,649,FdHANpG0Pxpiz2hTqgRDc+jIhXg=,EphBDgkS/QyF2vRxksmFP1Did7s=
-516,652,FdHANpG0Pxpiz2hTqgRDc+jIhXg=,EphBDgkS/QyF2vRxksmFP1Did7s=
-517,649,FdHANpG0Pxpiz2hTqgRDc+jIhXg=,EphBDgkS/QyF2vRxksmFP1Did7s=
-521,640,FdHANpG0Pxpiz2hTqgRDc+jIhXg=,EphBDgkS/QyF2vRxksmFP1Did7s=
-520,650,FdHANpG0Pxpiz2hTqgRDc+jIhXg=,EphBDgkS/QyF2vRxksmFP1Did7s=
-526,642,FdHANpG0Pxpiz2hTqgRDc+jIhXg=,EphBDgkS/QyF2vRxksmFP1Did7s=
-516,649,FdHANpG0Pxpiz2hTqgRDc+jIhXg=,EphBDgkS/QyF2vRxksmFP1Did7s=
-520,649,FdHANpG0Pxpiz2hTqgRDc+jIhXg=,EphBDgkS/QyF2vRxksmFP1Did7s=
-521,650,FdHANpG0Pxpiz2hTqgRDc+jIhXg=,EphBDgkS/QyF2vRxksmFP1Did7s=
-523,649,FdHANpG0Pxpiz2hTqgRDc+jIhXg=,EphBDgkS/QyF2vRxksmFP1Did7s=
-524,649,FdHANpG0Pxpiz2hTqgRDc+jIhXg=,EphBDgkS/QyF2vRxksmFP1Did7s=
-519,649,FdHANpG0Pxpiz2hTqgRDc+jIhXg=,EphBDgkS/QyF2vRxksmFP1Did7s=
-525,648,FdHANpG0Pxpiz2hTqgRDc+jIhXg=,EphBDgkS/QyF2vRxksmFP1Did7s=
-527,649,FdHANpG0Pxpiz2hTqgRDc+jIhXg=,EphBDgkS/QyF2vRxksmFP1Did7s=
-514,649,FdHANpG0Pxpiz2hTqgRDc+jIhXg=,EphBDgkS/QyF2vRxksmFP1Did7s=
-517,648,FdHANpG0Pxpiz2hTqgRDc+jIhXg=,EphBDgkS/QyF2vRxksmFP1Did7s=
-520,648,FdHANpG0Pxpiz2hTqgRDc+jIhXg=,EphBDgkS/QyF2vRxksmFP1Did7s=
-515,648,FdHANpG0Pxpiz2hTqgRDc+jIhXg=,EphBDgkS/QyF2vRxksmFP1Did7s=
-522,640,FdHANpG0Pxpiz2hTqgRDc+jIhXg=,EphBDgkS/QyF2vRxksmFP1Did7s=
-518,648,FdHANpG0Pxpiz2hTqgRDc+jIhXg=,EphBDgkS/QyF2vRxksmFP1Did7s=
-516,647,FdHANpG0Pxpiz2hTqgRDc+jIhXg=,EphBDgkS/QyF2vRxksmFP1Did7s=
-521,649,FdHANpG0Pxpiz2hTqgRDc+jIhXg=,EphBDgkS/QyF2vRxksmFP1Did7s=
-522,647,FdHANpG0Pxpiz2hTqgRDc+jIhXg=,EphBDgkS/QyF2vRxksmFP1Did7s=
-521,647,FdHANpG0Pxpiz2hTqgRDc+jIhXg=,EphBDgkS/QyF2vRxksmFP1Did7s=
-523,647,FdHANpG0Pxpiz2hTqgRDc+jIhXg=,EphBDgkS/QyF2vRxksmFP1Did7s=
-524,647,FdHANpG0Pxpiz2hTqgRDc+jIhXg=,EphBDgkS/QyF2vRxksmFP1Did7s=
-525,647,FdHANpG0Pxpiz2hTqgRDc+jIhXg=,EphBDgkS/QyF2vRxksmFP1Did7s=
-527,647,FdHANpG0Pxpiz2hTqgRDc+jIhXg=,EphBDgkS/QyF2vRxksmFP1Did7s=
-526,647,FdHANpG0Pxpiz2hTqgRDc+jIhXg=,EphBDgkS/QyF2vRxksmFP1Did7s=
-528,647,FdHANpG0Pxpiz2hTqgRDc+jIhXg=,EphBDgkS/QyF2vRxksmFP1Did7s=
-516,648,FdHANpG0Pxpiz2hTqgRDc+jIhXg=,EphBDgkS/QyF2vRxksmFP1Did7s=
-514,647,FdHANpG0Pxpiz2hTqgRDc+jIhXg=,EphBDgkS/QyF2vRxksmFP1Did7s=
-527,648,FdHANpG0Pxpiz2hTqgRDc+jIhXg=,EphBDgkS/QyF2vRxksmFP1Did7s=
-519,648,FdHANpG0Pxpiz2hTqgRDc+jIhXg=,EphBDgkS/QyF2vRxksmFP1Did7s=
-522,649,FdHANpG0Pxpiz2hTqgRDc+jIhXg=,EphBDgkS/QyF2vRxksmFP1Did7s=
-514,648,FdHANpG0Pxpiz2hTqgRDc+jIhXg=,EphBDgkS/QyF2vRxksmFP1Did7s=
-523,640,FdHANpG0Pxpiz2hTqgRDc+jIhXg=,EphBDgkS/QyF2vRxksmFP1Did7s=
-515,647,FdHANpG0Pxpiz2hTqgRDc+jIhXg=,EphBDgkS/QyF2vRxksmFP1Did7s=
-521,646,FdHANpG0Pxpiz2hTqgRDc+jIhXg=,EphBDgkS/QyF2vRxksmFP1Did7s=
-522,646,FdHANpG0Pxpiz2hTqgRDc+jIhXg=,EphBDgkS/QyF2vRxksmFP1Did7s=
-523,646,FdHANpG0Pxpiz2hTqgRDc+jIhXg=,EphBDgkS/QyF2vRxksmFP1Did7s=
-516,646,FdHANpG0Pxpiz2hTqgRDc+jIhXg=,EphBDgkS/QyF2vRxksmFP1Did7s=
-524,646,FdHANpG0Pxpiz2hTqgRDc+jIhXg=,EphBDgkS/QyF2vRxksmFP1Did7s=
-525,646,FdHANpG0Pxpiz2hTqgRDc+jIhXg=,EphBDgkS/QyF2vRxksmFP1Did7s=
-526,646,FdHANpG0Pxpiz2hTqgRDc+jIhXg=,EphBDgkS/QyF2vRxksmFP1Did7s=
-527,646,FdHANpG0Pxpiz2hTqgRDc+jIhXg=,EphBDgkS/QyF2vRxksmFP1Did7s=
-528,646,FdHANpG0Pxpiz2hTqgRDc+jIhXg=,EphBDgkS/QyF2vRxksmFP1Did7s=
-526,648,FdHANpG0Pxpiz2hTqgRDc+jIhXg=,EphBDgkS/QyF2vRxksmFP1Did7s=
-528,649,FdHANpG0Pxpiz2hTqgRDc+jIhXg=,EphBDgkS/QyF2vRxksmFP1Did7s=
-513,648,FdHANpG0Pxpiz2hTqgRDc+jIhXg=,EphBDgkS/QyF2vRxksmFP1Did7s=
-524,640,FdHANpG0Pxpiz2hTqgRDc+jIhXg=,EphBDgkS/QyF2vRxksmFP1Did7s=
-522,648,FdHANpG0Pxpiz2hTqgRDc+jIhXg=,EphBDgkS/QyF2vRxksmFP1Did7s=
-524,648,FdHANpG0Pxpiz2hTqgRDc+jIhXg=,EphBDgkS/QyF2vRxksmFP1Did7s=
-523,648,FdHANpG0Pxpiz2hTqgRDc+jIhXg=,EphBDgkS/QyF2vRxksmFP1Did7s=
-528,648,FdHANpG0Pxpiz2hTqgRDc+jIhXg=,EphBDgkS/QyF2vRxksmFP1Did7s=
-522,645,FdHANpG0Pxpiz2hTqgRDc+jIhXg=,EphBDgkS/QyF2vRxksmFP1Did7s=
-521,645,FdHANpG0Pxpiz2hTqgRDc+jIhXg=,EphBDgkS/QyF2vRxksmFP1Did7s=
-523,645,FdHANpG0Pxpiz2hTqgRDc+jIhXg=,EphBDgkS/QyF2vRxksmFP1Did7s=
-524,645,FdHANpG0Pxpiz2hTqgRDc+jIhXg=,EphBDgkS/QyF2vRxksmFP1Did7s=
-526,645,FdHANpG0Pxpiz2hTqgRDc+jIhXg=,EphBDgkS/QyF2vRxksmFP1Did7s=
-527,645,FdHANpG0Pxpiz2hTqgRDc+jIhXg=,EphBDgkS/QyF2vRxksmFP1Did7s=
-525,645,FdHANpG0Pxpiz2hTqgRDc+jIhXg=,EphBDgkS/QyF2vRxksmFP1Did7s=
-528,645,FdHANpG0Pxpiz2hTqgRDc+jIhXg=,EphBDgkS/QyF2vRxksmFP1Did7s=
-517,647,FdHANpG0Pxpiz2hTqgRDc+jIhXg=,EphBDgkS/QyF2vRxksmFP1Did7s=
-517,646,FdHANpG0Pxpiz2hTqgRDc+jIhXg=,EphBDgkS/QyF2vRxksmFP1Did7s=
-515,646,FdHANpG0Pxpiz2hTqgRDc+jIhXg=,EphBDgkS/QyF2vRxksmFP1Did7s=
-514,646,FdHANpG0Pxpiz2hTqgRDc+jIhXg=,EphBDgkS/QyF2vRxksmFP1Did7s=
-513,645,FdHANpG0Pxpiz2hTqgRDc+jIhXg=,EphBDgkS/QyF2vRxksmFP1Did7s=
-520,647,FdHANpG0Pxpiz2hTqgRDc+jIhXg=,EphBDgkS/QyF2vRxksmFP1Did7s=
-527,651,FdHANpG0Pxpiz2hTqgRDc+jIhXg=,EphBDgkS/QyF2vRxksmFP1Did7s=
-525,642,FdHANpG0Pxpiz2hTqgRDc+jIhXg=,EphBDgkS/QyF2vRxksmFP1Did7s=
-524,642,FdHANpG0Pxpiz2hTqgRDc+jIhXg=,EphBDgkS/QyF2vRxksmFP1Did7s=
-523,642,FdHANpG0Pxpiz2hTqgRDc+jIhXg=,EphBDgkS/QyF2vRxksmFP1Did7s=
-522,642,FdHANpG0Pxpiz2hTqgRDc+jIhXg=,EphBDgkS/QyF2vRxksmFP1Did7s=
-521,642,FdHANpG0Pxpiz2hTqgRDc+jIhXg=,EphBDgkS/QyF2vRxksmFP1Did7s=
-520,642,FdHANpG0Pxpiz2hTqgRDc+jIhXg=,EphBDgkS/QyF2vRxksmFP1Did7s=
-519,642,FdHANpG0Pxpiz2hTqgRDc+jIhXg=,EphBDgkS/QyF2vRxksmFP1Did7s=
-518,642,FdHANpG0Pxpiz2hTqgRDc+jIhXg=,EphBDgkS/QyF2vRxksmFP1Did7s=
-516,642,FdHANpG0Pxpiz2hTqgRDc+jIhXg=,EphBDgkS/QyF2vRxksmFP1Did7s=
-517,642,FdHANpG0Pxpiz2hTqgRDc+jIhXg=,EphBDgkS/QyF2vRxksmFP1Did7s=
-515,642,FdHANpG0Pxpiz2hTqgRDc+jIhXg=,EphBDgkS/QyF2vRxksmFP1Did7s=
-514,642,FdHANpG0Pxpiz2hTqgRDc+jIhXg=,EphBDgkS/QyF2vRxksmFP1Did7s=
-521,644,FdHANpG0Pxpiz2hTqgRDc+jIhXg=,EphBDgkS/QyF2vRxksmFP1Did7s=
-522,644,FdHANpG0Pxpiz2hTqgRDc+jIhXg=,EphBDgkS/QyF2vRxksmFP1Did7s=
-513,646,FdHANpG0Pxpiz2hTqgRDc+jIhXg=,EphBDgkS/QyF2vRxksmFP1Did7s=
-523,644,FdHANpG0Pxpiz2hTqgRDc+jIhXg=,EphBDgkS/QyF2vRxksmFP1Did7s=
-524,644,FdHANpG0Pxpiz2hTqgRDc+jIhXg=,EphBDgkS/QyF2vRxksmFP1Did7s=
-525,644,FdHANpG0Pxpiz2hTqgRDc+jIhXg=,EphBDgkS/QyF2vRxksmFP1Did7s=
-519,647,FdHANpG0Pxpiz2hTqgRDc+jIhXg=,EphBDgkS/QyF2vRxksmFP1Did7s=
-528,644,FdHANpG0Pxpiz2hTqgRDc+jIhXg=,EphBDgkS/QyF2vRxksmFP1Did7s=
-527,644,FdHANpG0Pxpiz2hTqgRDc+jIhXg=,EphBDgkS/QyF2vRxksmFP1Did7s=
-526,644,FdHANpG0Pxpiz2hTqgRDc+jIhXg=,EphBDgkS/QyF2vRxksmFP1Did7s=
-513,643,FdHANpG0Pxpiz2hTqgRDc+jIhXg=,EphBDgkS/QyF2vRxksmFP1Did7s=
-518,646,FdHANpG0Pxpiz2hTqgRDc+jIhXg=,EphBDgkS/QyF2vRxksmFP1Did7s=
-515,643,FdHANpG0Pxpiz2hTqgRDc+jIhXg=,EphBDgkS/QyF2vRxksmFP1Did7s=
-516,643,FdHANpG0Pxpiz2hTqgRDc+jIhXg=,EphBDgkS/QyF2vRxksmFP1Did7s=
-514,643,FdHANpG0Pxpiz2hTqgRDc+jIhXg=,EphBDgkS/QyF2vRxksmFP1Did7s=
-517,643,FdHANpG0Pxpiz2hTqgRDc+jIhXg=,EphBDgkS/QyF2vRxksmFP1Did7s=
-518,643,FdHANpG0Pxpiz2hTqgRDc+jIhXg=,EphBDgkS/QyF2vRxksmFP1Did7s=
-520,643,FdHANpG0Pxpiz2hTqgRDc+jIhXg=,EphBDgkS/QyF2vRxksmFP1Did7s=
-519,643,FdHANpG0Pxpiz2hTqgRDc+jIhXg=,EphBDgkS/QyF2vRxksmFP1Did7s=
-513,647,FdHANpG0Pxpiz2hTqgRDc+jIhXg=,EphBDgkS/QyF2vRxksmFP1Did7s=
-521,643,FdHANpG0Pxpiz2hTqgRDc+jIhXg=,EphBDgkS/QyF2vRxksmFP1Did7s=
-523,643,FdHANpG0Pxpiz2hTqgRDc+jIhXg=,EphBDgkS/QyF2vRxksmFP1Did7s=
-522,643,FdHANpG0Pxpiz2hTqgRDc+jIhXg=,EphBDgkS/QyF2vRxksmFP1Did7s=
-516,645,FdHANpG0Pxpiz2hTqgRDc+jIhXg=,EphBDgkS/QyF2vRxksmFP1Did7s=
-524,643,FdHANpG0Pxpiz2hTqgRDc+jIhXg=,EphBDgkS/QyF2vRxksmFP1Did7s=
-527,643,FdHANpG0Pxpiz2hTqgRDc+jIhXg=,EphBDgkS/QyF2vRxksmFP1Did7s=
-514,644,FdHANpG0Pxpiz2hTqgRDc+jIhXg=,EphBDgkS/QyF2vRxksmFP1Did7s=
-521,648,FdHANpG0Pxpiz2hTqgRDc+jIhXg=,EphBDgkS/QyF2vRxksmFP1Did7s=
-525,640,FdHANpG0Pxpiz2hTqgRDc+jIhXg=,EphBDgkS/QyF2vRxksmFP1Did7s=
-513,642,FdHANpG0Pxpiz2hTqgRDc+jIhXg=,EphBDgkS/QyF2vRxksmFP1Did7s=
-515,645,FdHANpG0Pxpiz2hTqgRDc+jIhXg=,EphBDgkS/QyF2vRxksmFP1Did7s=
-520,645,FdHANpG0Pxpiz2hTqgRDc+jIhXg=,EphBDgkS/QyF2vRxksmFP1Did7s=
-518,647,FdHANpG0Pxpiz2hTqgRDc+jIhXg=,EphBDgkS/QyF2vRxksmFP1Did7s=
-519,646,FdHANpG0Pxpiz2hTqgRDc+jIhXg=,EphBDgkS/QyF2vRxksmFP1Did7s=
-518,645,FdHANpG0Pxpiz2hTqgRDc+jIhXg=,EphBDgkS/QyF2vRxksmFP1Did7s=
-514,645,FdHANpG0Pxpiz2hTqgRDc+jIhXg=,EphBDgkS/QyF2vRxksmFP1Did7s=
-526,640,FdHANpG0Pxpiz2hTqgRDc+jIhXg=,EphBDgkS/QyF2vRxksmFP1Did7s=
-517,645,FdHANpG0Pxpiz2hTqgRDc+jIhXg=,EphBDgkS/QyF2vRxksmFP1Did7s=
-519,645,FdHANpG0Pxpiz2hTqgRDc+jIhXg=,EphBDgkS/QyF2vRxksmFP1Did7s=
-520,646,FdHANpG0Pxpiz2hTqgRDc+jIhXg=,EphBDgkS/QyF2vRxksmFP1Did7s=
-515,644,FdHANpG0Pxpiz2hTqgRDc+jIhXg=,EphBDgkS/QyF2vRxksmFP1Did7s=
-513,644,FdHANpG0Pxpiz2hTqgRDc+jIhXg=,EphBDgkS/QyF2vRxksmFP1Did7s=
-528,643,FdHANpG0Pxpiz2hTqgRDc+jIhXg=,EphBDgkS/QyF2vRxksmFP1Did7s=
-516,644,FdHANpG0Pxpiz2hTqgRDc+jIhXg=,EphBDgkS/QyF2vRxksmFP1Did7s=
-527,640,FdHANpG0Pxpiz2hTqgRDc+jIhXg=,EphBDgkS/QyF2vRxksmFP1Did7s=
-526,643,FdHANpG0Pxpiz2hTqgRDc+jIhXg=,EphBDgkS/QyF2vRxksmFP1Did7s=
-519,644,FdHANpG0Pxpiz2hTqgRDc+jIhXg=,EphBDgkS/QyF2vRxksmFP1Did7s=
-518,644,FdHANpG0Pxpiz2hTqgRDc+jIhXg=,EphBDgkS/QyF2vRxksmFP1Did7s=
-520,644,FdHANpG0Pxpiz2hTqgRDc+jIhXg=,EphBDgkS/QyF2vRxksmFP1Did7s=
-525,643,FdHANpG0Pxpiz2hTqgRDc+jIhXg=,EphBDgkS/QyF2vRxksmFP1Did7s=
-517,644,FdHANpG0Pxpiz2hTqgRDc+jIhXg=,EphBDgkS/QyF2vRxksmFP1Did7s=
-543,656,L4CYq0x1KjhWsogSXmsGJn2jRZ4=,EphBDgkS/QyF2vRxksmFP1Did7s=
-544,656,L4CYq0x1KjhWsogSXmsGJn2jRZ4=,EphBDgkS/QyF2vRxksmFP1Did7s=
-542,656,L4CYq0x1KjhWsogSXmsGJn2jRZ4=,EphBDgkS/QyF2vRxksmFP1Did7s=
-541,656,L4CYq0x1KjhWsogSXmsGJn2jRZ4=,EphBDgkS/QyF2vRxksmFP1Did7s=
-533,671,L4CYq0x1KjhWsogSXmsGJn2jRZ4=,EphBDgkS/QyF2vRxksmFP1Did7s=
-533,670,L4CYq0x1KjhWsogSXmsGJn2jRZ4=,EphBDgkS/QyF2vRxksmFP1Did7s=
-534,671,L4CYq0x1KjhWsogSXmsGJn2jRZ4=,EphBDgkS/QyF2vRxksmFP1Did7s=
-529,671,L4CYq0x1KjhWsogSXmsGJn2jRZ4=,EphBDgkS/QyF2vRxksmFP1Did7s=
-540,671,L4CYq0x1KjhWsogSXmsGJn2jRZ4=,EphBDgkS/QyF2vRxksmFP1Did7s=
-532,671,L4CYq0x1KjhWsogSXmsGJn2jRZ4=,EphBDgkS/QyF2vRxksmFP1Did7s=
-534,670,L4CYq0x1KjhWsogSXmsGJn2jRZ4=,EphBDgkS/QyF2vRxksmFP1Did7s=
-530,671,L4CYq0x1KjhWsogSXmsGJn2jRZ4=,EphBDgkS/QyF2vRxksmFP1Did7s=
-539,671,L4CYq0x1KjhWsogSXmsGJn2jRZ4=,EphBDgkS/QyF2vRxksmFP1Did7s=
-540,656,L4CYq0x1KjhWsogSXmsGJn2jRZ4=,EphBDgkS/QyF2vRxksmFP1Did7s=
-535,670,L4CYq0x1KjhWsogSXmsGJn2jRZ4=,EphBDgkS/QyF2vRxksmFP1Did7s=
-542,671,L4CYq0x1KjhWsogSXmsGJn2jRZ4=,EphBDgkS/QyF2vRxksmFP1Did7s=
-531,671,L4CYq0x1KjhWsogSXmsGJn2jRZ4=,EphBDgkS/QyF2vRxksmFP1Did7s=
-540,670,L4CYq0x1KjhWsogSXmsGJn2jRZ4=,EphBDgkS/QyF2vRxksmFP1Did7s=
-541,671,L4CYq0x1KjhWsogSXmsGJn2jRZ4=,EphBDgkS/QyF2vRxksmFP1Did7s=
-535,671,L4CYq0x1KjhWsogSXmsGJn2jRZ4=,EphBDgkS/QyF2vRxksmFP1Did7s=
-536,671,L4CYq0x1KjhWsogSXmsGJn2jRZ4=,EphBDgkS/QyF2vRxksmFP1Did7s=
-532,670,L4CYq0x1KjhWsogSXmsGJn2jRZ4=,EphBDgkS/QyF2vRxksmFP1Did7s=
-538,671,L4CYq0x1KjhWsogSXmsGJn2jRZ4=,EphBDgkS/QyF2vRxksmFP1Did7s=
-543,670,L4CYq0x1KjhWsogSXmsGJn2jRZ4=,EphBDgkS/QyF2vRxksmFP1Did7s=
-544,670,L4CYq0x1KjhWsogSXmsGJn2jRZ4=,EphBDgkS/QyF2vRxksmFP1Did7s=
-533,669,L4CYq0x1KjhWsogSXmsGJn2jRZ4=,EphBDgkS/QyF2vRxksmFP1Did7s=
-529,670,L4CYq0x1KjhWsogSXmsGJn2jRZ4=,EphBDgkS/QyF2vRxksmFP1Did7s=
-530,670,L4CYq0x1KjhWsogSXmsGJn2jRZ4=,EphBDgkS/QyF2vRxksmFP1Did7s=
-531,670,L4CYq0x1KjhWsogSXmsGJn2jRZ4=,EphBDgkS/QyF2vRxksmFP1Did7s=
-534,669,L4CYq0x1KjhWsogSXmsGJn2jRZ4=,EphBDgkS/QyF2vRxksmFP1Did7s=
-543,671,L4CYq0x1KjhWsogSXmsGJn2jRZ4=,EphBDgkS/QyF2vRxksmFP1Did7s=
-536,670,L4CYq0x1KjhWsogSXmsGJn2jRZ4=,EphBDgkS/QyF2vRxksmFP1Did7s=
-537,669,L4CYq0x1KjhWsogSXmsGJn2jRZ4=,EphBDgkS/QyF2vRxksmFP1Did7s=
-538,670,L4CYq0x1KjhWsogSXmsGJn2jRZ4=,EphBDgkS/QyF2vRxksmFP1Did7s=
-541,670,L4CYq0x1KjhWsogSXmsGJn2jRZ4=,EphBDgkS/QyF2vRxksmFP1Did7s=
-544,671,L4CYq0x1KjhWsogSXmsGJn2jRZ4=,EphBDgkS/QyF2vRxksmFP1Did7s=
-539,670,L4CYq0x1KjhWsogSXmsGJn2jRZ4=,EphBDgkS/QyF2vRxksmFP1Did7s=
-539,656,L4CYq0x1KjhWsogSXmsGJn2jRZ4=,EphBDgkS/QyF2vRxksmFP1Did7s=
-540,669,L4CYq0x1KjhWsogSXmsGJn2jRZ4=,EphBDgkS/QyF2vRxksmFP1Did7s=
-532,669,L4CYq0x1KjhWsogSXmsGJn2jRZ4=,EphBDgkS/QyF2vRxksmFP1Did7s=
-530,669,L4CYq0x1KjhWsogSXmsGJn2jRZ4=,EphBDgkS/QyF2vRxksmFP1Did7s=
-535,669,L4CYq0x1KjhWsogSXmsGJn2jRZ4=,EphBDgkS/QyF2vRxksmFP1Did7s=
-537,671,L4CYq0x1KjhWsogSXmsGJn2jRZ4=,EphBDgkS/QyF2vRxksmFP1Did7s=
-544,669,L4CYq0x1KjhWsogSXmsGJn2jRZ4=,EphBDgkS/QyF2vRxksmFP1Did7s=
-543,669,L4CYq0x1KjhWsogSXmsGJn2jRZ4=,EphBDgkS/QyF2vRxksmFP1Did7s=
-541,669,L4CYq0x1KjhWsogSXmsGJn2jRZ4=,EphBDgkS/QyF2vRxksmFP1Did7s=
-542,670,L4CYq0x1KjhWsogSXmsGJn2jRZ4=,EphBDgkS/QyF2vRxksmFP1Did7s=
-537,670,L4CYq0x1KjhWsogSXmsGJn2jRZ4=,EphBDgkS/QyF2vRxksmFP1Did7s=
-529,669,L4CYq0x1KjhWsogSXmsGJn2jRZ4=,EphBDgkS/QyF2vRxksmFP1Did7s=
-531,668,L4CYq0x1KjhWsogSXmsGJn2jRZ4=,EphBDgkS/QyF2vRxksmFP1Did7s=
-531,669,L4CYq0x1KjhWsogSXmsGJn2jRZ4=,EphBDgkS/QyF2vRxksmFP1Did7s=
-541,668,L4CYq0x1KjhWsogSXmsGJn2jRZ4=,EphBDgkS/QyF2vRxksmFP1Did7s=
-534,668,L4CYq0x1KjhWsogSXmsGJn2jRZ4=,EphBDgkS/QyF2vRxksmFP1Did7s=
-529,668,L4CYq0x1KjhWsogSXmsGJn2jRZ4=,EphBDgkS/QyF2vRxksmFP1Did7s=
-538,669,L4CYq0x1KjhWsogSXmsGJn2jRZ4=,EphBDgkS/QyF2vRxksmFP1Did7s=
-533,667,L4CYq0x1KjhWsogSXmsGJn2jRZ4=,EphBDgkS/QyF2vRxksmFP1Did7s=
-534,667,L4CYq0x1KjhWsogSXmsGJn2jRZ4=,EphBDgkS/QyF2vRxksmFP1Did7s=
-536,668,L4CYq0x1KjhWsogSXmsGJn2jRZ4=,EphBDgkS/QyF2vRxksmFP1Did7s=
-540,668,L4CYq0x1KjhWsogSXmsGJn2jRZ4=,EphBDgkS/QyF2vRxksmFP1Did7s=
-533,668,L4CYq0x1KjhWsogSXmsGJn2jRZ4=,EphBDgkS/QyF2vRxksmFP1Did7s=
-530,668,L4CYq0x1KjhWsogSXmsGJn2jRZ4=,EphBDgkS/QyF2vRxksmFP1Did7s=
-530,667,L4CYq0x1KjhWsogSXmsGJn2jRZ4=,EphBDgkS/QyF2vRxksmFP1Did7s=
-542,669,L4CYq0x1KjhWsogSXmsGJn2jRZ4=,EphBDgkS/QyF2vRxksmFP1Did7s=
-536,669,L4CYq0x1KjhWsogSXmsGJn2jRZ4=,EphBDgkS/QyF2vRxksmFP1Did7s=
-539,669,L4CYq0x1KjhWsogSXmsGJn2jRZ4=,EphBDgkS/QyF2vRxksmFP1Did7s=
-537,668,L4CYq0x1KjhWsogSXmsGJn2jRZ4=,EphBDgkS/QyF2vRxksmFP1Did7s=
-538,668,L4CYq0x1KjhWsogSXmsGJn2jRZ4=,EphBDgkS/QyF2vRxksmFP1Did7s=
-539,668,L4CYq0x1KjhWsogSXmsGJn2jRZ4=,EphBDgkS/QyF2vRxksmFP1Did7s=
-542,668,L4CYq0x1KjhWsogSXmsGJn2jRZ4=,EphBDgkS/QyF2vRxksmFP1Did7s=
-533,666,L4CYq0x1KjhWsogSXmsGJn2jRZ4=,EphBDgkS/QyF2vRxksmFP1Did7s=
-535,668,L4CYq0x1KjhWsogSXmsGJn2jRZ4=,EphBDgkS/QyF2vRxksmFP1Did7s=
-539,667,L4CYq0x1KjhWsogSXmsGJn2jRZ4=,EphBDgkS/QyF2vRxksmFP1Did7s=
-532,668,L4CYq0x1KjhWsogSXmsGJn2jRZ4=,EphBDgkS/QyF2vRxksmFP1Did7s=
-543,667,L4CYq0x1KjhWsogSXmsGJn2jRZ4=,EphBDgkS/QyF2vRxksmFP1Did7s=
-534,666,L4CYq0x1KjhWsogSXmsGJn2jRZ4=,EphBDgkS/QyF2vRxksmFP1Did7s=
-542,667,L4CYq0x1KjhWsogSXmsGJn2jRZ4=,EphBDgkS/QyF2vRxksmFP1Did7s=
-529,667,L4CYq0x1KjhWsogSXmsGJn2jRZ4=,EphBDgkS/QyF2vRxksmFP1Did7s=
-531,667,L4CYq0x1KjhWsogSXmsGJn2jRZ4=,EphBDgkS/QyF2vRxksmFP1Did7s=
-541,667,L4CYq0x1KjhWsogSXmsGJn2jRZ4=,EphBDgkS/QyF2vRxksmFP1Did7s=
-535,667,L4CYq0x1KjhWsogSXmsGJn2jRZ4=,EphBDgkS/QyF2vRxksmFP1Did7s=
-544,667,L4CYq0x1KjhWsogSXmsGJn2jRZ4=,EphBDgkS/QyF2vRxksmFP1Did7s=
-531,666,L4CYq0x1KjhWsogSXmsGJn2jRZ4=,EphBDgkS/QyF2vRxksmFP1Did7s=
-532,667,L4CYq0x1KjhWsogSXmsGJn2jRZ4=,EphBDgkS/QyF2vRxksmFP1Did7s=
-544,668,L4CYq0x1KjhWsogSXmsGJn2jRZ4=,EphBDgkS/QyF2vRxksmFP1Did7s=
-536,667,L4CYq0x1KjhWsogSXmsGJn2jRZ4=,EphBDgkS/QyF2vRxksmFP1Did7s=
-530,665,L4CYq0x1KjhWsogSXmsGJn2jRZ4=,EphBDgkS/QyF2vRxksmFP1Did7s=
-529,665,L4CYq0x1KjhWsogSXmsGJn2jRZ4=,EphBDgkS/QyF2vRxksmFP1Did7s=
-543,668,L4CYq0x1KjhWsogSXmsGJn2jRZ4=,EphBDgkS/QyF2vRxksmFP1Did7s=
-538,667,L4CYq0x1KjhWsogSXmsGJn2jRZ4=,EphBDgkS/QyF2vRxksmFP1Did7s=
-532,665,L4CYq0x1KjhWsogSXmsGJn2jRZ4=,EphBDgkS/QyF2vRxksmFP1Did7s=
-538,656,L4CYq0x1KjhWsogSXmsGJn2jRZ4=,EphBDgkS/QyF2vRxksmFP1Did7s=
-542,666,L4CYq0x1KjhWsogSXmsGJn2jRZ4=,EphBDgkS/QyF2vRxksmFP1Did7s=
-544,666,L4CYq0x1KjhWsogSXmsGJn2jRZ4=,EphBDgkS/QyF2vRxksmFP1Did7s=
-533,665,L4CYq0x1KjhWsogSXmsGJn2jRZ4=,EphBDgkS/QyF2vRxksmFP1Did7s=
-542,665,L4CYq0x1KjhWsogSXmsGJn2jRZ4=,EphBDgkS/QyF2vRxksmFP1Did7s=
-543,666,L4CYq0x1KjhWsogSXmsGJn2jRZ4=,EphBDgkS/QyF2vRxksmFP1Did7s=
-537,667,L4CYq0x1KjhWsogSXmsGJn2jRZ4=,EphBDgkS/QyF2vRxksmFP1Did7s=
-537,666,L4CYq0x1KjhWsogSXmsGJn2jRZ4=,EphBDgkS/QyF2vRxksmFP1Did7s=
-532,666,L4CYq0x1KjhWsogSXmsGJn2jRZ4=,EphBDgkS/QyF2vRxksmFP1Did7s=
-541,666,L4CYq0x1KjhWsogSXmsGJn2jRZ4=,EphBDgkS/QyF2vRxksmFP1Did7s=
-535,666,L4CYq0x1KjhWsogSXmsGJn2jRZ4=,EphBDgkS/QyF2vRxksmFP1Did7s=
-539,666,L4CYq0x1KjhWsogSXmsGJn2jRZ4=,EphBDgkS/QyF2vRxksmFP1Did7s=
-529,666,L4CYq0x1KjhWsogSXmsGJn2jRZ4=,EphBDgkS/QyF2vRxksmFP1Did7s=
-531,665,L4CYq0x1KjhWsogSXmsGJn2jRZ4=,EphBDgkS/QyF2vRxksmFP1Did7s=
-540,667,L4CYq0x1KjhWsogSXmsGJn2jRZ4=,EphBDgkS/QyF2vRxksmFP1Did7s=
-537,665,L4CYq0x1KjhWsogSXmsGJn2jRZ4=,EphBDgkS/QyF2vRxksmFP1Did7s=
-543,665,L4CYq0x1KjhWsogSXmsGJn2jRZ4=,EphBDgkS/QyF2vRxksmFP1Did7s=
-532,664,L4CYq0x1KjhWsogSXmsGJn2jRZ4=,EphBDgkS/QyF2vRxksmFP1Did7s=
-536,666,L4CYq0x1KjhWsogSXmsGJn2jRZ4=,EphBDgkS/QyF2vRxksmFP1Did7s=
-538,666,L4CYq0x1KjhWsogSXmsGJn2jRZ4=,EphBDgkS/QyF2vRxksmFP1Did7s=
-542,664,L4CYq0x1KjhWsogSXmsGJn2jRZ4=,EphBDgkS/QyF2vRxksmFP1Did7s=
-530,666,L4CYq0x1KjhWsogSXmsGJn2jRZ4=,EphBDgkS/QyF2vRxksmFP1Did7s=
-534,665,L4CYq0x1KjhWsogSXmsGJn2jRZ4=,EphBDgkS/QyF2vRxksmFP1Did7s=
-531,664,L4CYq0x1KjhWsogSXmsGJn2jRZ4=,EphBDgkS/QyF2vRxksmFP1Did7s=
-529,663,L4CYq0x1KjhWsogSXmsGJn2jRZ4=,EphBDgkS/QyF2vRxksmFP1Did7s=
-530,663,L4CYq0x1KjhWsogSXmsGJn2jRZ4=,EphBDgkS/QyF2vRxksmFP1Did7s=
-531,663,L4CYq0x1KjhWsogSXmsGJn2jRZ4=,EphBDgkS/QyF2vRxksmFP1Did7s=
-530,664,L4CYq0x1KjhWsogSXmsGJn2jRZ4=,EphBDgkS/QyF2vRxksmFP1Did7s=
-540,664,L4CYq0x1KjhWsogSXmsGJn2jRZ4=,EphBDgkS/QyF2vRxksmFP1Did7s=
-532,663,L4CYq0x1KjhWsogSXmsGJn2jRZ4=,EphBDgkS/QyF2vRxksmFP1Did7s=
-534,664,L4CYq0x1KjhWsogSXmsGJn2jRZ4=,EphBDgkS/QyF2vRxksmFP1Did7s=
-533,664,L4CYq0x1KjhWsogSXmsGJn2jRZ4=,EphBDgkS/QyF2vRxksmFP1Did7s=
-543,664,L4CYq0x1KjhWsogSXmsGJn2jRZ4=,EphBDgkS/QyF2vRxksmFP1Did7s=
-540,666,L4CYq0x1KjhWsogSXmsGJn2jRZ4=,EphBDgkS/QyF2vRxksmFP1Did7s=
-529,664,L4CYq0x1KjhWsogSXmsGJn2jRZ4=,EphBDgkS/QyF2vRxksmFP1Did7s=
-541,665,L4CYq0x1KjhWsogSXmsGJn2jRZ4=,EphBDgkS/QyF2vRxksmFP1Did7s=
-540,665,L4CYq0x1KjhWsogSXmsGJn2jRZ4=,EphBDgkS/QyF2vRxksmFP1Did7s=
-533,663,L4CYq0x1KjhWsogSXmsGJn2jRZ4=,EphBDgkS/QyF2vRxksmFP1Did7s=
-539,664,L4CYq0x1KjhWsogSXmsGJn2jRZ4=,EphBDgkS/QyF2vRxksmFP1Did7s=
-538,665,L4CYq0x1KjhWsogSXmsGJn2jRZ4=,EphBDgkS/QyF2vRxksmFP1Did7s=
-530,662,L4CYq0x1KjhWsogSXmsGJn2jRZ4=,EphBDgkS/QyF2vRxksmFP1Did7s=
-531,662,L4CYq0x1KjhWsogSXmsGJn2jRZ4=,EphBDgkS/QyF2vRxksmFP1Did7s=
-529,662,L4CYq0x1KjhWsogSXmsGJn2jRZ4=,EphBDgkS/QyF2vRxksmFP1Did7s=
-534,663,L4CYq0x1KjhWsogSXmsGJn2jRZ4=,EphBDgkS/QyF2vRxksmFP1Did7s=
-532,662,L4CYq0x1KjhWsogSXmsGJn2jRZ4=,EphBDgkS/QyF2vRxksmFP1Did7s=
-543,663,L4CYq0x1KjhWsogSXmsGJn2jRZ4=,EphBDgkS/QyF2vRxksmFP1Did7s=
-539,665,L4CYq0x1KjhWsogSXmsGJn2jRZ4=,EphBDgkS/QyF2vRxksmFP1Did7s=
-533,662,L4CYq0x1KjhWsogSXmsGJn2jRZ4=,EphBDgkS/QyF2vRxksmFP1Did7s=
-542,663,L4CYq0x1KjhWsogSXmsGJn2jRZ4=,EphBDgkS/QyF2vRxksmFP1Did7s=
-535,665,L4CYq0x1KjhWsogSXmsGJn2jRZ4=,EphBDgkS/QyF2vRxksmFP1Did7s=
-541,664,L4CYq0x1KjhWsogSXmsGJn2jRZ4=,EphBDgkS/QyF2vRxksmFP1Did7s=
-540,663,L4CYq0x1KjhWsogSXmsGJn2jRZ4=,EphBDgkS/QyF2vRxksmFP1Did7s=
-544,665,L4CYq0x1KjhWsogSXmsGJn2jRZ4=,EphBDgkS/QyF2vRxksmFP1Did7s=
-536,664,L4CYq0x1KjhWsogSXmsGJn2jRZ4=,EphBDgkS/QyF2vRxksmFP1Did7s=
-544,663,L4CYq0x1KjhWsogSXmsGJn2jRZ4=,EphBDgkS/QyF2vRxksmFP1Did7s=
-534,662,L4CYq0x1KjhWsogSXmsGJn2jRZ4=,EphBDgkS/QyF2vRxksmFP1Did7s=
-540,662,L4CYq0x1KjhWsogSXmsGJn2jRZ4=,EphBDgkS/QyF2vRxksmFP1Did7s=
-529,661,L4CYq0x1KjhWsogSXmsGJn2jRZ4=,EphBDgkS/QyF2vRxksmFP1Did7s=
-530,661,L4CYq0x1KjhWsogSXmsGJn2jRZ4=,EphBDgkS/QyF2vRxksmFP1Did7s=
-531,661,L4CYq0x1KjhWsogSXmsGJn2jRZ4=,EphBDgkS/QyF2vRxksmFP1Did7s=
-532,661,L4CYq0x1KjhWsogSXmsGJn2jRZ4=,EphBDgkS/QyF2vRxksmFP1Did7s=
-537,656,L4CYq0x1KjhWsogSXmsGJn2jRZ4=,EphBDgkS/QyF2vRxksmFP1Did7s=
-537,663,L4CYq0x1KjhWsogSXmsGJn2jRZ4=,EphBDgkS/QyF2vRxksmFP1Did7s=
-536,662,L4CYq0x1KjhWsogSXmsGJn2jRZ4=,EphBDgkS/QyF2vRxksmFP1Did7s=
-538,664,L4CYq0x1KjhWsogSXmsGJn2jRZ4=,EphBDgkS/QyF2vRxksmFP1Did7s=
-536,665,L4CYq0x1KjhWsogSXmsGJn2jRZ4=,EphBDgkS/QyF2vRxksmFP1Did7s=
-536,663,L4CYq0x1KjhWsogSXmsGJn2jRZ4=,EphBDgkS/QyF2vRxksmFP1Did7s=
-541,663,L4CYq0x1KjhWsogSXmsGJn2jRZ4=,EphBDgkS/QyF2vRxksmFP1Did7s=
-543,662,L4CYq0x1KjhWsogSXmsGJn2jRZ4=,EphBDgkS/QyF2vRxksmFP1Did7s=
-535,663,L4CYq0x1KjhWsogSXmsGJn2jRZ4=,EphBDgkS/QyF2vRxksmFP1Did7s=
-539,663,L4CYq0x1KjhWsogSXmsGJn2jRZ4=,EphBDgkS/QyF2vRxksmFP1Did7s=
-534,661,L4CYq0x1KjhWsogSXmsGJn2jRZ4=,EphBDgkS/QyF2vRxksmFP1Did7s=
-533,661,L4CYq0x1KjhWsogSXmsGJn2jRZ4=,EphBDgkS/QyF2vRxksmFP1Did7s=
-544,664,L4CYq0x1KjhWsogSXmsGJn2jRZ4=,EphBDgkS/QyF2vRxksmFP1Did7s=
-529,660,L4CYq0x1KjhWsogSXmsGJn2jRZ4=,EphBDgkS/QyF2vRxksmFP1Did7s=
-530,660,L4CYq0x1KjhWsogSXmsGJn2jRZ4=,EphBDgkS/QyF2vRxksmFP1Did7s=
-531,660,L4CYq0x1KjhWsogSXmsGJn2jRZ4=,EphBDgkS/QyF2vRxksmFP1Did7s=
-532,660,L4CYq0x1KjhWsogSXmsGJn2jRZ4=,EphBDgkS/QyF2vRxksmFP1Did7s=
-544,661,L4CYq0x1KjhWsogSXmsGJn2jRZ4=,EphBDgkS/QyF2vRxksmFP1Did7s=
-538,663,L4CYq0x1KjhWsogSXmsGJn2jRZ4=,EphBDgkS/QyF2vRxksmFP1Did7s=
-537,664,L4CYq0x1KjhWsogSXmsGJn2jRZ4=,EphBDgkS/QyF2vRxksmFP1Did7s=
-537,662,L4CYq0x1KjhWsogSXmsGJn2jRZ4=,EphBDgkS/QyF2vRxksmFP1Did7s=
-535,662,L4CYq0x1KjhWsogSXmsGJn2jRZ4=,EphBDgkS/QyF2vRxksmFP1Did7s=
-541,662,L4CYq0x1KjhWsogSXmsGJn2jRZ4=,EphBDgkS/QyF2vRxksmFP1Did7s=
-539,662,L4CYq0x1KjhWsogSXmsGJn2jRZ4=,EphBDgkS/QyF2vRxksmFP1Did7s=
-535,664,L4CYq0x1KjhWsogSXmsGJn2jRZ4=,EphBDgkS/QyF2vRxksmFP1Did7s=
-544,662,L4CYq0x1KjhWsogSXmsGJn2jRZ4=,EphBDgkS/QyF2vRxksmFP1Did7s=
-543,661,L4CYq0x1KjhWsogSXmsGJn2jRZ4=,EphBDgkS/QyF2vRxksmFP1Did7s=
-542,661,L4CYq0x1KjhWsogSXmsGJn2jRZ4=,EphBDgkS/QyF2vRxksmFP1Did7s=
-533,660,L4CYq0x1KjhWsogSXmsGJn2jRZ4=,EphBDgkS/QyF2vRxksmFP1Did7s=
-544,660,L4CYq0x1KjhWsogSXmsGJn2jRZ4=,EphBDgkS/QyF2vRxksmFP1Did7s=
-542,660,L4CYq0x1KjhWsogSXmsGJn2jRZ4=,EphBDgkS/QyF2vRxksmFP1Did7s=
-536,661,L4CYq0x1KjhWsogSXmsGJn2jRZ4=,EphBDgkS/QyF2vRxksmFP1Did7s=
-539,661,L4CYq0x1KjhWsogSXmsGJn2jRZ4=,EphBDgkS/QyF2vRxksmFP1Did7s=
-540,661,L4CYq0x1KjhWsogSXmsGJn2jRZ4=,EphBDgkS/QyF2vRxksmFP1Did7s=
-542,662,L4CYq0x1KjhWsogSXmsGJn2jRZ4=,EphBDgkS/QyF2vRxksmFP1Did7s=
-534,660,L4CYq0x1KjhWsogSXmsGJn2jRZ4=,EphBDgkS/QyF2vRxksmFP1Did7s=
-536,660,L4CYq0x1KjhWsogSXmsGJn2jRZ4=,EphBDgkS/QyF2vRxksmFP1Did7s=
-539,660,L4CYq0x1KjhWsogSXmsGJn2jRZ4=,EphBDgkS/QyF2vRxksmFP1Did7s=
-541,661,L4CYq0x1KjhWsogSXmsGJn2jRZ4=,EphBDgkS/QyF2vRxksmFP1Did7s=
-538,660,L4CYq0x1KjhWsogSXmsGJn2jRZ4=,EphBDgkS/QyF2vRxksmFP1Did7s=
-543,659,L4CYq0x1KjhWsogSXmsGJn2jRZ4=,EphBDgkS/QyF2vRxksmFP1Did7s=
-541,659,L4CYq0x1KjhWsogSXmsGJn2jRZ4=,EphBDgkS/QyF2vRxksmFP1Did7s=
-542,659,L4CYq0x1KjhWsogSXmsGJn2jRZ4=,EphBDgkS/QyF2vRxksmFP1Did7s=
-544,659,L4CYq0x1KjhWsogSXmsGJn2jRZ4=,EphBDgkS/QyF2vRxksmFP1Did7s=
-535,660,L4CYq0x1KjhWsogSXmsGJn2jRZ4=,EphBDgkS/QyF2vRxksmFP1Did7s=
-543,660,L4CYq0x1KjhWsogSXmsGJn2jRZ4=,EphBDgkS/QyF2vRxksmFP1Did7s=
-532,659,L4CYq0x1KjhWsogSXmsGJn2jRZ4=,EphBDgkS/QyF2vRxksmFP1Did7s=
-531,659,L4CYq0x1KjhWsogSXmsGJn2jRZ4=,EphBDgkS/QyF2vRxksmFP1Did7s=
-538,661,L4CYq0x1KjhWsogSXmsGJn2jRZ4=,EphBDgkS/QyF2vRxksmFP1Did7s=
-538,662,L4CYq0x1KjhWsogSXmsGJn2jRZ4=,EphBDgkS/QyF2vRxksmFP1Did7s=
-537,660,L4CYq0x1KjhWsogSXmsGJn2jRZ4=,EphBDgkS/QyF2vRxksmFP1Did7s=
-530,659,L4CYq0x1KjhWsogSXmsGJn2jRZ4=,EphBDgkS/QyF2vRxksmFP1Did7s=
-535,661,L4CYq0x1KjhWsogSXmsGJn2jRZ4=,EphBDgkS/QyF2vRxksmFP1Did7s=
-536,656,L4CYq0x1KjhWsogSXmsGJn2jRZ4=,EphBDgkS/QyF2vRxksmFP1Did7s=
-533,659,L4CYq0x1KjhWsogSXmsGJn2jRZ4=,EphBDgkS/QyF2vRxksmFP1Did7s=
-531,658,L4CYq0x1KjhWsogSXmsGJn2jRZ4=,EphBDgkS/QyF2vRxksmFP1Did7s=
-538,659,L4CYq0x1KjhWsogSXmsGJn2jRZ4=,EphBDgkS/QyF2vRxksmFP1Did7s=
-541,658,L4CYq0x1KjhWsogSXmsGJn2jRZ4=,EphBDgkS/QyF2vRxksmFP1Did7s=
-542,658,L4CYq0x1KjhWsogSXmsGJn2jRZ4=,EphBDgkS/QyF2vRxksmFP1Did7s=
-544,658,L4CYq0x1KjhWsogSXmsGJn2jRZ4=,EphBDgkS/QyF2vRxksmFP1Did7s=
-543,658,L4CYq0x1KjhWsogSXmsGJn2jRZ4=,EphBDgkS/QyF2vRxksmFP1Did7s=
-529,659,L4CYq0x1KjhWsogSXmsGJn2jRZ4=,EphBDgkS/QyF2vRxksmFP1Did7s=
-541,660,L4CYq0x1KjhWsogSXmsGJn2jRZ4=,EphBDgkS/QyF2vRxksmFP1Did7s=
-539,659,L4CYq0x1KjhWsogSXmsGJn2jRZ4=,EphBDgkS/QyF2vRxksmFP1Did7s=
-532,658,L4CYq0x1KjhWsogSXmsGJn2jRZ4=,EphBDgkS/QyF2vRxksmFP1Did7s=
-530,658,L4CYq0x1KjhWsogSXmsGJn2jRZ4=,EphBDgkS/QyF2vRxksmFP1Did7s=
-532,657,L4CYq0x1KjhWsogSXmsGJn2jRZ4=,EphBDgkS/QyF2vRxksmFP1Did7s=
-540,659,L4CYq0x1KjhWsogSXmsGJn2jRZ4=,EphBDgkS/QyF2vRxksmFP1Did7s=
-537,659,L4CYq0x1KjhWsogSXmsGJn2jRZ4=,EphBDgkS/QyF2vRxksmFP1Did7s=
-533,658,L4CYq0x1KjhWsogSXmsGJn2jRZ4=,EphBDgkS/QyF2vRxksmFP1Did7s=
-537,661,L4CYq0x1KjhWsogSXmsGJn2jRZ4=,EphBDgkS/QyF2vRxksmFP1Did7s=
-534,659,L4CYq0x1KjhWsogSXmsGJn2jRZ4=,EphBDgkS/QyF2vRxksmFP1Did7s=
-540,658,L4CYq0x1KjhWsogSXmsGJn2jRZ4=,EphBDgkS/QyF2vRxksmFP1Did7s=
-541,657,L4CYq0x1KjhWsogSXmsGJn2jRZ4=,EphBDgkS/QyF2vRxksmFP1Did7s=
-540,660,L4CYq0x1KjhWsogSXmsGJn2jRZ4=,EphBDgkS/QyF2vRxksmFP1Did7s=
-543,657,L4CYq0x1KjhWsogSXmsGJn2jRZ4=,EphBDgkS/QyF2vRxksmFP1Did7s=
-542,657,L4CYq0x1KjhWsogSXmsGJn2jRZ4=,EphBDgkS/QyF2vRxksmFP1Did7s=
-529,656,L4CYq0x1KjhWsogSXmsGJn2jRZ4=,EphBDgkS/QyF2vRxksmFP1Did7s=
-539,658,L4CYq0x1KjhWsogSXmsGJn2jRZ4=,EphBDgkS/QyF2vRxksmFP1Did7s=
-533,657,L4CYq0x1KjhWsogSXmsGJn2jRZ4=,EphBDgkS/QyF2vRxksmFP1Did7s=
-532,656,L4CYq0x1KjhWsogSXmsGJn2jRZ4=,EphBDgkS/QyF2vRxksmFP1Did7s=
-531,657,L4CYq0x1KjhWsogSXmsGJn2jRZ4=,EphBDgkS/QyF2vRxksmFP1Did7s=
-529,657,L4CYq0x1KjhWsogSXmsGJn2jRZ4=,EphBDgkS/QyF2vRxksmFP1Did7s=
-536,658,L4CYq0x1KjhWsogSXmsGJn2jRZ4=,EphBDgkS/QyF2vRxksmFP1Did7s=
-537,658,L4CYq0x1KjhWsogSXmsGJn2jRZ4=,EphBDgkS/QyF2vRxksmFP1Did7s=
-530,657,L4CYq0x1KjhWsogSXmsGJn2jRZ4=,EphBDgkS/QyF2vRxksmFP1Did7s=
-535,656,L4CYq0x1KjhWsogSXmsGJn2jRZ4=,EphBDgkS/QyF2vRxksmFP1Did7s=
-536,659,L4CYq0x1KjhWsogSXmsGJn2jRZ4=,EphBDgkS/QyF2vRxksmFP1Did7s=
-544,657,L4CYq0x1KjhWsogSXmsGJn2jRZ4=,EphBDgkS/QyF2vRxksmFP1Did7s=
-540,657,L4CYq0x1KjhWsogSXmsGJn2jRZ4=,EphBDgkS/QyF2vRxksmFP1Did7s=
-535,657,L4CYq0x1KjhWsogSXmsGJn2jRZ4=,EphBDgkS/QyF2vRxksmFP1Did7s=
-529,658,L4CYq0x1KjhWsogSXmsGJn2jRZ4=,EphBDgkS/QyF2vRxksmFP1Did7s=
-535,659,L4CYq0x1KjhWsogSXmsGJn2jRZ4=,EphBDgkS/QyF2vRxksmFP1Did7s=
-534,658,L4CYq0x1KjhWsogSXmsGJn2jRZ4=,EphBDgkS/QyF2vRxksmFP1Did7s=
-530,656,L4CYq0x1KjhWsogSXmsGJn2jRZ4=,EphBDgkS/QyF2vRxksmFP1Did7s=
-539,657,L4CYq0x1KjhWsogSXmsGJn2jRZ4=,EphBDgkS/QyF2vRxksmFP1Did7s=
-538,658,L4CYq0x1KjhWsogSXmsGJn2jRZ4=,EphBDgkS/QyF2vRxksmFP1Did7s=
-538,657,L4CYq0x1KjhWsogSXmsGJn2jRZ4=,EphBDgkS/QyF2vRxksmFP1Did7s=
-533,656,L4CYq0x1KjhWsogSXmsGJn2jRZ4=,EphBDgkS/QyF2vRxksmFP1Did7s=
-534,657,L4CYq0x1KjhWsogSXmsGJn2jRZ4=,EphBDgkS/QyF2vRxksmFP1Did7s=
-535,658,L4CYq0x1KjhWsogSXmsGJn2jRZ4=,EphBDgkS/QyF2vRxksmFP1Did7s=
-536,657,L4CYq0x1KjhWsogSXmsGJn2jRZ4=,EphBDgkS/QyF2vRxksmFP1Did7s=
-537,657,L4CYq0x1KjhWsogSXmsGJn2jRZ4=,EphBDgkS/QyF2vRxksmFP1Did7s=
-534,656,L4CYq0x1KjhWsogSXmsGJn2jRZ4=,EphBDgkS/QyF2vRxksmFP1Did7s=
-531,656,L4CYq0x1KjhWsogSXmsGJn2jRZ4=,EphBDgkS/QyF2vRxksmFP1Did7s=
-513,671,BsA7kxpaFTE8NXEe02yBBa3mDVo=,EphBDgkS/QyF2vRxksmFP1Did7s=
-514,671,BsA7kxpaFTE8NXEe02yBBa3mDVo=,EphBDgkS/QyF2vRxksmFP1Did7s=
-516,671,BsA7kxpaFTE8NXEe02yBBa3mDVo=,EphBDgkS/QyF2vRxksmFP1Did7s=
-515,671,BsA7kxpaFTE8NXEe02yBBa3mDVo=,EphBDgkS/QyF2vRxksmFP1Did7s=
-528,656,BsA7kxpaFTE8NXEe02yBBa3mDVo=,EphBDgkS/QyF2vRxksmFP1Did7s=
-525,671,BsA7kxpaFTE8NXEe02yBBa3mDVo=,EphBDgkS/QyF2vRxksmFP1Did7s=
-526,671,BsA7kxpaFTE8NXEe02yBBa3mDVo=,EphBDgkS/QyF2vRxksmFP1Did7s=
-527,671,BsA7kxpaFTE8NXEe02yBBa3mDVo=,EphBDgkS/QyF2vRxksmFP1Did7s=
-528,671,BsA7kxpaFTE8NXEe02yBBa3mDVo=,EphBDgkS/QyF2vRxksmFP1Did7s=
-515,670,BsA7kxpaFTE8NXEe02yBBa3mDVo=,EphBDgkS/QyF2vRxksmFP1Did7s=
-516,670,BsA7kxpaFTE8NXEe02yBBa3mDVo=,EphBDgkS/QyF2vRxksmFP1Did7s=
-514,670,BsA7kxpaFTE8NXEe02yBBa3mDVo=,EphBDgkS/QyF2vRxksmFP1Did7s=
-513,670,BsA7kxpaFTE8NXEe02yBBa3mDVo=,EphBDgkS/QyF2vRxksmFP1Did7s=
-523,670,BsA7kxpaFTE8NXEe02yBBa3mDVo=,EphBDgkS/QyF2vRxksmFP1Did7s=
-523,671,BsA7kxpaFTE8NXEe02yBBa3mDVo=,EphBDgkS/QyF2vRxksmFP1Did7s=
-525,670,BsA7kxpaFTE8NXEe02yBBa3mDVo=,EphBDgkS/QyF2vRxksmFP1Did7s=
-527,670,BsA7kxpaFTE8NXEe02yBBa3mDVo=,EphBDgkS/QyF2vRxksmFP1Did7s=
-528,670,BsA7kxpaFTE8NXEe02yBBa3mDVo=,EphBDgkS/QyF2vRxksmFP1Did7s=
-513,669,BsA7kxpaFTE8NXEe02yBBa3mDVo=,EphBDgkS/QyF2vRxksmFP1Did7s=
-526,670,BsA7kxpaFTE8NXEe02yBBa3mDVo=,EphBDgkS/QyF2vRxksmFP1Did7s=
-514,669,BsA7kxpaFTE8NXEe02yBBa3mDVo=,EphBDgkS/QyF2vRxksmFP1Did7s=
-515,669,BsA7kxpaFTE8NXEe02yBBa3mDVo=,EphBDgkS/QyF2vRxksmFP1Did7s=
-516,669,BsA7kxpaFTE8NXEe02yBBa3mDVo=,EphBDgkS/QyF2vRxksmFP1Did7s=
-524,671,BsA7kxpaFTE8NXEe02yBBa3mDVo=,EphBDgkS/QyF2vRxksmFP1Did7s=
-517,671,BsA7kxpaFTE8NXEe02yBBa3mDVo=,EphBDgkS/QyF2vRxksmFP1Did7s=
-519,671,BsA7kxpaFTE8NXEe02yBBa3mDVo=,EphBDgkS/QyF2vRxksmFP1Did7s=
-520,670,BsA7kxpaFTE8NXEe02yBBa3mDVo=,EphBDgkS/QyF2vRxksmFP1Did7s=
-519,670,BsA7kxpaFTE8NXEe02yBBa3mDVo=,EphBDgkS/QyF2vRxksmFP1Did7s=
-521,670,BsA7kxpaFTE8NXEe02yBBa3mDVo=,EphBDgkS/QyF2vRxksmFP1Did7s=
-524,670,BsA7kxpaFTE8NXEe02yBBa3mDVo=,EphBDgkS/QyF2vRxksmFP1Did7s=
-518,670,BsA7kxpaFTE8NXEe02yBBa3mDVo=,EphBDgkS/QyF2vRxksmFP1Did7s=
-527,669,BsA7kxpaFTE8NXEe02yBBa3mDVo=,EphBDgkS/QyF2vRxksmFP1Did7s=
-525,669,BsA7kxpaFTE8NXEe02yBBa3mDVo=,EphBDgkS/QyF2vRxksmFP1Did7s=
-526,669,BsA7kxpaFTE8NXEe02yBBa3mDVo=,EphBDgkS/QyF2vRxksmFP1Did7s=
-528,669,BsA7kxpaFTE8NXEe02yBBa3mDVo=,EphBDgkS/QyF2vRxksmFP1Did7s=
-513,668,BsA7kxpaFTE8NXEe02yBBa3mDVo=,EphBDgkS/QyF2vRxksmFP1Did7s=
-516,668,BsA7kxpaFTE8NXEe02yBBa3mDVo=,EphBDgkS/QyF2vRxksmFP1Did7s=
-515,668,BsA7kxpaFTE8NXEe02yBBa3mDVo=,EphBDgkS/QyF2vRxksmFP1Did7s=
-514,668,BsA7kxpaFTE8NXEe02yBBa3mDVo=,EphBDgkS/QyF2vRxksmFP1Did7s=
-521,671,BsA7kxpaFTE8NXEe02yBBa3mDVo=,EphBDgkS/QyF2vRxksmFP1Did7s=
-525,668,BsA7kxpaFTE8NXEe02yBBa3mDVo=,EphBDgkS/QyF2vRxksmFP1Did7s=
-517,670,BsA7kxpaFTE8NXEe02yBBa3mDVo=,EphBDgkS/QyF2vRxksmFP1Did7s=
-528,668,BsA7kxpaFTE8NXEe02yBBa3mDVo=,EphBDgkS/QyF2vRxksmFP1Did7s=
-514,667,BsA7kxpaFTE8NXEe02yBBa3mDVo=,EphBDgkS/QyF2vRxksmFP1Did7s=
-526,668,BsA7kxpaFTE8NXEe02yBBa3mDVo=,EphBDgkS/QyF2vRxksmFP1Did7s=
-513,667,BsA7kxpaFTE8NXEe02yBBa3mDVo=,EphBDgkS/QyF2vRxksmFP1Did7s=
-515,667,BsA7kxpaFTE8NXEe02yBBa3mDVo=,EphBDgkS/QyF2vRxksmFP1Did7s=
-527,668,BsA7kxpaFTE8NXEe02yBBa3mDVo=,EphBDgkS/QyF2vRxksmFP1Did7s=
-516,667,BsA7kxpaFTE8NXEe02yBBa3mDVo=,EphBDgkS/QyF2vRxksmFP1Did7s=
-519,667,BsA7kxpaFTE8NXEe02yBBa3mDVo=,EphBDgkS/QyF2vRxksmFP1Did7s=
-522,670,BsA7kxpaFTE8NXEe02yBBa3mDVo=,EphBDgkS/QyF2vRxksmFP1Did7s=
-518,667,BsA7kxpaFTE8NXEe02yBBa3mDVo=,EphBDgkS/QyF2vRxksmFP1Did7s=
-517,667,BsA7kxpaFTE8NXEe02yBBa3mDVo=,EphBDgkS/QyF2vRxksmFP1Did7s=
-520,667,BsA7kxpaFTE8NXEe02yBBa3mDVo=,EphBDgkS/QyF2vRxksmFP1Did7s=
-527,656,BsA7kxpaFTE8NXEe02yBBa3mDVo=,EphBDgkS/QyF2vRxksmFP1Did7s=
-526,656,BsA7kxpaFTE8NXEe02yBBa3mDVo=,EphBDgkS/QyF2vRxksmFP1Did7s=
-522,671,BsA7kxpaFTE8NXEe02yBBa3mDVo=,EphBDgkS/QyF2vRxksmFP1Did7s=
-520,671,BsA7kxpaFTE8NXEe02yBBa3mDVo=,EphBDgkS/QyF2vRxksmFP1Did7s=
-523,669,BsA7kxpaFTE8NXEe02yBBa3mDVo=,EphBDgkS/QyF2vRxksmFP1Did7s=
-518,671,BsA7kxpaFTE8NXEe02yBBa3mDVo=,EphBDgkS/QyF2vRxksmFP1Did7s=
-513,666,BsA7kxpaFTE8NXEe02yBBa3mDVo=,EphBDgkS/QyF2vRxksmFP1Did7s=
-522,667,BsA7kxpaFTE8NXEe02yBBa3mDVo=,EphBDgkS/QyF2vRxksmFP1Did7s=
-516,666,BsA7kxpaFTE8NXEe02yBBa3mDVo=,EphBDgkS/QyF2vRxksmFP1Did7s=
-517,666,BsA7kxpaFTE8NXEe02yBBa3mDVo=,EphBDgkS/QyF2vRxksmFP1Did7s=
-515,666,BsA7kxpaFTE8NXEe02yBBa3mDVo=,EphBDgkS/QyF2vRxksmFP1Did7s=
-514,666,BsA7kxpaFTE8NXEe02yBBa3mDVo=,EphBDgkS/QyF2vRxksmFP1Did7s=
-520,666,BsA7kxpaFTE8NXEe02yBBa3mDVo=,EphBDgkS/QyF2vRxksmFP1Did7s=
-519,666,BsA7kxpaFTE8NXEe02yBBa3mDVo=,EphBDgkS/QyF2vRxksmFP1Did7s=
-519,668,BsA7kxpaFTE8NXEe02yBBa3mDVo=,EphBDgkS/QyF2vRxksmFP1Did7s=
-518,666,BsA7kxpaFTE8NXEe02yBBa3mDVo=,EphBDgkS/QyF2vRxksmFP1Did7s=
-518,669,BsA7kxpaFTE8NXEe02yBBa3mDVo=,EphBDgkS/QyF2vRxksmFP1Did7s=
-519,669,BsA7kxpaFTE8NXEe02yBBa3mDVo=,EphBDgkS/QyF2vRxksmFP1Did7s=
-527,667,BsA7kxpaFTE8NXEe02yBBa3mDVo=,EphBDgkS/QyF2vRxksmFP1Did7s=
-521,669,BsA7kxpaFTE8NXEe02yBBa3mDVo=,EphBDgkS/QyF2vRxksmFP1Did7s=
-524,669,BsA7kxpaFTE8NXEe02yBBa3mDVo=,EphBDgkS/QyF2vRxksmFP1Did7s=
-526,667,BsA7kxpaFTE8NXEe02yBBa3mDVo=,EphBDgkS/QyF2vRxksmFP1Did7s=
-513,665,BsA7kxpaFTE8NXEe02yBBa3mDVo=,EphBDgkS/QyF2vRxksmFP1Did7s=
-520,669,BsA7kxpaFTE8NXEe02yBBa3mDVo=,EphBDgkS/QyF2vRxksmFP1Did7s=
-514,665,BsA7kxpaFTE8NXEe02yBBa3mDVo=,EphBDgkS/QyF2vRxksmFP1Did7s=
-515,665,BsA7kxpaFTE8NXEe02yBBa3mDVo=,EphBDgkS/QyF2vRxksmFP1Did7s=
-517,665,BsA7kxpaFTE8NXEe02yBBa3mDVo=,EphBDgkS/QyF2vRxksmFP1Did7s=
-516,665,BsA7kxpaFTE8NXEe02yBBa3mDVo=,EphBDgkS/QyF2vRxksmFP1Did7s=
-518,665,BsA7kxpaFTE8NXEe02yBBa3mDVo=,EphBDgkS/QyF2vRxksmFP1Did7s=
-519,665,BsA7kxpaFTE8NXEe02yBBa3mDVo=,EphBDgkS/QyF2vRxksmFP1Did7s=
-517,668,BsA7kxpaFTE8NXEe02yBBa3mDVo=,EphBDgkS/QyF2vRxksmFP1Did7s=
-520,665,BsA7kxpaFTE8NXEe02yBBa3mDVo=,EphBDgkS/QyF2vRxksmFP1Did7s=
-522,666,BsA7kxpaFTE8NXEe02yBBa3mDVo=,EphBDgkS/QyF2vRxksmFP1Did7s=
-525,667,BsA7kxpaFTE8NXEe02yBBa3mDVo=,EphBDgkS/QyF2vRxksmFP1Did7s=
-523,667,BsA7kxpaFTE8NXEe02yBBa3mDVo=,EphBDgkS/QyF2vRxksmFP1Did7s=
-521,666,BsA7kxpaFTE8NXEe02yBBa3mDVo=,EphBDgkS/QyF2vRxksmFP1Did7s=
-521,667,BsA7kxpaFTE8NXEe02yBBa3mDVo=,EphBDgkS/QyF2vRxksmFP1Did7s=
-525,666,BsA7kxpaFTE8NXEe02yBBa3mDVo=,EphBDgkS/QyF2vRxksmFP1Did7s=
-524,667,BsA7kxpaFTE8NXEe02yBBa3mDVo=,EphBDgkS/QyF2vRxksmFP1Did7s=
-513,664,BsA7kxpaFTE8NXEe02yBBa3mDVo=,EphBDgkS/QyF2vRxksmFP1Did7s=
-514,664,BsA7kxpaFTE8NXEe02yBBa3mDVo=,EphBDgkS/QyF2vRxksmFP1Did7s=
-517,664,BsA7kxpaFTE8NXEe02yBBa3mDVo=,EphBDgkS/QyF2vRxksmFP1Did7s=
-516,664,BsA7kxpaFTE8NXEe02yBBa3mDVo=,EphBDgkS/QyF2vRxksmFP1Did7s=
-518,664,BsA7kxpaFTE8NXEe02yBBa3mDVo=,EphBDgkS/QyF2vRxksmFP1Did7s=
-515,664,BsA7kxpaFTE8NXEe02yBBa3mDVo=,EphBDgkS/QyF2vRxksmFP1Did7s=
-520,668,BsA7kxpaFTE8NXEe02yBBa3mDVo=,EphBDgkS/QyF2vRxksmFP1Did7s=
-526,666,BsA7kxpaFTE8NXEe02yBBa3mDVo=,EphBDgkS/QyF2vRxksmFP1Did7s=
-518,668,BsA7kxpaFTE8NXEe02yBBa3mDVo=,EphBDgkS/QyF2vRxksmFP1Did7s=
-520,664,BsA7kxpaFTE8NXEe02yBBa3mDVo=,EphBDgkS/QyF2vRxksmFP1Did7s=
-519,664,BsA7kxpaFTE8NXEe02yBBa3mDVo=,EphBDgkS/QyF2vRxksmFP1Did7s=
-517,669,BsA7kxpaFTE8NXEe02yBBa3mDVo=,EphBDgkS/QyF2vRxksmFP1Did7s=
-523,666,BsA7kxpaFTE8NXEe02yBBa3mDVo=,EphBDgkS/QyF2vRxksmFP1Did7s=
-522,668,BsA7kxpaFTE8NXEe02yBBa3mDVo=,EphBDgkS/QyF2vRxksmFP1Did7s=
-521,668,BsA7kxpaFTE8NXEe02yBBa3mDVo=,EphBDgkS/QyF2vRxksmFP1Did7s=
-524,668,BsA7kxpaFTE8NXEe02yBBa3mDVo=,EphBDgkS/QyF2vRxksmFP1Did7s=
-513,663,BsA7kxpaFTE8NXEe02yBBa3mDVo=,EphBDgkS/QyF2vRxksmFP1Did7s=
-514,663,BsA7kxpaFTE8NXEe02yBBa3mDVo=,EphBDgkS/QyF2vRxksmFP1Did7s=
-515,663,BsA7kxpaFTE8NXEe02yBBa3mDVo=,EphBDgkS/QyF2vRxksmFP1Did7s=
-527,666,BsA7kxpaFTE8NXEe02yBBa3mDVo=,EphBDgkS/QyF2vRxksmFP1Did7s=
-516,663,BsA7kxpaFTE8NXEe02yBBa3mDVo=,EphBDgkS/QyF2vRxksmFP1Did7s=
-528,667,BsA7kxpaFTE8NXEe02yBBa3mDVo=,EphBDgkS/QyF2vRxksmFP1Did7s=
-521,665,BsA7kxpaFTE8NXEe02yBBa3mDVo=,EphBDgkS/QyF2vRxksmFP1Did7s=
-528,665,BsA7kxpaFTE8NXEe02yBBa3mDVo=,EphBDgkS/QyF2vRxksmFP1Did7s=
-524,666,BsA7kxpaFTE8NXEe02yBBa3mDVo=,EphBDgkS/QyF2vRxksmFP1Did7s=
-523,668,BsA7kxpaFTE8NXEe02yBBa3mDVo=,EphBDgkS/QyF2vRxksmFP1Did7s=
-522,665,BsA7kxpaFTE8NXEe02yBBa3mDVo=,EphBDgkS/QyF2vRxksmFP1Did7s=
-523,665,BsA7kxpaFTE8NXEe02yBBa3mDVo=,EphBDgkS/QyF2vRxksmFP1Did7s=
-525,656,BsA7kxpaFTE8NXEe02yBBa3mDVo=,EphBDgkS/QyF2vRxksmFP1Did7s=
-525,664,BsA7kxpaFTE8NXEe02yBBa3mDVo=,EphBDgkS/QyF2vRxksmFP1Did7s=
-524,665,BsA7kxpaFTE8NXEe02yBBa3mDVo=,EphBDgkS/QyF2vRxksmFP1Did7s=
-521,663,BsA7kxpaFTE8NXEe02yBBa3mDVo=,EphBDgkS/QyF2vRxksmFP1Did7s=
-518,663,BsA7kxpaFTE8NXEe02yBBa3mDVo=,EphBDgkS/QyF2vRxksmFP1Did7s=
-514,662,BsA7kxpaFTE8NXEe02yBBa3mDVo=,EphBDgkS/QyF2vRxksmFP1Did7s=
-513,662,BsA7kxpaFTE8NXEe02yBBa3mDVo=,EphBDgkS/QyF2vRxksmFP1Did7s=
-515,662,BsA7kxpaFTE8NXEe02yBBa3mDVo=,EphBDgkS/QyF2vRxksmFP1Did7s=
-516,662,BsA7kxpaFTE8NXEe02yBBa3mDVo=,EphBDgkS/QyF2vRxksmFP1Did7s=
-528,666,BsA7kxpaFTE8NXEe02yBBa3mDVo=,EphBDgkS/QyF2vRxksmFP1Did7s=
-524,664,BsA7kxpaFTE8NXEe02yBBa3mDVo=,EphBDgkS/QyF2vRxksmFP1Did7s=
-526,665,BsA7kxpaFTE8NXEe02yBBa3mDVo=,EphBDgkS/QyF2vRxksmFP1Did7s=
-527,665,BsA7kxpaFTE8NXEe02yBBa3mDVo=,EphBDgkS/QyF2vRxksmFP1Did7s=
-519,663,BsA7kxpaFTE8NXEe02yBBa3mDVo=,EphBDgkS/QyF2vRxksmFP1Did7s=
-522,664,BsA7kxpaFTE8NXEe02yBBa3mDVo=,EphBDgkS/QyF2vRxksmFP1Did7s=
-522,663,BsA7kxpaFTE8NXEe02yBBa3mDVo=,EphBDgkS/QyF2vRxksmFP1Did7s=
-523,663,BsA7kxpaFTE8NXEe02yBBa3mDVo=,EphBDgkS/QyF2vRxksmFP1Did7s=
-525,665,BsA7kxpaFTE8NXEe02yBBa3mDVo=,EphBDgkS/QyF2vRxksmFP1Did7s=
-521,664,BsA7kxpaFTE8NXEe02yBBa3mDVo=,EphBDgkS/QyF2vRxksmFP1Did7s=
-525,663,BsA7kxpaFTE8NXEe02yBBa3mDVo=,EphBDgkS/QyF2vRxksmFP1Did7s=
-513,661,BsA7kxpaFTE8NXEe02yBBa3mDVo=,EphBDgkS/QyF2vRxksmFP1Did7s=
-515,661,BsA7kxpaFTE8NXEe02yBBa3mDVo=,EphBDgkS/QyF2vRxksmFP1Did7s=
-514,661,BsA7kxpaFTE8NXEe02yBBa3mDVo=,EphBDgkS/QyF2vRxksmFP1Did7s=
-526,664,BsA7kxpaFTE8NXEe02yBBa3mDVo=,EphBDgkS/QyF2vRxksmFP1Did7s=
-523,664,BsA7kxpaFTE8NXEe02yBBa3mDVo=,EphBDgkS/QyF2vRxksmFP1Did7s=
-516,661,BsA7kxpaFTE8NXEe02yBBa3mDVo=,EphBDgkS/QyF2vRxksmFP1Did7s=
-527,663,BsA7kxpaFTE8NXEe02yBBa3mDVo=,EphBDgkS/QyF2vRxksmFP1Did7s=
-528,664,BsA7kxpaFTE8NXEe02yBBa3mDVo=,EphBDgkS/QyF2vRxksmFP1Did7s=
-520,663,BsA7kxpaFTE8NXEe02yBBa3mDVo=,EphBDgkS/QyF2vRxksmFP1Did7s=
-522,669,BsA7kxpaFTE8NXEe02yBBa3mDVo=,EphBDgkS/QyF2vRxksmFP1Did7s=
-518,662,BsA7kxpaFTE8NXEe02yBBa3mDVo=,EphBDgkS/QyF2vRxksmFP1Did7s=
-517,663,BsA7kxpaFTE8NXEe02yBBa3mDVo=,EphBDgkS/QyF2vRxksmFP1Did7s=
-524,656,BsA7kxpaFTE8NXEe02yBBa3mDVo=,EphBDgkS/QyF2vRxksmFP1Did7s=
-517,662,BsA7kxpaFTE8NXEe02yBBa3mDVo=,EphBDgkS/QyF2vRxksmFP1Did7s=
-525,662,BsA7kxpaFTE8NXEe02yBBa3mDVo=,EphBDgkS/QyF2vRxksmFP1Did7s=
-513,660,BsA7kxpaFTE8NXEe02yBBa3mDVo=,EphBDgkS/QyF2vRxksmFP1Did7s=
-515,660,BsA7kxpaFTE8NXEe02yBBa3mDVo=,EphBDgkS/QyF2vRxksmFP1Did7s=
-514,660,BsA7kxpaFTE8NXEe02yBBa3mDVo=,EphBDgkS/QyF2vRxksmFP1Did7s=
-516,660,BsA7kxpaFTE8NXEe02yBBa3mDVo=,EphBDgkS/QyF2vRxksmFP1Did7s=
-517,661,BsA7kxpaFTE8NXEe02yBBa3mDVo=,EphBDgkS/QyF2vRxksmFP1Did7s=
-521,662,BsA7kxpaFTE8NXEe02yBBa3mDVo=,EphBDgkS/QyF2vRxksmFP1Did7s=
-526,663,BsA7kxpaFTE8NXEe02yBBa3mDVo=,EphBDgkS/QyF2vRxksmFP1Did7s=
-528,662,BsA7kxpaFTE8NXEe02yBBa3mDVo=,EphBDgkS/QyF2vRxksmFP1Did7s=
-519,662,BsA7kxpaFTE8NXEe02yBBa3mDVo=,EphBDgkS/QyF2vRxksmFP1Did7s=
-525,661,BsA7kxpaFTE8NXEe02yBBa3mDVo=,EphBDgkS/QyF2vRxksmFP1Did7s=
-522,662,BsA7kxpaFTE8NXEe02yBBa3mDVo=,EphBDgkS/QyF2vRxksmFP1Did7s=
-522,661,BsA7kxpaFTE8NXEe02yBBa3mDVo=,EphBDgkS/QyF2vRxksmFP1Did7s=
-520,661,BsA7kxpaFTE8NXEe02yBBa3mDVo=,EphBDgkS/QyF2vRxksmFP1Did7s=
-526,661,BsA7kxpaFTE8NXEe02yBBa3mDVo=,EphBDgkS/QyF2vRxksmFP1Did7s=
-523,662,BsA7kxpaFTE8NXEe02yBBa3mDVo=,EphBDgkS/QyF2vRxksmFP1Did7s=
-528,661,BsA7kxpaFTE8NXEe02yBBa3mDVo=,EphBDgkS/QyF2vRxksmFP1Did7s=
-524,662,BsA7kxpaFTE8NXEe02yBBa3mDVo=,EphBDgkS/QyF2vRxksmFP1Did7s=
-519,661,BsA7kxpaFTE8NXEe02yBBa3mDVo=,EphBDgkS/QyF2vRxksmFP1Did7s=
-527,661,BsA7kxpaFTE8NXEe02yBBa3mDVo=,EphBDgkS/QyF2vRxksmFP1Did7s=
-520,662,BsA7kxpaFTE8NXEe02yBBa3mDVo=,EphBDgkS/QyF2vRxksmFP1Did7s=
-517,660,BsA7kxpaFTE8NXEe02yBBa3mDVo=,EphBDgkS/QyF2vRxksmFP1Did7s=
-521,661,BsA7kxpaFTE8NXEe02yBBa3mDVo=,EphBDgkS/QyF2vRxksmFP1Did7s=
-518,661,BsA7kxpaFTE8NXEe02yBBa3mDVo=,EphBDgkS/QyF2vRxksmFP1Did7s=
-519,660,BsA7kxpaFTE8NXEe02yBBa3mDVo=,EphBDgkS/QyF2vRxksmFP1Did7s=
-527,662,BsA7kxpaFTE8NXEe02yBBa3mDVo=,EphBDgkS/QyF2vRxksmFP1Did7s=
-521,660,BsA7kxpaFTE8NXEe02yBBa3mDVo=,EphBDgkS/QyF2vRxksmFP1Did7s=
-518,660,BsA7kxpaFTE8NXEe02yBBa3mDVo=,EphBDgkS/QyF2vRxksmFP1Did7s=
-523,661,BsA7kxpaFTE8NXEe02yBBa3mDVo=,EphBDgkS/QyF2vRxksmFP1Did7s=
-520,660,BsA7kxpaFTE8NXEe02yBBa3mDVo=,EphBDgkS/QyF2vRxksmFP1Did7s=
-513,659,BsA7kxpaFTE8NXEe02yBBa3mDVo=,EphBDgkS/QyF2vRxksmFP1Did7s=
-526,660,BsA7kxpaFTE8NXEe02yBBa3mDVo=,EphBDgkS/QyF2vRxksmFP1Did7s=
-517,659,BsA7kxpaFTE8NXEe02yBBa3mDVo=,EphBDgkS/QyF2vRxksmFP1Did7s=
-523,660,BsA7kxpaFTE8NXEe02yBBa3mDVo=,EphBDgkS/QyF2vRxksmFP1Did7s=
-525,660,BsA7kxpaFTE8NXEe02yBBa3mDVo=,EphBDgkS/QyF2vRxksmFP1Did7s=
-524,661,BsA7kxpaFTE8NXEe02yBBa3mDVo=,EphBDgkS/QyF2vRxksmFP1Did7s=
-527,660,BsA7kxpaFTE8NXEe02yBBa3mDVo=,EphBDgkS/QyF2vRxksmFP1Did7s=
-514,659,BsA7kxpaFTE8NXEe02yBBa3mDVo=,EphBDgkS/QyF2vRxksmFP1Did7s=
-527,664,BsA7kxpaFTE8NXEe02yBBa3mDVo=,EphBDgkS/QyF2vRxksmFP1Did7s=
-518,659,BsA7kxpaFTE8NXEe02yBBa3mDVo=,EphBDgkS/QyF2vRxksmFP1Did7s=
-521,659,BsA7kxpaFTE8NXEe02yBBa3mDVo=,EphBDgkS/QyF2vRxksmFP1Did7s=
-519,659,BsA7kxpaFTE8NXEe02yBBa3mDVo=,EphBDgkS/QyF2vRxksmFP1Did7s=
-516,659,BsA7kxpaFTE8NXEe02yBBa3mDVo=,EphBDgkS/QyF2vRxksmFP1Did7s=
-523,656,BsA7kxpaFTE8NXEe02yBBa3mDVo=,EphBDgkS/QyF2vRxksmFP1Did7s=
-523,659,BsA7kxpaFTE8NXEe02yBBa3mDVo=,EphBDgkS/QyF2vRxksmFP1Did7s=
-524,660,BsA7kxpaFTE8NXEe02yBBa3mDVo=,EphBDgkS/QyF2vRxksmFP1Did7s=
-528,663,BsA7kxpaFTE8NXEe02yBBa3mDVo=,EphBDgkS/QyF2vRxksmFP1Did7s=
-515,659,BsA7kxpaFTE8NXEe02yBBa3mDVo=,EphBDgkS/QyF2vRxksmFP1Did7s=
-520,659,BsA7kxpaFTE8NXEe02yBBa3mDVo=,EphBDgkS/QyF2vRxksmFP1Did7s=
-522,659,BsA7kxpaFTE8NXEe02yBBa3mDVo=,EphBDgkS/QyF2vRxksmFP1Did7s=
-516,658,BsA7kxpaFTE8NXEe02yBBa3mDVo=,EphBDgkS/QyF2vRxksmFP1Did7s=
-524,663,BsA7kxpaFTE8NXEe02yBBa3mDVo=,EphBDgkS/QyF2vRxksmFP1Did7s=
-524,659,BsA7kxpaFTE8NXEe02yBBa3mDVo=,EphBDgkS/QyF2vRxksmFP1Did7s=
-513,658,BsA7kxpaFTE8NXEe02yBBa3mDVo=,EphBDgkS/QyF2vRxksmFP1Did7s=
-514,657,BsA7kxpaFTE8NXEe02yBBa3mDVo=,EphBDgkS/QyF2vRxksmFP1Did7s=
-519,658,BsA7kxpaFTE8NXEe02yBBa3mDVo=,EphBDgkS/QyF2vRxksmFP1Did7s=
-525,659,BsA7kxpaFTE8NXEe02yBBa3mDVo=,EphBDgkS/QyF2vRxksmFP1Did7s=
-523,658,BsA7kxpaFTE8NXEe02yBBa3mDVo=,EphBDgkS/QyF2vRxksmFP1Did7s=
-518,658,BsA7kxpaFTE8NXEe02yBBa3mDVo=,EphBDgkS/QyF2vRxksmFP1Did7s=
-524,658,BsA7kxpaFTE8NXEe02yBBa3mDVo=,EphBDgkS/QyF2vRxksmFP1Did7s=
-525,658,BsA7kxpaFTE8NXEe02yBBa3mDVo=,EphBDgkS/QyF2vRxksmFP1Did7s=
-526,659,BsA7kxpaFTE8NXEe02yBBa3mDVo=,EphBDgkS/QyF2vRxksmFP1Did7s=
-514,658,BsA7kxpaFTE8NXEe02yBBa3mDVo=,EphBDgkS/QyF2vRxksmFP1Did7s=
-520,658,BsA7kxpaFTE8NXEe02yBBa3mDVo=,EphBDgkS/QyF2vRxksmFP1Did7s=
-517,658,BsA7kxpaFTE8NXEe02yBBa3mDVo=,EphBDgkS/QyF2vRxksmFP1Did7s=
-515,657,BsA7kxpaFTE8NXEe02yBBa3mDVo=,EphBDgkS/QyF2vRxksmFP1Did7s=
-513,657,BsA7kxpaFTE8NXEe02yBBa3mDVo=,EphBDgkS/QyF2vRxksmFP1Did7s=
-521,657,BsA7kxpaFTE8NXEe02yBBa3mDVo=,EphBDgkS/QyF2vRxksmFP1Did7s=
-526,662,BsA7kxpaFTE8NXEe02yBBa3mDVo=,EphBDgkS/QyF2vRxksmFP1Did7s=
-521,658,BsA7kxpaFTE8NXEe02yBBa3mDVo=,EphBDgkS/QyF2vRxksmFP1Did7s=
-522,656,BsA7kxpaFTE8NXEe02yBBa3mDVo=,EphBDgkS/QyF2vRxksmFP1Did7s=
-519,657,BsA7kxpaFTE8NXEe02yBBa3mDVo=,EphBDgkS/QyF2vRxksmFP1Did7s=
-522,658,BsA7kxpaFTE8NXEe02yBBa3mDVo=,EphBDgkS/QyF2vRxksmFP1Did7s=
-516,657,BsA7kxpaFTE8NXEe02yBBa3mDVo=,EphBDgkS/QyF2vRxksmFP1Did7s=
-526,658,BsA7kxpaFTE8NXEe02yBBa3mDVo=,EphBDgkS/QyF2vRxksmFP1Did7s=
-528,657,BsA7kxpaFTE8NXEe02yBBa3mDVo=,EphBDgkS/QyF2vRxksmFP1Did7s=
-522,660,BsA7kxpaFTE8NXEe02yBBa3mDVo=,EphBDgkS/QyF2vRxksmFP1Did7s=
-514,656,BsA7kxpaFTE8NXEe02yBBa3mDVo=,EphBDgkS/QyF2vRxksmFP1Did7s=
-520,657,BsA7kxpaFTE8NXEe02yBBa3mDVo=,EphBDgkS/QyF2vRxksmFP1Did7s=
-515,658,BsA7kxpaFTE8NXEe02yBBa3mDVo=,EphBDgkS/QyF2vRxksmFP1Did7s=
-517,657,BsA7kxpaFTE8NXEe02yBBa3mDVo=,EphBDgkS/QyF2vRxksmFP1Did7s=
-513,656,BsA7kxpaFTE8NXEe02yBBa3mDVo=,EphBDgkS/QyF2vRxksmFP1Did7s=
-523,657,BsA7kxpaFTE8NXEe02yBBa3mDVo=,EphBDgkS/QyF2vRxksmFP1Did7s=
-515,656,BsA7kxpaFTE8NXEe02yBBa3mDVo=,EphBDgkS/QyF2vRxksmFP1Did7s=
-518,657,BsA7kxpaFTE8NXEe02yBBa3mDVo=,EphBDgkS/QyF2vRxksmFP1Did7s=
-528,659,BsA7kxpaFTE8NXEe02yBBa3mDVo=,EphBDgkS/QyF2vRxksmFP1Did7s=
-528,658,BsA7kxpaFTE8NXEe02yBBa3mDVo=,EphBDgkS/QyF2vRxksmFP1Did7s=
-520,656,BsA7kxpaFTE8NXEe02yBBa3mDVo=,EphBDgkS/QyF2vRxksmFP1Did7s=
-528,660,BsA7kxpaFTE8NXEe02yBBa3mDVo=,EphBDgkS/QyF2vRxksmFP1Did7s=
-527,659,BsA7kxpaFTE8NXEe02yBBa3mDVo=,EphBDgkS/QyF2vRxksmFP1Did7s=
-526,657,BsA7kxpaFTE8NXEe02yBBa3mDVo=,EphBDgkS/QyF2vRxksmFP1Did7s=
-527,658,BsA7kxpaFTE8NXEe02yBBa3mDVo=,EphBDgkS/QyF2vRxksmFP1Did7s=
-522,657,BsA7kxpaFTE8NXEe02yBBa3mDVo=,EphBDgkS/QyF2vRxksmFP1Did7s=
-525,657,BsA7kxpaFTE8NXEe02yBBa3mDVo=,EphBDgkS/QyF2vRxksmFP1Did7s=
-519,656,BsA7kxpaFTE8NXEe02yBBa3mDVo=,EphBDgkS/QyF2vRxksmFP1Did7s=
-527,657,BsA7kxpaFTE8NXEe02yBBa3mDVo=,EphBDgkS/QyF2vRxksmFP1Did7s=
-516,656,BsA7kxpaFTE8NXEe02yBBa3mDVo=,EphBDgkS/QyF2vRxksmFP1Did7s=
-524,657,BsA7kxpaFTE8NXEe02yBBa3mDVo=,EphBDgkS/QyF2vRxksmFP1Did7s=
-521,656,BsA7kxpaFTE8NXEe02yBBa3mDVo=,EphBDgkS/QyF2vRxksmFP1Did7s=
-517,656,BsA7kxpaFTE8NXEe02yBBa3mDVo=,EphBDgkS/QyF2vRxksmFP1Did7s=
-518,656,BsA7kxpaFTE8NXEe02yBBa3mDVo=,EphBDgkS/QyF2vRxksmFP1Did7s=
