-1182,-127,xFSBlZSYckOfDazUwmFl45hHFOQ=,RplXG1a1iXYtbFQbkt2SemgWFAw=
-1183,-127,xFSBlZSYckOfDazUwmFl45hHFOQ=,RplXG1a1iXYtbFQbkt2SemgWFAw=
-1184,-127,xFSBlZSYckOfDazUwmFl45hHFOQ=,RplXG1a1iXYtbFQbkt2SemgWFAw=
-1169,-113,xFSBlZSYckOfDazUwmFl45hHFOQ=,RplXG1a1iXYtbFQbkt2SemgWFAw=
-1170,-128,xFSBlZSYckOfDazUwmFl45hHFOQ=,RplXG1a1iXYtbFQbkt2SemgWFAw=
-1169,-128,xFSBlZSYckOfDazUwmFl45hHFOQ=,RplXG1a1iXYtbFQbkt2SemgWFAw=
-1170,-113,xFSBlZSYckOfDazUwmFl45hHFOQ=,RplXG1a1iXYtbFQbkt2SemgWFAw=
-1171,-113,xFSBlZSYckOfDazUwmFl45hHFOQ=,RplXG1a1iXYtbFQbkt2SemgWFAw=
-1171,-128,xFSBlZSYckOfDazUwmFl45hHFOQ=,RplXG1a1iXYtbFQbkt2SemgWFAw=
-1173,-113,xFSBlZSYckOfDazUwmFl45hHFOQ=,RplXG1a1iXYtbFQbkt2SemgWFAw=
-1175,-113,xFSBlZSYckOfDazUwmFl45hHFOQ=,RplXG1a1iXYtbFQbkt2SemgWFAw=
-1176,-113,xFSBlZSYckOfDazUwmFl45hHFOQ=,RplXG1a1iXYtbFQbkt2SemgWFAw=
-1174,-113,xFSBlZSYckOfDazUwmFl45hHFOQ=,RplXG1a1iXYtbFQbkt2SemgWFAw=
-1172,-113,xFSBlZSYckOfDazUwmFl45hHFOQ=,RplXG1a1iXYtbFQbkt2SemgWFAw=
-1178,-113,xFSBlZSYckOfDazUwmFl45hHFOQ=,RplXG1a1iXYtbFQbkt2SemgWFAw=
-1177,-113,xFSBlZSYckOfDazUwmFl45hHFOQ=,RplXG1a1iXYtbFQbkt2SemgWFAw=
-1179,-113,xFSBlZSYckOfDazUwmFl45hHFOQ=,RplXG1a1iXYtbFQbkt2SemgWFAw=
-1180,-113,xFSBlZSYckOfDazUwmFl45hHFOQ=,RplXG1a1iXYtbFQbkt2SemgWFAw=
-1182,-113,xFSBlZSYckOfDazUwmFl45hHFOQ=,RplXG1a1iXYtbFQbkt2SemgWFAw=
-1184,-113,xFSBlZSYckOfDazUwmFl45hHFOQ=,RplXG1a1iXYtbFQbkt2SemgWFAw=
-1169,-114,xFSBlZSYckOfDazUwmFl45hHFOQ=,RplXG1a1iXYtbFQbkt2SemgWFAw=
-1181,-113,xFSBlZSYckOfDazUwmFl45hHFOQ=,RplXG1a1iXYtbFQbkt2SemgWFAw=
-1183,-113,xFSBlZSYckOfDazUwmFl45hHFOQ=,RplXG1a1iXYtbFQbkt2SemgWFAw=
-1170,-114,xFSBlZSYckOfDazUwmFl45hHFOQ=,RplXG1a1iXYtbFQbkt2SemgWFAw=
-1171,-114,xFSBlZSYckOfDazUwmFl45hHFOQ=,RplXG1a1iXYtbFQbkt2SemgWFAw=
-1174,-114,xFSBlZSYckOfDazUwmFl45hHFOQ=,RplXG1a1iXYtbFQbkt2SemgWFAw=
-1175,-114,xFSBlZSYckOfDazUwmFl45hHFOQ=,RplXG1a1iXYtbFQbkt2SemgWFAw=
-1172,-114,xFSBlZSYckOfDazUwmFl45hHFOQ=,RplXG1a1iXYtbFQbkt2SemgWFAw=
-1173,-114,xFSBlZSYckOfDazUwmFl45hHFOQ=,RplXG1a1iXYtbFQbkt2SemgWFAw=
-1177,-114,xFSBlZSYckOfDazUwmFl45hHFOQ=,RplXG1a1iXYtbFQbkt2SemgWFAw=
-1176,-114,xFSBlZSYckOfDazUwmFl45hHFOQ=,RplXG1a1iXYtbFQbkt2SemgWFAw=
-1180,-114,xFSBlZSYckOfDazUwmFl45hHFOQ=,RplXG1a1iXYtbFQbkt2SemgWFAw=
-1179,-114,xFSBlZSYckOfDazUwmFl45hHFOQ=,RplXG1a1iXYtbFQbkt2SemgWFAw=
-1181,-114,xFSBlZSYckOfDazUwmFl45hHFOQ=,RplXG1a1iXYtbFQbkt2SemgWFAw=
-1182,-114,xFSBlZSYckOfDazUwmFl45hHFOQ=,RplXG1a1iXYtbFQbkt2SemgWFAw=
-1183,-114,xFSBlZSYckOfDazUwmFl45hHFOQ=,RplXG1a1iXYtbFQbkt2SemgWFAw=
-1169,-115,xFSBlZSYckOfDazUwmFl45hHFOQ=,RplXG1a1iXYtbFQbkt2SemgWFAw=
-1184,-114,xFSBlZSYckOfDazUwmFl45hHFOQ=,RplXG1a1iXYtbFQbkt2SemgWFAw=
-1171,-115,xFSBlZSYckOfDazUwmFl45hHFOQ=,RplXG1a1iXYtbFQbkt2SemgWFAw=
-1170,-115,xFSBlZSYckOfDazUwmFl45hHFOQ=,RplXG1a1iXYtbFQbkt2SemgWFAw=
-1172,-115,xFSBlZSYckOfDazUwmFl45hHFOQ=,RplXG1a1iXYtbFQbkt2SemgWFAw=
-1178,-114,xFSBlZSYckOfDazUwmFl45hHFOQ=,RplXG1a1iXYtbFQbkt2SemgWFAw=
-1175,-115,xFSBlZSYckOfDazUwmFl45hHFOQ=,RplXG1a1iXYtbFQbkt2SemgWFAw=
-1177,-115,xFSBlZSYckOfDazUwmFl45hHFOQ=,RplXG1a1iXYtbFQbkt2SemgWFAw=
-1173,-115,xFSBlZSYckOfDazUwmFl45hHFOQ=,RplXG1a1iXYtbFQbkt2SemgWFAw=
-1178,-115,xFSBlZSYckOfDazUwmFl45hHFOQ=,RplXG1a1iXYtbFQbkt2SemgWFAw=
-1176,-115,xFSBlZSYckOfDazUwmFl45hHFOQ=,RplXG1a1iXYtbFQbkt2SemgWFAw=
-1172,-128,xFSBlZSYckOfDazUwmFl45hHFOQ=,RplXG1a1iXYtbFQbkt2SemgWFAw=
-1179,-115,xFSBlZSYckOfDazUwmFl45hHFOQ=,RplXG1a1iXYtbFQbkt2SemgWFAw=
-1174,-115,xFSBlZSYckOfDazUwmFl45hHFOQ=,RplXG1a1iXYtbFQbkt2SemgWFAw=
-1181,-115,xFSBlZSYckOfDazUwmFl45hHFOQ=,RplXG1a1iXYtbFQbkt2SemgWFAw=
-1183,-115,xFSBlZSYckOfDazUwmFl45hHFOQ=,RplXG1a1iXYtbFQbkt2SemgWFAw=
-1184,-115,xFSBlZSYckOfDazUwmFl45hHFOQ=,RplXG1a1iXYtbFQbkt2SemgWFAw=
-1182,-115,xFSBlZSYckOfDazUwmFl45hHFOQ=,RplXG1a1iXYtbFQbkt2SemgWFAw=
-1170,-116,xFSBlZSYckOfDazUwmFl45hHFOQ=,RplXG1a1iXYtbFQbkt2SemgWFAw=
-1169,-116,xFSBlZSYckOfDazUwmFl45hHFOQ=,RplXG1a1iXYtbFQbkt2SemgWFAw=
-1172,-116,xFSBlZSYckOfDazUwmFl45hHFOQ=,RplXG1a1iXYtbFQbkt2SemgWFAw=
-1171,-116,xFSBlZSYckOfDazUwmFl45hHFOQ=,RplXG1a1iXYtbFQbkt2SemgWFAw=
-1173,-116,xFSBlZSYckOfDazUwmFl45hHFOQ=,RplXG1a1iXYtbFQbkt2SemgWFAw=
-1180,-115,xFSBlZSYckOfDazUwmFl45hHFOQ=,RplXG1a1iXYtbFQbkt2SemgWFAw=
-1176,-116,xFSBlZSYckOfDazUwmFl45hHFOQ=,RplXG1a1iXYtbFQbkt2SemgWFAw=
-1174,-116,xFSBlZSYckOfDazUwmFl45hHFOQ=,RplXG1a1iXYtbFQbkt2SemgWFAw=
-1175,-116,xFSBlZSYckOfDazUwmFl45hHFOQ=,RplXG1a1iXYtbFQbkt2SemgWFAw=
-1177,-116,xFSBlZSYckOfDazUwmFl45hHFOQ=,RplXG1a1iXYtbFQbkt2SemgWFAw=
-1178,-116,xFSBlZSYckOfDazUwmFl45hHFOQ=,RplXG1a1iXYtbFQbkt2SemgWFAw=
-1179,-116,xFSBlZSYckOfDazUwmFl45hHFOQ=,RplXG1a1iXYtbFQbkt2SemgWFAw=
-1180,-116,xFSBlZSYckOfDazUwmFl45hHFOQ=,RplXG1a1iXYtbFQbkt2SemgWFAw=
-1181,-116,xFSBlZSYckOfDazUwmFl45hHFOQ=,RplXG1a1iXYtbFQbkt2SemgWFAw=
-1173,-128,xFSBlZSYckOfDazUwmFl45hHFOQ=,RplXG1a1iXYtbFQbkt2SemgWFAw=
-1169,-117,xFSBlZSYckOfDazUwmFl45hHFOQ=,RplXG1a1iXYtbFQbkt2SemgWFAw=
-1182,-116,xFSBlZSYckOfDazUwmFl45hHFOQ=,RplXG1a1iXYtbFQbkt2SemgWFAw=
-1170,-117,xFSBlZSYckOfDazUwmFl45hHFOQ=,RplXG1a1iXYtbFQbkt2SemgWFAw=
-1171,-117,xFSBlZSYckOfDazUwmFl45hHFOQ=,RplXG1a1iXYtbFQbkt2SemgWFAw=
-1173,-117,xFSBlZSYckOfDazUwmFl45hHFOQ=,RplXG1a1iXYtbFQbkt2SemgWFAw=
-1172,-117,xFSBlZSYckOfDazUwmFl45hHFOQ=,RplXG1a1iXYtbFQbkt2SemgWFAw=
-1175,-117,xFSBlZSYckOfDazUwmFl45hHFOQ=,RplXG1a1iXYtbFQbkt2SemgWFAw=
-1177,-117,xFSBlZSYckOfDazUwmFl45hHFOQ=,RplXG1a1iXYtbFQbkt2SemgWFAw=
-1178,-117,xFSBlZSYckOfDazUwmFl45hHFOQ=,RplXG1a1iXYtbFQbkt2SemgWFAw=
-1176,-117,xFSBlZSYckOfDazUwmFl45hHFOQ=,RplXG1a1iXYtbFQbkt2SemgWFAw=
-1183,-116,xFSBlZSYckOfDazUwmFl45hHFOQ=,RplXG1a1iXYtbFQbkt2SemgWFAw=
-1174,-128,xFSBlZSYckOfDazUwmFl45hHFOQ=,RplXG1a1iXYtbFQbkt2SemgWFAw=
-1181,-117,xFSBlZSYckOfDazUwmFl45hHFOQ=,RplXG1a1iXYtbFQbkt2SemgWFAw=
-1183,-117,xFSBlZSYckOfDazUwmFl45hHFOQ=,RplXG1a1iXYtbFQbkt2SemgWFAw=
-1174,-117,xFSBlZSYckOfDazUwmFl45hHFOQ=,RplXG1a1iXYtbFQbkt2SemgWFAw=
-1171,-118,xFSBlZSYckOfDazUwmFl45hHFOQ=,RplXG1a1iXYtbFQbkt2SemgWFAw=
-1184,-117,xFSBlZSYckOfDazUwmFl45hHFOQ=,RplXG1a1iXYtbFQbkt2SemgWFAw=
-1179,-117,xFSBlZSYckOfDazUwmFl45hHFOQ=,RplXG1a1iXYtbFQbkt2SemgWFAw=
-1182,-117,xFSBlZSYckOfDazUwmFl45hHFOQ=,RplXG1a1iXYtbFQbkt2SemgWFAw=
-1184,-116,xFSBlZSYckOfDazUwmFl45hHFOQ=,RplXG1a1iXYtbFQbkt2SemgWFAw=
-1170,-118,xFSBlZSYckOfDazUwmFl45hHFOQ=,RplXG1a1iXYtbFQbkt2SemgWFAw=
-1169,-118,xFSBlZSYckOfDazUwmFl45hHFOQ=,RplXG1a1iXYtbFQbkt2SemgWFAw=
-1174,-118,xFSBlZSYckOfDazUwmFl45hHFOQ=,RplXG1a1iXYtbFQbkt2SemgWFAw=
-1173,-118,xFSBlZSYckOfDazUwmFl45hHFOQ=,RplXG1a1iXYtbFQbkt2SemgWFAw=
-1180,-117,xFSBlZSYckOfDazUwmFl45hHFOQ=,RplXG1a1iXYtbFQbkt2SemgWFAw=
-1177,-118,xFSBlZSYckOfDazUwmFl45hHFOQ=,RplXG1a1iXYtbFQbkt2SemgWFAw=
-1175,-118,xFSBlZSYckOfDazUwmFl45hHFOQ=,RplXG1a1iXYtbFQbkt2SemgWFAw=
-1172,-118,xFSBlZSYckOfDazUwmFl45hHFOQ=,RplXG1a1iXYtbFQbkt2SemgWFAw=
-1176,-118,xFSBlZSYckOfDazUwmFl45hHFOQ=,RplXG1a1iXYtbFQbkt2SemgWFAw=
-1178,-118,xFSBlZSYckOfDazUwmFl45hHFOQ=,RplXG1a1iXYtbFQbkt2SemgWFAw=
-1181,-118,xFSBlZSYckOfDazUwmFl45hHFOQ=,RplXG1a1iXYtbFQbkt2SemgWFAw=
-1183,-118,xFSBlZSYckOfDazUwmFl45hHFOQ=,RplXG1a1iXYtbFQbkt2SemgWFAw=
-1184,-118,xFSBlZSYckOfDazUwmFl45hHFOQ=,RplXG1a1iXYtbFQbkt2SemgWFAw=
-1182,-118,xFSBlZSYckOfDazUwmFl45hHFOQ=,RplXG1a1iXYtbFQbkt2SemgWFAw=
-1179,-118,xFSBlZSYckOfDazUwmFl45hHFOQ=,RplXG1a1iXYtbFQbkt2SemgWFAw=
-1169,-119,xFSBlZSYckOfDazUwmFl45hHFOQ=,RplXG1a1iXYtbFQbkt2SemgWFAw=
-1175,-128,xFSBlZSYckOfDazUwmFl45hHFOQ=,RplXG1a1iXYtbFQbkt2SemgWFAw=
-1180,-118,xFSBlZSYckOfDazUwmFl45hHFOQ=,RplXG1a1iXYtbFQbkt2SemgWFAw=
-1171,-119,xFSBlZSYckOfDazUwmFl45hHFOQ=,RplXG1a1iXYtbFQbkt2SemgWFAw=
-1172,-119,xFSBlZSYckOfDazUwmFl45hHFOQ=,RplXG1a1iXYtbFQbkt2SemgWFAw=
-1173,-119,xFSBlZSYckOfDazUwmFl45hHFOQ=,RplXG1a1iXYtbFQbkt2SemgWFAw=
-1176,-128,xFSBlZSYckOfDazUwmFl45hHFOQ=,RplXG1a1iXYtbFQbkt2SemgWFAw=
-1176,-119,xFSBlZSYckOfDazUwmFl45hHFOQ=,RplXG1a1iXYtbFQbkt2SemgWFAw=
-1177,-119,xFSBlZSYckOfDazUwmFl45hHFOQ=,RplXG1a1iXYtbFQbkt2SemgWFAw=
-1178,-119,xFSBlZSYckOfDazUwmFl45hHFOQ=,RplXG1a1iXYtbFQbkt2SemgWFAw=
-1180,-119,xFSBlZSYckOfDazUwmFl45hHFOQ=,RplXG1a1iXYtbFQbkt2SemgWFAw=
-1182,-119,xFSBlZSYckOfDazUwmFl45hHFOQ=,RplXG1a1iXYtbFQbkt2SemgWFAw=
-1183,-119,xFSBlZSYckOfDazUwmFl45hHFOQ=,RplXG1a1iXYtbFQbkt2SemgWFAw=
-1175,-119,xFSBlZSYckOfDazUwmFl45hHFOQ=,RplXG1a1iXYtbFQbkt2SemgWFAw=
-1174,-119,xFSBlZSYckOfDazUwmFl45hHFOQ=,RplXG1a1iXYtbFQbkt2SemgWFAw=
-1179,-119,xFSBlZSYckOfDazUwmFl45hHFOQ=,RplXG1a1iXYtbFQbkt2SemgWFAw=
-1170,-119,xFSBlZSYckOfDazUwmFl45hHFOQ=,RplXG1a1iXYtbFQbkt2SemgWFAw=
-1170,-120,xFSBlZSYckOfDazUwmFl45hHFOQ=,RplXG1a1iXYtbFQbkt2SemgWFAw=
-1169,-120,xFSBlZSYckOfDazUwmFl45hHFOQ=,RplXG1a1iXYtbFQbkt2SemgWFAw=
-1184,-119,xFSBlZSYckOfDazUwmFl45hHFOQ=,RplXG1a1iXYtbFQbkt2SemgWFAw=
-1172,-120,xFSBlZSYckOfDazUwmFl45hHFOQ=,RplXG1a1iXYtbFQbkt2SemgWFAw=
-1173,-120,xFSBlZSYckOfDazUwmFl45hHFOQ=,RplXG1a1iXYtbFQbkt2SemgWFAw=
-1174,-120,xFSBlZSYckOfDazUwmFl45hHFOQ=,RplXG1a1iXYtbFQbkt2SemgWFAw=
-1177,-128,xFSBlZSYckOfDazUwmFl45hHFOQ=,RplXG1a1iXYtbFQbkt2SemgWFAw=
-1171,-120,xFSBlZSYckOfDazUwmFl45hHFOQ=,RplXG1a1iXYtbFQbkt2SemgWFAw=
-1180,-120,xFSBlZSYckOfDazUwmFl45hHFOQ=,RplXG1a1iXYtbFQbkt2SemgWFAw=
-1177,-120,xFSBlZSYckOfDazUwmFl45hHFOQ=,RplXG1a1iXYtbFQbkt2SemgWFAw=
-1176,-120,xFSBlZSYckOfDazUwmFl45hHFOQ=,RplXG1a1iXYtbFQbkt2SemgWFAw=
-1179,-120,xFSBlZSYckOfDazUwmFl45hHFOQ=,RplXG1a1iXYtbFQbkt2SemgWFAw=
-1172,-121,xFSBlZSYckOfDazUwmFl45hHFOQ=,RplXG1a1iXYtbFQbkt2SemgWFAw=
-1182,-120,xFSBlZSYckOfDazUwmFl45hHFOQ=,RplXG1a1iXYtbFQbkt2SemgWFAw=
-1178,-128,xFSBlZSYckOfDazUwmFl45hHFOQ=,RplXG1a1iXYtbFQbkt2SemgWFAw=
-1169,-121,xFSBlZSYckOfDazUwmFl45hHFOQ=,RplXG1a1iXYtbFQbkt2SemgWFAw=
-1181,-119,xFSBlZSYckOfDazUwmFl45hHFOQ=,RplXG1a1iXYtbFQbkt2SemgWFAw=
-1175,-120,xFSBlZSYckOfDazUwmFl45hHFOQ=,RplXG1a1iXYtbFQbkt2SemgWFAw=
-1173,-121,xFSBlZSYckOfDazUwmFl45hHFOQ=,RplXG1a1iXYtbFQbkt2SemgWFAw=
-1175,-121,xFSBlZSYckOfDazUwmFl45hHFOQ=,RplXG1a1iXYtbFQbkt2SemgWFAw=
-1178,-121,xFSBlZSYckOfDazUwmFl45hHFOQ=,RplXG1a1iXYtbFQbkt2SemgWFAw=
-1177,-121,xFSBlZSYckOfDazUwmFl45hHFOQ=,RplXG1a1iXYtbFQbkt2SemgWFAw=
-1183,-120,xFSBlZSYckOfDazUwmFl45hHFOQ=,RplXG1a1iXYtbFQbkt2SemgWFAw=
-1179,-121,xFSBlZSYckOfDazUwmFl45hHFOQ=,RplXG1a1iXYtbFQbkt2SemgWFAw=
-1176,-121,xFSBlZSYckOfDazUwmFl45hHFOQ=,RplXG1a1iXYtbFQbkt2SemgWFAw=
-1184,-121,xFSBlZSYckOfDazUwmFl45hHFOQ=,RplXG1a1iXYtbFQbkt2SemgWFAw=
-1180,-121,xFSBlZSYckOfDazUwmFl45hHFOQ=,RplXG1a1iXYtbFQbkt2SemgWFAw=
-1170,-122,xFSBlZSYckOfDazUwmFl45hHFOQ=,RplXG1a1iXYtbFQbkt2SemgWFAw=
-1181,-121,xFSBlZSYckOfDazUwmFl45hHFOQ=,RplXG1a1iXYtbFQbkt2SemgWFAw=
-1169,-122,xFSBlZSYckOfDazUwmFl45hHFOQ=,RplXG1a1iXYtbFQbkt2SemgWFAw=
-1171,-122,xFSBlZSYckOfDazUwmFl45hHFOQ=,RplXG1a1iXYtbFQbkt2SemgWFAw=
-1172,-122,xFSBlZSYckOfDazUwmFl45hHFOQ=,RplXG1a1iXYtbFQbkt2SemgWFAw=
-1183,-121,xFSBlZSYckOfDazUwmFl45hHFOQ=,RplXG1a1iXYtbFQbkt2SemgWFAw=
-1173,-122,xFSBlZSYckOfDazUwmFl45hHFOQ=,RplXG1a1iXYtbFQbkt2SemgWFAw=
-1179,-128,xFSBlZSYckOfDazUwmFl45hHFOQ=,RplXG1a1iXYtbFQbkt2SemgWFAw=
-1175,-122,xFSBlZSYckOfDazUwmFl45hHFOQ=,RplXG1a1iXYtbFQbkt2SemgWFAw=
-1182,-121,xFSBlZSYckOfDazUwmFl45hHFOQ=,RplXG1a1iXYtbFQbkt2SemgWFAw=
-1174,-122,xFSBlZSYckOfDazUwmFl45hHFOQ=,RplXG1a1iXYtbFQbkt2SemgWFAw=
-1177,-122,xFSBlZSYckOfDazUwmFl45hHFOQ=,RplXG1a1iXYtbFQbkt2SemgWFAw=
-1176,-122,xFSBlZSYckOfDazUwmFl45hHFOQ=,RplXG1a1iXYtbFQbkt2SemgWFAw=
-1178,-122,xFSBlZSYckOfDazUwmFl45hHFOQ=,RplXG1a1iXYtbFQbkt2SemgWFAw=
-1181,-122,xFSBlZSYckOfDazUwmFl45hHFOQ=,RplXG1a1iXYtbFQbkt2SemgWFAw=
-1182,-122,xFSBlZSYckOfDazUwmFl45hHFOQ=,RplXG1a1iXYtbFQbkt2SemgWFAw=
-1180,-122,xFSBlZSYckOfDazUwmFl45hHFOQ=,RplXG1a1iXYtbFQbkt2SemgWFAw=
-1183,-122,xFSBlZSYckOfDazUwmFl45hHFOQ=,RplXG1a1iXYtbFQbkt2SemgWFAw=
-1184,-122,xFSBlZSYckOfDazUwmFl45hHFOQ=,RplXG1a1iXYtbFQbkt2SemgWFAw=
-1169,-123,xFSBlZSYckOfDazUwmFl45hHFOQ=,RplXG1a1iXYtbFQbkt2SemgWFAw=
-1170,-123,xFSBlZSYckOfDazUwmFl45hHFOQ=,RplXG1a1iXYtbFQbkt2SemgWFAw=
-1178,-120,xFSBlZSYckOfDazUwmFl45hHFOQ=,RplXG1a1iXYtbFQbkt2SemgWFAw=
-1171,-123,xFSBlZSYckOfDazUwmFl45hHFOQ=,RplXG1a1iXYtbFQbkt2SemgWFAw=
-1172,-123,xFSBlZSYckOfDazUwmFl45hHFOQ=,RplXG1a1iXYtbFQbkt2SemgWFAw=
-1180,-128,xFSBlZSYckOfDazUwmFl45hHFOQ=,RplXG1a1iXYtbFQbkt2SemgWFAw=
-1179,-122,xFSBlZSYckOfDazUwmFl45hHFOQ=,RplXG1a1iXYtbFQbkt2SemgWFAw=
-1173,-123,xFSBlZSYckOfDazUwmFl45hHFOQ=,RplXG1a1iXYtbFQbkt2SemgWFAw=
-1174,-123,xFSBlZSYckOfDazUwmFl45hHFOQ=,RplXG1a1iXYtbFQbkt2SemgWFAw=
-1175,-123,xFSBlZSYckOfDazUwmFl45hHFOQ=,RplXG1a1iXYtbFQbkt2SemgWFAw=
-1176,-123,xFSBlZSYckOfDazUwmFl45hHFOQ=,RplXG1a1iXYtbFQbkt2SemgWFAw=
-1182,-123,xFSBlZSYckOfDazUwmFl45hHFOQ=,RplXG1a1iXYtbFQbkt2SemgWFAw=
-1181,-123,xFSBlZSYckOfDazUwmFl45hHFOQ=,RplXG1a1iXYtbFQbkt2SemgWFAw=
-1179,-123,xFSBlZSYckOfDazUwmFl45hHFOQ=,RplXG1a1iXYtbFQbkt2SemgWFAw=
-1178,-123,xFSBlZSYckOfDazUwmFl45hHFOQ=,RplXG1a1iXYtbFQbkt2SemgWFAw=
-1180,-123,xFSBlZSYckOfDazUwmFl45hHFOQ=,RplXG1a1iXYtbFQbkt2SemgWFAw=
-1169,-124,xFSBlZSYckOfDazUwmFl45hHFOQ=,RplXG1a1iXYtbFQbkt2SemgWFAw=
-1173,-124,xFSBlZSYckOfDazUwmFl45hHFOQ=,RplXG1a1iXYtbFQbkt2SemgWFAw=
-1171,-124,xFSBlZSYckOfDazUwmFl45hHFOQ=,RplXG1a1iXYtbFQbkt2SemgWFAw=
-1170,-124,xFSBlZSYckOfDazUwmFl45hHFOQ=,RplXG1a1iXYtbFQbkt2SemgWFAw=
-1181,-128,xFSBlZSYckOfDazUwmFl45hHFOQ=,RplXG1a1iXYtbFQbkt2SemgWFAw=
-1184,-123,xFSBlZSYckOfDazUwmFl45hHFOQ=,RplXG1a1iXYtbFQbkt2SemgWFAw=
-1172,-124,xFSBlZSYckOfDazUwmFl45hHFOQ=,RplXG1a1iXYtbFQbkt2SemgWFAw=
-1179,-124,xFSBlZSYckOfDazUwmFl45hHFOQ=,RplXG1a1iXYtbFQbkt2SemgWFAw=
-1177,-124,xFSBlZSYckOfDazUwmFl45hHFOQ=,RplXG1a1iXYtbFQbkt2SemgWFAw=
-1174,-124,xFSBlZSYckOfDazUwmFl45hHFOQ=,RplXG1a1iXYtbFQbkt2SemgWFAw=
-1181,-120,xFSBlZSYckOfDazUwmFl45hHFOQ=,RplXG1a1iXYtbFQbkt2SemgWFAw=
-1176,-124,xFSBlZSYckOfDazUwmFl45hHFOQ=,RplXG1a1iXYtbFQbkt2SemgWFAw=
-1175,-124,xFSBlZSYckOfDazUwmFl45hHFOQ=,RplXG1a1iXYtbFQbkt2SemgWFAw=
-1181,-124,xFSBlZSYckOfDazUwmFl45hHFOQ=,RplXG1a1iXYtbFQbkt2SemgWFAw=
-1180,-124,xFSBlZSYckOfDazUwmFl45hHFOQ=,RplXG1a1iXYtbFQbkt2SemgWFAw=
-1183,-124,xFSBlZSYckOfDazUwmFl45hHFOQ=,RplXG1a1iXYtbFQbkt2SemgWFAw=
-1176,-125,xFSBlZSYckOfDazUwmFl45hHFOQ=,RplXG1a1iXYtbFQbkt2SemgWFAw=
-1171,-125,xFSBlZSYckOfDazUwmFl45hHFOQ=,RplXG1a1iXYtbFQbkt2SemgWFAw=
-1169,-125,xFSBlZSYckOfDazUwmFl45hHFOQ=,RplXG1a1iXYtbFQbkt2SemgWFAw=
-1177,-125,xFSBlZSYckOfDazUwmFl45hHFOQ=,RplXG1a1iXYtbFQbkt2SemgWFAw=
-1184,-124,xFSBlZSYckOfDazUwmFl45hHFOQ=,RplXG1a1iXYtbFQbkt2SemgWFAw=
-1174,-125,xFSBlZSYckOfDazUwmFl45hHFOQ=,RplXG1a1iXYtbFQbkt2SemgWFAw=
-1178,-124,xFSBlZSYckOfDazUwmFl45hHFOQ=,RplXG1a1iXYtbFQbkt2SemgWFAw=
-1172,-125,xFSBlZSYckOfDazUwmFl45hHFOQ=,RplXG1a1iXYtbFQbkt2SemgWFAw=
-1182,-124,xFSBlZSYckOfDazUwmFl45hHFOQ=,RplXG1a1iXYtbFQbkt2SemgWFAw=
-1170,-125,xFSBlZSYckOfDazUwmFl45hHFOQ=,RplXG1a1iXYtbFQbkt2SemgWFAw=
-1173,-125,xFSBlZSYckOfDazUwmFl45hHFOQ=,RplXG1a1iXYtbFQbkt2SemgWFAw=
-1177,-123,xFSBlZSYckOfDazUwmFl45hHFOQ=,RplXG1a1iXYtbFQbkt2SemgWFAw=
-1175,-125,xFSBlZSYckOfDazUwmFl45hHFOQ=,RplXG1a1iXYtbFQbkt2SemgWFAw=
-1184,-125,xFSBlZSYckOfDazUwmFl45hHFOQ=,RplXG1a1iXYtbFQbkt2SemgWFAw=
-1178,-125,xFSBlZSYckOfDazUwmFl45hHFOQ=,RplXG1a1iXYtbFQbkt2SemgWFAw=
-1182,-125,xFSBlZSYckOfDazUwmFl45hHFOQ=,RplXG1a1iXYtbFQbkt2SemgWFAw=
-1180,-125,xFSBlZSYckOfDazUwmFl45hHFOQ=,RplXG1a1iXYtbFQbkt2SemgWFAw=
-1176,-126,xFSBlZSYckOfDazUwmFl45hHFOQ=,RplXG1a1iXYtbFQbkt2SemgWFAw=
-1183,-125,xFSBlZSYckOfDazUwmFl45hHFOQ=,RplXG1a1iXYtbFQbkt2SemgWFAw=
-1170,-126,xFSBlZSYckOfDazUwmFl45hHFOQ=,RplXG1a1iXYtbFQbkt2SemgWFAw=
-1179,-125,xFSBlZSYckOfDazUwmFl45hHFOQ=,RplXG1a1iXYtbFQbkt2SemgWFAw=
-1169,-126,xFSBlZSYckOfDazUwmFl45hHFOQ=,RplXG1a1iXYtbFQbkt2SemgWFAw=
-1175,-126,xFSBlZSYckOfDazUwmFl45hHFOQ=,RplXG1a1iXYtbFQbkt2SemgWFAw=
-1173,-126,xFSBlZSYckOfDazUwmFl45hHFOQ=,RplXG1a1iXYtbFQbkt2SemgWFAw=
-1172,-126,xFSBlZSYckOfDazUwmFl45hHFOQ=,RplXG1a1iXYtbFQbkt2SemgWFAw=
-1177,-126,xFSBlZSYckOfDazUwmFl45hHFOQ=,RplXG1a1iXYtbFQbkt2SemgWFAw=
-1181,-126,xFSBlZSYckOfDazUwmFl45hHFOQ=,RplXG1a1iXYtbFQbkt2SemgWFAw=
-1179,-126,xFSBlZSYckOfDazUwmFl45hHFOQ=,RplXG1a1iXYtbFQbkt2SemgWFAw=
-1174,-126,xFSBlZSYckOfDazUwmFl45hHFOQ=,RplXG1a1iXYtbFQbkt2SemgWFAw=
-1180,-126,xFSBlZSYckOfDazUwmFl45hHFOQ=,RplXG1a1iXYtbFQbkt2SemgWFAw=
-1174,-127,xFSBlZSYckOfDazUwmFl45hHFOQ=,RplXG1a1iXYtbFQbkt2SemgWFAw=
-1171,-127,xFSBlZSYckOfDazUwmFl45hHFOQ=,RplXG1a1iXYtbFQbkt2SemgWFAw=
-1169,-127,xFSBlZSYckOfDazUwmFl45hHFOQ=,RplXG1a1iXYtbFQbkt2SemgWFAw=
-1184,-126,xFSBlZSYckOfDazUwmFl45hHFOQ=,RplXG1a1iXYtbFQbkt2SemgWFAw=
-1184,-128,xFSBlZSYckOfDazUwmFl45hHFOQ=,RplXG1a1iXYtbFQbkt2SemgWFAw=
-1182,-126,xFSBlZSYckOfDazUwmFl45hHFOQ=,RplXG1a1iXYtbFQbkt2SemgWFAw=
-1176,-127,xFSBlZSYckOfDazUwmFl45hHFOQ=,RplXG1a1iXYtbFQbkt2SemgWFAw=
-1183,-126,xFSBlZSYckOfDazUwmFl45hHFOQ=,RplXG1a1iXYtbFQbkt2SemgWFAw=
-1173,-127,xFSBlZSYckOfDazUwmFl45hHFOQ=,RplXG1a1iXYtbFQbkt2SemgWFAw=
-1170,-127,xFSBlZSYckOfDazUwmFl45hHFOQ=,RplXG1a1iXYtbFQbkt2SemgWFAw=
-1174,-121,xFSBlZSYckOfDazUwmFl45hHFOQ=,RplXG1a1iXYtbFQbkt2SemgWFAw=
-1175,-127,xFSBlZSYckOfDazUwmFl45hHFOQ=,RplXG1a1iXYtbFQbkt2SemgWFAw=
-1179,-127,xFSBlZSYckOfDazUwmFl45hHFOQ=,RplXG1a1iXYtbFQbkt2SemgWFAw=
-1181,-127,xFSBlZSYckOfDazUwmFl45hHFOQ=,RplXG1a1iXYtbFQbkt2SemgWFAw=
-1180,-127,xFSBlZSYckOfDazUwmFl45hHFOQ=,RplXG1a1iXYtbFQbkt2SemgWFAw=
-1172,-127,xFSBlZSYckOfDazUwmFl45hHFOQ=,RplXG1a1iXYtbFQbkt2SemgWFAw=
-1178,-127,xFSBlZSYckOfDazUwmFl45hHFOQ=,RplXG1a1iXYtbFQbkt2SemgWFAw=
-1177,-127,xFSBlZSYckOfDazUwmFl45hHFOQ=,RplXG1a1iXYtbFQbkt2SemgWFAw=
-1178,-126,xFSBlZSYckOfDazUwmFl45hHFOQ=,RplXG1a1iXYtbFQbkt2SemgWFAw=
-1184,-120,xFSBlZSYckOfDazUwmFl45hHFOQ=,RplXG1a1iXYtbFQbkt2SemgWFAw=
-1182,-128,xFSBlZSYckOfDazUwmFl45hHFOQ=,RplXG1a1iXYtbFQbkt2SemgWFAw=
-1183,-123,xFSBlZSYckOfDazUwmFl45hHFOQ=,RplXG1a1iXYtbFQbkt2SemgWFAw=
-1170,-121,xFSBlZSYckOfDazUwmFl45hHFOQ=,RplXG1a1iXYtbFQbkt2SemgWFAw=
-1171,-121,xFSBlZSYckOfDazUwmFl45hHFOQ=,RplXG1a1iXYtbFQbkt2SemgWFAw=
-1181,-125,xFSBlZSYckOfDazUwmFl45hHFOQ=,RplXG1a1iXYtbFQbkt2SemgWFAw=
-1171,-126,xFSBlZSYckOfDazUwmFl45hHFOQ=,RplXG1a1iXYtbFQbkt2SemgWFAw=
-1183,-128,xFSBlZSYckOfDazUwmFl45hHFOQ=,RplXG1a1iXYtbFQbkt2SemgWFAw=
-1167,-127,vysDlFz6ykscBfUsHuAU3xeemLg=,RplXG1a1iXYtbFQbkt2SemgWFAw=
-1153,-113,vysDlFz6ykscBfUsHuAU3xeemLg=,RplXG1a1iXYtbFQbkt2SemgWFAw=
-1168,-127,vysDlFz6ykscBfUsHuAU3xeemLg=,RplXG1a1iXYtbFQbkt2SemgWFAw=
-1166,-127,vysDlFz6ykscBfUsHuAU3xeemLg=,RplXG1a1iXYtbFQbkt2SemgWFAw=
-1153,-128,vysDlFz6ykscBfUsHuAU3xeemLg=,RplXG1a1iXYtbFQbkt2SemgWFAw=
-1154,-113,vysDlFz6ykscBfUsHuAU3xeemLg=,RplXG1a1iXYtbFQbkt2SemgWFAw=
-1165,-127,vysDlFz6ykscBfUsHuAU3xeemLg=,RplXG1a1iXYtbFQbkt2SemgWFAw=
-1155,-113,vysDlFz6ykscBfUsHuAU3xeemLg=,RplXG1a1iXYtbFQbkt2SemgWFAw=
-1154,-128,vysDlFz6ykscBfUsHuAU3xeemLg=,RplXG1a1iXYtbFQbkt2SemgWFAw=
-1164,-127,vysDlFz6ykscBfUsHuAU3xeemLg=,RplXG1a1iXYtbFQbkt2SemgWFAw=
-1156,-113,vysDlFz6ykscBfUsHuAU3xeemLg=,RplXG1a1iXYtbFQbkt2SemgWFAw=
-1155,-128,vysDlFz6ykscBfUsHuAU3xeemLg=,RplXG1a1iXYtbFQbkt2SemgWFAw=
-1157,-113,vysDlFz6ykscBfUsHuAU3xeemLg=,RplXG1a1iXYtbFQbkt2SemgWFAw=
-1163,-127,vysDlFz6ykscBfUsHuAU3xeemLg=,RplXG1a1iXYtbFQbkt2SemgWFAw=
-1159,-113,vysDlFz6ykscBfUsHuAU3xeemLg=,RplXG1a1iXYtbFQbkt2SemgWFAw=
-1162,-127,vysDlFz6ykscBfUsHuAU3xeemLg=,RplXG1a1iXYtbFQbkt2SemgWFAw=
-1161,-127,vysDlFz6ykscBfUsHuAU3xeemLg=,RplXG1a1iXYtbFQbkt2SemgWFAw=
-1161,-113,vysDlFz6ykscBfUsHuAU3xeemLg=,RplXG1a1iXYtbFQbkt2SemgWFAw=
-1158,-113,vysDlFz6ykscBfUsHuAU3xeemLg=,RplXG1a1iXYtbFQbkt2SemgWFAw=
-1163,-113,vysDlFz6ykscBfUsHuAU3xeemLg=,RplXG1a1iXYtbFQbkt2SemgWFAw=
-1160,-113,vysDlFz6ykscBfUsHuAU3xeemLg=,RplXG1a1iXYtbFQbkt2SemgWFAw=
-1162,-113,vysDlFz6ykscBfUsHuAU3xeemLg=,RplXG1a1iXYtbFQbkt2SemgWFAw=
-1164,-113,vysDlFz6ykscBfUsHuAU3xeemLg=,RplXG1a1iXYtbFQbkt2SemgWFAw=
-1160,-127,vysDlFz6ykscBfUsHuAU3xeemLg=,RplXG1a1iXYtbFQbkt2SemgWFAw=
-1166,-113,vysDlFz6ykscBfUsHuAU3xeemLg=,RplXG1a1iXYtbFQbkt2SemgWFAw=
-1165,-113,vysDlFz6ykscBfUsHuAU3xeemLg=,RplXG1a1iXYtbFQbkt2SemgWFAw=
-1167,-113,vysDlFz6ykscBfUsHuAU3xeemLg=,RplXG1a1iXYtbFQbkt2SemgWFAw=
-1159,-127,vysDlFz6ykscBfUsHuAU3xeemLg=,RplXG1a1iXYtbFQbkt2SemgWFAw=
-1158,-127,vysDlFz6ykscBfUsHuAU3xeemLg=,RplXG1a1iXYtbFQbkt2SemgWFAw=
-1153,-114,vysDlFz6ykscBfUsHuAU3xeemLg=,RplXG1a1iXYtbFQbkt2SemgWFAw=
-1155,-114,vysDlFz6ykscBfUsHuAU3xeemLg=,RplXG1a1iXYtbFQbkt2SemgWFAw=
-1156,-114,vysDlFz6ykscBfUsHuAU3xeemLg=,RplXG1a1iXYtbFQbkt2SemgWFAw=
-1156,-127,vysDlFz6ykscBfUsHuAU3xeemLg=,RplXG1a1iXYtbFQbkt2SemgWFAw=
-1157,-127,vysDlFz6ykscBfUsHuAU3xeemLg=,RplXG1a1iXYtbFQbkt2SemgWFAw=
-1154,-114,vysDlFz6ykscBfUsHuAU3xeemLg=,RplXG1a1iXYtbFQbkt2SemgWFAw=
-1168,-113,vysDlFz6ykscBfUsHuAU3xeemLg=,RplXG1a1iXYtbFQbkt2SemgWFAw=
-1155,-127,vysDlFz6ykscBfUsHuAU3xeemLg=,RplXG1a1iXYtbFQbkt2SemgWFAw=
-1160,-114,vysDlFz6ykscBfUsHuAU3xeemLg=,RplXG1a1iXYtbFQbkt2SemgWFAw=
-1154,-127,vysDlFz6ykscBfUsHuAU3xeemLg=,RplXG1a1iXYtbFQbkt2SemgWFAw=
-1157,-114,vysDlFz6ykscBfUsHuAU3xeemLg=,RplXG1a1iXYtbFQbkt2SemgWFAw=
-1158,-114,vysDlFz6ykscBfUsHuAU3xeemLg=,RplXG1a1iXYtbFQbkt2SemgWFAw=
-1162,-114,vysDlFz6ykscBfUsHuAU3xeemLg=,RplXG1a1iXYtbFQbkt2SemgWFAw=
-1159,-114,vysDlFz6ykscBfUsHuAU3xeemLg=,RplXG1a1iXYtbFQbkt2SemgWFAw=
-1153,-127,vysDlFz6ykscBfUsHuAU3xeemLg=,RplXG1a1iXYtbFQbkt2SemgWFAw=
-1161,-114,vysDlFz6ykscBfUsHuAU3xeemLg=,RplXG1a1iXYtbFQbkt2SemgWFAw=
-1164,-114,vysDlFz6ykscBfUsHuAU3xeemLg=,RplXG1a1iXYtbFQbkt2SemgWFAw=
-1168,-128,vysDlFz6ykscBfUsHuAU3xeemLg=,RplXG1a1iXYtbFQbkt2SemgWFAw=
-1165,-114,vysDlFz6ykscBfUsHuAU3xeemLg=,RplXG1a1iXYtbFQbkt2SemgWFAw=
-1163,-114,vysDlFz6ykscBfUsHuAU3xeemLg=,RplXG1a1iXYtbFQbkt2SemgWFAw=
-1166,-114,vysDlFz6ykscBfUsHuAU3xeemLg=,RplXG1a1iXYtbFQbkt2SemgWFAw=
-1167,-114,vysDlFz6ykscBfUsHuAU3xeemLg=,RplXG1a1iXYtbFQbkt2SemgWFAw=
-1168,-126,vysDlFz6ykscBfUsHuAU3xeemLg=,RplXG1a1iXYtbFQbkt2SemgWFAw=
-1168,-114,vysDlFz6ykscBfUsHuAU3xeemLg=,RplXG1a1iXYtbFQbkt2SemgWFAw=
-1154,-115,vysDlFz6ykscBfUsHuAU3xeemLg=,RplXG1a1iXYtbFQbkt2SemgWFAw=
-1153,-115,vysDlFz6ykscBfUsHuAU3xeemLg=,RplXG1a1iXYtbFQbkt2SemgWFAw=
-1156,-115,vysDlFz6ykscBfUsHuAU3xeemLg=,RplXG1a1iXYtbFQbkt2SemgWFAw=
-1167,-126,vysDlFz6ykscBfUsHuAU3xeemLg=,RplXG1a1iXYtbFQbkt2SemgWFAw=
-1157,-115,vysDlFz6ykscBfUsHuAU3xeemLg=,RplXG1a1iXYtbFQbkt2SemgWFAw=
-1161,-115,vysDlFz6ykscBfUsHuAU3xeemLg=,RplXG1a1iXYtbFQbkt2SemgWFAw=
-1160,-115,vysDlFz6ykscBfUsHuAU3xeemLg=,RplXG1a1iXYtbFQbkt2SemgWFAw=
-1158,-115,vysDlFz6ykscBfUsHuAU3xeemLg=,RplXG1a1iXYtbFQbkt2SemgWFAw=
-1163,-115,vysDlFz6ykscBfUsHuAU3xeemLg=,RplXG1a1iXYtbFQbkt2SemgWFAw=
-1166,-126,vysDlFz6ykscBfUsHuAU3xeemLg=,RplXG1a1iXYtbFQbkt2SemgWFAw=
-1155,-115,vysDlFz6ykscBfUsHuAU3xeemLg=,RplXG1a1iXYtbFQbkt2SemgWFAw=
-1165,-126,vysDlFz6ykscBfUsHuAU3xeemLg=,RplXG1a1iXYtbFQbkt2SemgWFAw=
-1156,-128,vysDlFz6ykscBfUsHuAU3xeemLg=,RplXG1a1iXYtbFQbkt2SemgWFAw=
-1159,-115,vysDlFz6ykscBfUsHuAU3xeemLg=,RplXG1a1iXYtbFQbkt2SemgWFAw=
-1167,-115,vysDlFz6ykscBfUsHuAU3xeemLg=,RplXG1a1iXYtbFQbkt2SemgWFAw=
-1166,-115,vysDlFz6ykscBfUsHuAU3xeemLg=,RplXG1a1iXYtbFQbkt2SemgWFAw=
-1164,-115,vysDlFz6ykscBfUsHuAU3xeemLg=,RplXG1a1iXYtbFQbkt2SemgWFAw=
-1164,-126,vysDlFz6ykscBfUsHuAU3xeemLg=,RplXG1a1iXYtbFQbkt2SemgWFAw=
-1168,-115,vysDlFz6ykscBfUsHuAU3xeemLg=,RplXG1a1iXYtbFQbkt2SemgWFAw=
-1165,-115,vysDlFz6ykscBfUsHuAU3xeemLg=,RplXG1a1iXYtbFQbkt2SemgWFAw=
-1155,-116,vysDlFz6ykscBfUsHuAU3xeemLg=,RplXG1a1iXYtbFQbkt2SemgWFAw=
-1153,-116,vysDlFz6ykscBfUsHuAU3xeemLg=,RplXG1a1iXYtbFQbkt2SemgWFAw=
-1162,-115,vysDlFz6ykscBfUsHuAU3xeemLg=,RplXG1a1iXYtbFQbkt2SemgWFAw=
-1156,-116,vysDlFz6ykscBfUsHuAU3xeemLg=,RplXG1a1iXYtbFQbkt2SemgWFAw=
-1154,-116,vysDlFz6ykscBfUsHuAU3xeemLg=,RplXG1a1iXYtbFQbkt2SemgWFAw=
-1163,-126,vysDlFz6ykscBfUsHuAU3xeemLg=,RplXG1a1iXYtbFQbkt2SemgWFAw=
-1160,-116,vysDlFz6ykscBfUsHuAU3xeemLg=,RplXG1a1iXYtbFQbkt2SemgWFAw=
-1161,-116,vysDlFz6ykscBfUsHuAU3xeemLg=,RplXG1a1iXYtbFQbkt2SemgWFAw=
-1158,-116,vysDlFz6ykscBfUsHuAU3xeemLg=,RplXG1a1iXYtbFQbkt2SemgWFAw=
-1162,-126,vysDlFz6ykscBfUsHuAU3xeemLg=,RplXG1a1iXYtbFQbkt2SemgWFAw=
-1162,-116,vysDlFz6ykscBfUsHuAU3xeemLg=,RplXG1a1iXYtbFQbkt2SemgWFAw=
-1157,-128,vysDlFz6ykscBfUsHuAU3xeemLg=,RplXG1a1iXYtbFQbkt2SemgWFAw=
-1159,-116,vysDlFz6ykscBfUsHuAU3xeemLg=,RplXG1a1iXYtbFQbkt2SemgWFAw=
-1165,-116,vysDlFz6ykscBfUsHuAU3xeemLg=,RplXG1a1iXYtbFQbkt2SemgWFAw=
-1166,-116,vysDlFz6ykscBfUsHuAU3xeemLg=,RplXG1a1iXYtbFQbkt2SemgWFAw=
-1164,-116,vysDlFz6ykscBfUsHuAU3xeemLg=,RplXG1a1iXYtbFQbkt2SemgWFAw=
-1167,-116,vysDlFz6ykscBfUsHuAU3xeemLg=,RplXG1a1iXYtbFQbkt2SemgWFAw=
-1161,-126,vysDlFz6ykscBfUsHuAU3xeemLg=,RplXG1a1iXYtbFQbkt2SemgWFAw=
-1168,-116,vysDlFz6ykscBfUsHuAU3xeemLg=,RplXG1a1iXYtbFQbkt2SemgWFAw=
-1163,-116,vysDlFz6ykscBfUsHuAU3xeemLg=,RplXG1a1iXYtbFQbkt2SemgWFAw=
-1157,-116,vysDlFz6ykscBfUsHuAU3xeemLg=,RplXG1a1iXYtbFQbkt2SemgWFAw=
-1153,-117,vysDlFz6ykscBfUsHuAU3xeemLg=,RplXG1a1iXYtbFQbkt2SemgWFAw=
-1154,-117,vysDlFz6ykscBfUsHuAU3xeemLg=,RplXG1a1iXYtbFQbkt2SemgWFAw=
-1160,-126,vysDlFz6ykscBfUsHuAU3xeemLg=,RplXG1a1iXYtbFQbkt2SemgWFAw=
-1157,-117,vysDlFz6ykscBfUsHuAU3xeemLg=,RplXG1a1iXYtbFQbkt2SemgWFAw=
-1158,-117,vysDlFz6ykscBfUsHuAU3xeemLg=,RplXG1a1iXYtbFQbkt2SemgWFAw=
-1155,-117,vysDlFz6ykscBfUsHuAU3xeemLg=,RplXG1a1iXYtbFQbkt2SemgWFAw=
-1159,-117,vysDlFz6ykscBfUsHuAU3xeemLg=,RplXG1a1iXYtbFQbkt2SemgWFAw=
-1159,-126,vysDlFz6ykscBfUsHuAU3xeemLg=,RplXG1a1iXYtbFQbkt2SemgWFAw=
-1161,-117,vysDlFz6ykscBfUsHuAU3xeemLg=,RplXG1a1iXYtbFQbkt2SemgWFAw=
-1162,-117,vysDlFz6ykscBfUsHuAU3xeemLg=,RplXG1a1iXYtbFQbkt2SemgWFAw=
-1163,-117,vysDlFz6ykscBfUsHuAU3xeemLg=,RplXG1a1iXYtbFQbkt2SemgWFAw=
-1160,-117,vysDlFz6ykscBfUsHuAU3xeemLg=,RplXG1a1iXYtbFQbkt2SemgWFAw=
-1156,-117,vysDlFz6ykscBfUsHuAU3xeemLg=,RplXG1a1iXYtbFQbkt2SemgWFAw=
-1158,-128,vysDlFz6ykscBfUsHuAU3xeemLg=,RplXG1a1iXYtbFQbkt2SemgWFAw=
-1164,-117,vysDlFz6ykscBfUsHuAU3xeemLg=,RplXG1a1iXYtbFQbkt2SemgWFAw=
-1168,-117,vysDlFz6ykscBfUsHuAU3xeemLg=,RplXG1a1iXYtbFQbkt2SemgWFAw=
-1158,-126,vysDlFz6ykscBfUsHuAU3xeemLg=,RplXG1a1iXYtbFQbkt2SemgWFAw=
-1166,-117,vysDlFz6ykscBfUsHuAU3xeemLg=,RplXG1a1iXYtbFQbkt2SemgWFAw=
-1167,-117,vysDlFz6ykscBfUsHuAU3xeemLg=,RplXG1a1iXYtbFQbkt2SemgWFAw=
-1153,-118,vysDlFz6ykscBfUsHuAU3xeemLg=,RplXG1a1iXYtbFQbkt2SemgWFAw=
-1157,-126,vysDlFz6ykscBfUsHuAU3xeemLg=,RplXG1a1iXYtbFQbkt2SemgWFAw=
-1157,-118,vysDlFz6ykscBfUsHuAU3xeemLg=,RplXG1a1iXYtbFQbkt2SemgWFAw=
-1156,-118,vysDlFz6ykscBfUsHuAU3xeemLg=,RplXG1a1iXYtbFQbkt2SemgWFAw=
-1165,-117,vysDlFz6ykscBfUsHuAU3xeemLg=,RplXG1a1iXYtbFQbkt2SemgWFAw=
-1155,-118,vysDlFz6ykscBfUsHuAU3xeemLg=,RplXG1a1iXYtbFQbkt2SemgWFAw=
-1156,-126,vysDlFz6ykscBfUsHuAU3xeemLg=,RplXG1a1iXYtbFQbkt2SemgWFAw=
-1158,-118,vysDlFz6ykscBfUsHuAU3xeemLg=,RplXG1a1iXYtbFQbkt2SemgWFAw=
-1160,-118,vysDlFz6ykscBfUsHuAU3xeemLg=,RplXG1a1iXYtbFQbkt2SemgWFAw=
-1159,-128,vysDlFz6ykscBfUsHuAU3xeemLg=,RplXG1a1iXYtbFQbkt2SemgWFAw=
-1162,-118,vysDlFz6ykscBfUsHuAU3xeemLg=,RplXG1a1iXYtbFQbkt2SemgWFAw=
-1163,-118,vysDlFz6ykscBfUsHuAU3xeemLg=,RplXG1a1iXYtbFQbkt2SemgWFAw=
-1164,-118,vysDlFz6ykscBfUsHuAU3xeemLg=,RplXG1a1iXYtbFQbkt2SemgWFAw=
-1165,-118,vysDlFz6ykscBfUsHuAU3xeemLg=,RplXG1a1iXYtbFQbkt2SemgWFAw=
-1155,-126,vysDlFz6ykscBfUsHuAU3xeemLg=,RplXG1a1iXYtbFQbkt2SemgWFAw=
-1159,-118,vysDlFz6ykscBfUsHuAU3xeemLg=,RplXG1a1iXYtbFQbkt2SemgWFAw=
-1166,-118,vysDlFz6ykscBfUsHuAU3xeemLg=,RplXG1a1iXYtbFQbkt2SemgWFAw=
-1167,-118,vysDlFz6ykscBfUsHuAU3xeemLg=,RplXG1a1iXYtbFQbkt2SemgWFAw=
-1161,-118,vysDlFz6ykscBfUsHuAU3xeemLg=,RplXG1a1iXYtbFQbkt2SemgWFAw=
-1168,-118,vysDlFz6ykscBfUsHuAU3xeemLg=,RplXG1a1iXYtbFQbkt2SemgWFAw=
-1154,-126,vysDlFz6ykscBfUsHuAU3xeemLg=,RplXG1a1iXYtbFQbkt2SemgWFAw=
-1153,-119,vysDlFz6ykscBfUsHuAU3xeemLg=,RplXG1a1iXYtbFQbkt2SemgWFAw=
-1154,-119,vysDlFz6ykscBfUsHuAU3xeemLg=,RplXG1a1iXYtbFQbkt2SemgWFAw=
-1156,-119,vysDlFz6ykscBfUsHuAU3xeemLg=,RplXG1a1iXYtbFQbkt2SemgWFAw=
-1154,-118,vysDlFz6ykscBfUsHuAU3xeemLg=,RplXG1a1iXYtbFQbkt2SemgWFAw=
-1158,-119,vysDlFz6ykscBfUsHuAU3xeemLg=,RplXG1a1iXYtbFQbkt2SemgWFAw=
-1162,-119,vysDlFz6ykscBfUsHuAU3xeemLg=,RplXG1a1iXYtbFQbkt2SemgWFAw=
-1167,-128,vysDlFz6ykscBfUsHuAU3xeemLg=,RplXG1a1iXYtbFQbkt2SemgWFAw=
-1160,-119,vysDlFz6ykscBfUsHuAU3xeemLg=,RplXG1a1iXYtbFQbkt2SemgWFAw=
-1157,-119,vysDlFz6ykscBfUsHuAU3xeemLg=,RplXG1a1iXYtbFQbkt2SemgWFAw=
-1160,-128,vysDlFz6ykscBfUsHuAU3xeemLg=,RplXG1a1iXYtbFQbkt2SemgWFAw=
-1161,-119,vysDlFz6ykscBfUsHuAU3xeemLg=,RplXG1a1iXYtbFQbkt2SemgWFAw=
-1155,-119,vysDlFz6ykscBfUsHuAU3xeemLg=,RplXG1a1iXYtbFQbkt2SemgWFAw=
-1159,-119,vysDlFz6ykscBfUsHuAU3xeemLg=,RplXG1a1iXYtbFQbkt2SemgWFAw=
-1165,-119,vysDlFz6ykscBfUsHuAU3xeemLg=,RplXG1a1iXYtbFQbkt2SemgWFAw=
-1164,-119,vysDlFz6ykscBfUsHuAU3xeemLg=,RplXG1a1iXYtbFQbkt2SemgWFAw=
-1166,-119,vysDlFz6ykscBfUsHuAU3xeemLg=,RplXG1a1iXYtbFQbkt2SemgWFAw=
-1163,-119,vysDlFz6ykscBfUsHuAU3xeemLg=,RplXG1a1iXYtbFQbkt2SemgWFAw=
-1153,-126,vysDlFz6ykscBfUsHuAU3xeemLg=,RplXG1a1iXYtbFQbkt2SemgWFAw=
-1167,-119,vysDlFz6ykscBfUsHuAU3xeemLg=,RplXG1a1iXYtbFQbkt2SemgWFAw=
-1153,-120,vysDlFz6ykscBfUsHuAU3xeemLg=,RplXG1a1iXYtbFQbkt2SemgWFAw=
-1155,-120,vysDlFz6ykscBfUsHuAU3xeemLg=,RplXG1a1iXYtbFQbkt2SemgWFAw=
-1168,-119,vysDlFz6ykscBfUsHuAU3xeemLg=,RplXG1a1iXYtbFQbkt2SemgWFAw=
-1157,-120,vysDlFz6ykscBfUsHuAU3xeemLg=,RplXG1a1iXYtbFQbkt2SemgWFAw=
-1156,-120,vysDlFz6ykscBfUsHuAU3xeemLg=,RplXG1a1iXYtbFQbkt2SemgWFAw=
-1159,-120,vysDlFz6ykscBfUsHuAU3xeemLg=,RplXG1a1iXYtbFQbkt2SemgWFAw=
-1154,-120,vysDlFz6ykscBfUsHuAU3xeemLg=,RplXG1a1iXYtbFQbkt2SemgWFAw=
-1164,-120,vysDlFz6ykscBfUsHuAU3xeemLg=,RplXG1a1iXYtbFQbkt2SemgWFAw=
-1161,-128,vysDlFz6ykscBfUsHuAU3xeemLg=,RplXG1a1iXYtbFQbkt2SemgWFAw=
-1168,-125,vysDlFz6ykscBfUsHuAU3xeemLg=,RplXG1a1iXYtbFQbkt2SemgWFAw=
-1163,-120,vysDlFz6ykscBfUsHuAU3xeemLg=,RplXG1a1iXYtbFQbkt2SemgWFAw=
-1161,-120,vysDlFz6ykscBfUsHuAU3xeemLg=,RplXG1a1iXYtbFQbkt2SemgWFAw=
-1166,-120,vysDlFz6ykscBfUsHuAU3xeemLg=,RplXG1a1iXYtbFQbkt2SemgWFAw=
-1162,-120,vysDlFz6ykscBfUsHuAU3xeemLg=,RplXG1a1iXYtbFQbkt2SemgWFAw=
-1165,-120,vysDlFz6ykscBfUsHuAU3xeemLg=,RplXG1a1iXYtbFQbkt2SemgWFAw=
-1167,-120,vysDlFz6ykscBfUsHuAU3xeemLg=,RplXG1a1iXYtbFQbkt2SemgWFAw=
-1153,-121,vysDlFz6ykscBfUsHuAU3xeemLg=,RplXG1a1iXYtbFQbkt2SemgWFAw=
-1154,-121,vysDlFz6ykscBfUsHuAU3xeemLg=,RplXG1a1iXYtbFQbkt2SemgWFAw=
-1162,-128,vysDlFz6ykscBfUsHuAU3xeemLg=,RplXG1a1iXYtbFQbkt2SemgWFAw=
-1160,-120,vysDlFz6ykscBfUsHuAU3xeemLg=,RplXG1a1iXYtbFQbkt2SemgWFAw=
-1155,-121,vysDlFz6ykscBfUsHuAU3xeemLg=,RplXG1a1iXYtbFQbkt2SemgWFAw=
-1168,-120,vysDlFz6ykscBfUsHuAU3xeemLg=,RplXG1a1iXYtbFQbkt2SemgWFAw=
-1159,-121,vysDlFz6ykscBfUsHuAU3xeemLg=,RplXG1a1iXYtbFQbkt2SemgWFAw=
-1167,-125,vysDlFz6ykscBfUsHuAU3xeemLg=,RplXG1a1iXYtbFQbkt2SemgWFAw=
-1157,-121,vysDlFz6ykscBfUsHuAU3xeemLg=,RplXG1a1iXYtbFQbkt2SemgWFAw=
-1162,-121,vysDlFz6ykscBfUsHuAU3xeemLg=,RplXG1a1iXYtbFQbkt2SemgWFAw=
-1158,-121,vysDlFz6ykscBfUsHuAU3xeemLg=,RplXG1a1iXYtbFQbkt2SemgWFAw=
-1164,-121,vysDlFz6ykscBfUsHuAU3xeemLg=,RplXG1a1iXYtbFQbkt2SemgWFAw=
-1161,-121,vysDlFz6ykscBfUsHuAU3xeemLg=,RplXG1a1iXYtbFQbkt2SemgWFAw=
-1158,-120,vysDlFz6ykscBfUsHuAU3xeemLg=,RplXG1a1iXYtbFQbkt2SemgWFAw=
-1166,-121,vysDlFz6ykscBfUsHuAU3xeemLg=,RplXG1a1iXYtbFQbkt2SemgWFAw=
-1155,-122,vysDlFz6ykscBfUsHuAU3xeemLg=,RplXG1a1iXYtbFQbkt2SemgWFAw=
-1154,-122,vysDlFz6ykscBfUsHuAU3xeemLg=,RplXG1a1iXYtbFQbkt2SemgWFAw=
-1156,-122,vysDlFz6ykscBfUsHuAU3xeemLg=,RplXG1a1iXYtbFQbkt2SemgWFAw=
-1153,-122,vysDlFz6ykscBfUsHuAU3xeemLg=,RplXG1a1iXYtbFQbkt2SemgWFAw=
-1159,-122,vysDlFz6ykscBfUsHuAU3xeemLg=,RplXG1a1iXYtbFQbkt2SemgWFAw=
-1163,-128,vysDlFz6ykscBfUsHuAU3xeemLg=,RplXG1a1iXYtbFQbkt2SemgWFAw=
-1165,-121,vysDlFz6ykscBfUsHuAU3xeemLg=,RplXG1a1iXYtbFQbkt2SemgWFAw=
-1160,-122,vysDlFz6ykscBfUsHuAU3xeemLg=,RplXG1a1iXYtbFQbkt2SemgWFAw=
-1158,-122,vysDlFz6ykscBfUsHuAU3xeemLg=,RplXG1a1iXYtbFQbkt2SemgWFAw=
-1168,-121,vysDlFz6ykscBfUsHuAU3xeemLg=,RplXG1a1iXYtbFQbkt2SemgWFAw=
-1163,-121,vysDlFz6ykscBfUsHuAU3xeemLg=,RplXG1a1iXYtbFQbkt2SemgWFAw=
-1160,-121,vysDlFz6ykscBfUsHuAU3xeemLg=,RplXG1a1iXYtbFQbkt2SemgWFAw=
-1156,-121,vysDlFz6ykscBfUsHuAU3xeemLg=,RplXG1a1iXYtbFQbkt2SemgWFAw=
-1162,-122,vysDlFz6ykscBfUsHuAU3xeemLg=,RplXG1a1iXYtbFQbkt2SemgWFAw=
-1163,-122,vysDlFz6ykscBfUsHuAU3xeemLg=,RplXG1a1iXYtbFQbkt2SemgWFAw=
-1167,-121,vysDlFz6ykscBfUsHuAU3xeemLg=,RplXG1a1iXYtbFQbkt2SemgWFAw=
-1161,-122,vysDlFz6ykscBfUsHuAU3xeemLg=,RplXG1a1iXYtbFQbkt2SemgWFAw=
-1166,-125,vysDlFz6ykscBfUsHuAU3xeemLg=,RplXG1a1iXYtbFQbkt2SemgWFAw=
-1164,-122,vysDlFz6ykscBfUsHuAU3xeemLg=,RplXG1a1iXYtbFQbkt2SemgWFAw=
-1156,-123,vysDlFz6ykscBfUsHuAU3xeemLg=,RplXG1a1iXYtbFQbkt2SemgWFAw=
-1165,-122,vysDlFz6ykscBfUsHuAU3xeemLg=,RplXG1a1iXYtbFQbkt2SemgWFAw=
-1157,-123,vysDlFz6ykscBfUsHuAU3xeemLg=,RplXG1a1iXYtbFQbkt2SemgWFAw=
-1153,-123,vysDlFz6ykscBfUsHuAU3xeemLg=,RplXG1a1iXYtbFQbkt2SemgWFAw=
-1164,-128,vysDlFz6ykscBfUsHuAU3xeemLg=,RplXG1a1iXYtbFQbkt2SemgWFAw=
-1168,-122,vysDlFz6ykscBfUsHuAU3xeemLg=,RplXG1a1iXYtbFQbkt2SemgWFAw=
-1167,-122,vysDlFz6ykscBfUsHuAU3xeemLg=,RplXG1a1iXYtbFQbkt2SemgWFAw=
-1157,-122,vysDlFz6ykscBfUsHuAU3xeemLg=,RplXG1a1iXYtbFQbkt2SemgWFAw=
-1158,-123,vysDlFz6ykscBfUsHuAU3xeemLg=,RplXG1a1iXYtbFQbkt2SemgWFAw=
-1166,-123,vysDlFz6ykscBfUsHuAU3xeemLg=,RplXG1a1iXYtbFQbkt2SemgWFAw=
-1162,-123,vysDlFz6ykscBfUsHuAU3xeemLg=,RplXG1a1iXYtbFQbkt2SemgWFAw=
-1159,-123,vysDlFz6ykscBfUsHuAU3xeemLg=,RplXG1a1iXYtbFQbkt2SemgWFAw=
-1165,-123,vysDlFz6ykscBfUsHuAU3xeemLg=,RplXG1a1iXYtbFQbkt2SemgWFAw=
-1160,-123,vysDlFz6ykscBfUsHuAU3xeemLg=,RplXG1a1iXYtbFQbkt2SemgWFAw=
-1153,-124,vysDlFz6ykscBfUsHuAU3xeemLg=,RplXG1a1iXYtbFQbkt2SemgWFAw=
-1158,-124,vysDlFz6ykscBfUsHuAU3xeemLg=,RplXG1a1iXYtbFQbkt2SemgWFAw=
-1163,-123,vysDlFz6ykscBfUsHuAU3xeemLg=,RplXG1a1iXYtbFQbkt2SemgWFAw=
-1166,-122,vysDlFz6ykscBfUsHuAU3xeemLg=,RplXG1a1iXYtbFQbkt2SemgWFAw=
-1164,-123,vysDlFz6ykscBfUsHuAU3xeemLg=,RplXG1a1iXYtbFQbkt2SemgWFAw=
-1157,-124,vysDlFz6ykscBfUsHuAU3xeemLg=,RplXG1a1iXYtbFQbkt2SemgWFAw=
-1167,-123,vysDlFz6ykscBfUsHuAU3xeemLg=,RplXG1a1iXYtbFQbkt2SemgWFAw=
-1168,-123,vysDlFz6ykscBfUsHuAU3xeemLg=,RplXG1a1iXYtbFQbkt2SemgWFAw=
-1153,-125,vysDlFz6ykscBfUsHuAU3xeemLg=,RplXG1a1iXYtbFQbkt2SemgWFAw=
-1160,-124,vysDlFz6ykscBfUsHuAU3xeemLg=,RplXG1a1iXYtbFQbkt2SemgWFAw=
-1159,-124,vysDlFz6ykscBfUsHuAU3xeemLg=,RplXG1a1iXYtbFQbkt2SemgWFAw=
-1155,-123,vysDlFz6ykscBfUsHuAU3xeemLg=,RplXG1a1iXYtbFQbkt2SemgWFAw=
-1155,-124,vysDlFz6ykscBfUsHuAU3xeemLg=,RplXG1a1iXYtbFQbkt2SemgWFAw=
-1167,-124,vysDlFz6ykscBfUsHuAU3xeemLg=,RplXG1a1iXYtbFQbkt2SemgWFAw=
-1154,-124,vysDlFz6ykscBfUsHuAU3xeemLg=,RplXG1a1iXYtbFQbkt2SemgWFAw=
-1165,-128,vysDlFz6ykscBfUsHuAU3xeemLg=,RplXG1a1iXYtbFQbkt2SemgWFAw=
-1165,-124,vysDlFz6ykscBfUsHuAU3xeemLg=,RplXG1a1iXYtbFQbkt2SemgWFAw=
-1156,-125,vysDlFz6ykscBfUsHuAU3xeemLg=,RplXG1a1iXYtbFQbkt2SemgWFAw=
-1161,-125,vysDlFz6ykscBfUsHuAU3xeemLg=,RplXG1a1iXYtbFQbkt2SemgWFAw=
-1166,-128,vysDlFz6ykscBfUsHuAU3xeemLg=,RplXG1a1iXYtbFQbkt2SemgWFAw=
-1164,-124,vysDlFz6ykscBfUsHuAU3xeemLg=,RplXG1a1iXYtbFQbkt2SemgWFAw=
-1159,-125,vysDlFz6ykscBfUsHuAU3xeemLg=,RplXG1a1iXYtbFQbkt2SemgWFAw=
-1168,-124,vysDlFz6ykscBfUsHuAU3xeemLg=,RplXG1a1iXYtbFQbkt2SemgWFAw=
-1162,-124,vysDlFz6ykscBfUsHuAU3xeemLg=,RplXG1a1iXYtbFQbkt2SemgWFAw=
-1166,-124,vysDlFz6ykscBfUsHuAU3xeemLg=,RplXG1a1iXYtbFQbkt2SemgWFAw=
-1154,-125,vysDlFz6ykscBfUsHuAU3xeemLg=,RplXG1a1iXYtbFQbkt2SemgWFAw=
-1160,-125,vysDlFz6ykscBfUsHuAU3xeemLg=,RplXG1a1iXYtbFQbkt2SemgWFAw=
-1158,-125,vysDlFz6ykscBfUsHuAU3xeemLg=,RplXG1a1iXYtbFQbkt2SemgWFAw=
-1155,-125,vysDlFz6ykscBfUsHuAU3xeemLg=,RplXG1a1iXYtbFQbkt2SemgWFAw=
-1163,-124,vysDlFz6ykscBfUsHuAU3xeemLg=,RplXG1a1iXYtbFQbkt2SemgWFAw=
-1157,-125,vysDlFz6ykscBfUsHuAU3xeemLg=,RplXG1a1iXYtbFQbkt2SemgWFAw=
-1154,-123,vysDlFz6ykscBfUsHuAU3xeemLg=,RplXG1a1iXYtbFQbkt2SemgWFAw=
-1162,-125,vysDlFz6ykscBfUsHuAU3xeemLg=,RplXG1a1iXYtbFQbkt2SemgWFAw=
-1161,-123,vysDlFz6ykscBfUsHuAU3xeemLg=,RplXG1a1iXYtbFQbkt2SemgWFAw=
-1165,-125,vysDlFz6ykscBfUsHuAU3xeemLg=,RplXG1a1iXYtbFQbkt2SemgWFAw=
-1156,-124,vysDlFz6ykscBfUsHuAU3xeemLg=,RplXG1a1iXYtbFQbkt2SemgWFAw=
-1161,-124,vysDlFz6ykscBfUsHuAU3xeemLg=,RplXG1a1iXYtbFQbkt2SemgWFAw=
-1163,-125,vysDlFz6ykscBfUsHuAU3xeemLg=,RplXG1a1iXYtbFQbkt2SemgWFAw=
-1164,-125,vysDlFz6ykscBfUsHuAU3xeemLg=,RplXG1a1iXYtbFQbkt2SemgWFAw=
-1182,-112,rMjtEvaPNssSHqRKGSSlXryfbW8=,RplXG1a1iXYtbFQbkt2SemgWFAw=
-1184,-112,rMjtEvaPNssSHqRKGSSlXryfbW8=,RplXG1a1iXYtbFQbkt2SemgWFAw=
-1183,-112,rMjtEvaPNssSHqRKGSSlXryfbW8=,RplXG1a1iXYtbFQbkt2SemgWFAw=
-1171,-97,rMjtEvaPNssSHqRKGSSlXryfbW8=,RplXG1a1iXYtbFQbkt2SemgWFAw=
-1170,-97,rMjtEvaPNssSHqRKGSSlXryfbW8=,RplXG1a1iXYtbFQbkt2SemgWFAw=
-1169,-97,rMjtEvaPNssSHqRKGSSlXryfbW8=,RplXG1a1iXYtbFQbkt2SemgWFAw=
-1173,-97,rMjtEvaPNssSHqRKGSSlXryfbW8=,RplXG1a1iXYtbFQbkt2SemgWFAw=
-1175,-97,rMjtEvaPNssSHqRKGSSlXryfbW8=,RplXG1a1iXYtbFQbkt2SemgWFAw=
-1174,-97,rMjtEvaPNssSHqRKGSSlXryfbW8=,RplXG1a1iXYtbFQbkt2SemgWFAw=
-1172,-97,rMjtEvaPNssSHqRKGSSlXryfbW8=,RplXG1a1iXYtbFQbkt2SemgWFAw=
-1176,-97,rMjtEvaPNssSHqRKGSSlXryfbW8=,RplXG1a1iXYtbFQbkt2SemgWFAw=
-1177,-97,rMjtEvaPNssSHqRKGSSlXryfbW8=,RplXG1a1iXYtbFQbkt2SemgWFAw=
-1178,-97,rMjtEvaPNssSHqRKGSSlXryfbW8=,RplXG1a1iXYtbFQbkt2SemgWFAw=
-1179,-97,rMjtEvaPNssSHqRKGSSlXryfbW8=,RplXG1a1iXYtbFQbkt2SemgWFAw=
-1180,-97,rMjtEvaPNssSHqRKGSSlXryfbW8=,RplXG1a1iXYtbFQbkt2SemgWFAw=
-1181,-97,rMjtEvaPNssSHqRKGSSlXryfbW8=,RplXG1a1iXYtbFQbkt2SemgWFAw=
-1182,-97,rMjtEvaPNssSHqRKGSSlXryfbW8=,RplXG1a1iXYtbFQbkt2SemgWFAw=
-1183,-97,rMjtEvaPNssSHqRKGSSlXryfbW8=,RplXG1a1iXYtbFQbkt2SemgWFAw=
-1184,-97,rMjtEvaPNssSHqRKGSSlXryfbW8=,RplXG1a1iXYtbFQbkt2SemgWFAw=
-1169,-98,rMjtEvaPNssSHqRKGSSlXryfbW8=,RplXG1a1iXYtbFQbkt2SemgWFAw=
-1172,-98,rMjtEvaPNssSHqRKGSSlXryfbW8=,RplXG1a1iXYtbFQbkt2SemgWFAw=
-1170,-98,rMjtEvaPNssSHqRKGSSlXryfbW8=,RplXG1a1iXYtbFQbkt2SemgWFAw=
-1171,-98,rMjtEvaPNssSHqRKGSSlXryfbW8=,RplXG1a1iXYtbFQbkt2SemgWFAw=
-1174,-98,rMjtEvaPNssSHqRKGSSlXryfbW8=,RplXG1a1iXYtbFQbkt2SemgWFAw=
-1173,-98,rMjtEvaPNssSHqRKGSSlXryfbW8=,RplXG1a1iXYtbFQbkt2SemgWFAw=
-1175,-98,rMjtEvaPNssSHqRKGSSlXryfbW8=,RplXG1a1iXYtbFQbkt2SemgWFAw=
-1177,-98,rMjtEvaPNssSHqRKGSSlXryfbW8=,RplXG1a1iXYtbFQbkt2SemgWFAw=
-1176,-98,rMjtEvaPNssSHqRKGSSlXryfbW8=,RplXG1a1iXYtbFQbkt2SemgWFAw=
-1179,-98,rMjtEvaPNssSHqRKGSSlXryfbW8=,RplXG1a1iXYtbFQbkt2SemgWFAw=
-1180,-98,rMjtEvaPNssSHqRKGSSlXryfbW8=,RplXG1a1iXYtbFQbkt2SemgWFAw=
-1178,-98,rMjtEvaPNssSHqRKGSSlXryfbW8=,RplXG1a1iXYtbFQbkt2SemgWFAw=
-1181,-98,rMjtEvaPNssSHqRKGSSlXryfbW8=,RplXG1a1iXYtbFQbkt2SemgWFAw=
-1184,-98,rMjtEvaPNssSHqRKGSSlXryfbW8=,RplXG1a1iXYtbFQbkt2SemgWFAw=
-1169,-99,rMjtEvaPNssSHqRKGSSlXryfbW8=,RplXG1a1iXYtbFQbkt2SemgWFAw=
-1183,-98,rMjtEvaPNssSHqRKGSSlXryfbW8=,RplXG1a1iXYtbFQbkt2SemgWFAw=
-1182,-98,rMjtEvaPNssSHqRKGSSlXryfbW8=,RplXG1a1iXYtbFQbkt2SemgWFAw=
-1170,-99,rMjtEvaPNssSHqRKGSSlXryfbW8=,RplXG1a1iXYtbFQbkt2SemgWFAw=
-1171,-99,rMjtEvaPNssSHqRKGSSlXryfbW8=,RplXG1a1iXYtbFQbkt2SemgWFAw=
-1172,-99,rMjtEvaPNssSHqRKGSSlXryfbW8=,RplXG1a1iXYtbFQbkt2SemgWFAw=
-1175,-99,rMjtEvaPNssSHqRKGSSlXryfbW8=,RplXG1a1iXYtbFQbkt2SemgWFAw=
-1173,-99,rMjtEvaPNssSHqRKGSSlXryfbW8=,RplXG1a1iXYtbFQbkt2SemgWFAw=
-1174,-99,rMjtEvaPNssSHqRKGSSlXryfbW8=,RplXG1a1iXYtbFQbkt2SemgWFAw=
-1176,-99,rMjtEvaPNssSHqRKGSSlXryfbW8=,RplXG1a1iXYtbFQbkt2SemgWFAw=
-1177,-99,rMjtEvaPNssSHqRKGSSlXryfbW8=,RplXG1a1iXYtbFQbkt2SemgWFAw=
-1179,-99,rMjtEvaPNssSHqRKGSSlXryfbW8=,RplXG1a1iXYtbFQbkt2SemgWFAw=
-1178,-99,rMjtEvaPNssSHqRKGSSlXryfbW8=,RplXG1a1iXYtbFQbkt2SemgWFAw=
-1183,-99,rMjtEvaPNssSHqRKGSSlXryfbW8=,RplXG1a1iXYtbFQbkt2SemgWFAw=
-1180,-99,rMjtEvaPNssSHqRKGSSlXryfbW8=,RplXG1a1iXYtbFQbkt2SemgWFAw=
-1182,-99,rMjtEvaPNssSHqRKGSSlXryfbW8=,RplXG1a1iXYtbFQbkt2SemgWFAw=
-1184,-99,rMjtEvaPNssSHqRKGSSlXryfbW8=,RplXG1a1iXYtbFQbkt2SemgWFAw=
-1181,-99,rMjtEvaPNssSHqRKGSSlXryfbW8=,RplXG1a1iXYtbFQbkt2SemgWFAw=
-1170,-100,rMjtEvaPNssSHqRKGSSlXryfbW8=,RplXG1a1iXYtbFQbkt2SemgWFAw=
-1172,-100,rMjtEvaPNssSHqRKGSSlXryfbW8=,RplXG1a1iXYtbFQbkt2SemgWFAw=
-1169,-100,rMjtEvaPNssSHqRKGSSlXryfbW8=,RplXG1a1iXYtbFQbkt2SemgWFAw=
-1171,-100,rMjtEvaPNssSHqRKGSSlXryfbW8=,RplXG1a1iXYtbFQbkt2SemgWFAw=
-1174,-100,rMjtEvaPNssSHqRKGSSlXryfbW8=,RplXG1a1iXYtbFQbkt2SemgWFAw=
-1175,-100,rMjtEvaPNssSHqRKGSSlXryfbW8=,RplXG1a1iXYtbFQbkt2SemgWFAw=
-1173,-100,rMjtEvaPNssSHqRKGSSlXryfbW8=,RplXG1a1iXYtbFQbkt2SemgWFAw=
-1176,-100,rMjtEvaPNssSHqRKGSSlXryfbW8=,RplXG1a1iXYtbFQbkt2SemgWFAw=
-1182,-100,rMjtEvaPNssSHqRKGSSlXryfbW8=,RplXG1a1iXYtbFQbkt2SemgWFAw=
-1180,-100,rMjtEvaPNssSHqRKGSSlXryfbW8=,RplXG1a1iXYtbFQbkt2SemgWFAw=
-1178,-100,rMjtEvaPNssSHqRKGSSlXryfbW8=,RplXG1a1iXYtbFQbkt2SemgWFAw=
-1177,-100,rMjtEvaPNssSHqRKGSSlXryfbW8=,RplXG1a1iXYtbFQbkt2SemgWFAw=
-1181,-100,rMjtEvaPNssSHqRKGSSlXryfbW8=,RplXG1a1iXYtbFQbkt2SemgWFAw=
-1184,-100,rMjtEvaPNssSHqRKGSSlXryfbW8=,RplXG1a1iXYtbFQbkt2SemgWFAw=
-1179,-100,rMjtEvaPNssSHqRKGSSlXryfbW8=,RplXG1a1iXYtbFQbkt2SemgWFAw=
-1171,-101,rMjtEvaPNssSHqRKGSSlXryfbW8=,RplXG1a1iXYtbFQbkt2SemgWFAw=
-1172,-101,rMjtEvaPNssSHqRKGSSlXryfbW8=,RplXG1a1iXYtbFQbkt2SemgWFAw=
-1170,-101,rMjtEvaPNssSHqRKGSSlXryfbW8=,RplXG1a1iXYtbFQbkt2SemgWFAw=
-1183,-100,rMjtEvaPNssSHqRKGSSlXryfbW8=,RplXG1a1iXYtbFQbkt2SemgWFAw=
-1173,-101,rMjtEvaPNssSHqRKGSSlXryfbW8=,RplXG1a1iXYtbFQbkt2SemgWFAw=
-1175,-101,rMjtEvaPNssSHqRKGSSlXryfbW8=,RplXG1a1iXYtbFQbkt2SemgWFAw=
-1169,-101,rMjtEvaPNssSHqRKGSSlXryfbW8=,RplXG1a1iXYtbFQbkt2SemgWFAw=
-1176,-101,rMjtEvaPNssSHqRKGSSlXryfbW8=,RplXG1a1iXYtbFQbkt2SemgWFAw=
-1177,-101,rMjtEvaPNssSHqRKGSSlXryfbW8=,RplXG1a1iXYtbFQbkt2SemgWFAw=
-1174,-101,rMjtEvaPNssSHqRKGSSlXryfbW8=,RplXG1a1iXYtbFQbkt2SemgWFAw=
-1178,-101,rMjtEvaPNssSHqRKGSSlXryfbW8=,RplXG1a1iXYtbFQbkt2SemgWFAw=
-1179,-101,rMjtEvaPNssSHqRKGSSlXryfbW8=,RplXG1a1iXYtbFQbkt2SemgWFAw=
-1182,-101,rMjtEvaPNssSHqRKGSSlXryfbW8=,RplXG1a1iXYtbFQbkt2SemgWFAw=
-1180,-101,rMjtEvaPNssSHqRKGSSlXryfbW8=,RplXG1a1iXYtbFQbkt2SemgWFAw=
-1181,-101,rMjtEvaPNssSHqRKGSSlXryfbW8=,RplXG1a1iXYtbFQbkt2SemgWFAw=
-1183,-101,rMjtEvaPNssSHqRKGSSlXryfbW8=,RplXG1a1iXYtbFQbkt2SemgWFAw=
-1184,-101,rMjtEvaPNssSHqRKGSSlXryfbW8=,RplXG1a1iXYtbFQbkt2SemgWFAw=
-1169,-102,rMjtEvaPNssSHqRKGSSlXryfbW8=,RplXG1a1iXYtbFQbkt2SemgWFAw=
-1172,-102,rMjtEvaPNssSHqRKGSSlXryfbW8=,RplXG1a1iXYtbFQbkt2SemgWFAw=
-1171,-102,rMjtEvaPNssSHqRKGSSlXryfbW8=,RplXG1a1iXYtbFQbkt2SemgWFAw=
-1173,-102,rMjtEvaPNssSHqRKGSSlXryfbW8=,RplXG1a1iXYtbFQbkt2SemgWFAw=
-1176,-102,rMjtEvaPNssSHqRKGSSlXryfbW8=,RplXG1a1iXYtbFQbkt2SemgWFAw=
-1170,-102,rMjtEvaPNssSHqRKGSSlXryfbW8=,RplXG1a1iXYtbFQbkt2SemgWFAw=
-1174,-102,rMjtEvaPNssSHqRKGSSlXryfbW8=,RplXG1a1iXYtbFQbkt2SemgWFAw=
-1178,-102,rMjtEvaPNssSHqRKGSSlXryfbW8=,RplXG1a1iXYtbFQbkt2SemgWFAw=
-1179,-102,rMjtEvaPNssSHqRKGSSlXryfbW8=,RplXG1a1iXYtbFQbkt2SemgWFAw=
-1175,-102,rMjtEvaPNssSHqRKGSSlXryfbW8=,RplXG1a1iXYtbFQbkt2SemgWFAw=
-1182,-102,rMjtEvaPNssSHqRKGSSlXryfbW8=,RplXG1a1iXYtbFQbkt2SemgWFAw=
-1183,-102,rMjtEvaPNssSHqRKGSSlXryfbW8=,RplXG1a1iXYtbFQbkt2SemgWFAw=
-1181,-102,rMjtEvaPNssSHqRKGSSlXryfbW8=,RplXG1a1iXYtbFQbkt2SemgWFAw=
-1180,-102,rMjtEvaPNssSHqRKGSSlXryfbW8=,RplXG1a1iXYtbFQbkt2SemgWFAw=
-1177,-102,rMjtEvaPNssSHqRKGSSlXryfbW8=,RplXG1a1iXYtbFQbkt2SemgWFAw=
-1169,-103,rMjtEvaPNssSHqRKGSSlXryfbW8=,RplXG1a1iXYtbFQbkt2SemgWFAw=
-1184,-102,rMjtEvaPNssSHqRKGSSlXryfbW8=,RplXG1a1iXYtbFQbkt2SemgWFAw=
-1170,-103,rMjtEvaPNssSHqRKGSSlXryfbW8=,RplXG1a1iXYtbFQbkt2SemgWFAw=
-1171,-103,rMjtEvaPNssSHqRKGSSlXryfbW8=,RplXG1a1iXYtbFQbkt2SemgWFAw=
-1172,-103,rMjtEvaPNssSHqRKGSSlXryfbW8=,RplXG1a1iXYtbFQbkt2SemgWFAw=
-1175,-103,rMjtEvaPNssSHqRKGSSlXryfbW8=,RplXG1a1iXYtbFQbkt2SemgWFAw=
-1174,-103,rMjtEvaPNssSHqRKGSSlXryfbW8=,RplXG1a1iXYtbFQbkt2SemgWFAw=
-1173,-103,rMjtEvaPNssSHqRKGSSlXryfbW8=,RplXG1a1iXYtbFQbkt2SemgWFAw=
-1176,-103,rMjtEvaPNssSHqRKGSSlXryfbW8=,RplXG1a1iXYtbFQbkt2SemgWFAw=
-1177,-103,rMjtEvaPNssSHqRKGSSlXryfbW8=,RplXG1a1iXYtbFQbkt2SemgWFAw=
-1178,-103,rMjtEvaPNssSHqRKGSSlXryfbW8=,RplXG1a1iXYtbFQbkt2SemgWFAw=
-1179,-103,rMjtEvaPNssSHqRKGSSlXryfbW8=,RplXG1a1iXYtbFQbkt2SemgWFAw=
-1180,-103,rMjtEvaPNssSHqRKGSSlXryfbW8=,RplXG1a1iXYtbFQbkt2SemgWFAw=
-1169,-104,rMjtEvaPNssSHqRKGSSlXryfbW8=,RplXG1a1iXYtbFQbkt2SemgWFAw=
-1183,-103,rMjtEvaPNssSHqRKGSSlXryfbW8=,RplXG1a1iXYtbFQbkt2SemgWFAw=
-1181,-103,rMjtEvaPNssSHqRKGSSlXryfbW8=,RplXG1a1iXYtbFQbkt2SemgWFAw=
-1182,-103,rMjtEvaPNssSHqRKGSSlXryfbW8=,RplXG1a1iXYtbFQbkt2SemgWFAw=
-1184,-103,rMjtEvaPNssSHqRKGSSlXryfbW8=,RplXG1a1iXYtbFQbkt2SemgWFAw=
-1171,-104,rMjtEvaPNssSHqRKGSSlXryfbW8=,RplXG1a1iXYtbFQbkt2SemgWFAw=
-1170,-104,rMjtEvaPNssSHqRKGSSlXryfbW8=,RplXG1a1iXYtbFQbkt2SemgWFAw=
-1174,-104,rMjtEvaPNssSHqRKGSSlXryfbW8=,RplXG1a1iXYtbFQbkt2SemgWFAw=
-1172,-104,rMjtEvaPNssSHqRKGSSlXryfbW8=,RplXG1a1iXYtbFQbkt2SemgWFAw=
-1175,-104,rMjtEvaPNssSHqRKGSSlXryfbW8=,RplXG1a1iXYtbFQbkt2SemgWFAw=
-1173,-104,rMjtEvaPNssSHqRKGSSlXryfbW8=,RplXG1a1iXYtbFQbkt2SemgWFAw=
-1180,-104,rMjtEvaPNssSHqRKGSSlXryfbW8=,RplXG1a1iXYtbFQbkt2SemgWFAw=
-1176,-104,rMjtEvaPNssSHqRKGSSlXryfbW8=,RplXG1a1iXYtbFQbkt2SemgWFAw=
-1179,-104,rMjtEvaPNssSHqRKGSSlXryfbW8=,RplXG1a1iXYtbFQbkt2SemgWFAw=
-1177,-104,rMjtEvaPNssSHqRKGSSlXryfbW8=,RplXG1a1iXYtbFQbkt2SemgWFAw=
-1181,-104,rMjtEvaPNssSHqRKGSSlXryfbW8=,RplXG1a1iXYtbFQbkt2SemgWFAw=
-1178,-104,rMjtEvaPNssSHqRKGSSlXryfbW8=,RplXG1a1iXYtbFQbkt2SemgWFAw=
-1182,-104,rMjtEvaPNssSHqRKGSSlXryfbW8=,RplXG1a1iXYtbFQbkt2SemgWFAw=
-1170,-105,rMjtEvaPNssSHqRKGSSlXryfbW8=,RplXG1a1iXYtbFQbkt2SemgWFAw=
-1184,-104,rMjtEvaPNssSHqRKGSSlXryfbW8=,RplXG1a1iXYtbFQbkt2SemgWFAw=
-1183,-104,rMjtEvaPNssSHqRKGSSlXryfbW8=,RplXG1a1iXYtbFQbkt2SemgWFAw=
-1171,-105,rMjtEvaPNssSHqRKGSSlXryfbW8=,RplXG1a1iXYtbFQbkt2SemgWFAw=
-1169,-105,rMjtEvaPNssSHqRKGSSlXryfbW8=,RplXG1a1iXYtbFQbkt2SemgWFAw=
-1173,-105,rMjtEvaPNssSHqRKGSSlXryfbW8=,RplXG1a1iXYtbFQbkt2SemgWFAw=
-1172,-105,rMjtEvaPNssSHqRKGSSlXryfbW8=,RplXG1a1iXYtbFQbkt2SemgWFAw=
-1174,-105,rMjtEvaPNssSHqRKGSSlXryfbW8=,RplXG1a1iXYtbFQbkt2SemgWFAw=
-1177,-105,rMjtEvaPNssSHqRKGSSlXryfbW8=,RplXG1a1iXYtbFQbkt2SemgWFAw=
-1175,-105,rMjtEvaPNssSHqRKGSSlXryfbW8=,RplXG1a1iXYtbFQbkt2SemgWFAw=
-1178,-105,rMjtEvaPNssSHqRKGSSlXryfbW8=,RplXG1a1iXYtbFQbkt2SemgWFAw=
-1181,-105,rMjtEvaPNssSHqRKGSSlXryfbW8=,RplXG1a1iXYtbFQbkt2SemgWFAw=
-1182,-105,rMjtEvaPNssSHqRKGSSlXryfbW8=,RplXG1a1iXYtbFQbkt2SemgWFAw=
-1179,-105,rMjtEvaPNssSHqRKGSSlXryfbW8=,RplXG1a1iXYtbFQbkt2SemgWFAw=
-1184,-105,rMjtEvaPNssSHqRKGSSlXryfbW8=,RplXG1a1iXYtbFQbkt2SemgWFAw=
-1169,-106,rMjtEvaPNssSHqRKGSSlXryfbW8=,RplXG1a1iXYtbFQbkt2SemgWFAw=
-1180,-105,rMjtEvaPNssSHqRKGSSlXryfbW8=,RplXG1a1iXYtbFQbkt2SemgWFAw=
-1183,-105,rMjtEvaPNssSHqRKGSSlXryfbW8=,RplXG1a1iXYtbFQbkt2SemgWFAw=
-1176,-105,rMjtEvaPNssSHqRKGSSlXryfbW8=,RplXG1a1iXYtbFQbkt2SemgWFAw=
-1172,-106,rMjtEvaPNssSHqRKGSSlXryfbW8=,RplXG1a1iXYtbFQbkt2SemgWFAw=
-1170,-106,rMjtEvaPNssSHqRKGSSlXryfbW8=,RplXG1a1iXYtbFQbkt2SemgWFAw=
-1175,-106,rMjtEvaPNssSHqRKGSSlXryfbW8=,RplXG1a1iXYtbFQbkt2SemgWFAw=
-1171,-106,rMjtEvaPNssSHqRKGSSlXryfbW8=,RplXG1a1iXYtbFQbkt2SemgWFAw=
-1174,-106,rMjtEvaPNssSHqRKGSSlXryfbW8=,RplXG1a1iXYtbFQbkt2SemgWFAw=
-1176,-106,rMjtEvaPNssSHqRKGSSlXryfbW8=,RplXG1a1iXYtbFQbkt2SemgWFAw=
-1179,-106,rMjtEvaPNssSHqRKGSSlXryfbW8=,RplXG1a1iXYtbFQbkt2SemgWFAw=
-1178,-106,rMjtEvaPNssSHqRKGSSlXryfbW8=,RplXG1a1iXYtbFQbkt2SemgWFAw=
-1177,-106,rMjtEvaPNssSHqRKGSSlXryfbW8=,RplXG1a1iXYtbFQbkt2SemgWFAw=
-1180,-106,rMjtEvaPNssSHqRKGSSlXryfbW8=,RplXG1a1iXYtbFQbkt2SemgWFAw=
-1181,-106,rMjtEvaPNssSHqRKGSSlXryfbW8=,RplXG1a1iXYtbFQbkt2SemgWFAw=
-1173,-106,rMjtEvaPNssSHqRKGSSlXryfbW8=,RplXG1a1iXYtbFQbkt2SemgWFAw=
-1182,-106,rMjtEvaPNssSHqRKGSSlXryfbW8=,RplXG1a1iXYtbFQbkt2SemgWFAw=
-1169,-107,rMjtEvaPNssSHqRKGSSlXryfbW8=,RplXG1a1iXYtbFQbkt2SemgWFAw=
-1184,-106,rMjtEvaPNssSHqRKGSSlXryfbW8=,RplXG1a1iXYtbFQbkt2SemgWFAw=
-1183,-106,rMjtEvaPNssSHqRKGSSlXryfbW8=,RplXG1a1iXYtbFQbkt2SemgWFAw=
-1171,-107,rMjtEvaPNssSHqRKGSSlXryfbW8=,RplXG1a1iXYtbFQbkt2SemgWFAw=
-1173,-107,rMjtEvaPNssSHqRKGSSlXryfbW8=,RplXG1a1iXYtbFQbkt2SemgWFAw=
-1172,-107,rMjtEvaPNssSHqRKGSSlXryfbW8=,RplXG1a1iXYtbFQbkt2SemgWFAw=
-1170,-107,rMjtEvaPNssSHqRKGSSlXryfbW8=,RplXG1a1iXYtbFQbkt2SemgWFAw=
-1177,-107,rMjtEvaPNssSHqRKGSSlXryfbW8=,RplXG1a1iXYtbFQbkt2SemgWFAw=
-1175,-107,rMjtEvaPNssSHqRKGSSlXryfbW8=,RplXG1a1iXYtbFQbkt2SemgWFAw=
-1176,-107,rMjtEvaPNssSHqRKGSSlXryfbW8=,RplXG1a1iXYtbFQbkt2SemgWFAw=
-1183,-107,rMjtEvaPNssSHqRKGSSlXryfbW8=,RplXG1a1iXYtbFQbkt2SemgWFAw=
-1179,-107,rMjtEvaPNssSHqRKGSSlXryfbW8=,RplXG1a1iXYtbFQbkt2SemgWFAw=
-1174,-107,rMjtEvaPNssSHqRKGSSlXryfbW8=,RplXG1a1iXYtbFQbkt2SemgWFAw=
-1178,-107,rMjtEvaPNssSHqRKGSSlXryfbW8=,RplXG1a1iXYtbFQbkt2SemgWFAw=
-1169,-108,rMjtEvaPNssSHqRKGSSlXryfbW8=,RplXG1a1iXYtbFQbkt2SemgWFAw=
-1180,-107,rMjtEvaPNssSHqRKGSSlXryfbW8=,RplXG1a1iXYtbFQbkt2SemgWFAw=
-1182,-107,rMjtEvaPNssSHqRKGSSlXryfbW8=,RplXG1a1iXYtbFQbkt2SemgWFAw=
-1178,-108,rMjtEvaPNssSHqRKGSSlXryfbW8=,RplXG1a1iXYtbFQbkt2SemgWFAw=
-1171,-108,rMjtEvaPNssSHqRKGSSlXryfbW8=,RplXG1a1iXYtbFQbkt2SemgWFAw=
-1183,-108,rMjtEvaPNssSHqRKGSSlXryfbW8=,RplXG1a1iXYtbFQbkt2SemgWFAw=
-1174,-108,rMjtEvaPNssSHqRKGSSlXryfbW8=,RplXG1a1iXYtbFQbkt2SemgWFAw=
-1180,-108,rMjtEvaPNssSHqRKGSSlXryfbW8=,RplXG1a1iXYtbFQbkt2SemgWFAw=
-1172,-108,rMjtEvaPNssSHqRKGSSlXryfbW8=,RplXG1a1iXYtbFQbkt2SemgWFAw=
-1181,-108,rMjtEvaPNssSHqRKGSSlXryfbW8=,RplXG1a1iXYtbFQbkt2SemgWFAw=
-1184,-108,rMjtEvaPNssSHqRKGSSlXryfbW8=,RplXG1a1iXYtbFQbkt2SemgWFAw=
-1176,-109,rMjtEvaPNssSHqRKGSSlXryfbW8=,RplXG1a1iXYtbFQbkt2SemgWFAw=
-1182,-108,rMjtEvaPNssSHqRKGSSlXryfbW8=,RplXG1a1iXYtbFQbkt2SemgWFAw=
-1171,-109,rMjtEvaPNssSHqRKGSSlXryfbW8=,RplXG1a1iXYtbFQbkt2SemgWFAw=
-1175,-109,rMjtEvaPNssSHqRKGSSlXryfbW8=,RplXG1a1iXYtbFQbkt2SemgWFAw=
-1174,-109,rMjtEvaPNssSHqRKGSSlXryfbW8=,RplXG1a1iXYtbFQbkt2SemgWFAw=
-1179,-108,rMjtEvaPNssSHqRKGSSlXryfbW8=,RplXG1a1iXYtbFQbkt2SemgWFAw=
-1177,-109,rMjtEvaPNssSHqRKGSSlXryfbW8=,RplXG1a1iXYtbFQbkt2SemgWFAw=
-1170,-109,rMjtEvaPNssSHqRKGSSlXryfbW8=,RplXG1a1iXYtbFQbkt2SemgWFAw=
-1178,-109,rMjtEvaPNssSHqRKGSSlXryfbW8=,RplXG1a1iXYtbFQbkt2SemgWFAw=
-1181,-109,rMjtEvaPNssSHqRKGSSlXryfbW8=,RplXG1a1iXYtbFQbkt2SemgWFAw=
-1179,-109,rMjtEvaPNssSHqRKGSSlXryfbW8=,RplXG1a1iXYtbFQbkt2SemgWFAw=
-1184,-107,rMjtEvaPNssSHqRKGSSlXryfbW8=,RplXG1a1iXYtbFQbkt2SemgWFAw=
-1169,-110,rMjtEvaPNssSHqRKGSSlXryfbW8=,RplXG1a1iXYtbFQbkt2SemgWFAw=
-1182,-109,rMjtEvaPNssSHqRKGSSlXryfbW8=,RplXG1a1iXYtbFQbkt2SemgWFAw=
-1180,-109,rMjtEvaPNssSHqRKGSSlXryfbW8=,RplXG1a1iXYtbFQbkt2SemgWFAw=
-1183,-109,rMjtEvaPNssSHqRKGSSlXryfbW8=,RplXG1a1iXYtbFQbkt2SemgWFAw=
-1170,-110,rMjtEvaPNssSHqRKGSSlXryfbW8=,RplXG1a1iXYtbFQbkt2SemgWFAw=
-1184,-109,rMjtEvaPNssSHqRKGSSlXryfbW8=,RplXG1a1iXYtbFQbkt2SemgWFAw=
-1173,-110,rMjtEvaPNssSHqRKGSSlXryfbW8=,RplXG1a1iXYtbFQbkt2SemgWFAw=
-1171,-110,rMjtEvaPNssSHqRKGSSlXryfbW8=,RplXG1a1iXYtbFQbkt2SemgWFAw=
-1177,-110,rMjtEvaPNssSHqRKGSSlXryfbW8=,RplXG1a1iXYtbFQbkt2SemgWFAw=
-1179,-110,rMjtEvaPNssSHqRKGSSlXryfbW8=,RplXG1a1iXYtbFQbkt2SemgWFAw=
-1175,-110,rMjtEvaPNssSHqRKGSSlXryfbW8=,RplXG1a1iXYtbFQbkt2SemgWFAw=
-1172,-110,rMjtEvaPNssSHqRKGSSlXryfbW8=,RplXG1a1iXYtbFQbkt2SemgWFAw=
-1176,-110,rMjtEvaPNssSHqRKGSSlXryfbW8=,RplXG1a1iXYtbFQbkt2SemgWFAw=
-1178,-110,rMjtEvaPNssSHqRKGSSlXryfbW8=,RplXG1a1iXYtbFQbkt2SemgWFAw=
-1173,-111,rMjtEvaPNssSHqRKGSSlXryfbW8=,RplXG1a1iXYtbFQbkt2SemgWFAw=
-1169,-111,rMjtEvaPNssSHqRKGSSlXryfbW8=,RplXG1a1iXYtbFQbkt2SemgWFAw=
-1182,-110,rMjtEvaPNssSHqRKGSSlXryfbW8=,RplXG1a1iXYtbFQbkt2SemgWFAw=
-1184,-110,rMjtEvaPNssSHqRKGSSlXryfbW8=,RplXG1a1iXYtbFQbkt2SemgWFAw=
-1183,-110,rMjtEvaPNssSHqRKGSSlXryfbW8=,RplXG1a1iXYtbFQbkt2SemgWFAw=
-1179,-111,rMjtEvaPNssSHqRKGSSlXryfbW8=,RplXG1a1iXYtbFQbkt2SemgWFAw=
-1173,-109,rMjtEvaPNssSHqRKGSSlXryfbW8=,RplXG1a1iXYtbFQbkt2SemgWFAw=
-1180,-110,rMjtEvaPNssSHqRKGSSlXryfbW8=,RplXG1a1iXYtbFQbkt2SemgWFAw=
-1180,-111,rMjtEvaPNssSHqRKGSSlXryfbW8=,RplXG1a1iXYtbFQbkt2SemgWFAw=
-1184,-111,rMjtEvaPNssSHqRKGSSlXryfbW8=,RplXG1a1iXYtbFQbkt2SemgWFAw=
-1170,-112,rMjtEvaPNssSHqRKGSSlXryfbW8=,RplXG1a1iXYtbFQbkt2SemgWFAw=
-1175,-108,rMjtEvaPNssSHqRKGSSlXryfbW8=,RplXG1a1iXYtbFQbkt2SemgWFAw=
-1183,-111,rMjtEvaPNssSHqRKGSSlXryfbW8=,RplXG1a1iXYtbFQbkt2SemgWFAw=
-1172,-111,rMjtEvaPNssSHqRKGSSlXryfbW8=,RplXG1a1iXYtbFQbkt2SemgWFAw=
-1170,-108,rMjtEvaPNssSHqRKGSSlXryfbW8=,RplXG1a1iXYtbFQbkt2SemgWFAw=
-1174,-110,rMjtEvaPNssSHqRKGSSlXryfbW8=,RplXG1a1iXYtbFQbkt2SemgWFAw=
-1170,-111,rMjtEvaPNssSHqRKGSSlXryfbW8=,RplXG1a1iXYtbFQbkt2SemgWFAw=
-1176,-111,rMjtEvaPNssSHqRKGSSlXryfbW8=,RplXG1a1iXYtbFQbkt2SemgWFAw=
-1177,-111,rMjtEvaPNssSHqRKGSSlXryfbW8=,RplXG1a1iXYtbFQbkt2SemgWFAw=
-1173,-112,rMjtEvaPNssSHqRKGSSlXryfbW8=,RplXG1a1iXYtbFQbkt2SemgWFAw=
-1178,-111,rMjtEvaPNssSHqRKGSSlXryfbW8=,RplXG1a1iXYtbFQbkt2SemgWFAw=
-1181,-107,rMjtEvaPNssSHqRKGSSlXryfbW8=,RplXG1a1iXYtbFQbkt2SemgWFAw=
-1174,-111,rMjtEvaPNssSHqRKGSSlXryfbW8=,RplXG1a1iXYtbFQbkt2SemgWFAw=
-1171,-112,rMjtEvaPNssSHqRKGSSlXryfbW8=,RplXG1a1iXYtbFQbkt2SemgWFAw=
-1169,-112,rMjtEvaPNssSHqRKGSSlXryfbW8=,RplXG1a1iXYtbFQbkt2SemgWFAw=
-1182,-111,rMjtEvaPNssSHqRKGSSlXryfbW8=,RplXG1a1iXYtbFQbkt2SemgWFAw=
-1175,-111,rMjtEvaPNssSHqRKGSSlXryfbW8=,RplXG1a1iXYtbFQbkt2SemgWFAw=
-1178,-112,rMjtEvaPNssSHqRKGSSlXryfbW8=,RplXG1a1iXYtbFQbkt2SemgWFAw=
-1171,-111,rMjtEvaPNssSHqRKGSSlXryfbW8=,RplXG1a1iXYtbFQbkt2SemgWFAw=
-1177,-112,rMjtEvaPNssSHqRKGSSlXryfbW8=,RplXG1a1iXYtbFQbkt2SemgWFAw=
-1175,-112,rMjtEvaPNssSHqRKGSSlXryfbW8=,RplXG1a1iXYtbFQbkt2SemgWFAw=
-1176,-112,rMjtEvaPNssSHqRKGSSlXryfbW8=,RplXG1a1iXYtbFQbkt2SemgWFAw=
-1174,-112,rMjtEvaPNssSHqRKGSSlXryfbW8=,RplXG1a1iXYtbFQbkt2SemgWFAw=
-1181,-112,rMjtEvaPNssSHqRKGSSlXryfbW8=,RplXG1a1iXYtbFQbkt2SemgWFAw=
-1180,-112,rMjtEvaPNssSHqRKGSSlXryfbW8=,RplXG1a1iXYtbFQbkt2SemgWFAw=
-1172,-112,rMjtEvaPNssSHqRKGSSlXryfbW8=,RplXG1a1iXYtbFQbkt2SemgWFAw=
-1179,-112,rMjtEvaPNssSHqRKGSSlXryfbW8=,RplXG1a1iXYtbFQbkt2SemgWFAw=
-1177,-108,rMjtEvaPNssSHqRKGSSlXryfbW8=,RplXG1a1iXYtbFQbkt2SemgWFAw=
-1181,-111,rMjtEvaPNssSHqRKGSSlXryfbW8=,RplXG1a1iXYtbFQbkt2SemgWFAw=
-1181,-110,rMjtEvaPNssSHqRKGSSlXryfbW8=,RplXG1a1iXYtbFQbkt2SemgWFAw=
-1173,-108,rMjtEvaPNssSHqRKGSSlXryfbW8=,RplXG1a1iXYtbFQbkt2SemgWFAw=
-1172,-109,rMjtEvaPNssSHqRKGSSlXryfbW8=,RplXG1a1iXYtbFQbkt2SemgWFAw=
-1176,-108,rMjtEvaPNssSHqRKGSSlXryfbW8=,RplXG1a1iXYtbFQbkt2SemgWFAw=
-1169,-109,rMjtEvaPNssSHqRKGSSlXryfbW8=,RplXG1a1iXYtbFQbkt2SemgWFAw=
-1167,-112,bCfdORtFN8oPhufh1bnQYMX6BLY=,RplXG1a1iXYtbFQbkt2SemgWFAw=
-1153,-97,bCfdORtFN8oPhufh1bnQYMX6BLY=,RplXG1a1iXYtbFQbkt2SemgWFAw=
-1168,-112,bCfdORtFN8oPhufh1bnQYMX6BLY=,RplXG1a1iXYtbFQbkt2SemgWFAw=
-1154,-97,bCfdORtFN8oPhufh1bnQYMX6BLY=,RplXG1a1iXYtbFQbkt2SemgWFAw=
-1155,-97,bCfdORtFN8oPhufh1bnQYMX6BLY=,RplXG1a1iXYtbFQbkt2SemgWFAw=
-1166,-112,bCfdORtFN8oPhufh1bnQYMX6BLY=,RplXG1a1iXYtbFQbkt2SemgWFAw=
-1158,-97,bCfdORtFN8oPhufh1bnQYMX6BLY=,RplXG1a1iXYtbFQbkt2SemgWFAw=
-1157,-97,bCfdORtFN8oPhufh1bnQYMX6BLY=,RplXG1a1iXYtbFQbkt2SemgWFAw=
-1159,-97,bCfdORtFN8oPhufh1bnQYMX6BLY=,RplXG1a1iXYtbFQbkt2SemgWFAw=
-1165,-112,bCfdORtFN8oPhufh1bnQYMX6BLY=,RplXG1a1iXYtbFQbkt2SemgWFAw=
-1156,-97,bCfdORtFN8oPhufh1bnQYMX6BLY=,RplXG1a1iXYtbFQbkt2SemgWFAw=
-1164,-112,bCfdORtFN8oPhufh1bnQYMX6BLY=,RplXG1a1iXYtbFQbkt2SemgWFAw=
-1160,-97,bCfdORtFN8oPhufh1bnQYMX6BLY=,RplXG1a1iXYtbFQbkt2SemgWFAw=
-1163,-112,bCfdORtFN8oPhufh1bnQYMX6BLY=,RplXG1a1iXYtbFQbkt2SemgWFAw=
-1162,-97,bCfdORtFN8oPhufh1bnQYMX6BLY=,RplXG1a1iXYtbFQbkt2SemgWFAw=
-1161,-97,bCfdORtFN8oPhufh1bnQYMX6BLY=,RplXG1a1iXYtbFQbkt2SemgWFAw=
-1163,-97,bCfdORtFN8oPhufh1bnQYMX6BLY=,RplXG1a1iXYtbFQbkt2SemgWFAw=
-1165,-97,bCfdORtFN8oPhufh1bnQYMX6BLY=,RplXG1a1iXYtbFQbkt2SemgWFAw=
-1164,-97,bCfdORtFN8oPhufh1bnQYMX6BLY=,RplXG1a1iXYtbFQbkt2SemgWFAw=
-1162,-112,bCfdORtFN8oPhufh1bnQYMX6BLY=,RplXG1a1iXYtbFQbkt2SemgWFAw=
-1161,-112,bCfdORtFN8oPhufh1bnQYMX6BLY=,RplXG1a1iXYtbFQbkt2SemgWFAw=
-1166,-97,bCfdORtFN8oPhufh1bnQYMX6BLY=,RplXG1a1iXYtbFQbkt2SemgWFAw=
-1168,-97,bCfdORtFN8oPhufh1bnQYMX6BLY=,RplXG1a1iXYtbFQbkt2SemgWFAw=
-1153,-98,bCfdORtFN8oPhufh1bnQYMX6BLY=,RplXG1a1iXYtbFQbkt2SemgWFAw=
-1167,-97,bCfdORtFN8oPhufh1bnQYMX6BLY=,RplXG1a1iXYtbFQbkt2SemgWFAw=
-1160,-112,bCfdORtFN8oPhufh1bnQYMX6BLY=,RplXG1a1iXYtbFQbkt2SemgWFAw=
-1156,-98,bCfdORtFN8oPhufh1bnQYMX6BLY=,RplXG1a1iXYtbFQbkt2SemgWFAw=
-1155,-98,bCfdORtFN8oPhufh1bnQYMX6BLY=,RplXG1a1iXYtbFQbkt2SemgWFAw=
-1159,-112,bCfdORtFN8oPhufh1bnQYMX6BLY=,RplXG1a1iXYtbFQbkt2SemgWFAw=
-1157,-98,bCfdORtFN8oPhufh1bnQYMX6BLY=,RplXG1a1iXYtbFQbkt2SemgWFAw=
-1159,-98,bCfdORtFN8oPhufh1bnQYMX6BLY=,RplXG1a1iXYtbFQbkt2SemgWFAw=
-1158,-98,bCfdORtFN8oPhufh1bnQYMX6BLY=,RplXG1a1iXYtbFQbkt2SemgWFAw=
-1162,-98,bCfdORtFN8oPhufh1bnQYMX6BLY=,RplXG1a1iXYtbFQbkt2SemgWFAw=
-1160,-98,bCfdORtFN8oPhufh1bnQYMX6BLY=,RplXG1a1iXYtbFQbkt2SemgWFAw=
-1154,-98,bCfdORtFN8oPhufh1bnQYMX6BLY=,RplXG1a1iXYtbFQbkt2SemgWFAw=
-1158,-112,bCfdORtFN8oPhufh1bnQYMX6BLY=,RplXG1a1iXYtbFQbkt2SemgWFAw=
-1163,-98,bCfdORtFN8oPhufh1bnQYMX6BLY=,RplXG1a1iXYtbFQbkt2SemgWFAw=
-1161,-98,bCfdORtFN8oPhufh1bnQYMX6BLY=,RplXG1a1iXYtbFQbkt2SemgWFAw=
-1157,-112,bCfdORtFN8oPhufh1bnQYMX6BLY=,RplXG1a1iXYtbFQbkt2SemgWFAw=
-1166,-98,bCfdORtFN8oPhufh1bnQYMX6BLY=,RplXG1a1iXYtbFQbkt2SemgWFAw=
-1164,-98,bCfdORtFN8oPhufh1bnQYMX6BLY=,RplXG1a1iXYtbFQbkt2SemgWFAw=
-1167,-98,bCfdORtFN8oPhufh1bnQYMX6BLY=,RplXG1a1iXYtbFQbkt2SemgWFAw=
-1168,-98,bCfdORtFN8oPhufh1bnQYMX6BLY=,RplXG1a1iXYtbFQbkt2SemgWFAw=
-1165,-98,bCfdORtFN8oPhufh1bnQYMX6BLY=,RplXG1a1iXYtbFQbkt2SemgWFAw=
-1156,-112,bCfdORtFN8oPhufh1bnQYMX6BLY=,RplXG1a1iXYtbFQbkt2SemgWFAw=
-1154,-99,bCfdORtFN8oPhufh1bnQYMX6BLY=,RplXG1a1iXYtbFQbkt2SemgWFAw=
-1155,-99,bCfdORtFN8oPhufh1bnQYMX6BLY=,RplXG1a1iXYtbFQbkt2SemgWFAw=
-1153,-99,bCfdORtFN8oPhufh1bnQYMX6BLY=,RplXG1a1iXYtbFQbkt2SemgWFAw=
-1156,-99,bCfdORtFN8oPhufh1bnQYMX6BLY=,RplXG1a1iXYtbFQbkt2SemgWFAw=
-1157,-99,bCfdORtFN8oPhufh1bnQYMX6BLY=,RplXG1a1iXYtbFQbkt2SemgWFAw=
-1158,-99,bCfdORtFN8oPhufh1bnQYMX6BLY=,RplXG1a1iXYtbFQbkt2SemgWFAw=
-1155,-112,bCfdORtFN8oPhufh1bnQYMX6BLY=,RplXG1a1iXYtbFQbkt2SemgWFAw=
-1160,-99,bCfdORtFN8oPhufh1bnQYMX6BLY=,RplXG1a1iXYtbFQbkt2SemgWFAw=
-1159,-99,bCfdORtFN8oPhufh1bnQYMX6BLY=,RplXG1a1iXYtbFQbkt2SemgWFAw=
-1161,-99,bCfdORtFN8oPhufh1bnQYMX6BLY=,RplXG1a1iXYtbFQbkt2SemgWFAw=
-1162,-99,bCfdORtFN8oPhufh1bnQYMX6BLY=,RplXG1a1iXYtbFQbkt2SemgWFAw=
-1163,-99,bCfdORtFN8oPhufh1bnQYMX6BLY=,RplXG1a1iXYtbFQbkt2SemgWFAw=
-1154,-112,bCfdORtFN8oPhufh1bnQYMX6BLY=,RplXG1a1iXYtbFQbkt2SemgWFAw=
-1153,-112,bCfdORtFN8oPhufh1bnQYMX6BLY=,RplXG1a1iXYtbFQbkt2SemgWFAw=
-1165,-99,bCfdORtFN8oPhufh1bnQYMX6BLY=,RplXG1a1iXYtbFQbkt2SemgWFAw=
-1166,-99,bCfdORtFN8oPhufh1bnQYMX6BLY=,RplXG1a1iXYtbFQbkt2SemgWFAw=
-1164,-99,bCfdORtFN8oPhufh1bnQYMX6BLY=,RplXG1a1iXYtbFQbkt2SemgWFAw=
-1167,-99,bCfdORtFN8oPhufh1bnQYMX6BLY=,RplXG1a1iXYtbFQbkt2SemgWFAw=
-1168,-99,bCfdORtFN8oPhufh1bnQYMX6BLY=,RplXG1a1iXYtbFQbkt2SemgWFAw=
-1154,-100,bCfdORtFN8oPhufh1bnQYMX6BLY=,RplXG1a1iXYtbFQbkt2SemgWFAw=
-1168,-111,bCfdORtFN8oPhufh1bnQYMX6BLY=,RplXG1a1iXYtbFQbkt2SemgWFAw=
-1153,-100,bCfdORtFN8oPhufh1bnQYMX6BLY=,RplXG1a1iXYtbFQbkt2SemgWFAw=
-1156,-100,bCfdORtFN8oPhufh1bnQYMX6BLY=,RplXG1a1iXYtbFQbkt2SemgWFAw=
-1167,-111,bCfdORtFN8oPhufh1bnQYMX6BLY=,RplXG1a1iXYtbFQbkt2SemgWFAw=
-1157,-100,bCfdORtFN8oPhufh1bnQYMX6BLY=,RplXG1a1iXYtbFQbkt2SemgWFAw=
-1155,-100,bCfdORtFN8oPhufh1bnQYMX6BLY=,RplXG1a1iXYtbFQbkt2SemgWFAw=
-1158,-100,bCfdORtFN8oPhufh1bnQYMX6BLY=,RplXG1a1iXYtbFQbkt2SemgWFAw=
-1159,-100,bCfdORtFN8oPhufh1bnQYMX6BLY=,RplXG1a1iXYtbFQbkt2SemgWFAw=
-1160,-100,bCfdORtFN8oPhufh1bnQYMX6BLY=,RplXG1a1iXYtbFQbkt2SemgWFAw=
-1166,-111,bCfdORtFN8oPhufh1bnQYMX6BLY=,RplXG1a1iXYtbFQbkt2SemgWFAw=
-1161,-100,bCfdORtFN8oPhufh1bnQYMX6BLY=,RplXG1a1iXYtbFQbkt2SemgWFAw=
-1162,-100,bCfdORtFN8oPhufh1bnQYMX6BLY=,RplXG1a1iXYtbFQbkt2SemgWFAw=
-1164,-100,bCfdORtFN8oPhufh1bnQYMX6BLY=,RplXG1a1iXYtbFQbkt2SemgWFAw=
-1163,-100,bCfdORtFN8oPhufh1bnQYMX6BLY=,RplXG1a1iXYtbFQbkt2SemgWFAw=
-1165,-111,bCfdORtFN8oPhufh1bnQYMX6BLY=,RplXG1a1iXYtbFQbkt2SemgWFAw=
-1165,-100,bCfdORtFN8oPhufh1bnQYMX6BLY=,RplXG1a1iXYtbFQbkt2SemgWFAw=
-1167,-100,bCfdORtFN8oPhufh1bnQYMX6BLY=,RplXG1a1iXYtbFQbkt2SemgWFAw=
-1166,-100,bCfdORtFN8oPhufh1bnQYMX6BLY=,RplXG1a1iXYtbFQbkt2SemgWFAw=
-1168,-100,bCfdORtFN8oPhufh1bnQYMX6BLY=,RplXG1a1iXYtbFQbkt2SemgWFAw=
-1154,-101,bCfdORtFN8oPhufh1bnQYMX6BLY=,RplXG1a1iXYtbFQbkt2SemgWFAw=
-1164,-111,bCfdORtFN8oPhufh1bnQYMX6BLY=,RplXG1a1iXYtbFQbkt2SemgWFAw=
-1155,-101,bCfdORtFN8oPhufh1bnQYMX6BLY=,RplXG1a1iXYtbFQbkt2SemgWFAw=
-1153,-101,bCfdORtFN8oPhufh1bnQYMX6BLY=,RplXG1a1iXYtbFQbkt2SemgWFAw=
-1156,-101,bCfdORtFN8oPhufh1bnQYMX6BLY=,RplXG1a1iXYtbFQbkt2SemgWFAw=
-1159,-101,bCfdORtFN8oPhufh1bnQYMX6BLY=,RplXG1a1iXYtbFQbkt2SemgWFAw=
-1157,-101,bCfdORtFN8oPhufh1bnQYMX6BLY=,RplXG1a1iXYtbFQbkt2SemgWFAw=
-1158,-101,bCfdORtFN8oPhufh1bnQYMX6BLY=,RplXG1a1iXYtbFQbkt2SemgWFAw=
-1163,-111,bCfdORtFN8oPhufh1bnQYMX6BLY=,RplXG1a1iXYtbFQbkt2SemgWFAw=
-1162,-101,bCfdORtFN8oPhufh1bnQYMX6BLY=,RplXG1a1iXYtbFQbkt2SemgWFAw=
-1161,-101,bCfdORtFN8oPhufh1bnQYMX6BLY=,RplXG1a1iXYtbFQbkt2SemgWFAw=
-1160,-101,bCfdORtFN8oPhufh1bnQYMX6BLY=,RplXG1a1iXYtbFQbkt2SemgWFAw=
-1163,-101,bCfdORtFN8oPhufh1bnQYMX6BLY=,RplXG1a1iXYtbFQbkt2SemgWFAw=
-1164,-101,bCfdORtFN8oPhufh1bnQYMX6BLY=,RplXG1a1iXYtbFQbkt2SemgWFAw=
-1165,-101,bCfdORtFN8oPhufh1bnQYMX6BLY=,RplXG1a1iXYtbFQbkt2SemgWFAw=
-1166,-101,bCfdORtFN8oPhufh1bnQYMX6BLY=,RplXG1a1iXYtbFQbkt2SemgWFAw=
-1155,-102,bCfdORtFN8oPhufh1bnQYMX6BLY=,RplXG1a1iXYtbFQbkt2SemgWFAw=
-1153,-102,bCfdORtFN8oPhufh1bnQYMX6BLY=,RplXG1a1iXYtbFQbkt2SemgWFAw=
-1167,-101,bCfdORtFN8oPhufh1bnQYMX6BLY=,RplXG1a1iXYtbFQbkt2SemgWFAw=
-1154,-102,bCfdORtFN8oPhufh1bnQYMX6BLY=,RplXG1a1iXYtbFQbkt2SemgWFAw=
-1162,-111,bCfdORtFN8oPhufh1bnQYMX6BLY=,RplXG1a1iXYtbFQbkt2SemgWFAw=
-1168,-101,bCfdORtFN8oPhufh1bnQYMX6BLY=,RplXG1a1iXYtbFQbkt2SemgWFAw=
-1160,-102,bCfdORtFN8oPhufh1bnQYMX6BLY=,RplXG1a1iXYtbFQbkt2SemgWFAw=
-1156,-102,bCfdORtFN8oPhufh1bnQYMX6BLY=,RplXG1a1iXYtbFQbkt2SemgWFAw=
-1158,-102,bCfdORtFN8oPhufh1bnQYMX6BLY=,RplXG1a1iXYtbFQbkt2SemgWFAw=
-1157,-102,bCfdORtFN8oPhufh1bnQYMX6BLY=,RplXG1a1iXYtbFQbkt2SemgWFAw=
-1159,-102,bCfdORtFN8oPhufh1bnQYMX6BLY=,RplXG1a1iXYtbFQbkt2SemgWFAw=
-1161,-102,bCfdORtFN8oPhufh1bnQYMX6BLY=,RplXG1a1iXYtbFQbkt2SemgWFAw=
-1163,-102,bCfdORtFN8oPhufh1bnQYMX6BLY=,RplXG1a1iXYtbFQbkt2SemgWFAw=
-1161,-111,bCfdORtFN8oPhufh1bnQYMX6BLY=,RplXG1a1iXYtbFQbkt2SemgWFAw=
-1162,-102,bCfdORtFN8oPhufh1bnQYMX6BLY=,RplXG1a1iXYtbFQbkt2SemgWFAw=
-1165,-102,bCfdORtFN8oPhufh1bnQYMX6BLY=,RplXG1a1iXYtbFQbkt2SemgWFAw=
-1166,-102,bCfdORtFN8oPhufh1bnQYMX6BLY=,RplXG1a1iXYtbFQbkt2SemgWFAw=
-1164,-102,bCfdORtFN8oPhufh1bnQYMX6BLY=,RplXG1a1iXYtbFQbkt2SemgWFAw=
-1153,-103,bCfdORtFN8oPhufh1bnQYMX6BLY=,RplXG1a1iXYtbFQbkt2SemgWFAw=
-1168,-102,bCfdORtFN8oPhufh1bnQYMX6BLY=,RplXG1a1iXYtbFQbkt2SemgWFAw=
-1167,-102,bCfdORtFN8oPhufh1bnQYMX6BLY=,RplXG1a1iXYtbFQbkt2SemgWFAw=
-1158,-103,bCfdORtFN8oPhufh1bnQYMX6BLY=,RplXG1a1iXYtbFQbkt2SemgWFAw=
-1155,-103,bCfdORtFN8oPhufh1bnQYMX6BLY=,RplXG1a1iXYtbFQbkt2SemgWFAw=
-1160,-111,bCfdORtFN8oPhufh1bnQYMX6BLY=,RplXG1a1iXYtbFQbkt2SemgWFAw=
-1159,-103,bCfdORtFN8oPhufh1bnQYMX6BLY=,RplXG1a1iXYtbFQbkt2SemgWFAw=
-1157,-103,bCfdORtFN8oPhufh1bnQYMX6BLY=,RplXG1a1iXYtbFQbkt2SemgWFAw=
-1160,-103,bCfdORtFN8oPhufh1bnQYMX6BLY=,RplXG1a1iXYtbFQbkt2SemgWFAw=
-1154,-103,bCfdORtFN8oPhufh1bnQYMX6BLY=,RplXG1a1iXYtbFQbkt2SemgWFAw=
-1156,-103,bCfdORtFN8oPhufh1bnQYMX6BLY=,RplXG1a1iXYtbFQbkt2SemgWFAw=
-1161,-103,bCfdORtFN8oPhufh1bnQYMX6BLY=,RplXG1a1iXYtbFQbkt2SemgWFAw=
-1159,-111,bCfdORtFN8oPhufh1bnQYMX6BLY=,RplXG1a1iXYtbFQbkt2SemgWFAw=
-1165,-103,bCfdORtFN8oPhufh1bnQYMX6BLY=,RplXG1a1iXYtbFQbkt2SemgWFAw=
-1162,-103,bCfdORtFN8oPhufh1bnQYMX6BLY=,RplXG1a1iXYtbFQbkt2SemgWFAw=
-1163,-103,bCfdORtFN8oPhufh1bnQYMX6BLY=,RplXG1a1iXYtbFQbkt2SemgWFAw=
-1164,-103,bCfdORtFN8oPhufh1bnQYMX6BLY=,RplXG1a1iXYtbFQbkt2SemgWFAw=
-1166,-103,bCfdORtFN8oPhufh1bnQYMX6BLY=,RplXG1a1iXYtbFQbkt2SemgWFAw=
-1155,-104,bCfdORtFN8oPhufh1bnQYMX6BLY=,RplXG1a1iXYtbFQbkt2SemgWFAw=
-1158,-111,bCfdORtFN8oPhufh1bnQYMX6BLY=,RplXG1a1iXYtbFQbkt2SemgWFAw=
-1154,-104,bCfdORtFN8oPhufh1bnQYMX6BLY=,RplXG1a1iXYtbFQbkt2SemgWFAw=
-1168,-103,bCfdORtFN8oPhufh1bnQYMX6BLY=,RplXG1a1iXYtbFQbkt2SemgWFAw=
-1156,-104,bCfdORtFN8oPhufh1bnQYMX6BLY=,RplXG1a1iXYtbFQbkt2SemgWFAw=
-1167,-103,bCfdORtFN8oPhufh1bnQYMX6BLY=,RplXG1a1iXYtbFQbkt2SemgWFAw=
-1157,-104,bCfdORtFN8oPhufh1bnQYMX6BLY=,RplXG1a1iXYtbFQbkt2SemgWFAw=
-1159,-104,bCfdORtFN8oPhufh1bnQYMX6BLY=,RplXG1a1iXYtbFQbkt2SemgWFAw=
-1153,-104,bCfdORtFN8oPhufh1bnQYMX6BLY=,RplXG1a1iXYtbFQbkt2SemgWFAw=
-1158,-104,bCfdORtFN8oPhufh1bnQYMX6BLY=,RplXG1a1iXYtbFQbkt2SemgWFAw=
-1160,-104,bCfdORtFN8oPhufh1bnQYMX6BLY=,RplXG1a1iXYtbFQbkt2SemgWFAw=
-1161,-104,bCfdORtFN8oPhufh1bnQYMX6BLY=,RplXG1a1iXYtbFQbkt2SemgWFAw=
-1157,-111,bCfdORtFN8oPhufh1bnQYMX6BLY=,RplXG1a1iXYtbFQbkt2SemgWFAw=
-1162,-104,bCfdORtFN8oPhufh1bnQYMX6BLY=,RplXG1a1iXYtbFQbkt2SemgWFAw=
-1167,-104,bCfdORtFN8oPhufh1bnQYMX6BLY=,RplXG1a1iXYtbFQbkt2SemgWFAw=
-1166,-104,bCfdORtFN8oPhufh1bnQYMX6BLY=,RplXG1a1iXYtbFQbkt2SemgWFAw=
-1164,-104,bCfdORtFN8oPhufh1bnQYMX6BLY=,RplXG1a1iXYtbFQbkt2SemgWFAw=
-1163,-104,bCfdORtFN8oPhufh1bnQYMX6BLY=,RplXG1a1iXYtbFQbkt2SemgWFAw=
-1165,-104,bCfdORtFN8oPhufh1bnQYMX6BLY=,RplXG1a1iXYtbFQbkt2SemgWFAw=
-1154,-105,bCfdORtFN8oPhufh1bnQYMX6BLY=,RplXG1a1iXYtbFQbkt2SemgWFAw=
-1168,-104,bCfdORtFN8oPhufh1bnQYMX6BLY=,RplXG1a1iXYtbFQbkt2SemgWFAw=
-1153,-105,bCfdORtFN8oPhufh1bnQYMX6BLY=,RplXG1a1iXYtbFQbkt2SemgWFAw=
-1156,-105,bCfdORtFN8oPhufh1bnQYMX6BLY=,RplXG1a1iXYtbFQbkt2SemgWFAw=
-1156,-111,bCfdORtFN8oPhufh1bnQYMX6BLY=,RplXG1a1iXYtbFQbkt2SemgWFAw=
-1155,-105,bCfdORtFN8oPhufh1bnQYMX6BLY=,RplXG1a1iXYtbFQbkt2SemgWFAw=
-1159,-105,bCfdORtFN8oPhufh1bnQYMX6BLY=,RplXG1a1iXYtbFQbkt2SemgWFAw=
-1158,-105,bCfdORtFN8oPhufh1bnQYMX6BLY=,RplXG1a1iXYtbFQbkt2SemgWFAw=
-1163,-105,bCfdORtFN8oPhufh1bnQYMX6BLY=,RplXG1a1iXYtbFQbkt2SemgWFAw=
-1161,-105,bCfdORtFN8oPhufh1bnQYMX6BLY=,RplXG1a1iXYtbFQbkt2SemgWFAw=
-1157,-105,bCfdORtFN8oPhufh1bnQYMX6BLY=,RplXG1a1iXYtbFQbkt2SemgWFAw=
-1160,-105,bCfdORtFN8oPhufh1bnQYMX6BLY=,RplXG1a1iXYtbFQbkt2SemgWFAw=
-1155,-106,bCfdORtFN8oPhufh1bnQYMX6BLY=,RplXG1a1iXYtbFQbkt2SemgWFAw=
-1162,-105,bCfdORtFN8oPhufh1bnQYMX6BLY=,RplXG1a1iXYtbFQbkt2SemgWFAw=
-1166,-105,bCfdORtFN8oPhufh1bnQYMX6BLY=,RplXG1a1iXYtbFQbkt2SemgWFAw=
-1167,-105,bCfdORtFN8oPhufh1bnQYMX6BLY=,RplXG1a1iXYtbFQbkt2SemgWFAw=
-1165,-105,bCfdORtFN8oPhufh1bnQYMX6BLY=,RplXG1a1iXYtbFQbkt2SemgWFAw=
-1153,-106,bCfdORtFN8oPhufh1bnQYMX6BLY=,RplXG1a1iXYtbFQbkt2SemgWFAw=
-1168,-105,bCfdORtFN8oPhufh1bnQYMX6BLY=,RplXG1a1iXYtbFQbkt2SemgWFAw=
-1157,-106,bCfdORtFN8oPhufh1bnQYMX6BLY=,RplXG1a1iXYtbFQbkt2SemgWFAw=
-1155,-111,bCfdORtFN8oPhufh1bnQYMX6BLY=,RplXG1a1iXYtbFQbkt2SemgWFAw=
-1154,-106,bCfdORtFN8oPhufh1bnQYMX6BLY=,RplXG1a1iXYtbFQbkt2SemgWFAw=
-1156,-106,bCfdORtFN8oPhufh1bnQYMX6BLY=,RplXG1a1iXYtbFQbkt2SemgWFAw=
-1158,-106,bCfdORtFN8oPhufh1bnQYMX6BLY=,RplXG1a1iXYtbFQbkt2SemgWFAw=
-1159,-106,bCfdORtFN8oPhufh1bnQYMX6BLY=,RplXG1a1iXYtbFQbkt2SemgWFAw=
-1164,-106,bCfdORtFN8oPhufh1bnQYMX6BLY=,RplXG1a1iXYtbFQbkt2SemgWFAw=
-1162,-106,bCfdORtFN8oPhufh1bnQYMX6BLY=,RplXG1a1iXYtbFQbkt2SemgWFAw=
-1166,-106,bCfdORtFN8oPhufh1bnQYMX6BLY=,RplXG1a1iXYtbFQbkt2SemgWFAw=
-1154,-111,bCfdORtFN8oPhufh1bnQYMX6BLY=,RplXG1a1iXYtbFQbkt2SemgWFAw=
-1161,-106,bCfdORtFN8oPhufh1bnQYMX6BLY=,RplXG1a1iXYtbFQbkt2SemgWFAw=
-1163,-106,bCfdORtFN8oPhufh1bnQYMX6BLY=,RplXG1a1iXYtbFQbkt2SemgWFAw=
-1168,-106,bCfdORtFN8oPhufh1bnQYMX6BLY=,RplXG1a1iXYtbFQbkt2SemgWFAw=
-1160,-106,bCfdORtFN8oPhufh1bnQYMX6BLY=,RplXG1a1iXYtbFQbkt2SemgWFAw=
-1165,-106,bCfdORtFN8oPhufh1bnQYMX6BLY=,RplXG1a1iXYtbFQbkt2SemgWFAw=
-1167,-106,bCfdORtFN8oPhufh1bnQYMX6BLY=,RplXG1a1iXYtbFQbkt2SemgWFAw=
-1154,-107,bCfdORtFN8oPhufh1bnQYMX6BLY=,RplXG1a1iXYtbFQbkt2SemgWFAw=
-1157,-107,bCfdORtFN8oPhufh1bnQYMX6BLY=,RplXG1a1iXYtbFQbkt2SemgWFAw=
-1153,-107,bCfdORtFN8oPhufh1bnQYMX6BLY=,RplXG1a1iXYtbFQbkt2SemgWFAw=
-1155,-107,bCfdORtFN8oPhufh1bnQYMX6BLY=,RplXG1a1iXYtbFQbkt2SemgWFAw=
-1156,-107,bCfdORtFN8oPhufh1bnQYMX6BLY=,RplXG1a1iXYtbFQbkt2SemgWFAw=
-1158,-107,bCfdORtFN8oPhufh1bnQYMX6BLY=,RplXG1a1iXYtbFQbkt2SemgWFAw=
-1164,-105,bCfdORtFN8oPhufh1bnQYMX6BLY=,RplXG1a1iXYtbFQbkt2SemgWFAw=
-1153,-111,bCfdORtFN8oPhufh1bnQYMX6BLY=,RplXG1a1iXYtbFQbkt2SemgWFAw=
-1167,-107,bCfdORtFN8oPhufh1bnQYMX6BLY=,RplXG1a1iXYtbFQbkt2SemgWFAw=
-1159,-107,bCfdORtFN8oPhufh1bnQYMX6BLY=,RplXG1a1iXYtbFQbkt2SemgWFAw=
-1161,-107,bCfdORtFN8oPhufh1bnQYMX6BLY=,RplXG1a1iXYtbFQbkt2SemgWFAw=
-1160,-107,bCfdORtFN8oPhufh1bnQYMX6BLY=,RplXG1a1iXYtbFQbkt2SemgWFAw=
-1166,-107,bCfdORtFN8oPhufh1bnQYMX6BLY=,RplXG1a1iXYtbFQbkt2SemgWFAw=
-1162,-107,bCfdORtFN8oPhufh1bnQYMX6BLY=,RplXG1a1iXYtbFQbkt2SemgWFAw=
-1163,-107,bCfdORtFN8oPhufh1bnQYMX6BLY=,RplXG1a1iXYtbFQbkt2SemgWFAw=
-1168,-107,bCfdORtFN8oPhufh1bnQYMX6BLY=,RplXG1a1iXYtbFQbkt2SemgWFAw=
-1168,-110,bCfdORtFN8oPhufh1bnQYMX6BLY=,RplXG1a1iXYtbFQbkt2SemgWFAw=
-1153,-108,bCfdORtFN8oPhufh1bnQYMX6BLY=,RplXG1a1iXYtbFQbkt2SemgWFAw=
-1161,-108,bCfdORtFN8oPhufh1bnQYMX6BLY=,RplXG1a1iXYtbFQbkt2SemgWFAw=
-1156,-108,bCfdORtFN8oPhufh1bnQYMX6BLY=,RplXG1a1iXYtbFQbkt2SemgWFAw=
-1158,-108,bCfdORtFN8oPhufh1bnQYMX6BLY=,RplXG1a1iXYtbFQbkt2SemgWFAw=
-1159,-108,bCfdORtFN8oPhufh1bnQYMX6BLY=,RplXG1a1iXYtbFQbkt2SemgWFAw=
-1165,-107,bCfdORtFN8oPhufh1bnQYMX6BLY=,RplXG1a1iXYtbFQbkt2SemgWFAw=
-1157,-108,bCfdORtFN8oPhufh1bnQYMX6BLY=,RplXG1a1iXYtbFQbkt2SemgWFAw=
-1155,-108,bCfdORtFN8oPhufh1bnQYMX6BLY=,RplXG1a1iXYtbFQbkt2SemgWFAw=
-1154,-108,bCfdORtFN8oPhufh1bnQYMX6BLY=,RplXG1a1iXYtbFQbkt2SemgWFAw=
-1160,-108,bCfdORtFN8oPhufh1bnQYMX6BLY=,RplXG1a1iXYtbFQbkt2SemgWFAw=
-1167,-110,bCfdORtFN8oPhufh1bnQYMX6BLY=,RplXG1a1iXYtbFQbkt2SemgWFAw=
-1163,-108,bCfdORtFN8oPhufh1bnQYMX6BLY=,RplXG1a1iXYtbFQbkt2SemgWFAw=
-1164,-108,bCfdORtFN8oPhufh1bnQYMX6BLY=,RplXG1a1iXYtbFQbkt2SemgWFAw=
-1164,-107,bCfdORtFN8oPhufh1bnQYMX6BLY=,RplXG1a1iXYtbFQbkt2SemgWFAw=
-1153,-109,bCfdORtFN8oPhufh1bnQYMX6BLY=,RplXG1a1iXYtbFQbkt2SemgWFAw=
-1160,-109,bCfdORtFN8oPhufh1bnQYMX6BLY=,RplXG1a1iXYtbFQbkt2SemgWFAw=
-1163,-109,bCfdORtFN8oPhufh1bnQYMX6BLY=,RplXG1a1iXYtbFQbkt2SemgWFAw=
-1156,-109,bCfdORtFN8oPhufh1bnQYMX6BLY=,RplXG1a1iXYtbFQbkt2SemgWFAw=
-1164,-109,bCfdORtFN8oPhufh1bnQYMX6BLY=,RplXG1a1iXYtbFQbkt2SemgWFAw=
-1166,-110,bCfdORtFN8oPhufh1bnQYMX6BLY=,RplXG1a1iXYtbFQbkt2SemgWFAw=
-1167,-108,bCfdORtFN8oPhufh1bnQYMX6BLY=,RplXG1a1iXYtbFQbkt2SemgWFAw=
-1168,-108,bCfdORtFN8oPhufh1bnQYMX6BLY=,RplXG1a1iXYtbFQbkt2SemgWFAw=
-1159,-109,bCfdORtFN8oPhufh1bnQYMX6BLY=,RplXG1a1iXYtbFQbkt2SemgWFAw=
-1166,-108,bCfdORtFN8oPhufh1bnQYMX6BLY=,RplXG1a1iXYtbFQbkt2SemgWFAw=
-1155,-109,bCfdORtFN8oPhufh1bnQYMX6BLY=,RplXG1a1iXYtbFQbkt2SemgWFAw=
-1165,-109,bCfdORtFN8oPhufh1bnQYMX6BLY=,RplXG1a1iXYtbFQbkt2SemgWFAw=
-1157,-109,bCfdORtFN8oPhufh1bnQYMX6BLY=,RplXG1a1iXYtbFQbkt2SemgWFAw=
-1162,-108,bCfdORtFN8oPhufh1bnQYMX6BLY=,RplXG1a1iXYtbFQbkt2SemgWFAw=
-1162,-109,bCfdORtFN8oPhufh1bnQYMX6BLY=,RplXG1a1iXYtbFQbkt2SemgWFAw=
-1166,-109,bCfdORtFN8oPhufh1bnQYMX6BLY=,RplXG1a1iXYtbFQbkt2SemgWFAw=
-1161,-109,bCfdORtFN8oPhufh1bnQYMX6BLY=,RplXG1a1iXYtbFQbkt2SemgWFAw=
-1167,-109,bCfdORtFN8oPhufh1bnQYMX6BLY=,RplXG1a1iXYtbFQbkt2SemgWFAw=
-1155,-110,bCfdORtFN8oPhufh1bnQYMX6BLY=,RplXG1a1iXYtbFQbkt2SemgWFAw=
-1154,-110,bCfdORtFN8oPhufh1bnQYMX6BLY=,RplXG1a1iXYtbFQbkt2SemgWFAw=
-1158,-109,bCfdORtFN8oPhufh1bnQYMX6BLY=,RplXG1a1iXYtbFQbkt2SemgWFAw=
-1168,-109,bCfdORtFN8oPhufh1bnQYMX6BLY=,RplXG1a1iXYtbFQbkt2SemgWFAw=
-1160,-110,bCfdORtFN8oPhufh1bnQYMX6BLY=,RplXG1a1iXYtbFQbkt2SemgWFAw=
-1156,-110,bCfdORtFN8oPhufh1bnQYMX6BLY=,RplXG1a1iXYtbFQbkt2SemgWFAw=
-1162,-110,bCfdORtFN8oPhufh1bnQYMX6BLY=,RplXG1a1iXYtbFQbkt2SemgWFAw=
-1159,-110,bCfdORtFN8oPhufh1bnQYMX6BLY=,RplXG1a1iXYtbFQbkt2SemgWFAw=
-1157,-110,bCfdORtFN8oPhufh1bnQYMX6BLY=,RplXG1a1iXYtbFQbkt2SemgWFAw=
-1165,-110,bCfdORtFN8oPhufh1bnQYMX6BLY=,RplXG1a1iXYtbFQbkt2SemgWFAw=
-1158,-110,bCfdORtFN8oPhufh1bnQYMX6BLY=,RplXG1a1iXYtbFQbkt2SemgWFAw=
-1154,-109,bCfdORtFN8oPhufh1bnQYMX6BLY=,RplXG1a1iXYtbFQbkt2SemgWFAw=
-1153,-110,bCfdORtFN8oPhufh1bnQYMX6BLY=,RplXG1a1iXYtbFQbkt2SemgWFAw=
-1161,-110,bCfdORtFN8oPhufh1bnQYMX6BLY=,RplXG1a1iXYtbFQbkt2SemgWFAw=
-1165,-108,bCfdORtFN8oPhufh1bnQYMX6BLY=,RplXG1a1iXYtbFQbkt2SemgWFAw=
-1164,-110,bCfdORtFN8oPhufh1bnQYMX6BLY=,RplXG1a1iXYtbFQbkt2SemgWFAw=
-1163,-110,bCfdORtFN8oPhufh1bnQYMX6BLY=,RplXG1a1iXYtbFQbkt2SemgWFAw=
