258,32,MgtjnlRkOsYi0PpfvmFIEa1Qwlk=,26v7P/NRFCnD6TwSv8SGalATaPA=
260,32,MgtjnlRkOsYi0PpfvmFIEa1Qwlk=,26v7P/NRFCnD6TwSv8SGalATaPA=
256,32,MgtjnlRkOsYi0PpfvmFIEa1Qwlk=,26v7P/NRFCnD6TwSv8SGalATaPA=
259,32,MgtjnlRkOsYi0PpfvmFIEa1Qwlk=,26v7P/NRFCnD6TwSv8SGalATaPA=
261,32,MgtjnlRkOsYi0PpfvmFIEa1Qwlk=,26v7P/NRFCnD6TwSv8SGalATaPA=
271,47,MgtjnlRkOsYi0PpfvmFIEa1Qwlk=,26v7P/NRFCnD6TwSv8SGalATaPA=
262,32,MgtjnlRkOsYi0PpfvmFIEa1Qwlk=,26v7P/NRFCnD6TwSv8SGalATaPA=
270,47,MgtjnlRkOsYi0PpfvmFIEa1Qwlk=,26v7P/NRFCnD6TwSv8SGalATaPA=
257,32,MgtjnlRkOsYi0PpfvmFIEa1Qwlk=,26v7P/NRFCnD6TwSv8SGalATaPA=
269,47,MgtjnlRkOsYi0PpfvmFIEa1Qwlk=,26v7P/NRFCnD6TwSv8SGalATaPA=
263,32,MgtjnlRkOsYi0PpfvmFIEa1Qwlk=,26v7P/NRFCnD6TwSv8SGalATaPA=
267,47,MgtjnlRkOsYi0PpfvmFIEa1Qwlk=,26v7P/NRFCnD6TwSv8SGalATaPA=
266,47,MgtjnlRkOsYi0PpfvmFIEa1Qwlk=,26v7P/NRFCnD6TwSv8SGalATaPA=
268,47,MgtjnlRkOsYi0PpfvmFIEa1Qwlk=,26v7P/NRFCnD6TwSv8SGalATaPA=
264,32,MgtjnlRkOsYi0PpfvmFIEa1Qwlk=,26v7P/NRFCnD6TwSv8SGalATaPA=
264,47,MgtjnlRkOsYi0PpfvmFIEa1Qwlk=,26v7P/NRFCnD6TwSv8SGalATaPA=
265,47,MgtjnlRkOsYi0PpfvmFIEa1Qwlk=,26v7P/NRFCnD6TwSv8SGalATaPA=
265,32,MgtjnlRkOsYi0PpfvmFIEa1Qwlk=,26v7P/NRFCnD6TwSv8SGalATaPA=
262,47,MgtjnlRkOsYi0PpfvmFIEa1Qwlk=,26v7P/NRFCnD6TwSv8SGalATaPA=
263,47,MgtjnlRkOsYi0PpfvmFIEa1Qwlk=,26v7P/NRFCnD6TwSv8SGalATaPA=
260,47,MgtjnlRkOsYi0PpfvmFIEa1Qwlk=,26v7P/NRFCnD6TwSv8SGalATaPA=
258,47,MgtjnlRkOsYi0PpfvmFIEa1Qwlk=,26v7P/NRFCnD6TwSv8SGalATaPA=
259,47,MgtjnlRkOsYi0PpfvmFIEa1Qwlk=,26v7P/NRFCnD6TwSv8SGalATaPA=
269,46,MgtjnlRkOsYi0PpfvmFIEa1Qwlk=,26v7P/NRFCnD6TwSv8SGalATaPA=
257,47,MgtjnlRkOsYi0PpfvmFIEa1Qwlk=,26v7P/NRFCnD6TwSv8SGalATaPA=
261,47,MgtjnlRkOsYi0PpfvmFIEa1Qwlk=,26v7P/NRFCnD6TwSv8SGalATaPA=
256,47,MgtjnlRkOsYi0PpfvmFIEa1Qwlk=,26v7P/NRFCnD6TwSv8SGalATaPA=
270,46,MgtjnlRkOsYi0PpfvmFIEa1Qwlk=,26v7P/NRFCnD6TwSv8SGalATaPA=
271,46,MgtjnlRkOsYi0PpfvmFIEa1Qwlk=,26v7P/NRFCnD6TwSv8SGalATaPA=
268,46,MgtjnlRkOsYi0PpfvmFIEa1Qwlk=,26v7P/NRFCnD6TwSv8SGalATaPA=
266,46,MgtjnlRkOsYi0PpfvmFIEa1Qwlk=,26v7P/NRFCnD6TwSv8SGalATaPA=
267,46,MgtjnlRkOsYi0PpfvmFIEa1Qwlk=,26v7P/NRFCnD6TwSv8SGalATaPA=
262,46,MgtjnlRkOsYi0PpfvmFIEa1Qwlk=,26v7P/NRFCnD6TwSv8SGalATaPA=
264,46,MgtjnlRkOsYi0PpfvmFIEa1Qwlk=,26v7P/NRFCnD6TwSv8SGalATaPA=
265,46,MgtjnlRkOsYi0PpfvmFIEa1Qwlk=,26v7P/NRFCnD6TwSv8SGalATaPA=
263,46,MgtjnlRkOsYi0PpfvmFIEa1Qwlk=,26v7P/NRFCnD6TwSv8SGalATaPA=
261,46,MgtjnlRkOsYi0PpfvmFIEa1Qwlk=,26v7P/NRFCnD6TwSv8SGalATaPA=
260,46,MgtjnlRkOsYi0PpfvmFIEa1Qwlk=,26v7P/NRFCnD6TwSv8SGalATaPA=
266,32,MgtjnlRkOsYi0PpfvmFIEa1Qwlk=,26v7P/NRFCnD6TwSv8SGalATaPA=
256,46,MgtjnlRkOsYi0PpfvmFIEa1Qwlk=,26v7P/NRFCnD6TwSv8SGalATaPA=
259,46,MgtjnlRkOsYi0PpfvmFIEa1Qwlk=,26v7P/NRFCnD6TwSv8SGalATaPA=
258,46,MgtjnlRkOsYi0PpfvmFIEa1Qwlk=,26v7P/NRFCnD6TwSv8SGalATaPA=
271,45,MgtjnlRkOsYi0PpfvmFIEa1Qwlk=,26v7P/NRFCnD6TwSv8SGalATaPA=
257,46,MgtjnlRkOsYi0PpfvmFIEa1Qwlk=,26v7P/NRFCnD6TwSv8SGalATaPA=
270,45,MgtjnlRkOsYi0PpfvmFIEa1Qwlk=,26v7P/NRFCnD6TwSv8SGalATaPA=
267,32,MgtjnlRkOsYi0PpfvmFIEa1Qwlk=,26v7P/NRFCnD6TwSv8SGalATaPA=
267,45,MgtjnlRkOsYi0PpfvmFIEa1Qwlk=,26v7P/NRFCnD6TwSv8SGalATaPA=
265,45,MgtjnlRkOsYi0PpfvmFIEa1Qwlk=,26v7P/NRFCnD6TwSv8SGalATaPA=
269,45,MgtjnlRkOsYi0PpfvmFIEa1Qwlk=,26v7P/NRFCnD6TwSv8SGalATaPA=
268,45,MgtjnlRkOsYi0PpfvmFIEa1Qwlk=,26v7P/NRFCnD6TwSv8SGalATaPA=
263,45,MgtjnlRkOsYi0PpfvmFIEa1Qwlk=,26v7P/NRFCnD6TwSv8SGalATaPA=
264,45,MgtjnlRkOsYi0PpfvmFIEa1Qwlk=,26v7P/NRFCnD6TwSv8SGalATaPA=
266,45,MgtjnlRkOsYi0PpfvmFIEa1Qwlk=,26v7P/NRFCnD6TwSv8SGalATaPA=
261,45,MgtjnlRkOsYi0PpfvmFIEa1Qwlk=,26v7P/NRFCnD6TwSv8SGalATaPA=
268,32,MgtjnlRkOsYi0PpfvmFIEa1Qwlk=,26v7P/NRFCnD6TwSv8SGalATaPA=
262,45,MgtjnlRkOsYi0PpfvmFIEa1Qwlk=,26v7P/NRFCnD6TwSv8SGalATaPA=
258,45,MgtjnlRkOsYi0PpfvmFIEa1Qwlk=,26v7P/NRFCnD6TwSv8SGalATaPA=
259,45,MgtjnlRkOsYi0PpfvmFIEa1Qwlk=,26v7P/NRFCnD6TwSv8SGalATaPA=
271,44,MgtjnlRkOsYi0PpfvmFIEa1Qwlk=,26v7P/NRFCnD6TwSv8SGalATaPA=
256,45,MgtjnlRkOsYi0PpfvmFIEa1Qwlk=,26v7P/NRFCnD6TwSv8SGalATaPA=
267,44,MgtjnlRkOsYi0PpfvmFIEa1Qwlk=,26v7P/NRFCnD6TwSv8SGalATaPA=
257,45,MgtjnlRkOsYi0PpfvmFIEa1Qwlk=,26v7P/NRFCnD6TwSv8SGalATaPA=
265,44,MgtjnlRkOsYi0PpfvmFIEa1Qwlk=,26v7P/NRFCnD6TwSv8SGalATaPA=
260,45,MgtjnlRkOsYi0PpfvmFIEa1Qwlk=,26v7P/NRFCnD6TwSv8SGalATaPA=
268,44,MgtjnlRkOsYi0PpfvmFIEa1Qwlk=,26v7P/NRFCnD6TwSv8SGalATaPA=
264,44,MgtjnlRkOsYi0PpfvmFIEa1Qwlk=,26v7P/NRFCnD6TwSv8SGalATaPA=
269,44,MgtjnlRkOsYi0PpfvmFIEa1Qwlk=,26v7P/NRFCnD6TwSv8SGalATaPA=
270,44,MgtjnlRkOsYi0PpfvmFIEa1Qwlk=,26v7P/NRFCnD6TwSv8SGalATaPA=
270,32,MgtjnlRkOsYi0PpfvmFIEa1Qwlk=,26v7P/NRFCnD6TwSv8SGalATaPA=
262,44,MgtjnlRkOsYi0PpfvmFIEa1Qwlk=,26v7P/NRFCnD6TwSv8SGalATaPA=
263,44,MgtjnlRkOsYi0PpfvmFIEa1Qwlk=,26v7P/NRFCnD6TwSv8SGalATaPA=
261,44,MgtjnlRkOsYi0PpfvmFIEa1Qwlk=,26v7P/NRFCnD6TwSv8SGalATaPA=
256,44,MgtjnlRkOsYi0PpfvmFIEa1Qwlk=,26v7P/NRFCnD6TwSv8SGalATaPA=
270,43,MgtjnlRkOsYi0PpfvmFIEa1Qwlk=,26v7P/NRFCnD6TwSv8SGalATaPA=
268,43,MgtjnlRkOsYi0PpfvmFIEa1Qwlk=,26v7P/NRFCnD6TwSv8SGalATaPA=
269,32,MgtjnlRkOsYi0PpfvmFIEa1Qwlk=,26v7P/NRFCnD6TwSv8SGalATaPA=
257,44,MgtjnlRkOsYi0PpfvmFIEa1Qwlk=,26v7P/NRFCnD6TwSv8SGalATaPA=
266,43,MgtjnlRkOsYi0PpfvmFIEa1Qwlk=,26v7P/NRFCnD6TwSv8SGalATaPA=
269,43,MgtjnlRkOsYi0PpfvmFIEa1Qwlk=,26v7P/NRFCnD6TwSv8SGalATaPA=
260,44,MgtjnlRkOsYi0PpfvmFIEa1Qwlk=,26v7P/NRFCnD6TwSv8SGalATaPA=
259,44,MgtjnlRkOsYi0PpfvmFIEa1Qwlk=,26v7P/NRFCnD6TwSv8SGalATaPA=
263,43,MgtjnlRkOsYi0PpfvmFIEa1Qwlk=,26v7P/NRFCnD6TwSv8SGalATaPA=
258,44,MgtjnlRkOsYi0PpfvmFIEa1Qwlk=,26v7P/NRFCnD6TwSv8SGalATaPA=
267,43,MgtjnlRkOsYi0PpfvmFIEa1Qwlk=,26v7P/NRFCnD6TwSv8SGalATaPA=
271,32,MgtjnlRkOsYi0PpfvmFIEa1Qwlk=,26v7P/NRFCnD6TwSv8SGalATaPA=
265,43,MgtjnlRkOsYi0PpfvmFIEa1Qwlk=,26v7P/NRFCnD6TwSv8SGalATaPA=
264,43,MgtjnlRkOsYi0PpfvmFIEa1Qwlk=,26v7P/NRFCnD6TwSv8SGalATaPA=
259,43,MgtjnlRkOsYi0PpfvmFIEa1Qwlk=,26v7P/NRFCnD6TwSv8SGalATaPA=
260,43,MgtjnlRkOsYi0PpfvmFIEa1Qwlk=,26v7P/NRFCnD6TwSv8SGalATaPA=
258,43,MgtjnlRkOsYi0PpfvmFIEa1Qwlk=,26v7P/NRFCnD6TwSv8SGalATaPA=
262,43,MgtjnlRkOsYi0PpfvmFIEa1Qwlk=,26v7P/NRFCnD6TwSv8SGalATaPA=
261,43,MgtjnlRkOsYi0PpfvmFIEa1Qwlk=,26v7P/NRFCnD6TwSv8SGalATaPA=
256,43,MgtjnlRkOsYi0PpfvmFIEa1Qwlk=,26v7P/NRFCnD6TwSv8SGalATaPA=
270,42,MgtjnlRkOsYi0PpfvmFIEa1Qwlk=,26v7P/NRFCnD6TwSv8SGalATaPA=
271,42,MgtjnlRkOsYi0PpfvmFIEa1Qwlk=,26v7P/NRFCnD6TwSv8SGalATaPA=
257,43,MgtjnlRkOsYi0PpfvmFIEa1Qwlk=,26v7P/NRFCnD6TwSv8SGalATaPA=
270,41,MgtjnlRkOsYi0PpfvmFIEa1Qwlk=,26v7P/NRFCnD6TwSv8SGalATaPA=
268,42,MgtjnlRkOsYi0PpfvmFIEa1Qwlk=,26v7P/NRFCnD6TwSv8SGalATaPA=
269,41,MgtjnlRkOsYi0PpfvmFIEa1Qwlk=,26v7P/NRFCnD6TwSv8SGalATaPA=
271,41,MgtjnlRkOsYi0PpfvmFIEa1Qwlk=,26v7P/NRFCnD6TwSv8SGalATaPA=
267,41,MgtjnlRkOsYi0PpfvmFIEa1Qwlk=,26v7P/NRFCnD6TwSv8SGalATaPA=
266,41,MgtjnlRkOsYi0PpfvmFIEa1Qwlk=,26v7P/NRFCnD6TwSv8SGalATaPA=
263,41,MgtjnlRkOsYi0PpfvmFIEa1Qwlk=,26v7P/NRFCnD6TwSv8SGalATaPA=
265,41,MgtjnlRkOsYi0PpfvmFIEa1Qwlk=,26v7P/NRFCnD6TwSv8SGalATaPA=
264,41,MgtjnlRkOsYi0PpfvmFIEa1Qwlk=,26v7P/NRFCnD6TwSv8SGalATaPA=
262,41,MgtjnlRkOsYi0PpfvmFIEa1Qwlk=,26v7P/NRFCnD6TwSv8SGalATaPA=
260,41,MgtjnlRkOsYi0PpfvmFIEa1Qwlk=,26v7P/NRFCnD6TwSv8SGalATaPA=
261,41,MgtjnlRkOsYi0PpfvmFIEa1Qwlk=,26v7P/NRFCnD6TwSv8SGalATaPA=
264,42,MgtjnlRkOsYi0PpfvmFIEa1Qwlk=,26v7P/NRFCnD6TwSv8SGalATaPA=
259,41,MgtjnlRkOsYi0PpfvmFIEa1Qwlk=,26v7P/NRFCnD6TwSv8SGalATaPA=
268,41,MgtjnlRkOsYi0PpfvmFIEa1Qwlk=,26v7P/NRFCnD6TwSv8SGalATaPA=
258,41,MgtjnlRkOsYi0PpfvmFIEa1Qwlk=,26v7P/NRFCnD6TwSv8SGalATaPA=
257,41,MgtjnlRkOsYi0PpfvmFIEa1Qwlk=,26v7P/NRFCnD6TwSv8SGalATaPA=
263,42,MgtjnlRkOsYi0PpfvmFIEa1Qwlk=,26v7P/NRFCnD6TwSv8SGalATaPA=
271,40,MgtjnlRkOsYi0PpfvmFIEa1Qwlk=,26v7P/NRFCnD6TwSv8SGalATaPA=
256,41,MgtjnlRkOsYi0PpfvmFIEa1Qwlk=,26v7P/NRFCnD6TwSv8SGalATaPA=
269,40,MgtjnlRkOsYi0PpfvmFIEa1Qwlk=,26v7P/NRFCnD6TwSv8SGalATaPA=
266,40,MgtjnlRkOsYi0PpfvmFIEa1Qwlk=,26v7P/NRFCnD6TwSv8SGalATaPA=
263,40,MgtjnlRkOsYi0PpfvmFIEa1Qwlk=,26v7P/NRFCnD6TwSv8SGalATaPA=
270,40,MgtjnlRkOsYi0PpfvmFIEa1Qwlk=,26v7P/NRFCnD6TwSv8SGalATaPA=
261,40,MgtjnlRkOsYi0PpfvmFIEa1Qwlk=,26v7P/NRFCnD6TwSv8SGalATaPA=
265,40,MgtjnlRkOsYi0PpfvmFIEa1Qwlk=,26v7P/NRFCnD6TwSv8SGalATaPA=
268,40,MgtjnlRkOsYi0PpfvmFIEa1Qwlk=,26v7P/NRFCnD6TwSv8SGalATaPA=
262,40,MgtjnlRkOsYi0PpfvmFIEa1Qwlk=,26v7P/NRFCnD6TwSv8SGalATaPA=
265,42,MgtjnlRkOsYi0PpfvmFIEa1Qwlk=,26v7P/NRFCnD6TwSv8SGalATaPA=
257,40,MgtjnlRkOsYi0PpfvmFIEa1Qwlk=,26v7P/NRFCnD6TwSv8SGalATaPA=
266,44,MgtjnlRkOsYi0PpfvmFIEa1Qwlk=,26v7P/NRFCnD6TwSv8SGalATaPA=
265,39,MgtjnlRkOsYi0PpfvmFIEa1Qwlk=,26v7P/NRFCnD6TwSv8SGalATaPA=
267,39,MgtjnlRkOsYi0PpfvmFIEa1Qwlk=,26v7P/NRFCnD6TwSv8SGalATaPA=
262,42,MgtjnlRkOsYi0PpfvmFIEa1Qwlk=,26v7P/NRFCnD6TwSv8SGalATaPA=
266,39,MgtjnlRkOsYi0PpfvmFIEa1Qwlk=,26v7P/NRFCnD6TwSv8SGalATaPA=
268,39,MgtjnlRkOsYi0PpfvmFIEa1Qwlk=,26v7P/NRFCnD6TwSv8SGalATaPA=
267,40,MgtjnlRkOsYi0PpfvmFIEa1Qwlk=,26v7P/NRFCnD6TwSv8SGalATaPA=
263,39,MgtjnlRkOsYi0PpfvmFIEa1Qwlk=,26v7P/NRFCnD6TwSv8SGalATaPA=
264,39,MgtjnlRkOsYi0PpfvmFIEa1Qwlk=,26v7P/NRFCnD6TwSv8SGalATaPA=
269,42,MgtjnlRkOsYi0PpfvmFIEa1Qwlk=,26v7P/NRFCnD6TwSv8SGalATaPA=
269,39,MgtjnlRkOsYi0PpfvmFIEa1Qwlk=,26v7P/NRFCnD6TwSv8SGalATaPA=
262,39,MgtjnlRkOsYi0PpfvmFIEa1Qwlk=,26v7P/NRFCnD6TwSv8SGalATaPA=
261,39,MgtjnlRkOsYi0PpfvmFIEa1Qwlk=,26v7P/NRFCnD6TwSv8SGalATaPA=
258,39,MgtjnlRkOsYi0PpfvmFIEa1Qwlk=,26v7P/NRFCnD6TwSv8SGalATaPA=
266,42,MgtjnlRkOsYi0PpfvmFIEa1Qwlk=,26v7P/NRFCnD6TwSv8SGalATaPA=
258,42,MgtjnlRkOsYi0PpfvmFIEa1Qwlk=,26v7P/NRFCnD6TwSv8SGalATaPA=
260,39,MgtjnlRkOsYi0PpfvmFIEa1Qwlk=,26v7P/NRFCnD6TwSv8SGalATaPA=
259,39,MgtjnlRkOsYi0PpfvmFIEa1Qwlk=,26v7P/NRFCnD6TwSv8SGalATaPA=
257,39,MgtjnlRkOsYi0PpfvmFIEa1Qwlk=,26v7P/NRFCnD6TwSv8SGalATaPA=
271,43,MgtjnlRkOsYi0PpfvmFIEa1Qwlk=,26v7P/NRFCnD6TwSv8SGalATaPA=
256,33,MgtjnlRkOsYi0PpfvmFIEa1Qwlk=,26v7P/NRFCnD6TwSv8SGalATaPA=
264,38,MgtjnlRkOsYi0PpfvmFIEa1Qwlk=,26v7P/NRFCnD6TwSv8SGalATaPA=
261,38,MgtjnlRkOsYi0PpfvmFIEa1Qwlk=,26v7P/NRFCnD6TwSv8SGalATaPA=
269,38,MgtjnlRkOsYi0PpfvmFIEa1Qwlk=,26v7P/NRFCnD6TwSv8SGalATaPA=
270,38,MgtjnlRkOsYi0PpfvmFIEa1Qwlk=,26v7P/NRFCnD6TwSv8SGalATaPA=
268,38,MgtjnlRkOsYi0PpfvmFIEa1Qwlk=,26v7P/NRFCnD6TwSv8SGalATaPA=
259,38,MgtjnlRkOsYi0PpfvmFIEa1Qwlk=,26v7P/NRFCnD6TwSv8SGalATaPA=
258,38,MgtjnlRkOsYi0PpfvmFIEa1Qwlk=,26v7P/NRFCnD6TwSv8SGalATaPA=
257,42,MgtjnlRkOsYi0PpfvmFIEa1Qwlk=,26v7P/NRFCnD6TwSv8SGalATaPA=
257,38,MgtjnlRkOsYi0PpfvmFIEa1Qwlk=,26v7P/NRFCnD6TwSv8SGalATaPA=
258,40,MgtjnlRkOsYi0PpfvmFIEa1Qwlk=,26v7P/NRFCnD6TwSv8SGalATaPA=
260,38,MgtjnlRkOsYi0PpfvmFIEa1Qwlk=,26v7P/NRFCnD6TwSv8SGalATaPA=
271,37,MgtjnlRkOsYi0PpfvmFIEa1Qwlk=,26v7P/NRFCnD6TwSv8SGalATaPA=
268,37,MgtjnlRkOsYi0PpfvmFIEa1Qwlk=,26v7P/NRFCnD6TwSv8SGalATaPA=
270,37,MgtjnlRkOsYi0PpfvmFIEa1Qwlk=,26v7P/NRFCnD6TwSv8SGalATaPA=
265,37,MgtjnlRkOsYi0PpfvmFIEa1Qwlk=,26v7P/NRFCnD6TwSv8SGalATaPA=
267,38,MgtjnlRkOsYi0PpfvmFIEa1Qwlk=,26v7P/NRFCnD6TwSv8SGalATaPA=
260,37,MgtjnlRkOsYi0PpfvmFIEa1Qwlk=,26v7P/NRFCnD6TwSv8SGalATaPA=
265,38,MgtjnlRkOsYi0PpfvmFIEa1Qwlk=,26v7P/NRFCnD6TwSv8SGalATaPA=
256,42,MgtjnlRkOsYi0PpfvmFIEa1Qwlk=,26v7P/NRFCnD6TwSv8SGalATaPA=
263,37,MgtjnlRkOsYi0PpfvmFIEa1Qwlk=,26v7P/NRFCnD6TwSv8SGalATaPA=
259,37,MgtjnlRkOsYi0PpfvmFIEa1Qwlk=,26v7P/NRFCnD6TwSv8SGalATaPA=
267,37,MgtjnlRkOsYi0PpfvmFIEa1Qwlk=,26v7P/NRFCnD6TwSv8SGalATaPA=
266,37,MgtjnlRkOsYi0PpfvmFIEa1Qwlk=,26v7P/NRFCnD6TwSv8SGalATaPA=
271,36,MgtjnlRkOsYi0PpfvmFIEa1Qwlk=,26v7P/NRFCnD6TwSv8SGalATaPA=
259,42,MgtjnlRkOsYi0PpfvmFIEa1Qwlk=,26v7P/NRFCnD6TwSv8SGalATaPA=
262,37,MgtjnlRkOsYi0PpfvmFIEa1Qwlk=,26v7P/NRFCnD6TwSv8SGalATaPA=
257,37,MgtjnlRkOsYi0PpfvmFIEa1Qwlk=,26v7P/NRFCnD6TwSv8SGalATaPA=
270,36,MgtjnlRkOsYi0PpfvmFIEa1Qwlk=,26v7P/NRFCnD6TwSv8SGalATaPA=
258,37,MgtjnlRkOsYi0PpfvmFIEa1Qwlk=,26v7P/NRFCnD6TwSv8SGalATaPA=
260,42,MgtjnlRkOsYi0PpfvmFIEa1Qwlk=,26v7P/NRFCnD6TwSv8SGalATaPA=
266,36,MgtjnlRkOsYi0PpfvmFIEa1Qwlk=,26v7P/NRFCnD6TwSv8SGalATaPA=
261,36,MgtjnlRkOsYi0PpfvmFIEa1Qwlk=,26v7P/NRFCnD6TwSv8SGalATaPA=
264,36,MgtjnlRkOsYi0PpfvmFIEa1Qwlk=,26v7P/NRFCnD6TwSv8SGalATaPA=
260,36,MgtjnlRkOsYi0PpfvmFIEa1Qwlk=,26v7P/NRFCnD6TwSv8SGalATaPA=
259,36,MgtjnlRkOsYi0PpfvmFIEa1Qwlk=,26v7P/NRFCnD6TwSv8SGalATaPA=
256,36,MgtjnlRkOsYi0PpfvmFIEa1Qwlk=,26v7P/NRFCnD6TwSv8SGalATaPA=
269,36,MgtjnlRkOsYi0PpfvmFIEa1Qwlk=,26v7P/NRFCnD6TwSv8SGalATaPA=
258,36,MgtjnlRkOsYi0PpfvmFIEa1Qwlk=,26v7P/NRFCnD6TwSv8SGalATaPA=
271,35,MgtjnlRkOsYi0PpfvmFIEa1Qwlk=,26v7P/NRFCnD6TwSv8SGalATaPA=
267,36,MgtjnlRkOsYi0PpfvmFIEa1Qwlk=,26v7P/NRFCnD6TwSv8SGalATaPA=
261,42,MgtjnlRkOsYi0PpfvmFIEa1Qwlk=,26v7P/NRFCnD6TwSv8SGalATaPA=
269,35,MgtjnlRkOsYi0PpfvmFIEa1Qwlk=,26v7P/NRFCnD6TwSv8SGalATaPA=
257,35,MgtjnlRkOsYi0PpfvmFIEa1Qwlk=,26v7P/NRFCnD6TwSv8SGalATaPA=
259,40,MgtjnlRkOsYi0PpfvmFIEa1Qwlk=,26v7P/NRFCnD6TwSv8SGalATaPA=
257,33,MgtjnlRkOsYi0PpfvmFIEa1Qwlk=,26v7P/NRFCnD6TwSv8SGalATaPA=
268,35,MgtjnlRkOsYi0PpfvmFIEa1Qwlk=,26v7P/NRFCnD6TwSv8SGalATaPA=
256,35,MgtjnlRkOsYi0PpfvmFIEa1Qwlk=,26v7P/NRFCnD6TwSv8SGalATaPA=
271,34,MgtjnlRkOsYi0PpfvmFIEa1Qwlk=,26v7P/NRFCnD6TwSv8SGalATaPA=
261,37,MgtjnlRkOsYi0PpfvmFIEa1Qwlk=,26v7P/NRFCnD6TwSv8SGalATaPA=
258,33,MgtjnlRkOsYi0PpfvmFIEa1Qwlk=,26v7P/NRFCnD6TwSv8SGalATaPA=
264,40,MgtjnlRkOsYi0PpfvmFIEa1Qwlk=,26v7P/NRFCnD6TwSv8SGalATaPA=
268,34,MgtjnlRkOsYi0PpfvmFIEa1Qwlk=,26v7P/NRFCnD6TwSv8SGalATaPA=
266,35,MgtjnlRkOsYi0PpfvmFIEa1Qwlk=,26v7P/NRFCnD6TwSv8SGalATaPA=
260,40,MgtjnlRkOsYi0PpfvmFIEa1Qwlk=,26v7P/NRFCnD6TwSv8SGalATaPA=
270,34,MgtjnlRkOsYi0PpfvmFIEa1Qwlk=,26v7P/NRFCnD6TwSv8SGalATaPA=
269,34,MgtjnlRkOsYi0PpfvmFIEa1Qwlk=,26v7P/NRFCnD6TwSv8SGalATaPA=
256,38,MgtjnlRkOsYi0PpfvmFIEa1Qwlk=,26v7P/NRFCnD6TwSv8SGalATaPA=
267,34,MgtjnlRkOsYi0PpfvmFIEa1Qwlk=,26v7P/NRFCnD6TwSv8SGalATaPA=
266,34,MgtjnlRkOsYi0PpfvmFIEa1Qwlk=,26v7P/NRFCnD6TwSv8SGalATaPA=
259,33,MgtjnlRkOsYi0PpfvmFIEa1Qwlk=,26v7P/NRFCnD6TwSv8SGalATaPA=
265,34,MgtjnlRkOsYi0PpfvmFIEa1Qwlk=,26v7P/NRFCnD6TwSv8SGalATaPA=
264,37,MgtjnlRkOsYi0PpfvmFIEa1Qwlk=,26v7P/NRFCnD6TwSv8SGalATaPA=
263,34,MgtjnlRkOsYi0PpfvmFIEa1Qwlk=,26v7P/NRFCnD6TwSv8SGalATaPA=
258,34,MgtjnlRkOsYi0PpfvmFIEa1Qwlk=,26v7P/NRFCnD6TwSv8SGalATaPA=
261,34,MgtjnlRkOsYi0PpfvmFIEa1Qwlk=,26v7P/NRFCnD6TwSv8SGalATaPA=
259,34,MgtjnlRkOsYi0PpfvmFIEa1Qwlk=,26v7P/NRFCnD6TwSv8SGalATaPA=
264,34,MgtjnlRkOsYi0PpfvmFIEa1Qwlk=,26v7P/NRFCnD6TwSv8SGalATaPA=
256,40,MgtjnlRkOsYi0PpfvmFIEa1Qwlk=,26v7P/NRFCnD6TwSv8SGalATaPA=
257,34,MgtjnlRkOsYi0PpfvmFIEa1Qwlk=,26v7P/NRFCnD6TwSv8SGalATaPA=
270,39,MgtjnlRkOsYi0PpfvmFIEa1Qwlk=,26v7P/NRFCnD6TwSv8SGalATaPA=
271,33,MgtjnlRkOsYi0PpfvmFIEa1Qwlk=,26v7P/NRFCnD6TwSv8SGalATaPA=
265,36,MgtjnlRkOsYi0PpfvmFIEa1Qwlk=,26v7P/NRFCnD6TwSv8SGalATaPA=
264,35,MgtjnlRkOsYi0PpfvmFIEa1Qwlk=,26v7P/NRFCnD6TwSv8SGalATaPA=
256,34,MgtjnlRkOsYi0PpfvmFIEa1Qwlk=,26v7P/NRFCnD6TwSv8SGalATaPA=
260,34,MgtjnlRkOsYi0PpfvmFIEa1Qwlk=,26v7P/NRFCnD6TwSv8SGalATaPA=
270,33,MgtjnlRkOsYi0PpfvmFIEa1Qwlk=,26v7P/NRFCnD6TwSv8SGalATaPA=
262,34,MgtjnlRkOsYi0PpfvmFIEa1Qwlk=,26v7P/NRFCnD6TwSv8SGalATaPA=
263,33,MgtjnlRkOsYi0PpfvmFIEa1Qwlk=,26v7P/NRFCnD6TwSv8SGalATaPA=
266,33,MgtjnlRkOsYi0PpfvmFIEa1Qwlk=,26v7P/NRFCnD6TwSv8SGalATaPA=
263,35,MgtjnlRkOsYi0PpfvmFIEa1Qwlk=,26v7P/NRFCnD6TwSv8SGalATaPA=
267,42,MgtjnlRkOsYi0PpfvmFIEa1Qwlk=,26v7P/NRFCnD6TwSv8SGalATaPA=
269,33,MgtjnlRkOsYi0PpfvmFIEa1Qwlk=,26v7P/NRFCnD6TwSv8SGalATaPA=
264,33,MgtjnlRkOsYi0PpfvmFIEa1Qwlk=,26v7P/NRFCnD6TwSv8SGalATaPA=
262,33,MgtjnlRkOsYi0PpfvmFIEa1Qwlk=,26v7P/NRFCnD6TwSv8SGalATaPA=
261,33,MgtjnlRkOsYi0PpfvmFIEa1Qwlk=,26v7P/NRFCnD6TwSv8SGalATaPA=
261,35,MgtjnlRkOsYi0PpfvmFIEa1Qwlk=,26v7P/NRFCnD6TwSv8SGalATaPA=
256,37,MgtjnlRkOsYi0PpfvmFIEa1Qwlk=,26v7P/NRFCnD6TwSv8SGalATaPA=
267,35,MgtjnlRkOsYi0PpfvmFIEa1Qwlk=,26v7P/NRFCnD6TwSv8SGalATaPA=
262,38,MgtjnlRkOsYi0PpfvmFIEa1Qwlk=,26v7P/NRFCnD6TwSv8SGalATaPA=
256,39,MgtjnlRkOsYi0PpfvmFIEa1Qwlk=,26v7P/NRFCnD6TwSv8SGalATaPA=
266,38,MgtjnlRkOsYi0PpfvmFIEa1Qwlk=,26v7P/NRFCnD6TwSv8SGalATaPA=
260,33,MgtjnlRkOsYi0PpfvmFIEa1Qwlk=,26v7P/NRFCnD6TwSv8SGalATaPA=
269,37,MgtjnlRkOsYi0PpfvmFIEa1Qwlk=,26v7P/NRFCnD6TwSv8SGalATaPA=
262,35,MgtjnlRkOsYi0PpfvmFIEa1Qwlk=,26v7P/NRFCnD6TwSv8SGalATaPA=
271,38,MgtjnlRkOsYi0PpfvmFIEa1Qwlk=,26v7P/NRFCnD6TwSv8SGalATaPA=
257,36,MgtjnlRkOsYi0PpfvmFIEa1Qwlk=,26v7P/NRFCnD6TwSv8SGalATaPA=
262,36,MgtjnlRkOsYi0PpfvmFIEa1Qwlk=,26v7P/NRFCnD6TwSv8SGalATaPA=
267,33,MgtjnlRkOsYi0PpfvmFIEa1Qwlk=,26v7P/NRFCnD6TwSv8SGalATaPA=
263,38,MgtjnlRkOsYi0PpfvmFIEa1Qwlk=,26v7P/NRFCnD6TwSv8SGalATaPA=
270,35,MgtjnlRkOsYi0PpfvmFIEa1Qwlk=,26v7P/NRFCnD6TwSv8SGalATaPA=
268,33,MgtjnlRkOsYi0PpfvmFIEa1Qwlk=,26v7P/NRFCnD6TwSv8SGalATaPA=
265,33,MgtjnlRkOsYi0PpfvmFIEa1Qwlk=,26v7P/NRFCnD6TwSv8SGalATaPA=
263,36,MgtjnlRkOsYi0PpfvmFIEa1Qwlk=,26v7P/NRFCnD6TwSv8SGalATaPA=
271,39,MgtjnlRkOsYi0PpfvmFIEa1Qwlk=,26v7P/NRFCnD6TwSv8SGalATaPA=
258,35,MgtjnlRkOsYi0PpfvmFIEa1Qwlk=,26v7P/NRFCnD6TwSv8SGalATaPA=
268,36,MgtjnlRkOsYi0PpfvmFIEa1Qwlk=,26v7P/NRFCnD6TwSv8SGalATaPA=
259,35,MgtjnlRkOsYi0PpfvmFIEa1Qwlk=,26v7P/NRFCnD6TwSv8SGalATaPA=
265,35,MgtjnlRkOsYi0PpfvmFIEa1Qwlk=,26v7P/NRFCnD6TwSv8SGalATaPA=
260,35,MgtjnlRkOsYi0PpfvmFIEa1Qwlk=,26v7P/NRFCnD6TwSv8SGalATaPA=
274,32,qFZLm7B6KW5+OJ3HvxAxzon7/Sw=,26v7P/NRFCnD6TwSv8SGalATaPA=
277,33,qFZLm7B6KW5+OJ3HvxAxzon7/Sw=,26v7P/NRFCnD6TwSv8SGalATaPA=
278,33,qFZLm7B6KW5+OJ3HvxAxzon7/Sw=,26v7P/NRFCnD6TwSv8SGalATaPA=
273,32,qFZLm7B6KW5+OJ3HvxAxzon7/Sw=,26v7P/NRFCnD6TwSv8SGalATaPA=
276,33,qFZLm7B6KW5+OJ3HvxAxzon7/Sw=,26v7P/NRFCnD6TwSv8SGalATaPA=
279,33,qFZLm7B6KW5+OJ3HvxAxzon7/Sw=,26v7P/NRFCnD6TwSv8SGalATaPA=
274,33,qFZLm7B6KW5+OJ3HvxAxzon7/Sw=,26v7P/NRFCnD6TwSv8SGalATaPA=
280,33,qFZLm7B6KW5+OJ3HvxAxzon7/Sw=,26v7P/NRFCnD6TwSv8SGalATaPA=
272,32,qFZLm7B6KW5+OJ3HvxAxzon7/Sw=,26v7P/NRFCnD6TwSv8SGalATaPA=
275,33,qFZLm7B6KW5+OJ3HvxAxzon7/Sw=,26v7P/NRFCnD6TwSv8SGalATaPA=
281,33,qFZLm7B6KW5+OJ3HvxAxzon7/Sw=,26v7P/NRFCnD6TwSv8SGalATaPA=
285,47,qFZLm7B6KW5+OJ3HvxAxzon7/Sw=,26v7P/NRFCnD6TwSv8SGalATaPA=
282,33,qFZLm7B6KW5+OJ3HvxAxzon7/Sw=,26v7P/NRFCnD6TwSv8SGalATaPA=
283,33,qFZLm7B6KW5+OJ3HvxAxzon7/Sw=,26v7P/NRFCnD6TwSv8SGalATaPA=
284,47,qFZLm7B6KW5+OJ3HvxAxzon7/Sw=,26v7P/NRFCnD6TwSv8SGalATaPA=
283,47,qFZLm7B6KW5+OJ3HvxAxzon7/Sw=,26v7P/NRFCnD6TwSv8SGalATaPA=
284,33,qFZLm7B6KW5+OJ3HvxAxzon7/Sw=,26v7P/NRFCnD6TwSv8SGalATaPA=
282,47,qFZLm7B6KW5+OJ3HvxAxzon7/Sw=,26v7P/NRFCnD6TwSv8SGalATaPA=
285,33,qFZLm7B6KW5+OJ3HvxAxzon7/Sw=,26v7P/NRFCnD6TwSv8SGalATaPA=
286,33,qFZLm7B6KW5+OJ3HvxAxzon7/Sw=,26v7P/NRFCnD6TwSv8SGalATaPA=
280,47,qFZLm7B6KW5+OJ3HvxAxzon7/Sw=,26v7P/NRFCnD6TwSv8SGalATaPA=
279,47,qFZLm7B6KW5+OJ3HvxAxzon7/Sw=,26v7P/NRFCnD6TwSv8SGalATaPA=
281,47,qFZLm7B6KW5+OJ3HvxAxzon7/Sw=,26v7P/NRFCnD6TwSv8SGalATaPA=
278,47,qFZLm7B6KW5+OJ3HvxAxzon7/Sw=,26v7P/NRFCnD6TwSv8SGalATaPA=
276,47,qFZLm7B6KW5+OJ3HvxAxzon7/Sw=,26v7P/NRFCnD6TwSv8SGalATaPA=
277,47,qFZLm7B6KW5+OJ3HvxAxzon7/Sw=,26v7P/NRFCnD6TwSv8SGalATaPA=
275,47,qFZLm7B6KW5+OJ3HvxAxzon7/Sw=,26v7P/NRFCnD6TwSv8SGalATaPA=
272,47,qFZLm7B6KW5+OJ3HvxAxzon7/Sw=,26v7P/NRFCnD6TwSv8SGalATaPA=
285,46,qFZLm7B6KW5+OJ3HvxAxzon7/Sw=,26v7P/NRFCnD6TwSv8SGalATaPA=
274,47,qFZLm7B6KW5+OJ3HvxAxzon7/Sw=,26v7P/NRFCnD6TwSv8SGalATaPA=
273,33,qFZLm7B6KW5+OJ3HvxAxzon7/Sw=,26v7P/NRFCnD6TwSv8SGalATaPA=
284,46,qFZLm7B6KW5+OJ3HvxAxzon7/Sw=,26v7P/NRFCnD6TwSv8SGalATaPA=
282,46,qFZLm7B6KW5+OJ3HvxAxzon7/Sw=,26v7P/NRFCnD6TwSv8SGalATaPA=
279,46,qFZLm7B6KW5+OJ3HvxAxzon7/Sw=,26v7P/NRFCnD6TwSv8SGalATaPA=
281,46,qFZLm7B6KW5+OJ3HvxAxzon7/Sw=,26v7P/NRFCnD6TwSv8SGalATaPA=
283,46,qFZLm7B6KW5+OJ3HvxAxzon7/Sw=,26v7P/NRFCnD6TwSv8SGalATaPA=
280,46,qFZLm7B6KW5+OJ3HvxAxzon7/Sw=,26v7P/NRFCnD6TwSv8SGalATaPA=
278,46,qFZLm7B6KW5+OJ3HvxAxzon7/Sw=,26v7P/NRFCnD6TwSv8SGalATaPA=
272,33,qFZLm7B6KW5+OJ3HvxAxzon7/Sw=,26v7P/NRFCnD6TwSv8SGalATaPA=
276,46,qFZLm7B6KW5+OJ3HvxAxzon7/Sw=,26v7P/NRFCnD6TwSv8SGalATaPA=
277,46,qFZLm7B6KW5+OJ3HvxAxzon7/Sw=,26v7P/NRFCnD6TwSv8SGalATaPA=
272,46,qFZLm7B6KW5+OJ3HvxAxzon7/Sw=,26v7P/NRFCnD6TwSv8SGalATaPA=
275,46,qFZLm7B6KW5+OJ3HvxAxzon7/Sw=,26v7P/NRFCnD6TwSv8SGalATaPA=
273,46,qFZLm7B6KW5+OJ3HvxAxzon7/Sw=,26v7P/NRFCnD6TwSv8SGalATaPA=
274,46,qFZLm7B6KW5+OJ3HvxAxzon7/Sw=,26v7P/NRFCnD6TwSv8SGalATaPA=
280,45,qFZLm7B6KW5+OJ3HvxAxzon7/Sw=,26v7P/NRFCnD6TwSv8SGalATaPA=
282,45,qFZLm7B6KW5+OJ3HvxAxzon7/Sw=,26v7P/NRFCnD6TwSv8SGalATaPA=
283,45,qFZLm7B6KW5+OJ3HvxAxzon7/Sw=,26v7P/NRFCnD6TwSv8SGalATaPA=
284,45,qFZLm7B6KW5+OJ3HvxAxzon7/Sw=,26v7P/NRFCnD6TwSv8SGalATaPA=
278,45,qFZLm7B6KW5+OJ3HvxAxzon7/Sw=,26v7P/NRFCnD6TwSv8SGalATaPA=
279,45,qFZLm7B6KW5+OJ3HvxAxzon7/Sw=,26v7P/NRFCnD6TwSv8SGalATaPA=
281,45,qFZLm7B6KW5+OJ3HvxAxzon7/Sw=,26v7P/NRFCnD6TwSv8SGalATaPA=
277,45,qFZLm7B6KW5+OJ3HvxAxzon7/Sw=,26v7P/NRFCnD6TwSv8SGalATaPA=
276,45,qFZLm7B6KW5+OJ3HvxAxzon7/Sw=,26v7P/NRFCnD6TwSv8SGalATaPA=
274,45,qFZLm7B6KW5+OJ3HvxAxzon7/Sw=,26v7P/NRFCnD6TwSv8SGalATaPA=
285,45,qFZLm7B6KW5+OJ3HvxAxzon7/Sw=,26v7P/NRFCnD6TwSv8SGalATaPA=
272,45,qFZLm7B6KW5+OJ3HvxAxzon7/Sw=,26v7P/NRFCnD6TwSv8SGalATaPA=
273,45,qFZLm7B6KW5+OJ3HvxAxzon7/Sw=,26v7P/NRFCnD6TwSv8SGalATaPA=
275,45,qFZLm7B6KW5+OJ3HvxAxzon7/Sw=,26v7P/NRFCnD6TwSv8SGalATaPA=
273,47,qFZLm7B6KW5+OJ3HvxAxzon7/Sw=,26v7P/NRFCnD6TwSv8SGalATaPA=
284,44,qFZLm7B6KW5+OJ3HvxAxzon7/Sw=,26v7P/NRFCnD6TwSv8SGalATaPA=
283,44,qFZLm7B6KW5+OJ3HvxAxzon7/Sw=,26v7P/NRFCnD6TwSv8SGalATaPA=
285,44,qFZLm7B6KW5+OJ3HvxAxzon7/Sw=,26v7P/NRFCnD6TwSv8SGalATaPA=
282,44,qFZLm7B6KW5+OJ3HvxAxzon7/Sw=,26v7P/NRFCnD6TwSv8SGalATaPA=
279,44,qFZLm7B6KW5+OJ3HvxAxzon7/Sw=,26v7P/NRFCnD6TwSv8SGalATaPA=
281,44,qFZLm7B6KW5+OJ3HvxAxzon7/Sw=,26v7P/NRFCnD6TwSv8SGalATaPA=
280,44,qFZLm7B6KW5+OJ3HvxAxzon7/Sw=,26v7P/NRFCnD6TwSv8SGalATaPA=
286,32,qFZLm7B6KW5+OJ3HvxAxzon7/Sw=,26v7P/NRFCnD6TwSv8SGalATaPA=
278,44,qFZLm7B6KW5+OJ3HvxAxzon7/Sw=,26v7P/NRFCnD6TwSv8SGalATaPA=
277,44,qFZLm7B6KW5+OJ3HvxAxzon7/Sw=,26v7P/NRFCnD6TwSv8SGalATaPA=
275,44,qFZLm7B6KW5+OJ3HvxAxzon7/Sw=,26v7P/NRFCnD6TwSv8SGalATaPA=
287,32,qFZLm7B6KW5+OJ3HvxAxzon7/Sw=,26v7P/NRFCnD6TwSv8SGalATaPA=
273,44,qFZLm7B6KW5+OJ3HvxAxzon7/Sw=,26v7P/NRFCnD6TwSv8SGalATaPA=
274,44,qFZLm7B6KW5+OJ3HvxAxzon7/Sw=,26v7P/NRFCnD6TwSv8SGalATaPA=
276,44,qFZLm7B6KW5+OJ3HvxAxzon7/Sw=,26v7P/NRFCnD6TwSv8SGalATaPA=
272,44,qFZLm7B6KW5+OJ3HvxAxzon7/Sw=,26v7P/NRFCnD6TwSv8SGalATaPA=
283,43,qFZLm7B6KW5+OJ3HvxAxzon7/Sw=,26v7P/NRFCnD6TwSv8SGalATaPA=
284,43,qFZLm7B6KW5+OJ3HvxAxzon7/Sw=,26v7P/NRFCnD6TwSv8SGalATaPA=
280,43,qFZLm7B6KW5+OJ3HvxAxzon7/Sw=,26v7P/NRFCnD6TwSv8SGalATaPA=
282,43,qFZLm7B6KW5+OJ3HvxAxzon7/Sw=,26v7P/NRFCnD6TwSv8SGalATaPA=
281,43,qFZLm7B6KW5+OJ3HvxAxzon7/Sw=,26v7P/NRFCnD6TwSv8SGalATaPA=
286,44,qFZLm7B6KW5+OJ3HvxAxzon7/Sw=,26v7P/NRFCnD6TwSv8SGalATaPA=
279,43,qFZLm7B6KW5+OJ3HvxAxzon7/Sw=,26v7P/NRFCnD6TwSv8SGalATaPA=
278,43,qFZLm7B6KW5+OJ3HvxAxzon7/Sw=,26v7P/NRFCnD6TwSv8SGalATaPA=
285,32,qFZLm7B6KW5+OJ3HvxAxzon7/Sw=,26v7P/NRFCnD6TwSv8SGalATaPA=
276,43,qFZLm7B6KW5+OJ3HvxAxzon7/Sw=,26v7P/NRFCnD6TwSv8SGalATaPA=
285,43,qFZLm7B6KW5+OJ3HvxAxzon7/Sw=,26v7P/NRFCnD6TwSv8SGalATaPA=
275,43,qFZLm7B6KW5+OJ3HvxAxzon7/Sw=,26v7P/NRFCnD6TwSv8SGalATaPA=
277,43,qFZLm7B6KW5+OJ3HvxAxzon7/Sw=,26v7P/NRFCnD6TwSv8SGalATaPA=
273,43,qFZLm7B6KW5+OJ3HvxAxzon7/Sw=,26v7P/NRFCnD6TwSv8SGalATaPA=
274,43,qFZLm7B6KW5+OJ3HvxAxzon7/Sw=,26v7P/NRFCnD6TwSv8SGalATaPA=
284,32,qFZLm7B6KW5+OJ3HvxAxzon7/Sw=,26v7P/NRFCnD6TwSv8SGalATaPA=
272,43,qFZLm7B6KW5+OJ3HvxAxzon7/Sw=,26v7P/NRFCnD6TwSv8SGalATaPA=
281,42,qFZLm7B6KW5+OJ3HvxAxzon7/Sw=,26v7P/NRFCnD6TwSv8SGalATaPA=
279,42,qFZLm7B6KW5+OJ3HvxAxzon7/Sw=,26v7P/NRFCnD6TwSv8SGalATaPA=
283,42,qFZLm7B6KW5+OJ3HvxAxzon7/Sw=,26v7P/NRFCnD6TwSv8SGalATaPA=
277,42,qFZLm7B6KW5+OJ3HvxAxzon7/Sw=,26v7P/NRFCnD6TwSv8SGalATaPA=
282,42,qFZLm7B6KW5+OJ3HvxAxzon7/Sw=,26v7P/NRFCnD6TwSv8SGalATaPA=
284,42,qFZLm7B6KW5+OJ3HvxAxzon7/Sw=,26v7P/NRFCnD6TwSv8SGalATaPA=
276,42,qFZLm7B6KW5+OJ3HvxAxzon7/Sw=,26v7P/NRFCnD6TwSv8SGalATaPA=
280,42,qFZLm7B6KW5+OJ3HvxAxzon7/Sw=,26v7P/NRFCnD6TwSv8SGalATaPA=
278,42,qFZLm7B6KW5+OJ3HvxAxzon7/Sw=,26v7P/NRFCnD6TwSv8SGalATaPA=
275,42,qFZLm7B6KW5+OJ3HvxAxzon7/Sw=,26v7P/NRFCnD6TwSv8SGalATaPA=
272,42,qFZLm7B6KW5+OJ3HvxAxzon7/Sw=,26v7P/NRFCnD6TwSv8SGalATaPA=
274,42,qFZLm7B6KW5+OJ3HvxAxzon7/Sw=,26v7P/NRFCnD6TwSv8SGalATaPA=
273,42,qFZLm7B6KW5+OJ3HvxAxzon7/Sw=,26v7P/NRFCnD6TwSv8SGalATaPA=
283,32,qFZLm7B6KW5+OJ3HvxAxzon7/Sw=,26v7P/NRFCnD6TwSv8SGalATaPA=
282,41,qFZLm7B6KW5+OJ3HvxAxzon7/Sw=,26v7P/NRFCnD6TwSv8SGalATaPA=
283,41,qFZLm7B6KW5+OJ3HvxAxzon7/Sw=,26v7P/NRFCnD6TwSv8SGalATaPA=
280,41,qFZLm7B6KW5+OJ3HvxAxzon7/Sw=,26v7P/NRFCnD6TwSv8SGalATaPA=
281,41,qFZLm7B6KW5+OJ3HvxAxzon7/Sw=,26v7P/NRFCnD6TwSv8SGalATaPA=
277,41,qFZLm7B6KW5+OJ3HvxAxzon7/Sw=,26v7P/NRFCnD6TwSv8SGalATaPA=
278,41,qFZLm7B6KW5+OJ3HvxAxzon7/Sw=,26v7P/NRFCnD6TwSv8SGalATaPA=
276,41,qFZLm7B6KW5+OJ3HvxAxzon7/Sw=,26v7P/NRFCnD6TwSv8SGalATaPA=
284,41,qFZLm7B6KW5+OJ3HvxAxzon7/Sw=,26v7P/NRFCnD6TwSv8SGalATaPA=
279,41,qFZLm7B6KW5+OJ3HvxAxzon7/Sw=,26v7P/NRFCnD6TwSv8SGalATaPA=
275,41,qFZLm7B6KW5+OJ3HvxAxzon7/Sw=,26v7P/NRFCnD6TwSv8SGalATaPA=
274,41,qFZLm7B6KW5+OJ3HvxAxzon7/Sw=,26v7P/NRFCnD6TwSv8SGalATaPA=
283,40,qFZLm7B6KW5+OJ3HvxAxzon7/Sw=,26v7P/NRFCnD6TwSv8SGalATaPA=
272,41,qFZLm7B6KW5+OJ3HvxAxzon7/Sw=,26v7P/NRFCnD6TwSv8SGalATaPA=
273,41,qFZLm7B6KW5+OJ3HvxAxzon7/Sw=,26v7P/NRFCnD6TwSv8SGalATaPA=
282,32,qFZLm7B6KW5+OJ3HvxAxzon7/Sw=,26v7P/NRFCnD6TwSv8SGalATaPA=
287,33,qFZLm7B6KW5+OJ3HvxAxzon7/Sw=,26v7P/NRFCnD6TwSv8SGalATaPA=
282,40,qFZLm7B6KW5+OJ3HvxAxzon7/Sw=,26v7P/NRFCnD6TwSv8SGalATaPA=
281,40,qFZLm7B6KW5+OJ3HvxAxzon7/Sw=,26v7P/NRFCnD6TwSv8SGalATaPA=
279,40,qFZLm7B6KW5+OJ3HvxAxzon7/Sw=,26v7P/NRFCnD6TwSv8SGalATaPA=
272,34,qFZLm7B6KW5+OJ3HvxAxzon7/Sw=,26v7P/NRFCnD6TwSv8SGalATaPA=
280,40,qFZLm7B6KW5+OJ3HvxAxzon7/Sw=,26v7P/NRFCnD6TwSv8SGalATaPA=
277,40,qFZLm7B6KW5+OJ3HvxAxzon7/Sw=,26v7P/NRFCnD6TwSv8SGalATaPA=
285,42,qFZLm7B6KW5+OJ3HvxAxzon7/Sw=,26v7P/NRFCnD6TwSv8SGalATaPA=
276,40,qFZLm7B6KW5+OJ3HvxAxzon7/Sw=,26v7P/NRFCnD6TwSv8SGalATaPA=
278,40,qFZLm7B6KW5+OJ3HvxAxzon7/Sw=,26v7P/NRFCnD6TwSv8SGalATaPA=
273,34,qFZLm7B6KW5+OJ3HvxAxzon7/Sw=,26v7P/NRFCnD6TwSv8SGalATaPA=
275,40,qFZLm7B6KW5+OJ3HvxAxzon7/Sw=,26v7P/NRFCnD6TwSv8SGalATaPA=
274,40,qFZLm7B6KW5+OJ3HvxAxzon7/Sw=,26v7P/NRFCnD6TwSv8SGalATaPA=
273,40,qFZLm7B6KW5+OJ3HvxAxzon7/Sw=,26v7P/NRFCnD6TwSv8SGalATaPA=
272,40,qFZLm7B6KW5+OJ3HvxAxzon7/Sw=,26v7P/NRFCnD6TwSv8SGalATaPA=
275,32,qFZLm7B6KW5+OJ3HvxAxzon7/Sw=,26v7P/NRFCnD6TwSv8SGalATaPA=
274,34,qFZLm7B6KW5+OJ3HvxAxzon7/Sw=,26v7P/NRFCnD6TwSv8SGalATaPA=
276,34,qFZLm7B6KW5+OJ3HvxAxzon7/Sw=,26v7P/NRFCnD6TwSv8SGalATaPA=
286,47,qFZLm7B6KW5+OJ3HvxAxzon7/Sw=,26v7P/NRFCnD6TwSv8SGalATaPA=
287,44,qFZLm7B6KW5+OJ3HvxAxzon7/Sw=,26v7P/NRFCnD6TwSv8SGalATaPA=
275,34,qFZLm7B6KW5+OJ3HvxAxzon7/Sw=,26v7P/NRFCnD6TwSv8SGalATaPA=
281,32,qFZLm7B6KW5+OJ3HvxAxzon7/Sw=,26v7P/NRFCnD6TwSv8SGalATaPA=
283,39,qFZLm7B6KW5+OJ3HvxAxzon7/Sw=,26v7P/NRFCnD6TwSv8SGalATaPA=
277,34,qFZLm7B6KW5+OJ3HvxAxzon7/Sw=,26v7P/NRFCnD6TwSv8SGalATaPA=
278,34,qFZLm7B6KW5+OJ3HvxAxzon7/Sw=,26v7P/NRFCnD6TwSv8SGalATaPA=
282,39,qFZLm7B6KW5+OJ3HvxAxzon7/Sw=,26v7P/NRFCnD6TwSv8SGalATaPA=
279,39,qFZLm7B6KW5+OJ3HvxAxzon7/Sw=,26v7P/NRFCnD6TwSv8SGalATaPA=
278,39,qFZLm7B6KW5+OJ3HvxAxzon7/Sw=,26v7P/NRFCnD6TwSv8SGalATaPA=
280,34,qFZLm7B6KW5+OJ3HvxAxzon7/Sw=,26v7P/NRFCnD6TwSv8SGalATaPA=
281,39,qFZLm7B6KW5+OJ3HvxAxzon7/Sw=,26v7P/NRFCnD6TwSv8SGalATaPA=
279,34,qFZLm7B6KW5+OJ3HvxAxzon7/Sw=,26v7P/NRFCnD6TwSv8SGalATaPA=
280,39,qFZLm7B6KW5+OJ3HvxAxzon7/Sw=,26v7P/NRFCnD6TwSv8SGalATaPA=
277,39,qFZLm7B6KW5+OJ3HvxAxzon7/Sw=,26v7P/NRFCnD6TwSv8SGalATaPA=
281,34,qFZLm7B6KW5+OJ3HvxAxzon7/Sw=,26v7P/NRFCnD6TwSv8SGalATaPA=
276,39,qFZLm7B6KW5+OJ3HvxAxzon7/Sw=,26v7P/NRFCnD6TwSv8SGalATaPA=
282,34,qFZLm7B6KW5+OJ3HvxAxzon7/Sw=,26v7P/NRFCnD6TwSv8SGalATaPA=
275,39,qFZLm7B6KW5+OJ3HvxAxzon7/Sw=,26v7P/NRFCnD6TwSv8SGalATaPA=
273,39,qFZLm7B6KW5+OJ3HvxAxzon7/Sw=,26v7P/NRFCnD6TwSv8SGalATaPA=
274,39,qFZLm7B6KW5+OJ3HvxAxzon7/Sw=,26v7P/NRFCnD6TwSv8SGalATaPA=
283,34,qFZLm7B6KW5+OJ3HvxAxzon7/Sw=,26v7P/NRFCnD6TwSv8SGalATaPA=
284,34,qFZLm7B6KW5+OJ3HvxAxzon7/Sw=,26v7P/NRFCnD6TwSv8SGalATaPA=
272,39,qFZLm7B6KW5+OJ3HvxAxzon7/Sw=,26v7P/NRFCnD6TwSv8SGalATaPA=
284,39,qFZLm7B6KW5+OJ3HvxAxzon7/Sw=,26v7P/NRFCnD6TwSv8SGalATaPA=
287,43,qFZLm7B6KW5+OJ3HvxAxzon7/Sw=,26v7P/NRFCnD6TwSv8SGalATaPA=
285,34,qFZLm7B6KW5+OJ3HvxAxzon7/Sw=,26v7P/NRFCnD6TwSv8SGalATaPA=
286,45,qFZLm7B6KW5+OJ3HvxAxzon7/Sw=,26v7P/NRFCnD6TwSv8SGalATaPA=
283,38,qFZLm7B6KW5+OJ3HvxAxzon7/Sw=,26v7P/NRFCnD6TwSv8SGalATaPA=
281,38,qFZLm7B6KW5+OJ3HvxAxzon7/Sw=,26v7P/NRFCnD6TwSv8SGalATaPA=
280,32,qFZLm7B6KW5+OJ3HvxAxzon7/Sw=,26v7P/NRFCnD6TwSv8SGalATaPA=
282,38,qFZLm7B6KW5+OJ3HvxAxzon7/Sw=,26v7P/NRFCnD6TwSv8SGalATaPA=
286,34,qFZLm7B6KW5+OJ3HvxAxzon7/Sw=,26v7P/NRFCnD6TwSv8SGalATaPA=
280,38,qFZLm7B6KW5+OJ3HvxAxzon7/Sw=,26v7P/NRFCnD6TwSv8SGalATaPA=
279,38,qFZLm7B6KW5+OJ3HvxAxzon7/Sw=,26v7P/NRFCnD6TwSv8SGalATaPA=
278,38,qFZLm7B6KW5+OJ3HvxAxzon7/Sw=,26v7P/NRFCnD6TwSv8SGalATaPA=
284,40,qFZLm7B6KW5+OJ3HvxAxzon7/Sw=,26v7P/NRFCnD6TwSv8SGalATaPA=
277,38,qFZLm7B6KW5+OJ3HvxAxzon7/Sw=,26v7P/NRFCnD6TwSv8SGalATaPA=
276,38,qFZLm7B6KW5+OJ3HvxAxzon7/Sw=,26v7P/NRFCnD6TwSv8SGalATaPA=
284,38,qFZLm7B6KW5+OJ3HvxAxzon7/Sw=,26v7P/NRFCnD6TwSv8SGalATaPA=
275,38,qFZLm7B6KW5+OJ3HvxAxzon7/Sw=,26v7P/NRFCnD6TwSv8SGalATaPA=
274,38,qFZLm7B6KW5+OJ3HvxAxzon7/Sw=,26v7P/NRFCnD6TwSv8SGalATaPA=
273,38,qFZLm7B6KW5+OJ3HvxAxzon7/Sw=,26v7P/NRFCnD6TwSv8SGalATaPA=
287,42,qFZLm7B6KW5+OJ3HvxAxzon7/Sw=,26v7P/NRFCnD6TwSv8SGalATaPA=
284,37,qFZLm7B6KW5+OJ3HvxAxzon7/Sw=,26v7P/NRFCnD6TwSv8SGalATaPA=
272,38,qFZLm7B6KW5+OJ3HvxAxzon7/Sw=,26v7P/NRFCnD6TwSv8SGalATaPA=
279,32,qFZLm7B6KW5+OJ3HvxAxzon7/Sw=,26v7P/NRFCnD6TwSv8SGalATaPA=
282,37,qFZLm7B6KW5+OJ3HvxAxzon7/Sw=,26v7P/NRFCnD6TwSv8SGalATaPA=
286,43,qFZLm7B6KW5+OJ3HvxAxzon7/Sw=,26v7P/NRFCnD6TwSv8SGalATaPA=
283,37,qFZLm7B6KW5+OJ3HvxAxzon7/Sw=,26v7P/NRFCnD6TwSv8SGalATaPA=
280,37,qFZLm7B6KW5+OJ3HvxAxzon7/Sw=,26v7P/NRFCnD6TwSv8SGalATaPA=
281,37,qFZLm7B6KW5+OJ3HvxAxzon7/Sw=,26v7P/NRFCnD6TwSv8SGalATaPA=
279,37,qFZLm7B6KW5+OJ3HvxAxzon7/Sw=,26v7P/NRFCnD6TwSv8SGalATaPA=
277,37,qFZLm7B6KW5+OJ3HvxAxzon7/Sw=,26v7P/NRFCnD6TwSv8SGalATaPA=
278,37,qFZLm7B6KW5+OJ3HvxAxzon7/Sw=,26v7P/NRFCnD6TwSv8SGalATaPA=
275,37,qFZLm7B6KW5+OJ3HvxAxzon7/Sw=,26v7P/NRFCnD6TwSv8SGalATaPA=
276,37,qFZLm7B6KW5+OJ3HvxAxzon7/Sw=,26v7P/NRFCnD6TwSv8SGalATaPA=
274,37,qFZLm7B6KW5+OJ3HvxAxzon7/Sw=,26v7P/NRFCnD6TwSv8SGalATaPA=
273,37,qFZLm7B6KW5+OJ3HvxAxzon7/Sw=,26v7P/NRFCnD6TwSv8SGalATaPA=
278,32,qFZLm7B6KW5+OJ3HvxAxzon7/Sw=,26v7P/NRFCnD6TwSv8SGalATaPA=
287,46,qFZLm7B6KW5+OJ3HvxAxzon7/Sw=,26v7P/NRFCnD6TwSv8SGalATaPA=
284,36,qFZLm7B6KW5+OJ3HvxAxzon7/Sw=,26v7P/NRFCnD6TwSv8SGalATaPA=
287,39,qFZLm7B6KW5+OJ3HvxAxzon7/Sw=,26v7P/NRFCnD6TwSv8SGalATaPA=
272,37,qFZLm7B6KW5+OJ3HvxAxzon7/Sw=,26v7P/NRFCnD6TwSv8SGalATaPA=
285,40,qFZLm7B6KW5+OJ3HvxAxzon7/Sw=,26v7P/NRFCnD6TwSv8SGalATaPA=
283,36,qFZLm7B6KW5+OJ3HvxAxzon7/Sw=,26v7P/NRFCnD6TwSv8SGalATaPA=
282,36,qFZLm7B6KW5+OJ3HvxAxzon7/Sw=,26v7P/NRFCnD6TwSv8SGalATaPA=
281,36,qFZLm7B6KW5+OJ3HvxAxzon7/Sw=,26v7P/NRFCnD6TwSv8SGalATaPA=
280,36,qFZLm7B6KW5+OJ3HvxAxzon7/Sw=,26v7P/NRFCnD6TwSv8SGalATaPA=
279,36,qFZLm7B6KW5+OJ3HvxAxzon7/Sw=,26v7P/NRFCnD6TwSv8SGalATaPA=
278,36,qFZLm7B6KW5+OJ3HvxAxzon7/Sw=,26v7P/NRFCnD6TwSv8SGalATaPA=
277,36,qFZLm7B6KW5+OJ3HvxAxzon7/Sw=,26v7P/NRFCnD6TwSv8SGalATaPA=
276,36,qFZLm7B6KW5+OJ3HvxAxzon7/Sw=,26v7P/NRFCnD6TwSv8SGalATaPA=
275,36,qFZLm7B6KW5+OJ3HvxAxzon7/Sw=,26v7P/NRFCnD6TwSv8SGalATaPA=
286,46,qFZLm7B6KW5+OJ3HvxAxzon7/Sw=,26v7P/NRFCnD6TwSv8SGalATaPA=
273,36,qFZLm7B6KW5+OJ3HvxAxzon7/Sw=,26v7P/NRFCnD6TwSv8SGalATaPA=
274,36,qFZLm7B6KW5+OJ3HvxAxzon7/Sw=,26v7P/NRFCnD6TwSv8SGalATaPA=
277,32,qFZLm7B6KW5+OJ3HvxAxzon7/Sw=,26v7P/NRFCnD6TwSv8SGalATaPA=
285,35,qFZLm7B6KW5+OJ3HvxAxzon7/Sw=,26v7P/NRFCnD6TwSv8SGalATaPA=
272,36,qFZLm7B6KW5+OJ3HvxAxzon7/Sw=,26v7P/NRFCnD6TwSv8SGalATaPA=
287,40,qFZLm7B6KW5+OJ3HvxAxzon7/Sw=,26v7P/NRFCnD6TwSv8SGalATaPA=
283,35,qFZLm7B6KW5+OJ3HvxAxzon7/Sw=,26v7P/NRFCnD6TwSv8SGalATaPA=
284,35,qFZLm7B6KW5+OJ3HvxAxzon7/Sw=,26v7P/NRFCnD6TwSv8SGalATaPA=
282,35,qFZLm7B6KW5+OJ3HvxAxzon7/Sw=,26v7P/NRFCnD6TwSv8SGalATaPA=
281,35,qFZLm7B6KW5+OJ3HvxAxzon7/Sw=,26v7P/NRFCnD6TwSv8SGalATaPA=
280,35,qFZLm7B6KW5+OJ3HvxAxzon7/Sw=,26v7P/NRFCnD6TwSv8SGalATaPA=
279,35,qFZLm7B6KW5+OJ3HvxAxzon7/Sw=,26v7P/NRFCnD6TwSv8SGalATaPA=
278,35,qFZLm7B6KW5+OJ3HvxAxzon7/Sw=,26v7P/NRFCnD6TwSv8SGalATaPA=
285,36,qFZLm7B6KW5+OJ3HvxAxzon7/Sw=,26v7P/NRFCnD6TwSv8SGalATaPA=
277,35,qFZLm7B6KW5+OJ3HvxAxzon7/Sw=,26v7P/NRFCnD6TwSv8SGalATaPA=
275,35,qFZLm7B6KW5+OJ3HvxAxzon7/Sw=,26v7P/NRFCnD6TwSv8SGalATaPA=
276,35,qFZLm7B6KW5+OJ3HvxAxzon7/Sw=,26v7P/NRFCnD6TwSv8SGalATaPA=
274,35,qFZLm7B6KW5+OJ3HvxAxzon7/Sw=,26v7P/NRFCnD6TwSv8SGalATaPA=
287,41,qFZLm7B6KW5+OJ3HvxAxzon7/Sw=,26v7P/NRFCnD6TwSv8SGalATaPA=
273,35,qFZLm7B6KW5+OJ3HvxAxzon7/Sw=,26v7P/NRFCnD6TwSv8SGalATaPA=
286,39,qFZLm7B6KW5+OJ3HvxAxzon7/Sw=,26v7P/NRFCnD6TwSv8SGalATaPA=
276,32,qFZLm7B6KW5+OJ3HvxAxzon7/Sw=,26v7P/NRFCnD6TwSv8SGalATaPA=
272,35,qFZLm7B6KW5+OJ3HvxAxzon7/Sw=,26v7P/NRFCnD6TwSv8SGalATaPA=
285,39,qFZLm7B6KW5+OJ3HvxAxzon7/Sw=,26v7P/NRFCnD6TwSv8SGalATaPA=
287,37,qFZLm7B6KW5+OJ3HvxAxzon7/Sw=,26v7P/NRFCnD6TwSv8SGalATaPA=
285,41,qFZLm7B6KW5+OJ3HvxAxzon7/Sw=,26v7P/NRFCnD6TwSv8SGalATaPA=
285,38,qFZLm7B6KW5+OJ3HvxAxzon7/Sw=,26v7P/NRFCnD6TwSv8SGalATaPA=
287,47,qFZLm7B6KW5+OJ3HvxAxzon7/Sw=,26v7P/NRFCnD6TwSv8SGalATaPA=
286,35,qFZLm7B6KW5+OJ3HvxAxzon7/Sw=,26v7P/NRFCnD6TwSv8SGalATaPA=
286,40,qFZLm7B6KW5+OJ3HvxAxzon7/Sw=,26v7P/NRFCnD6TwSv8SGalATaPA=
285,37,qFZLm7B6KW5+OJ3HvxAxzon7/Sw=,26v7P/NRFCnD6TwSv8SGalATaPA=
286,41,qFZLm7B6KW5+OJ3HvxAxzon7/Sw=,26v7P/NRFCnD6TwSv8SGalATaPA=
287,34,qFZLm7B6KW5+OJ3HvxAxzon7/Sw=,26v7P/NRFCnD6TwSv8SGalATaPA=
287,36,qFZLm7B6KW5+OJ3HvxAxzon7/Sw=,26v7P/NRFCnD6TwSv8SGalATaPA=
286,42,qFZLm7B6KW5+OJ3HvxAxzon7/Sw=,26v7P/NRFCnD6TwSv8SGalATaPA=
287,45,qFZLm7B6KW5+OJ3HvxAxzon7/Sw=,26v7P/NRFCnD6TwSv8SGalATaPA=
287,38,qFZLm7B6KW5+OJ3HvxAxzon7/Sw=,26v7P/NRFCnD6TwSv8SGalATaPA=
286,38,qFZLm7B6KW5+OJ3HvxAxzon7/Sw=,26v7P/NRFCnD6TwSv8SGalATaPA=
286,37,qFZLm7B6KW5+OJ3HvxAxzon7/Sw=,26v7P/NRFCnD6TwSv8SGalATaPA=
287,35,qFZLm7B6KW5+OJ3HvxAxzon7/Sw=,26v7P/NRFCnD6TwSv8SGalATaPA=
286,36,qFZLm7B6KW5+OJ3HvxAxzon7/Sw=,26v7P/NRFCnD6TwSv8SGalATaPA=
257,48,YcwaIXlx/aJeN5MVGyLWSeAbfvI=,26v7P/NRFCnD6TwSv8SGalATaPA=
258,48,YcwaIXlx/aJeN5MVGyLWSeAbfvI=,26v7P/NRFCnD6TwSv8SGalATaPA=
256,48,YcwaIXlx/aJeN5MVGyLWSeAbfvI=,26v7P/NRFCnD6TwSv8SGalATaPA=
271,63,YcwaIXlx/aJeN5MVGyLWSeAbfvI=,26v7P/NRFCnD6TwSv8SGalATaPA=
269,63,YcwaIXlx/aJeN5MVGyLWSeAbfvI=,26v7P/NRFCnD6TwSv8SGalATaPA=
270,63,YcwaIXlx/aJeN5MVGyLWSeAbfvI=,26v7P/NRFCnD6TwSv8SGalATaPA=
268,63,YcwaIXlx/aJeN5MVGyLWSeAbfvI=,26v7P/NRFCnD6TwSv8SGalATaPA=
267,63,YcwaIXlx/aJeN5MVGyLWSeAbfvI=,26v7P/NRFCnD6TwSv8SGalATaPA=
259,48,YcwaIXlx/aJeN5MVGyLWSeAbfvI=,26v7P/NRFCnD6TwSv8SGalATaPA=
265,63,YcwaIXlx/aJeN5MVGyLWSeAbfvI=,26v7P/NRFCnD6TwSv8SGalATaPA=
266,63,YcwaIXlx/aJeN5MVGyLWSeAbfvI=,26v7P/NRFCnD6TwSv8SGalATaPA=
263,63,YcwaIXlx/aJeN5MVGyLWSeAbfvI=,26v7P/NRFCnD6TwSv8SGalATaPA=
264,63,YcwaIXlx/aJeN5MVGyLWSeAbfvI=,26v7P/NRFCnD6TwSv8SGalATaPA=
261,63,YcwaIXlx/aJeN5MVGyLWSeAbfvI=,26v7P/NRFCnD6TwSv8SGalATaPA=
260,48,YcwaIXlx/aJeN5MVGyLWSeAbfvI=,26v7P/NRFCnD6TwSv8SGalATaPA=
262,63,YcwaIXlx/aJeN5MVGyLWSeAbfvI=,26v7P/NRFCnD6TwSv8SGalATaPA=
259,63,YcwaIXlx/aJeN5MVGyLWSeAbfvI=,26v7P/NRFCnD6TwSv8SGalATaPA=
260,63,YcwaIXlx/aJeN5MVGyLWSeAbfvI=,26v7P/NRFCnD6TwSv8SGalATaPA=
258,63,YcwaIXlx/aJeN5MVGyLWSeAbfvI=,26v7P/NRFCnD6TwSv8SGalATaPA=
271,62,YcwaIXlx/aJeN5MVGyLWSeAbfvI=,26v7P/NRFCnD6TwSv8SGalATaPA=
270,62,YcwaIXlx/aJeN5MVGyLWSeAbfvI=,26v7P/NRFCnD6TwSv8SGalATaPA=
262,48,YcwaIXlx/aJeN5MVGyLWSeAbfvI=,26v7P/NRFCnD6TwSv8SGalATaPA=
268,62,YcwaIXlx/aJeN5MVGyLWSeAbfvI=,26v7P/NRFCnD6TwSv8SGalATaPA=
269,62,YcwaIXlx/aJeN5MVGyLWSeAbfvI=,26v7P/NRFCnD6TwSv8SGalATaPA=
261,48,YcwaIXlx/aJeN5MVGyLWSeAbfvI=,26v7P/NRFCnD6TwSv8SGalATaPA=
257,63,YcwaIXlx/aJeN5MVGyLWSeAbfvI=,26v7P/NRFCnD6TwSv8SGalATaPA=
267,62,YcwaIXlx/aJeN5MVGyLWSeAbfvI=,26v7P/NRFCnD6TwSv8SGalATaPA=
266,62,YcwaIXlx/aJeN5MVGyLWSeAbfvI=,26v7P/NRFCnD6TwSv8SGalATaPA=
265,62,YcwaIXlx/aJeN5MVGyLWSeAbfvI=,26v7P/NRFCnD6TwSv8SGalATaPA=
263,48,YcwaIXlx/aJeN5MVGyLWSeAbfvI=,26v7P/NRFCnD6TwSv8SGalATaPA=
263,62,YcwaIXlx/aJeN5MVGyLWSeAbfvI=,26v7P/NRFCnD6TwSv8SGalATaPA=
264,62,YcwaIXlx/aJeN5MVGyLWSeAbfvI=,26v7P/NRFCnD6TwSv8SGalATaPA=
262,62,YcwaIXlx/aJeN5MVGyLWSeAbfvI=,26v7P/NRFCnD6TwSv8SGalATaPA=
264,48,YcwaIXlx/aJeN5MVGyLWSeAbfvI=,26v7P/NRFCnD6TwSv8SGalATaPA=
261,62,YcwaIXlx/aJeN5MVGyLWSeAbfvI=,26v7P/NRFCnD6TwSv8SGalATaPA=
259,62,YcwaIXlx/aJeN5MVGyLWSeAbfvI=,26v7P/NRFCnD6TwSv8SGalATaPA=
260,62,YcwaIXlx/aJeN5MVGyLWSeAbfvI=,26v7P/NRFCnD6TwSv8SGalATaPA=
258,62,YcwaIXlx/aJeN5MVGyLWSeAbfvI=,26v7P/NRFCnD6TwSv8SGalATaPA=
271,61,YcwaIXlx/aJeN5MVGyLWSeAbfvI=,26v7P/NRFCnD6TwSv8SGalATaPA=
257,62,YcwaIXlx/aJeN5MVGyLWSeAbfvI=,26v7P/NRFCnD6TwSv8SGalATaPA=
265,48,YcwaIXlx/aJeN5MVGyLWSeAbfvI=,26v7P/NRFCnD6TwSv8SGalATaPA=
270,61,YcwaIXlx/aJeN5MVGyLWSeAbfvI=,26v7P/NRFCnD6TwSv8SGalATaPA=
269,61,YcwaIXlx/aJeN5MVGyLWSeAbfvI=,26v7P/NRFCnD6TwSv8SGalATaPA=
266,48,YcwaIXlx/aJeN5MVGyLWSeAbfvI=,26v7P/NRFCnD6TwSv8SGalATaPA=
268,61,YcwaIXlx/aJeN5MVGyLWSeAbfvI=,26v7P/NRFCnD6TwSv8SGalATaPA=
267,61,YcwaIXlx/aJeN5MVGyLWSeAbfvI=,26v7P/NRFCnD6TwSv8SGalATaPA=
266,61,YcwaIXlx/aJeN5MVGyLWSeAbfvI=,26v7P/NRFCnD6TwSv8SGalATaPA=
262,61,YcwaIXlx/aJeN5MVGyLWSeAbfvI=,26v7P/NRFCnD6TwSv8SGalATaPA=
265,61,YcwaIXlx/aJeN5MVGyLWSeAbfvI=,26v7P/NRFCnD6TwSv8SGalATaPA=
264,61,YcwaIXlx/aJeN5MVGyLWSeAbfvI=,26v7P/NRFCnD6TwSv8SGalATaPA=
267,48,YcwaIXlx/aJeN5MVGyLWSeAbfvI=,26v7P/NRFCnD6TwSv8SGalATaPA=
261,61,YcwaIXlx/aJeN5MVGyLWSeAbfvI=,26v7P/NRFCnD6TwSv8SGalATaPA=
263,61,YcwaIXlx/aJeN5MVGyLWSeAbfvI=,26v7P/NRFCnD6TwSv8SGalATaPA=
260,61,YcwaIXlx/aJeN5MVGyLWSeAbfvI=,26v7P/NRFCnD6TwSv8SGalATaPA=
258,61,YcwaIXlx/aJeN5MVGyLWSeAbfvI=,26v7P/NRFCnD6TwSv8SGalATaPA=
259,61,YcwaIXlx/aJeN5MVGyLWSeAbfvI=,26v7P/NRFCnD6TwSv8SGalATaPA=
271,60,YcwaIXlx/aJeN5MVGyLWSeAbfvI=,26v7P/NRFCnD6TwSv8SGalATaPA=
268,48,YcwaIXlx/aJeN5MVGyLWSeAbfvI=,26v7P/NRFCnD6TwSv8SGalATaPA=
270,60,YcwaIXlx/aJeN5MVGyLWSeAbfvI=,26v7P/NRFCnD6TwSv8SGalATaPA=
267,60,YcwaIXlx/aJeN5MVGyLWSeAbfvI=,26v7P/NRFCnD6TwSv8SGalATaPA=
269,48,YcwaIXlx/aJeN5MVGyLWSeAbfvI=,26v7P/NRFCnD6TwSv8SGalATaPA=
269,60,YcwaIXlx/aJeN5MVGyLWSeAbfvI=,26v7P/NRFCnD6TwSv8SGalATaPA=
266,60,YcwaIXlx/aJeN5MVGyLWSeAbfvI=,26v7P/NRFCnD6TwSv8SGalATaPA=
264,60,YcwaIXlx/aJeN5MVGyLWSeAbfvI=,26v7P/NRFCnD6TwSv8SGalATaPA=
265,60,YcwaIXlx/aJeN5MVGyLWSeAbfvI=,26v7P/NRFCnD6TwSv8SGalATaPA=
268,60,YcwaIXlx/aJeN5MVGyLWSeAbfvI=,26v7P/NRFCnD6TwSv8SGalATaPA=
262,60,YcwaIXlx/aJeN5MVGyLWSeAbfvI=,26v7P/NRFCnD6TwSv8SGalATaPA=
263,60,YcwaIXlx/aJeN5MVGyLWSeAbfvI=,26v7P/NRFCnD6TwSv8SGalATaPA=
260,60,YcwaIXlx/aJeN5MVGyLWSeAbfvI=,26v7P/NRFCnD6TwSv8SGalATaPA=
270,48,YcwaIXlx/aJeN5MVGyLWSeAbfvI=,26v7P/NRFCnD6TwSv8SGalATaPA=
261,60,YcwaIXlx/aJeN5MVGyLWSeAbfvI=,26v7P/NRFCnD6TwSv8SGalATaPA=
259,60,YcwaIXlx/aJeN5MVGyLWSeAbfvI=,26v7P/NRFCnD6TwSv8SGalATaPA=
271,59,YcwaIXlx/aJeN5MVGyLWSeAbfvI=,26v7P/NRFCnD6TwSv8SGalATaPA=
270,59,YcwaIXlx/aJeN5MVGyLWSeAbfvI=,26v7P/NRFCnD6TwSv8SGalATaPA=
258,60,YcwaIXlx/aJeN5MVGyLWSeAbfvI=,26v7P/NRFCnD6TwSv8SGalATaPA=
271,48,YcwaIXlx/aJeN5MVGyLWSeAbfvI=,26v7P/NRFCnD6TwSv8SGalATaPA=
269,59,YcwaIXlx/aJeN5MVGyLWSeAbfvI=,26v7P/NRFCnD6TwSv8SGalATaPA=
268,59,YcwaIXlx/aJeN5MVGyLWSeAbfvI=,26v7P/NRFCnD6TwSv8SGalATaPA=
264,59,YcwaIXlx/aJeN5MVGyLWSeAbfvI=,26v7P/NRFCnD6TwSv8SGalATaPA=
266,59,YcwaIXlx/aJeN5MVGyLWSeAbfvI=,26v7P/NRFCnD6TwSv8SGalATaPA=
267,59,YcwaIXlx/aJeN5MVGyLWSeAbfvI=,26v7P/NRFCnD6TwSv8SGalATaPA=
256,49,YcwaIXlx/aJeN5MVGyLWSeAbfvI=,26v7P/NRFCnD6TwSv8SGalATaPA=
263,59,YcwaIXlx/aJeN5MVGyLWSeAbfvI=,26v7P/NRFCnD6TwSv8SGalATaPA=
265,59,YcwaIXlx/aJeN5MVGyLWSeAbfvI=,26v7P/NRFCnD6TwSv8SGalATaPA=
262,59,YcwaIXlx/aJeN5MVGyLWSeAbfvI=,26v7P/NRFCnD6TwSv8SGalATaPA=
258,59,YcwaIXlx/aJeN5MVGyLWSeAbfvI=,26v7P/NRFCnD6TwSv8SGalATaPA=
271,58,YcwaIXlx/aJeN5MVGyLWSeAbfvI=,26v7P/NRFCnD6TwSv8SGalATaPA=
257,49,YcwaIXlx/aJeN5MVGyLWSeAbfvI=,26v7P/NRFCnD6TwSv8SGalATaPA=
261,59,YcwaIXlx/aJeN5MVGyLWSeAbfvI=,26v7P/NRFCnD6TwSv8SGalATaPA=
268,58,YcwaIXlx/aJeN5MVGyLWSeAbfvI=,26v7P/NRFCnD6TwSv8SGalATaPA=
257,59,YcwaIXlx/aJeN5MVGyLWSeAbfvI=,26v7P/NRFCnD6TwSv8SGalATaPA=
269,58,YcwaIXlx/aJeN5MVGyLWSeAbfvI=,26v7P/NRFCnD6TwSv8SGalATaPA=
267,58,YcwaIXlx/aJeN5MVGyLWSeAbfvI=,26v7P/NRFCnD6TwSv8SGalATaPA=
270,58,YcwaIXlx/aJeN5MVGyLWSeAbfvI=,26v7P/NRFCnD6TwSv8SGalATaPA=
258,49,YcwaIXlx/aJeN5MVGyLWSeAbfvI=,26v7P/NRFCnD6TwSv8SGalATaPA=
266,58,YcwaIXlx/aJeN5MVGyLWSeAbfvI=,26v7P/NRFCnD6TwSv8SGalATaPA=
265,58,YcwaIXlx/aJeN5MVGyLWSeAbfvI=,26v7P/NRFCnD6TwSv8SGalATaPA=
262,58,YcwaIXlx/aJeN5MVGyLWSeAbfvI=,26v7P/NRFCnD6TwSv8SGalATaPA=
260,58,YcwaIXlx/aJeN5MVGyLWSeAbfvI=,26v7P/NRFCnD6TwSv8SGalATaPA=
264,58,YcwaIXlx/aJeN5MVGyLWSeAbfvI=,26v7P/NRFCnD6TwSv8SGalATaPA=
263,58,YcwaIXlx/aJeN5MVGyLWSeAbfvI=,26v7P/NRFCnD6TwSv8SGalATaPA=
259,49,YcwaIXlx/aJeN5MVGyLWSeAbfvI=,26v7P/NRFCnD6TwSv8SGalATaPA=
259,58,YcwaIXlx/aJeN5MVGyLWSeAbfvI=,26v7P/NRFCnD6TwSv8SGalATaPA=
258,58,YcwaIXlx/aJeN5MVGyLWSeAbfvI=,26v7P/NRFCnD6TwSv8SGalATaPA=
260,49,YcwaIXlx/aJeN5MVGyLWSeAbfvI=,26v7P/NRFCnD6TwSv8SGalATaPA=
271,57,YcwaIXlx/aJeN5MVGyLWSeAbfvI=,26v7P/NRFCnD6TwSv8SGalATaPA=
261,58,YcwaIXlx/aJeN5MVGyLWSeAbfvI=,26v7P/NRFCnD6TwSv8SGalATaPA=
269,57,YcwaIXlx/aJeN5MVGyLWSeAbfvI=,26v7P/NRFCnD6TwSv8SGalATaPA=
270,57,YcwaIXlx/aJeN5MVGyLWSeAbfvI=,26v7P/NRFCnD6TwSv8SGalATaPA=
268,57,YcwaIXlx/aJeN5MVGyLWSeAbfvI=,26v7P/NRFCnD6TwSv8SGalATaPA=
261,49,YcwaIXlx/aJeN5MVGyLWSeAbfvI=,26v7P/NRFCnD6TwSv8SGalATaPA=
265,57,YcwaIXlx/aJeN5MVGyLWSeAbfvI=,26v7P/NRFCnD6TwSv8SGalATaPA=
266,57,YcwaIXlx/aJeN5MVGyLWSeAbfvI=,26v7P/NRFCnD6TwSv8SGalATaPA=
260,59,YcwaIXlx/aJeN5MVGyLWSeAbfvI=,26v7P/NRFCnD6TwSv8SGalATaPA=
263,57,YcwaIXlx/aJeN5MVGyLWSeAbfvI=,26v7P/NRFCnD6TwSv8SGalATaPA=
267,57,YcwaIXlx/aJeN5MVGyLWSeAbfvI=,26v7P/NRFCnD6TwSv8SGalATaPA=
264,57,YcwaIXlx/aJeN5MVGyLWSeAbfvI=,26v7P/NRFCnD6TwSv8SGalATaPA=
261,57,YcwaIXlx/aJeN5MVGyLWSeAbfvI=,26v7P/NRFCnD6TwSv8SGalATaPA=
260,57,YcwaIXlx/aJeN5MVGyLWSeAbfvI=,26v7P/NRFCnD6TwSv8SGalATaPA=
262,49,YcwaIXlx/aJeN5MVGyLWSeAbfvI=,26v7P/NRFCnD6TwSv8SGalATaPA=
259,57,YcwaIXlx/aJeN5MVGyLWSeAbfvI=,26v7P/NRFCnD6TwSv8SGalATaPA=
257,58,YcwaIXlx/aJeN5MVGyLWSeAbfvI=,26v7P/NRFCnD6TwSv8SGalATaPA=
257,60,YcwaIXlx/aJeN5MVGyLWSeAbfvI=,26v7P/NRFCnD6TwSv8SGalATaPA=
262,57,YcwaIXlx/aJeN5MVGyLWSeAbfvI=,26v7P/NRFCnD6TwSv8SGalATaPA=
258,57,YcwaIXlx/aJeN5MVGyLWSeAbfvI=,26v7P/NRFCnD6TwSv8SGalATaPA=
257,57,YcwaIXlx/aJeN5MVGyLWSeAbfvI=,26v7P/NRFCnD6TwSv8SGalATaPA=
256,59,YcwaIXlx/aJeN5MVGyLWSeAbfvI=,26v7P/NRFCnD6TwSv8SGalATaPA=
256,63,YcwaIXlx/aJeN5MVGyLWSeAbfvI=,26v7P/NRFCnD6TwSv8SGalATaPA=
271,56,YcwaIXlx/aJeN5MVGyLWSeAbfvI=,26v7P/NRFCnD6TwSv8SGalATaPA=
256,62,YcwaIXlx/aJeN5MVGyLWSeAbfvI=,26v7P/NRFCnD6TwSv8SGalATaPA=
263,49,YcwaIXlx/aJeN5MVGyLWSeAbfvI=,26v7P/NRFCnD6TwSv8SGalATaPA=
270,56,YcwaIXlx/aJeN5MVGyLWSeAbfvI=,26v7P/NRFCnD6TwSv8SGalATaPA=
265,56,YcwaIXlx/aJeN5MVGyLWSeAbfvI=,26v7P/NRFCnD6TwSv8SGalATaPA=
256,57,YcwaIXlx/aJeN5MVGyLWSeAbfvI=,26v7P/NRFCnD6TwSv8SGalATaPA=
266,56,YcwaIXlx/aJeN5MVGyLWSeAbfvI=,26v7P/NRFCnD6TwSv8SGalATaPA=
263,56,YcwaIXlx/aJeN5MVGyLWSeAbfvI=,26v7P/NRFCnD6TwSv8SGalATaPA=
269,56,YcwaIXlx/aJeN5MVGyLWSeAbfvI=,26v7P/NRFCnD6TwSv8SGalATaPA=
264,56,YcwaIXlx/aJeN5MVGyLWSeAbfvI=,26v7P/NRFCnD6TwSv8SGalATaPA=
264,49,YcwaIXlx/aJeN5MVGyLWSeAbfvI=,26v7P/NRFCnD6TwSv8SGalATaPA=
258,56,YcwaIXlx/aJeN5MVGyLWSeAbfvI=,26v7P/NRFCnD6TwSv8SGalATaPA=
262,56,YcwaIXlx/aJeN5MVGyLWSeAbfvI=,26v7P/NRFCnD6TwSv8SGalATaPA=
257,56,YcwaIXlx/aJeN5MVGyLWSeAbfvI=,26v7P/NRFCnD6TwSv8SGalATaPA=
267,56,YcwaIXlx/aJeN5MVGyLWSeAbfvI=,26v7P/NRFCnD6TwSv8SGalATaPA=
269,55,YcwaIXlx/aJeN5MVGyLWSeAbfvI=,26v7P/NRFCnD6TwSv8SGalATaPA=
261,56,YcwaIXlx/aJeN5MVGyLWSeAbfvI=,26v7P/NRFCnD6TwSv8SGalATaPA=
259,56,YcwaIXlx/aJeN5MVGyLWSeAbfvI=,26v7P/NRFCnD6TwSv8SGalATaPA=
271,55,YcwaIXlx/aJeN5MVGyLWSeAbfvI=,26v7P/NRFCnD6TwSv8SGalATaPA=
268,55,YcwaIXlx/aJeN5MVGyLWSeAbfvI=,26v7P/NRFCnD6TwSv8SGalATaPA=
260,56,YcwaIXlx/aJeN5MVGyLWSeAbfvI=,26v7P/NRFCnD6TwSv8SGalATaPA=
265,55,YcwaIXlx/aJeN5MVGyLWSeAbfvI=,26v7P/NRFCnD6TwSv8SGalATaPA=
270,55,YcwaIXlx/aJeN5MVGyLWSeAbfvI=,26v7P/NRFCnD6TwSv8SGalATaPA=
264,55,YcwaIXlx/aJeN5MVGyLWSeAbfvI=,26v7P/NRFCnD6TwSv8SGalATaPA=
262,55,YcwaIXlx/aJeN5MVGyLWSeAbfvI=,26v7P/NRFCnD6TwSv8SGalATaPA=
267,55,YcwaIXlx/aJeN5MVGyLWSeAbfvI=,26v7P/NRFCnD6TwSv8SGalATaPA=
263,55,YcwaIXlx/aJeN5MVGyLWSeAbfvI=,26v7P/NRFCnD6TwSv8SGalATaPA=
259,55,YcwaIXlx/aJeN5MVGyLWSeAbfvI=,26v7P/NRFCnD6TwSv8SGalATaPA=
265,49,YcwaIXlx/aJeN5MVGyLWSeAbfvI=,26v7P/NRFCnD6TwSv8SGalATaPA=
261,55,YcwaIXlx/aJeN5MVGyLWSeAbfvI=,26v7P/NRFCnD6TwSv8SGalATaPA=
268,56,YcwaIXlx/aJeN5MVGyLWSeAbfvI=,26v7P/NRFCnD6TwSv8SGalATaPA=
258,55,YcwaIXlx/aJeN5MVGyLWSeAbfvI=,26v7P/NRFCnD6TwSv8SGalATaPA=
262,54,YcwaIXlx/aJeN5MVGyLWSeAbfvI=,26v7P/NRFCnD6TwSv8SGalATaPA=
263,54,YcwaIXlx/aJeN5MVGyLWSeAbfvI=,26v7P/NRFCnD6TwSv8SGalATaPA=
266,49,YcwaIXlx/aJeN5MVGyLWSeAbfvI=,26v7P/NRFCnD6TwSv8SGalATaPA=
257,61,YcwaIXlx/aJeN5MVGyLWSeAbfvI=,26v7P/NRFCnD6TwSv8SGalATaPA=
261,54,YcwaIXlx/aJeN5MVGyLWSeAbfvI=,26v7P/NRFCnD6TwSv8SGalATaPA=
266,55,YcwaIXlx/aJeN5MVGyLWSeAbfvI=,26v7P/NRFCnD6TwSv8SGalATaPA=
264,54,YcwaIXlx/aJeN5MVGyLWSeAbfvI=,26v7P/NRFCnD6TwSv8SGalATaPA=
259,54,YcwaIXlx/aJeN5MVGyLWSeAbfvI=,26v7P/NRFCnD6TwSv8SGalATaPA=
260,54,YcwaIXlx/aJeN5MVGyLWSeAbfvI=,26v7P/NRFCnD6TwSv8SGalATaPA=
258,54,YcwaIXlx/aJeN5MVGyLWSeAbfvI=,26v7P/NRFCnD6TwSv8SGalATaPA=
267,49,YcwaIXlx/aJeN5MVGyLWSeAbfvI=,26v7P/NRFCnD6TwSv8SGalATaPA=
257,54,YcwaIXlx/aJeN5MVGyLWSeAbfvI=,26v7P/NRFCnD6TwSv8SGalATaPA=
270,53,YcwaIXlx/aJeN5MVGyLWSeAbfvI=,26v7P/NRFCnD6TwSv8SGalATaPA=
256,54,YcwaIXlx/aJeN5MVGyLWSeAbfvI=,26v7P/NRFCnD6TwSv8SGalATaPA=
269,53,YcwaIXlx/aJeN5MVGyLWSeAbfvI=,26v7P/NRFCnD6TwSv8SGalATaPA=
271,53,YcwaIXlx/aJeN5MVGyLWSeAbfvI=,26v7P/NRFCnD6TwSv8SGalATaPA=
267,53,YcwaIXlx/aJeN5MVGyLWSeAbfvI=,26v7P/NRFCnD6TwSv8SGalATaPA=
269,54,YcwaIXlx/aJeN5MVGyLWSeAbfvI=,26v7P/NRFCnD6TwSv8SGalATaPA=
268,49,YcwaIXlx/aJeN5MVGyLWSeAbfvI=,26v7P/NRFCnD6TwSv8SGalATaPA=
268,53,YcwaIXlx/aJeN5MVGyLWSeAbfvI=,26v7P/NRFCnD6TwSv8SGalATaPA=
265,53,YcwaIXlx/aJeN5MVGyLWSeAbfvI=,26v7P/NRFCnD6TwSv8SGalATaPA=
266,53,YcwaIXlx/aJeN5MVGyLWSeAbfvI=,26v7P/NRFCnD6TwSv8SGalATaPA=
264,53,YcwaIXlx/aJeN5MVGyLWSeAbfvI=,26v7P/NRFCnD6TwSv8SGalATaPA=
263,53,YcwaIXlx/aJeN5MVGyLWSeAbfvI=,26v7P/NRFCnD6TwSv8SGalATaPA=
256,61,YcwaIXlx/aJeN5MVGyLWSeAbfvI=,26v7P/NRFCnD6TwSv8SGalATaPA=
262,53,YcwaIXlx/aJeN5MVGyLWSeAbfvI=,26v7P/NRFCnD6TwSv8SGalATaPA=
261,53,YcwaIXlx/aJeN5MVGyLWSeAbfvI=,26v7P/NRFCnD6TwSv8SGalATaPA=
267,54,YcwaIXlx/aJeN5MVGyLWSeAbfvI=,26v7P/NRFCnD6TwSv8SGalATaPA=
259,53,YcwaIXlx/aJeN5MVGyLWSeAbfvI=,26v7P/NRFCnD6TwSv8SGalATaPA=
260,53,YcwaIXlx/aJeN5MVGyLWSeAbfvI=,26v7P/NRFCnD6TwSv8SGalATaPA=
258,53,YcwaIXlx/aJeN5MVGyLWSeAbfvI=,26v7P/NRFCnD6TwSv8SGalATaPA=
269,52,YcwaIXlx/aJeN5MVGyLWSeAbfvI=,26v7P/NRFCnD6TwSv8SGalATaPA=
257,53,YcwaIXlx/aJeN5MVGyLWSeAbfvI=,26v7P/NRFCnD6TwSv8SGalATaPA=
269,49,YcwaIXlx/aJeN5MVGyLWSeAbfvI=,26v7P/NRFCnD6TwSv8SGalATaPA=
259,59,YcwaIXlx/aJeN5MVGyLWSeAbfvI=,26v7P/NRFCnD6TwSv8SGalATaPA=
260,55,YcwaIXlx/aJeN5MVGyLWSeAbfvI=,26v7P/NRFCnD6TwSv8SGalATaPA=
266,52,YcwaIXlx/aJeN5MVGyLWSeAbfvI=,26v7P/NRFCnD6TwSv8SGalATaPA=
267,52,YcwaIXlx/aJeN5MVGyLWSeAbfvI=,26v7P/NRFCnD6TwSv8SGalATaPA=
270,52,YcwaIXlx/aJeN5MVGyLWSeAbfvI=,26v7P/NRFCnD6TwSv8SGalATaPA=
265,52,YcwaIXlx/aJeN5MVGyLWSeAbfvI=,26v7P/NRFCnD6TwSv8SGalATaPA=
264,52,YcwaIXlx/aJeN5MVGyLWSeAbfvI=,26v7P/NRFCnD6TwSv8SGalATaPA=
268,54,YcwaIXlx/aJeN5MVGyLWSeAbfvI=,26v7P/NRFCnD6TwSv8SGalATaPA=
270,49,YcwaIXlx/aJeN5MVGyLWSeAbfvI=,26v7P/NRFCnD6TwSv8SGalATaPA=
261,52,YcwaIXlx/aJeN5MVGyLWSeAbfvI=,26v7P/NRFCnD6TwSv8SGalATaPA=
262,52,YcwaIXlx/aJeN5MVGyLWSeAbfvI=,26v7P/NRFCnD6TwSv8SGalATaPA=
260,52,YcwaIXlx/aJeN5MVGyLWSeAbfvI=,26v7P/NRFCnD6TwSv8SGalATaPA=
263,52,YcwaIXlx/aJeN5MVGyLWSeAbfvI=,26v7P/NRFCnD6TwSv8SGalATaPA=
259,52,YcwaIXlx/aJeN5MVGyLWSeAbfvI=,26v7P/NRFCnD6TwSv8SGalATaPA=
258,52,YcwaIXlx/aJeN5MVGyLWSeAbfvI=,26v7P/NRFCnD6TwSv8SGalATaPA=
257,52,YcwaIXlx/aJeN5MVGyLWSeAbfvI=,26v7P/NRFCnD6TwSv8SGalATaPA=
270,51,YcwaIXlx/aJeN5MVGyLWSeAbfvI=,26v7P/NRFCnD6TwSv8SGalATaPA=
269,51,YcwaIXlx/aJeN5MVGyLWSeAbfvI=,26v7P/NRFCnD6TwSv8SGalATaPA=
271,49,YcwaIXlx/aJeN5MVGyLWSeAbfvI=,26v7P/NRFCnD6TwSv8SGalATaPA=
266,51,YcwaIXlx/aJeN5MVGyLWSeAbfvI=,26v7P/NRFCnD6TwSv8SGalATaPA=
268,51,YcwaIXlx/aJeN5MVGyLWSeAbfvI=,26v7P/NRFCnD6TwSv8SGalATaPA=
271,51,YcwaIXlx/aJeN5MVGyLWSeAbfvI=,26v7P/NRFCnD6TwSv8SGalATaPA=
265,54,YcwaIXlx/aJeN5MVGyLWSeAbfvI=,26v7P/NRFCnD6TwSv8SGalATaPA=
256,52,YcwaIXlx/aJeN5MVGyLWSeAbfvI=,26v7P/NRFCnD6TwSv8SGalATaPA=
264,51,YcwaIXlx/aJeN5MVGyLWSeAbfvI=,26v7P/NRFCnD6TwSv8SGalATaPA=
265,51,YcwaIXlx/aJeN5MVGyLWSeAbfvI=,26v7P/NRFCnD6TwSv8SGalATaPA=
263,51,YcwaIXlx/aJeN5MVGyLWSeAbfvI=,26v7P/NRFCnD6TwSv8SGalATaPA=
267,51,YcwaIXlx/aJeN5MVGyLWSeAbfvI=,26v7P/NRFCnD6TwSv8SGalATaPA=
257,51,YcwaIXlx/aJeN5MVGyLWSeAbfvI=,26v7P/NRFCnD6TwSv8SGalATaPA=
261,51,YcwaIXlx/aJeN5MVGyLWSeAbfvI=,26v7P/NRFCnD6TwSv8SGalATaPA=
262,51,YcwaIXlx/aJeN5MVGyLWSeAbfvI=,26v7P/NRFCnD6TwSv8SGalATaPA=
259,51,YcwaIXlx/aJeN5MVGyLWSeAbfvI=,26v7P/NRFCnD6TwSv8SGalATaPA=
260,51,YcwaIXlx/aJeN5MVGyLWSeAbfvI=,26v7P/NRFCnD6TwSv8SGalATaPA=
269,50,YcwaIXlx/aJeN5MVGyLWSeAbfvI=,26v7P/NRFCnD6TwSv8SGalATaPA=
270,50,YcwaIXlx/aJeN5MVGyLWSeAbfvI=,26v7P/NRFCnD6TwSv8SGalATaPA=
268,50,YcwaIXlx/aJeN5MVGyLWSeAbfvI=,26v7P/NRFCnD6TwSv8SGalATaPA=
271,50,YcwaIXlx/aJeN5MVGyLWSeAbfvI=,26v7P/NRFCnD6TwSv8SGalATaPA=
267,50,YcwaIXlx/aJeN5MVGyLWSeAbfvI=,26v7P/NRFCnD6TwSv8SGalATaPA=
263,50,YcwaIXlx/aJeN5MVGyLWSeAbfvI=,26v7P/NRFCnD6TwSv8SGalATaPA=
256,58,YcwaIXlx/aJeN5MVGyLWSeAbfvI=,26v7P/NRFCnD6TwSv8SGalATaPA=
266,50,YcwaIXlx/aJeN5MVGyLWSeAbfvI=,26v7P/NRFCnD6TwSv8SGalATaPA=
265,50,YcwaIXlx/aJeN5MVGyLWSeAbfvI=,26v7P/NRFCnD6TwSv8SGalATaPA=
258,50,YcwaIXlx/aJeN5MVGyLWSeAbfvI=,26v7P/NRFCnD6TwSv8SGalATaPA=
260,50,YcwaIXlx/aJeN5MVGyLWSeAbfvI=,26v7P/NRFCnD6TwSv8SGalATaPA=
257,50,YcwaIXlx/aJeN5MVGyLWSeAbfvI=,26v7P/NRFCnD6TwSv8SGalATaPA=
259,50,YcwaIXlx/aJeN5MVGyLWSeAbfvI=,26v7P/NRFCnD6TwSv8SGalATaPA=
264,50,YcwaIXlx/aJeN5MVGyLWSeAbfvI=,26v7P/NRFCnD6TwSv8SGalATaPA=
262,50,YcwaIXlx/aJeN5MVGyLWSeAbfvI=,26v7P/NRFCnD6TwSv8SGalATaPA=
271,52,YcwaIXlx/aJeN5MVGyLWSeAbfvI=,26v7P/NRFCnD6TwSv8SGalATaPA=
256,55,YcwaIXlx/aJeN5MVGyLWSeAbfvI=,26v7P/NRFCnD6TwSv8SGalATaPA=
268,52,YcwaIXlx/aJeN5MVGyLWSeAbfvI=,26v7P/NRFCnD6TwSv8SGalATaPA=
271,54,YcwaIXlx/aJeN5MVGyLWSeAbfvI=,26v7P/NRFCnD6TwSv8SGalATaPA=
256,53,YcwaIXlx/aJeN5MVGyLWSeAbfvI=,26v7P/NRFCnD6TwSv8SGalATaPA=
257,55,YcwaIXlx/aJeN5MVGyLWSeAbfvI=,26v7P/NRFCnD6TwSv8SGalATaPA=
256,51,YcwaIXlx/aJeN5MVGyLWSeAbfvI=,26v7P/NRFCnD6TwSv8SGalATaPA=
256,56,YcwaIXlx/aJeN5MVGyLWSeAbfvI=,26v7P/NRFCnD6TwSv8SGalATaPA=
258,51,YcwaIXlx/aJeN5MVGyLWSeAbfvI=,26v7P/NRFCnD6TwSv8SGalATaPA=
270,54,YcwaIXlx/aJeN5MVGyLWSeAbfvI=,26v7P/NRFCnD6TwSv8SGalATaPA=
256,50,YcwaIXlx/aJeN5MVGyLWSeAbfvI=,26v7P/NRFCnD6TwSv8SGalATaPA=
256,60,YcwaIXlx/aJeN5MVGyLWSeAbfvI=,26v7P/NRFCnD6TwSv8SGalATaPA=
261,50,YcwaIXlx/aJeN5MVGyLWSeAbfvI=,26v7P/NRFCnD6TwSv8SGalATaPA=
266,54,YcwaIXlx/aJeN5MVGyLWSeAbfvI=,26v7P/NRFCnD6TwSv8SGalATaPA=
274,48,RiiFYOOYYk83xrGjR7+PQNve5HA=,26v7P/NRFCnD6TwSv8SGalATaPA=
278,49,RiiFYOOYYk83xrGjR7+PQNve5HA=,26v7P/NRFCnD6TwSv8SGalATaPA=
280,49,RiiFYOOYYk83xrGjR7+PQNve5HA=,26v7P/NRFCnD6TwSv8SGalATaPA=
277,49,RiiFYOOYYk83xrGjR7+PQNve5HA=,26v7P/NRFCnD6TwSv8SGalATaPA=
279,49,RiiFYOOYYk83xrGjR7+PQNve5HA=,26v7P/NRFCnD6TwSv8SGalATaPA=
273,48,RiiFYOOYYk83xrGjR7+PQNve5HA=,26v7P/NRFCnD6TwSv8SGalATaPA=
282,49,RiiFYOOYYk83xrGjR7+PQNve5HA=,26v7P/NRFCnD6TwSv8SGalATaPA=
276,49,RiiFYOOYYk83xrGjR7+PQNve5HA=,26v7P/NRFCnD6TwSv8SGalATaPA=
274,49,RiiFYOOYYk83xrGjR7+PQNve5HA=,26v7P/NRFCnD6TwSv8SGalATaPA=
281,49,RiiFYOOYYk83xrGjR7+PQNve5HA=,26v7P/NRFCnD6TwSv8SGalATaPA=
283,49,RiiFYOOYYk83xrGjR7+PQNve5HA=,26v7P/NRFCnD6TwSv8SGalATaPA=
275,49,RiiFYOOYYk83xrGjR7+PQNve5HA=,26v7P/NRFCnD6TwSv8SGalATaPA=
286,63,RiiFYOOYYk83xrGjR7+PQNve5HA=,26v7P/NRFCnD6TwSv8SGalATaPA=
287,63,RiiFYOOYYk83xrGjR7+PQNve5HA=,26v7P/NRFCnD6TwSv8SGalATaPA=
285,63,RiiFYOOYYk83xrGjR7+PQNve5HA=,26v7P/NRFCnD6TwSv8SGalATaPA=
272,48,RiiFYOOYYk83xrGjR7+PQNve5HA=,26v7P/NRFCnD6TwSv8SGalATaPA=
283,63,RiiFYOOYYk83xrGjR7+PQNve5HA=,26v7P/NRFCnD6TwSv8SGalATaPA=
284,63,RiiFYOOYYk83xrGjR7+PQNve5HA=,26v7P/NRFCnD6TwSv8SGalATaPA=
281,63,RiiFYOOYYk83xrGjR7+PQNve5HA=,26v7P/NRFCnD6TwSv8SGalATaPA=
279,63,RiiFYOOYYk83xrGjR7+PQNve5HA=,26v7P/NRFCnD6TwSv8SGalATaPA=
280,63,RiiFYOOYYk83xrGjR7+PQNve5HA=,26v7P/NRFCnD6TwSv8SGalATaPA=
282,63,RiiFYOOYYk83xrGjR7+PQNve5HA=,26v7P/NRFCnD6TwSv8SGalATaPA=
278,63,RiiFYOOYYk83xrGjR7+PQNve5HA=,26v7P/NRFCnD6TwSv8SGalATaPA=
277,63,RiiFYOOYYk83xrGjR7+PQNve5HA=,26v7P/NRFCnD6TwSv8SGalATaPA=
276,63,RiiFYOOYYk83xrGjR7+PQNve5HA=,26v7P/NRFCnD6TwSv8SGalATaPA=
273,49,RiiFYOOYYk83xrGjR7+PQNve5HA=,26v7P/NRFCnD6TwSv8SGalATaPA=
274,63,RiiFYOOYYk83xrGjR7+PQNve5HA=,26v7P/NRFCnD6TwSv8SGalATaPA=
275,63,RiiFYOOYYk83xrGjR7+PQNve5HA=,26v7P/NRFCnD6TwSv8SGalATaPA=
272,63,RiiFYOOYYk83xrGjR7+PQNve5HA=,26v7P/NRFCnD6TwSv8SGalATaPA=
273,63,RiiFYOOYYk83xrGjR7+PQNve5HA=,26v7P/NRFCnD6TwSv8SGalATaPA=
285,62,RiiFYOOYYk83xrGjR7+PQNve5HA=,26v7P/NRFCnD6TwSv8SGalATaPA=
284,62,RiiFYOOYYk83xrGjR7+PQNve5HA=,26v7P/NRFCnD6TwSv8SGalATaPA=
283,62,RiiFYOOYYk83xrGjR7+PQNve5HA=,26v7P/NRFCnD6TwSv8SGalATaPA=
282,62,RiiFYOOYYk83xrGjR7+PQNve5HA=,26v7P/NRFCnD6TwSv8SGalATaPA=
286,62,RiiFYOOYYk83xrGjR7+PQNve5HA=,26v7P/NRFCnD6TwSv8SGalATaPA=
281,62,RiiFYOOYYk83xrGjR7+PQNve5HA=,26v7P/NRFCnD6TwSv8SGalATaPA=
279,62,RiiFYOOYYk83xrGjR7+PQNve5HA=,26v7P/NRFCnD6TwSv8SGalATaPA=
277,62,RiiFYOOYYk83xrGjR7+PQNve5HA=,26v7P/NRFCnD6TwSv8SGalATaPA=
280,62,RiiFYOOYYk83xrGjR7+PQNve5HA=,26v7P/NRFCnD6TwSv8SGalATaPA=
275,62,RiiFYOOYYk83xrGjR7+PQNve5HA=,26v7P/NRFCnD6TwSv8SGalATaPA=
273,62,RiiFYOOYYk83xrGjR7+PQNve5HA=,26v7P/NRFCnD6TwSv8SGalATaPA=
276,62,RiiFYOOYYk83xrGjR7+PQNve5HA=,26v7P/NRFCnD6TwSv8SGalATaPA=
278,62,RiiFYOOYYk83xrGjR7+PQNve5HA=,26v7P/NRFCnD6TwSv8SGalATaPA=
274,62,RiiFYOOYYk83xrGjR7+PQNve5HA=,26v7P/NRFCnD6TwSv8SGalATaPA=
272,49,RiiFYOOYYk83xrGjR7+PQNve5HA=,26v7P/NRFCnD6TwSv8SGalATaPA=
284,61,RiiFYOOYYk83xrGjR7+PQNve5HA=,26v7P/NRFCnD6TwSv8SGalATaPA=
285,61,RiiFYOOYYk83xrGjR7+PQNve5HA=,26v7P/NRFCnD6TwSv8SGalATaPA=
272,62,RiiFYOOYYk83xrGjR7+PQNve5HA=,26v7P/NRFCnD6TwSv8SGalATaPA=
281,61,RiiFYOOYYk83xrGjR7+PQNve5HA=,26v7P/NRFCnD6TwSv8SGalATaPA=
277,61,RiiFYOOYYk83xrGjR7+PQNve5HA=,26v7P/NRFCnD6TwSv8SGalATaPA=
279,61,RiiFYOOYYk83xrGjR7+PQNve5HA=,26v7P/NRFCnD6TwSv8SGalATaPA=
280,61,RiiFYOOYYk83xrGjR7+PQNve5HA=,26v7P/NRFCnD6TwSv8SGalATaPA=
278,61,RiiFYOOYYk83xrGjR7+PQNve5HA=,26v7P/NRFCnD6TwSv8SGalATaPA=
274,61,RiiFYOOYYk83xrGjR7+PQNve5HA=,26v7P/NRFCnD6TwSv8SGalATaPA=
276,61,RiiFYOOYYk83xrGjR7+PQNve5HA=,26v7P/NRFCnD6TwSv8SGalATaPA=
275,61,RiiFYOOYYk83xrGjR7+PQNve5HA=,26v7P/NRFCnD6TwSv8SGalATaPA=
273,61,RiiFYOOYYk83xrGjR7+PQNve5HA=,26v7P/NRFCnD6TwSv8SGalATaPA=
272,61,RiiFYOOYYk83xrGjR7+PQNve5HA=,26v7P/NRFCnD6TwSv8SGalATaPA=
284,60,RiiFYOOYYk83xrGjR7+PQNve5HA=,26v7P/NRFCnD6TwSv8SGalATaPA=
276,60,RiiFYOOYYk83xrGjR7+PQNve5HA=,26v7P/NRFCnD6TwSv8SGalATaPA=
278,60,RiiFYOOYYk83xrGjR7+PQNve5HA=,26v7P/NRFCnD6TwSv8SGalATaPA=
275,60,RiiFYOOYYk83xrGjR7+PQNve5HA=,26v7P/NRFCnD6TwSv8SGalATaPA=
279,60,RiiFYOOYYk83xrGjR7+PQNve5HA=,26v7P/NRFCnD6TwSv8SGalATaPA=
273,60,RiiFYOOYYk83xrGjR7+PQNve5HA=,26v7P/NRFCnD6TwSv8SGalATaPA=
272,60,RiiFYOOYYk83xrGjR7+PQNve5HA=,26v7P/NRFCnD6TwSv8SGalATaPA=
280,60,RiiFYOOYYk83xrGjR7+PQNve5HA=,26v7P/NRFCnD6TwSv8SGalATaPA=
274,60,RiiFYOOYYk83xrGjR7+PQNve5HA=,26v7P/NRFCnD6TwSv8SGalATaPA=
281,60,RiiFYOOYYk83xrGjR7+PQNve5HA=,26v7P/NRFCnD6TwSv8SGalATaPA=
283,59,RiiFYOOYYk83xrGjR7+PQNve5HA=,26v7P/NRFCnD6TwSv8SGalATaPA=
281,59,RiiFYOOYYk83xrGjR7+PQNve5HA=,26v7P/NRFCnD6TwSv8SGalATaPA=
282,59,RiiFYOOYYk83xrGjR7+PQNve5HA=,26v7P/NRFCnD6TwSv8SGalATaPA=
277,59,RiiFYOOYYk83xrGjR7+PQNve5HA=,26v7P/NRFCnD6TwSv8SGalATaPA=
280,59,RiiFYOOYYk83xrGjR7+PQNve5HA=,26v7P/NRFCnD6TwSv8SGalATaPA=
276,59,RiiFYOOYYk83xrGjR7+PQNve5HA=,26v7P/NRFCnD6TwSv8SGalATaPA=
278,59,RiiFYOOYYk83xrGjR7+PQNve5HA=,26v7P/NRFCnD6TwSv8SGalATaPA=
285,48,RiiFYOOYYk83xrGjR7+PQNve5HA=,26v7P/NRFCnD6TwSv8SGalATaPA=
279,59,RiiFYOOYYk83xrGjR7+PQNve5HA=,26v7P/NRFCnD6TwSv8SGalATaPA=
275,59,RiiFYOOYYk83xrGjR7+PQNve5HA=,26v7P/NRFCnD6TwSv8SGalATaPA=
273,59,RiiFYOOYYk83xrGjR7+PQNve5HA=,26v7P/NRFCnD6TwSv8SGalATaPA=
274,59,RiiFYOOYYk83xrGjR7+PQNve5HA=,26v7P/NRFCnD6TwSv8SGalATaPA=
272,59,RiiFYOOYYk83xrGjR7+PQNve5HA=,26v7P/NRFCnD6TwSv8SGalATaPA=
286,61,RiiFYOOYYk83xrGjR7+PQNve5HA=,26v7P/NRFCnD6TwSv8SGalATaPA=
284,48,RiiFYOOYYk83xrGjR7+PQNve5HA=,26v7P/NRFCnD6TwSv8SGalATaPA=
281,58,RiiFYOOYYk83xrGjR7+PQNve5HA=,26v7P/NRFCnD6TwSv8SGalATaPA=
287,62,RiiFYOOYYk83xrGjR7+PQNve5HA=,26v7P/NRFCnD6TwSv8SGalATaPA=
282,61,RiiFYOOYYk83xrGjR7+PQNve5HA=,26v7P/NRFCnD6TwSv8SGalATaPA=
277,58,RiiFYOOYYk83xrGjR7+PQNve5HA=,26v7P/NRFCnD6TwSv8SGalATaPA=
276,58,RiiFYOOYYk83xrGjR7+PQNve5HA=,26v7P/NRFCnD6TwSv8SGalATaPA=
275,58,RiiFYOOYYk83xrGjR7+PQNve5HA=,26v7P/NRFCnD6TwSv8SGalATaPA=
274,58,RiiFYOOYYk83xrGjR7+PQNve5HA=,26v7P/NRFCnD6TwSv8SGalATaPA=
273,58,RiiFYOOYYk83xrGjR7+PQNve5HA=,26v7P/NRFCnD6TwSv8SGalATaPA=
272,58,RiiFYOOYYk83xrGjR7+PQNve5HA=,26v7P/NRFCnD6TwSv8SGalATaPA=
283,58,RiiFYOOYYk83xrGjR7+PQNve5HA=,26v7P/NRFCnD6TwSv8SGalATaPA=
284,49,RiiFYOOYYk83xrGjR7+PQNve5HA=,26v7P/NRFCnD6TwSv8SGalATaPA=
285,60,RiiFYOOYYk83xrGjR7+PQNve5HA=,26v7P/NRFCnD6TwSv8SGalATaPA=
283,61,RiiFYOOYYk83xrGjR7+PQNve5HA=,26v7P/NRFCnD6TwSv8SGalATaPA=
282,58,RiiFYOOYYk83xrGjR7+PQNve5HA=,26v7P/NRFCnD6TwSv8SGalATaPA=
278,58,RiiFYOOYYk83xrGjR7+PQNve5HA=,26v7P/NRFCnD6TwSv8SGalATaPA=
283,60,RiiFYOOYYk83xrGjR7+PQNve5HA=,26v7P/NRFCnD6TwSv8SGalATaPA=
279,58,RiiFYOOYYk83xrGjR7+PQNve5HA=,26v7P/NRFCnD6TwSv8SGalATaPA=
283,48,RiiFYOOYYk83xrGjR7+PQNve5HA=,26v7P/NRFCnD6TwSv8SGalATaPA=
282,60,RiiFYOOYYk83xrGjR7+PQNve5HA=,26v7P/NRFCnD6TwSv8SGalATaPA=
279,57,RiiFYOOYYk83xrGjR7+PQNve5HA=,26v7P/NRFCnD6TwSv8SGalATaPA=
280,58,RiiFYOOYYk83xrGjR7+PQNve5HA=,26v7P/NRFCnD6TwSv8SGalATaPA=
274,57,RiiFYOOYYk83xrGjR7+PQNve5HA=,26v7P/NRFCnD6TwSv8SGalATaPA=
273,57,RiiFYOOYYk83xrGjR7+PQNve5HA=,26v7P/NRFCnD6TwSv8SGalATaPA=
272,57,RiiFYOOYYk83xrGjR7+PQNve5HA=,26v7P/NRFCnD6TwSv8SGalATaPA=
284,57,RiiFYOOYYk83xrGjR7+PQNve5HA=,26v7P/NRFCnD6TwSv8SGalATaPA=
278,57,RiiFYOOYYk83xrGjR7+PQNve5HA=,26v7P/NRFCnD6TwSv8SGalATaPA=
282,57,RiiFYOOYYk83xrGjR7+PQNve5HA=,26v7P/NRFCnD6TwSv8SGalATaPA=
283,57,RiiFYOOYYk83xrGjR7+PQNve5HA=,26v7P/NRFCnD6TwSv8SGalATaPA=
286,48,RiiFYOOYYk83xrGjR7+PQNve5HA=,26v7P/NRFCnD6TwSv8SGalATaPA=
277,60,RiiFYOOYYk83xrGjR7+PQNve5HA=,26v7P/NRFCnD6TwSv8SGalATaPA=
275,57,RiiFYOOYYk83xrGjR7+PQNve5HA=,26v7P/NRFCnD6TwSv8SGalATaPA=
283,56,RiiFYOOYYk83xrGjR7+PQNve5HA=,26v7P/NRFCnD6TwSv8SGalATaPA=
282,48,RiiFYOOYYk83xrGjR7+PQNve5HA=,26v7P/NRFCnD6TwSv8SGalATaPA=
282,56,RiiFYOOYYk83xrGjR7+PQNve5HA=,26v7P/NRFCnD6TwSv8SGalATaPA=
280,57,RiiFYOOYYk83xrGjR7+PQNve5HA=,26v7P/NRFCnD6TwSv8SGalATaPA=
281,56,RiiFYOOYYk83xrGjR7+PQNve5HA=,26v7P/NRFCnD6TwSv8SGalATaPA=
284,56,RiiFYOOYYk83xrGjR7+PQNve5HA=,26v7P/NRFCnD6TwSv8SGalATaPA=
277,57,RiiFYOOYYk83xrGjR7+PQNve5HA=,26v7P/NRFCnD6TwSv8SGalATaPA=
275,56,RiiFYOOYYk83xrGjR7+PQNve5HA=,26v7P/NRFCnD6TwSv8SGalATaPA=
274,56,RiiFYOOYYk83xrGjR7+PQNve5HA=,26v7P/NRFCnD6TwSv8SGalATaPA=
286,57,RiiFYOOYYk83xrGjR7+PQNve5HA=,26v7P/NRFCnD6TwSv8SGalATaPA=
273,56,RiiFYOOYYk83xrGjR7+PQNve5HA=,26v7P/NRFCnD6TwSv8SGalATaPA=
287,57,RiiFYOOYYk83xrGjR7+PQNve5HA=,26v7P/NRFCnD6TwSv8SGalATaPA=
272,56,RiiFYOOYYk83xrGjR7+PQNve5HA=,26v7P/NRFCnD6TwSv8SGalATaPA=
285,55,RiiFYOOYYk83xrGjR7+PQNve5HA=,26v7P/NRFCnD6TwSv8SGalATaPA=
281,57,RiiFYOOYYk83xrGjR7+PQNve5HA=,26v7P/NRFCnD6TwSv8SGalATaPA=
279,56,RiiFYOOYYk83xrGjR7+PQNve5HA=,26v7P/NRFCnD6TwSv8SGalATaPA=
287,48,RiiFYOOYYk83xrGjR7+PQNve5HA=,26v7P/NRFCnD6TwSv8SGalATaPA=
287,59,RiiFYOOYYk83xrGjR7+PQNve5HA=,26v7P/NRFCnD6TwSv8SGalATaPA=
281,48,RiiFYOOYYk83xrGjR7+PQNve5HA=,26v7P/NRFCnD6TwSv8SGalATaPA=
286,58,RiiFYOOYYk83xrGjR7+PQNve5HA=,26v7P/NRFCnD6TwSv8SGalATaPA=
281,55,RiiFYOOYYk83xrGjR7+PQNve5HA=,26v7P/NRFCnD6TwSv8SGalATaPA=
284,55,RiiFYOOYYk83xrGjR7+PQNve5HA=,26v7P/NRFCnD6TwSv8SGalATaPA=
276,57,RiiFYOOYYk83xrGjR7+PQNve5HA=,26v7P/NRFCnD6TwSv8SGalATaPA=
285,57,RiiFYOOYYk83xrGjR7+PQNve5HA=,26v7P/NRFCnD6TwSv8SGalATaPA=
280,56,RiiFYOOYYk83xrGjR7+PQNve5HA=,26v7P/NRFCnD6TwSv8SGalATaPA=
278,55,RiiFYOOYYk83xrGjR7+PQNve5HA=,26v7P/NRFCnD6TwSv8SGalATaPA=
286,60,RiiFYOOYYk83xrGjR7+PQNve5HA=,26v7P/NRFCnD6TwSv8SGalATaPA=
287,56,RiiFYOOYYk83xrGjR7+PQNve5HA=,26v7P/NRFCnD6TwSv8SGalATaPA=
274,55,RiiFYOOYYk83xrGjR7+PQNve5HA=,26v7P/NRFCnD6TwSv8SGalATaPA=
276,56,RiiFYOOYYk83xrGjR7+PQNve5HA=,26v7P/NRFCnD6TwSv8SGalATaPA=
272,55,RiiFYOOYYk83xrGjR7+PQNve5HA=,26v7P/NRFCnD6TwSv8SGalATaPA=
273,55,RiiFYOOYYk83xrGjR7+PQNve5HA=,26v7P/NRFCnD6TwSv8SGalATaPA=
287,58,RiiFYOOYYk83xrGjR7+PQNve5HA=,26v7P/NRFCnD6TwSv8SGalATaPA=
275,55,RiiFYOOYYk83xrGjR7+PQNve5HA=,26v7P/NRFCnD6TwSv8SGalATaPA=
280,48,RiiFYOOYYk83xrGjR7+PQNve5HA=,26v7P/NRFCnD6TwSv8SGalATaPA=
279,55,RiiFYOOYYk83xrGjR7+PQNve5HA=,26v7P/NRFCnD6TwSv8SGalATaPA=
287,60,RiiFYOOYYk83xrGjR7+PQNve5HA=,26v7P/NRFCnD6TwSv8SGalATaPA=
283,55,RiiFYOOYYk83xrGjR7+PQNve5HA=,26v7P/NRFCnD6TwSv8SGalATaPA=
285,56,RiiFYOOYYk83xrGjR7+PQNve5HA=,26v7P/NRFCnD6TwSv8SGalATaPA=
279,54,RiiFYOOYYk83xrGjR7+PQNve5HA=,26v7P/NRFCnD6TwSv8SGalATaPA=
280,55,RiiFYOOYYk83xrGjR7+PQNve5HA=,26v7P/NRFCnD6TwSv8SGalATaPA=
278,54,RiiFYOOYYk83xrGjR7+PQNve5HA=,26v7P/NRFCnD6TwSv8SGalATaPA=
277,56,RiiFYOOYYk83xrGjR7+PQNve5HA=,26v7P/NRFCnD6TwSv8SGalATaPA=
280,54,RiiFYOOYYk83xrGjR7+PQNve5HA=,26v7P/NRFCnD6TwSv8SGalATaPA=
274,54,RiiFYOOYYk83xrGjR7+PQNve5HA=,26v7P/NRFCnD6TwSv8SGalATaPA=
273,54,RiiFYOOYYk83xrGjR7+PQNve5HA=,26v7P/NRFCnD6TwSv8SGalATaPA=
281,54,RiiFYOOYYk83xrGjR7+PQNve5HA=,26v7P/NRFCnD6TwSv8SGalATaPA=
272,54,RiiFYOOYYk83xrGjR7+PQNve5HA=,26v7P/NRFCnD6TwSv8SGalATaPA=
287,61,RiiFYOOYYk83xrGjR7+PQNve5HA=,26v7P/NRFCnD6TwSv8SGalATaPA=
279,48,RiiFYOOYYk83xrGjR7+PQNve5HA=,26v7P/NRFCnD6TwSv8SGalATaPA=
285,59,RiiFYOOYYk83xrGjR7+PQNve5HA=,26v7P/NRFCnD6TwSv8SGalATaPA=
285,58,RiiFYOOYYk83xrGjR7+PQNve5HA=,26v7P/NRFCnD6TwSv8SGalATaPA=
286,56,RiiFYOOYYk83xrGjR7+PQNve5HA=,26v7P/NRFCnD6TwSv8SGalATaPA=
276,55,RiiFYOOYYk83xrGjR7+PQNve5HA=,26v7P/NRFCnD6TwSv8SGalATaPA=
281,53,RiiFYOOYYk83xrGjR7+PQNve5HA=,26v7P/NRFCnD6TwSv8SGalATaPA=
277,54,RiiFYOOYYk83xrGjR7+PQNve5HA=,26v7P/NRFCnD6TwSv8SGalATaPA=
280,53,RiiFYOOYYk83xrGjR7+PQNve5HA=,26v7P/NRFCnD6TwSv8SGalATaPA=
286,55,RiiFYOOYYk83xrGjR7+PQNve5HA=,26v7P/NRFCnD6TwSv8SGalATaPA=
276,54,RiiFYOOYYk83xrGjR7+PQNve5HA=,26v7P/NRFCnD6TwSv8SGalATaPA=
279,53,RiiFYOOYYk83xrGjR7+PQNve5HA=,26v7P/NRFCnD6TwSv8SGalATaPA=
278,53,RiiFYOOYYk83xrGjR7+PQNve5HA=,26v7P/NRFCnD6TwSv8SGalATaPA=
286,59,RiiFYOOYYk83xrGjR7+PQNve5HA=,26v7P/NRFCnD6TwSv8SGalATaPA=
277,53,RiiFYOOYYk83xrGjR7+PQNve5HA=,26v7P/NRFCnD6TwSv8SGalATaPA=
274,53,RiiFYOOYYk83xrGjR7+PQNve5HA=,26v7P/NRFCnD6TwSv8SGalATaPA=
282,55,RiiFYOOYYk83xrGjR7+PQNve5HA=,26v7P/NRFCnD6TwSv8SGalATaPA=
276,53,RiiFYOOYYk83xrGjR7+PQNve5HA=,26v7P/NRFCnD6TwSv8SGalATaPA=
273,53,RiiFYOOYYk83xrGjR7+PQNve5HA=,26v7P/NRFCnD6TwSv8SGalATaPA=
272,53,RiiFYOOYYk83xrGjR7+PQNve5HA=,26v7P/NRFCnD6TwSv8SGalATaPA=
278,48,RiiFYOOYYk83xrGjR7+PQNve5HA=,26v7P/NRFCnD6TwSv8SGalATaPA=
278,56,RiiFYOOYYk83xrGjR7+PQNve5HA=,26v7P/NRFCnD6TwSv8SGalATaPA=
281,52,RiiFYOOYYk83xrGjR7+PQNve5HA=,26v7P/NRFCnD6TwSv8SGalATaPA=
275,53,RiiFYOOYYk83xrGjR7+PQNve5HA=,26v7P/NRFCnD6TwSv8SGalATaPA=
279,52,RiiFYOOYYk83xrGjR7+PQNve5HA=,26v7P/NRFCnD6TwSv8SGalATaPA=
280,52,RiiFYOOYYk83xrGjR7+PQNve5HA=,26v7P/NRFCnD6TwSv8SGalATaPA=
282,52,RiiFYOOYYk83xrGjR7+PQNve5HA=,26v7P/NRFCnD6TwSv8SGalATaPA=
278,52,RiiFYOOYYk83xrGjR7+PQNve5HA=,26v7P/NRFCnD6TwSv8SGalATaPA=
277,52,RiiFYOOYYk83xrGjR7+PQNve5HA=,26v7P/NRFCnD6TwSv8SGalATaPA=
275,52,RiiFYOOYYk83xrGjR7+PQNve5HA=,26v7P/NRFCnD6TwSv8SGalATaPA=
277,55,RiiFYOOYYk83xrGjR7+PQNve5HA=,26v7P/NRFCnD6TwSv8SGalATaPA=
276,52,RiiFYOOYYk83xrGjR7+PQNve5HA=,26v7P/NRFCnD6TwSv8SGalATaPA=
274,52,RiiFYOOYYk83xrGjR7+PQNve5HA=,26v7P/NRFCnD6TwSv8SGalATaPA=
272,52,RiiFYOOYYk83xrGjR7+PQNve5HA=,26v7P/NRFCnD6TwSv8SGalATaPA=
277,48,RiiFYOOYYk83xrGjR7+PQNve5HA=,26v7P/NRFCnD6TwSv8SGalATaPA=
273,52,RiiFYOOYYk83xrGjR7+PQNve5HA=,26v7P/NRFCnD6TwSv8SGalATaPA=
282,51,RiiFYOOYYk83xrGjR7+PQNve5HA=,26v7P/NRFCnD6TwSv8SGalATaPA=
285,49,RiiFYOOYYk83xrGjR7+PQNve5HA=,26v7P/NRFCnD6TwSv8SGalATaPA=
281,51,RiiFYOOYYk83xrGjR7+PQNve5HA=,26v7P/NRFCnD6TwSv8SGalATaPA=
280,51,RiiFYOOYYk83xrGjR7+PQNve5HA=,26v7P/NRFCnD6TwSv8SGalATaPA=
279,51,RiiFYOOYYk83xrGjR7+PQNve5HA=,26v7P/NRFCnD6TwSv8SGalATaPA=
278,51,RiiFYOOYYk83xrGjR7+PQNve5HA=,26v7P/NRFCnD6TwSv8SGalATaPA=
277,51,RiiFYOOYYk83xrGjR7+PQNve5HA=,26v7P/NRFCnD6TwSv8SGalATaPA=
276,51,RiiFYOOYYk83xrGjR7+PQNve5HA=,26v7P/NRFCnD6TwSv8SGalATaPA=
275,51,RiiFYOOYYk83xrGjR7+PQNve5HA=,26v7P/NRFCnD6TwSv8SGalATaPA=
283,52,RiiFYOOYYk83xrGjR7+PQNve5HA=,26v7P/NRFCnD6TwSv8SGalATaPA=
281,50,RiiFYOOYYk83xrGjR7+PQNve5HA=,26v7P/NRFCnD6TwSv8SGalATaPA=
280,50,RiiFYOOYYk83xrGjR7+PQNve5HA=,26v7P/NRFCnD6TwSv8SGalATaPA=
283,51,RiiFYOOYYk83xrGjR7+PQNve5HA=,26v7P/NRFCnD6TwSv8SGalATaPA=
277,50,RiiFYOOYYk83xrGjR7+PQNve5HA=,26v7P/NRFCnD6TwSv8SGalATaPA=
274,51,RiiFYOOYYk83xrGjR7+PQNve5HA=,26v7P/NRFCnD6TwSv8SGalATaPA=
276,50,RiiFYOOYYk83xrGjR7+PQNve5HA=,26v7P/NRFCnD6TwSv8SGalATaPA=
278,50,RiiFYOOYYk83xrGjR7+PQNve5HA=,26v7P/NRFCnD6TwSv8SGalATaPA=
274,50,RiiFYOOYYk83xrGjR7+PQNve5HA=,26v7P/NRFCnD6TwSv8SGalATaPA=
275,50,RiiFYOOYYk83xrGjR7+PQNve5HA=,26v7P/NRFCnD6TwSv8SGalATaPA=
275,48,RiiFYOOYYk83xrGjR7+PQNve5HA=,26v7P/NRFCnD6TwSv8SGalATaPA=
273,51,RiiFYOOYYk83xrGjR7+PQNve5HA=,26v7P/NRFCnD6TwSv8SGalATaPA=
272,50,RiiFYOOYYk83xrGjR7+PQNve5HA=,26v7P/NRFCnD6TwSv8SGalATaPA=
273,50,RiiFYOOYYk83xrGjR7+PQNve5HA=,26v7P/NRFCnD6TwSv8SGalATaPA=
287,55,RiiFYOOYYk83xrGjR7+PQNve5HA=,26v7P/NRFCnD6TwSv8SGalATaPA=
284,58,RiiFYOOYYk83xrGjR7+PQNve5HA=,26v7P/NRFCnD6TwSv8SGalATaPA=
285,53,RiiFYOOYYk83xrGjR7+PQNve5HA=,26v7P/NRFCnD6TwSv8SGalATaPA=
276,48,RiiFYOOYYk83xrGjR7+PQNve5HA=,26v7P/NRFCnD6TwSv8SGalATaPA=
279,50,RiiFYOOYYk83xrGjR7+PQNve5HA=,26v7P/NRFCnD6TwSv8SGalATaPA=
287,50,RiiFYOOYYk83xrGjR7+PQNve5HA=,26v7P/NRFCnD6TwSv8SGalATaPA=
282,54,RiiFYOOYYk83xrGjR7+PQNve5HA=,26v7P/NRFCnD6TwSv8SGalATaPA=
283,54,RiiFYOOYYk83xrGjR7+PQNve5HA=,26v7P/NRFCnD6TwSv8SGalATaPA=
284,59,RiiFYOOYYk83xrGjR7+PQNve5HA=,26v7P/NRFCnD6TwSv8SGalATaPA=
284,54,RiiFYOOYYk83xrGjR7+PQNve5HA=,26v7P/NRFCnD6TwSv8SGalATaPA=
272,51,RiiFYOOYYk83xrGjR7+PQNve5HA=,26v7P/NRFCnD6TwSv8SGalATaPA=
287,54,RiiFYOOYYk83xrGjR7+PQNve5HA=,26v7P/NRFCnD6TwSv8SGalATaPA=
284,51,RiiFYOOYYk83xrGjR7+PQNve5HA=,26v7P/NRFCnD6TwSv8SGalATaPA=
283,50,RiiFYOOYYk83xrGjR7+PQNve5HA=,26v7P/NRFCnD6TwSv8SGalATaPA=
284,52,RiiFYOOYYk83xrGjR7+PQNve5HA=,26v7P/NRFCnD6TwSv8SGalATaPA=
285,51,RiiFYOOYYk83xrGjR7+PQNve5HA=,26v7P/NRFCnD6TwSv8SGalATaPA=
287,53,RiiFYOOYYk83xrGjR7+PQNve5HA=,26v7P/NRFCnD6TwSv8SGalATaPA=
287,51,RiiFYOOYYk83xrGjR7+PQNve5HA=,26v7P/NRFCnD6TwSv8SGalATaPA=
283,53,RiiFYOOYYk83xrGjR7+PQNve5HA=,26v7P/NRFCnD6TwSv8SGalATaPA=
285,50,RiiFYOOYYk83xrGjR7+PQNve5HA=,26v7P/NRFCnD6TwSv8SGalATaPA=
286,49,RiiFYOOYYk83xrGjR7+PQNve5HA=,26v7P/NRFCnD6TwSv8SGalATaPA=
275,54,RiiFYOOYYk83xrGjR7+PQNve5HA=,26v7P/NRFCnD6TwSv8SGalATaPA=
286,52,RiiFYOOYYk83xrGjR7+PQNve5HA=,26v7P/NRFCnD6TwSv8SGalATaPA=
287,49,RiiFYOOYYk83xrGjR7+PQNve5HA=,26v7P/NRFCnD6TwSv8SGalATaPA=
286,50,RiiFYOOYYk83xrGjR7+PQNve5HA=,26v7P/NRFCnD6TwSv8SGalATaPA=
285,52,RiiFYOOYYk83xrGjR7+PQNve5HA=,26v7P/NRFCnD6TwSv8SGalATaPA=
286,53,RiiFYOOYYk83xrGjR7+PQNve5HA=,26v7P/NRFCnD6TwSv8SGalATaPA=
284,50,RiiFYOOYYk83xrGjR7+PQNve5HA=,26v7P/NRFCnD6TwSv8SGalATaPA=
285,54,RiiFYOOYYk83xrGjR7+PQNve5HA=,26v7P/NRFCnD6TwSv8SGalATaPA=
286,54,RiiFYOOYYk83xrGjR7+PQNve5HA=,26v7P/NRFCnD6TwSv8SGalATaPA=
286,51,RiiFYOOYYk83xrGjR7+PQNve5HA=,26v7P/NRFCnD6TwSv8SGalATaPA=
284,53,RiiFYOOYYk83xrGjR7+PQNve5HA=,26v7P/NRFCnD6TwSv8SGalATaPA=
287,52,RiiFYOOYYk83xrGjR7+PQNve5HA=,26v7P/NRFCnD6TwSv8SGalATaPA=
282,53,RiiFYOOYYk83xrGjR7+PQNve5HA=,26v7P/NRFCnD6TwSv8SGalATaPA=
282,50,RiiFYOOYYk83xrGjR7+PQNve5HA=,26v7P/NRFCnD6TwSv8SGalATaPA=
