-17,207,Rfjzd5zwANEvTzvOiFeeK7hqah4=,jUwxllwHNSbT9EFe9whuBXZMQfo=
-29,192,Rfjzd5zwANEvTzvOiFeeK7hqah4=,jUwxllwHNSbT9EFe9whuBXZMQfo=
-18,207,Rfjzd5zwANEvTzvOiFeeK7hqah4=,jUwxllwHNSbT9EFe9whuBXZMQfo=
-19,207,Rfjzd5zwANEvTzvOiFeeK7hqah4=,jUwxllwHNSbT9EFe9whuBXZMQfo=
-20,207,Rfjzd5zwANEvTzvOiFeeK7hqah4=,jUwxllwHNSbT9EFe9whuBXZMQfo=
-21,207,Rfjzd5zwANEvTzvOiFeeK7hqah4=,jUwxllwHNSbT9EFe9whuBXZMQfo=
-24,207,Rfjzd5zwANEvTzvOiFeeK7hqah4=,jUwxllwHNSbT9EFe9whuBXZMQfo=
-23,207,Rfjzd5zwANEvTzvOiFeeK7hqah4=,jUwxllwHNSbT9EFe9whuBXZMQfo=
-25,207,Rfjzd5zwANEvTzvOiFeeK7hqah4=,jUwxllwHNSbT9EFe9whuBXZMQfo=
-26,207,Rfjzd5zwANEvTzvOiFeeK7hqah4=,jUwxllwHNSbT9EFe9whuBXZMQfo=
-22,207,Rfjzd5zwANEvTzvOiFeeK7hqah4=,jUwxllwHNSbT9EFe9whuBXZMQfo=
-27,207,Rfjzd5zwANEvTzvOiFeeK7hqah4=,jUwxllwHNSbT9EFe9whuBXZMQfo=
-29,207,Rfjzd5zwANEvTzvOiFeeK7hqah4=,jUwxllwHNSbT9EFe9whuBXZMQfo=
-28,207,Rfjzd5zwANEvTzvOiFeeK7hqah4=,jUwxllwHNSbT9EFe9whuBXZMQfo=
-30,207,Rfjzd5zwANEvTzvOiFeeK7hqah4=,jUwxllwHNSbT9EFe9whuBXZMQfo=
-31,193,Rfjzd5zwANEvTzvOiFeeK7hqah4=,jUwxllwHNSbT9EFe9whuBXZMQfo=
-31,207,Rfjzd5zwANEvTzvOiFeeK7hqah4=,jUwxllwHNSbT9EFe9whuBXZMQfo=
-21,193,Rfjzd5zwANEvTzvOiFeeK7hqah4=,jUwxllwHNSbT9EFe9whuBXZMQfo=
-22,193,Rfjzd5zwANEvTzvOiFeeK7hqah4=,jUwxllwHNSbT9EFe9whuBXZMQfo=
-19,193,Rfjzd5zwANEvTzvOiFeeK7hqah4=,jUwxllwHNSbT9EFe9whuBXZMQfo=
-20,193,Rfjzd5zwANEvTzvOiFeeK7hqah4=,jUwxllwHNSbT9EFe9whuBXZMQfo=
-24,193,Rfjzd5zwANEvTzvOiFeeK7hqah4=,jUwxllwHNSbT9EFe9whuBXZMQfo=
-23,193,Rfjzd5zwANEvTzvOiFeeK7hqah4=,jUwxllwHNSbT9EFe9whuBXZMQfo=
-25,193,Rfjzd5zwANEvTzvOiFeeK7hqah4=,jUwxllwHNSbT9EFe9whuBXZMQfo=
-26,193,Rfjzd5zwANEvTzvOiFeeK7hqah4=,jUwxllwHNSbT9EFe9whuBXZMQfo=
-28,193,Rfjzd5zwANEvTzvOiFeeK7hqah4=,jUwxllwHNSbT9EFe9whuBXZMQfo=
-29,193,Rfjzd5zwANEvTzvOiFeeK7hqah4=,jUwxllwHNSbT9EFe9whuBXZMQfo=
-27,193,Rfjzd5zwANEvTzvOiFeeK7hqah4=,jUwxllwHNSbT9EFe9whuBXZMQfo=
-32,207,Rfjzd5zwANEvTzvOiFeeK7hqah4=,jUwxllwHNSbT9EFe9whuBXZMQfo=
-30,193,Rfjzd5zwANEvTzvOiFeeK7hqah4=,jUwxllwHNSbT9EFe9whuBXZMQfo=
-17,206,Rfjzd5zwANEvTzvOiFeeK7hqah4=,jUwxllwHNSbT9EFe9whuBXZMQfo=
-30,192,Rfjzd5zwANEvTzvOiFeeK7hqah4=,jUwxllwHNSbT9EFe9whuBXZMQfo=
-18,206,Rfjzd5zwANEvTzvOiFeeK7hqah4=,jUwxllwHNSbT9EFe9whuBXZMQfo=
-20,194,Rfjzd5zwANEvTzvOiFeeK7hqah4=,jUwxllwHNSbT9EFe9whuBXZMQfo=
-19,206,Rfjzd5zwANEvTzvOiFeeK7hqah4=,jUwxllwHNSbT9EFe9whuBXZMQfo=
-20,206,Rfjzd5zwANEvTzvOiFeeK7hqah4=,jUwxllwHNSbT9EFe9whuBXZMQfo=
-21,206,Rfjzd5zwANEvTzvOiFeeK7hqah4=,jUwxllwHNSbT9EFe9whuBXZMQfo=
-22,206,Rfjzd5zwANEvTzvOiFeeK7hqah4=,jUwxllwHNSbT9EFe9whuBXZMQfo=
-23,206,Rfjzd5zwANEvTzvOiFeeK7hqah4=,jUwxllwHNSbT9EFe9whuBXZMQfo=
-24,206,Rfjzd5zwANEvTzvOiFeeK7hqah4=,jUwxllwHNSbT9EFe9whuBXZMQfo=
-25,206,Rfjzd5zwANEvTzvOiFeeK7hqah4=,jUwxllwHNSbT9EFe9whuBXZMQfo=
-27,206,Rfjzd5zwANEvTzvOiFeeK7hqah4=,jUwxllwHNSbT9EFe9whuBXZMQfo=
-26,206,Rfjzd5zwANEvTzvOiFeeK7hqah4=,jUwxllwHNSbT9EFe9whuBXZMQfo=
-28,206,Rfjzd5zwANEvTzvOiFeeK7hqah4=,jUwxllwHNSbT9EFe9whuBXZMQfo=
-30,206,Rfjzd5zwANEvTzvOiFeeK7hqah4=,jUwxllwHNSbT9EFe9whuBXZMQfo=
-29,206,Rfjzd5zwANEvTzvOiFeeK7hqah4=,jUwxllwHNSbT9EFe9whuBXZMQfo=
-31,206,Rfjzd5zwANEvTzvOiFeeK7hqah4=,jUwxllwHNSbT9EFe9whuBXZMQfo=
-32,193,Rfjzd5zwANEvTzvOiFeeK7hqah4=,jUwxllwHNSbT9EFe9whuBXZMQfo=
-32,206,Rfjzd5zwANEvTzvOiFeeK7hqah4=,jUwxllwHNSbT9EFe9whuBXZMQfo=
-17,205,Rfjzd5zwANEvTzvOiFeeK7hqah4=,jUwxllwHNSbT9EFe9whuBXZMQfo=
-18,205,Rfjzd5zwANEvTzvOiFeeK7hqah4=,jUwxllwHNSbT9EFe9whuBXZMQfo=
-19,205,Rfjzd5zwANEvTzvOiFeeK7hqah4=,jUwxllwHNSbT9EFe9whuBXZMQfo=
-21,194,Rfjzd5zwANEvTzvOiFeeK7hqah4=,jUwxllwHNSbT9EFe9whuBXZMQfo=
-20,205,Rfjzd5zwANEvTzvOiFeeK7hqah4=,jUwxllwHNSbT9EFe9whuBXZMQfo=
-21,205,Rfjzd5zwANEvTzvOiFeeK7hqah4=,jUwxllwHNSbT9EFe9whuBXZMQfo=
-22,205,Rfjzd5zwANEvTzvOiFeeK7hqah4=,jUwxllwHNSbT9EFe9whuBXZMQfo=
-23,205,Rfjzd5zwANEvTzvOiFeeK7hqah4=,jUwxllwHNSbT9EFe9whuBXZMQfo=
-24,205,Rfjzd5zwANEvTzvOiFeeK7hqah4=,jUwxllwHNSbT9EFe9whuBXZMQfo=
-25,205,Rfjzd5zwANEvTzvOiFeeK7hqah4=,jUwxllwHNSbT9EFe9whuBXZMQfo=
-26,205,Rfjzd5zwANEvTzvOiFeeK7hqah4=,jUwxllwHNSbT9EFe9whuBXZMQfo=
-27,205,Rfjzd5zwANEvTzvOiFeeK7hqah4=,jUwxllwHNSbT9EFe9whuBXZMQfo=
-28,205,Rfjzd5zwANEvTzvOiFeeK7hqah4=,jUwxllwHNSbT9EFe9whuBXZMQfo=
-29,205,Rfjzd5zwANEvTzvOiFeeK7hqah4=,jUwxllwHNSbT9EFe9whuBXZMQfo=
-31,205,Rfjzd5zwANEvTzvOiFeeK7hqah4=,jUwxllwHNSbT9EFe9whuBXZMQfo=
-30,205,Rfjzd5zwANEvTzvOiFeeK7hqah4=,jUwxllwHNSbT9EFe9whuBXZMQfo=
-31,192,Rfjzd5zwANEvTzvOiFeeK7hqah4=,jUwxllwHNSbT9EFe9whuBXZMQfo=
-32,205,Rfjzd5zwANEvTzvOiFeeK7hqah4=,jUwxllwHNSbT9EFe9whuBXZMQfo=
-17,204,Rfjzd5zwANEvTzvOiFeeK7hqah4=,jUwxllwHNSbT9EFe9whuBXZMQfo=
-18,204,Rfjzd5zwANEvTzvOiFeeK7hqah4=,jUwxllwHNSbT9EFe9whuBXZMQfo=
-19,204,Rfjzd5zwANEvTzvOiFeeK7hqah4=,jUwxllwHNSbT9EFe9whuBXZMQfo=
-21,204,Rfjzd5zwANEvTzvOiFeeK7hqah4=,jUwxllwHNSbT9EFe9whuBXZMQfo=
-20,204,Rfjzd5zwANEvTzvOiFeeK7hqah4=,jUwxllwHNSbT9EFe9whuBXZMQfo=
-22,194,Rfjzd5zwANEvTzvOiFeeK7hqah4=,jUwxllwHNSbT9EFe9whuBXZMQfo=
-22,204,Rfjzd5zwANEvTzvOiFeeK7hqah4=,jUwxllwHNSbT9EFe9whuBXZMQfo=
-23,204,Rfjzd5zwANEvTzvOiFeeK7hqah4=,jUwxllwHNSbT9EFe9whuBXZMQfo=
-24,204,Rfjzd5zwANEvTzvOiFeeK7hqah4=,jUwxllwHNSbT9EFe9whuBXZMQfo=
-25,204,Rfjzd5zwANEvTzvOiFeeK7hqah4=,jUwxllwHNSbT9EFe9whuBXZMQfo=
-26,204,Rfjzd5zwANEvTzvOiFeeK7hqah4=,jUwxllwHNSbT9EFe9whuBXZMQfo=
-27,204,Rfjzd5zwANEvTzvOiFeeK7hqah4=,jUwxllwHNSbT9EFe9whuBXZMQfo=
-29,204,Rfjzd5zwANEvTzvOiFeeK7hqah4=,jUwxllwHNSbT9EFe9whuBXZMQfo=
-28,204,Rfjzd5zwANEvTzvOiFeeK7hqah4=,jUwxllwHNSbT9EFe9whuBXZMQfo=
-30,204,Rfjzd5zwANEvTzvOiFeeK7hqah4=,jUwxllwHNSbT9EFe9whuBXZMQfo=
-31,204,Rfjzd5zwANEvTzvOiFeeK7hqah4=,jUwxllwHNSbT9EFe9whuBXZMQfo=
-32,204,Rfjzd5zwANEvTzvOiFeeK7hqah4=,jUwxllwHNSbT9EFe9whuBXZMQfo=
-19,194,Rfjzd5zwANEvTzvOiFeeK7hqah4=,jUwxllwHNSbT9EFe9whuBXZMQfo=
-17,203,Rfjzd5zwANEvTzvOiFeeK7hqah4=,jUwxllwHNSbT9EFe9whuBXZMQfo=
-18,203,Rfjzd5zwANEvTzvOiFeeK7hqah4=,jUwxllwHNSbT9EFe9whuBXZMQfo=
-19,203,Rfjzd5zwANEvTzvOiFeeK7hqah4=,jUwxllwHNSbT9EFe9whuBXZMQfo=
-20,203,Rfjzd5zwANEvTzvOiFeeK7hqah4=,jUwxllwHNSbT9EFe9whuBXZMQfo=
-21,203,Rfjzd5zwANEvTzvOiFeeK7hqah4=,jUwxllwHNSbT9EFe9whuBXZMQfo=
-23,194,Rfjzd5zwANEvTzvOiFeeK7hqah4=,jUwxllwHNSbT9EFe9whuBXZMQfo=
-22,203,Rfjzd5zwANEvTzvOiFeeK7hqah4=,jUwxllwHNSbT9EFe9whuBXZMQfo=
-23,203,Rfjzd5zwANEvTzvOiFeeK7hqah4=,jUwxllwHNSbT9EFe9whuBXZMQfo=
-24,203,Rfjzd5zwANEvTzvOiFeeK7hqah4=,jUwxllwHNSbT9EFe9whuBXZMQfo=
-25,203,Rfjzd5zwANEvTzvOiFeeK7hqah4=,jUwxllwHNSbT9EFe9whuBXZMQfo=
-26,203,Rfjzd5zwANEvTzvOiFeeK7hqah4=,jUwxllwHNSbT9EFe9whuBXZMQfo=
-27,203,Rfjzd5zwANEvTzvOiFeeK7hqah4=,jUwxllwHNSbT9EFe9whuBXZMQfo=
-28,203,Rfjzd5zwANEvTzvOiFeeK7hqah4=,jUwxllwHNSbT9EFe9whuBXZMQfo=
-29,203,Rfjzd5zwANEvTzvOiFeeK7hqah4=,jUwxllwHNSbT9EFe9whuBXZMQfo=
-30,203,Rfjzd5zwANEvTzvOiFeeK7hqah4=,jUwxllwHNSbT9EFe9whuBXZMQfo=
-31,203,Rfjzd5zwANEvTzvOiFeeK7hqah4=,jUwxllwHNSbT9EFe9whuBXZMQfo=
-32,203,Rfjzd5zwANEvTzvOiFeeK7hqah4=,jUwxllwHNSbT9EFe9whuBXZMQfo=
-17,202,Rfjzd5zwANEvTzvOiFeeK7hqah4=,jUwxllwHNSbT9EFe9whuBXZMQfo=
-18,202,Rfjzd5zwANEvTzvOiFeeK7hqah4=,jUwxllwHNSbT9EFe9whuBXZMQfo=
-19,202,Rfjzd5zwANEvTzvOiFeeK7hqah4=,jUwxllwHNSbT9EFe9whuBXZMQfo=
-20,202,Rfjzd5zwANEvTzvOiFeeK7hqah4=,jUwxllwHNSbT9EFe9whuBXZMQfo=
-21,202,Rfjzd5zwANEvTzvOiFeeK7hqah4=,jUwxllwHNSbT9EFe9whuBXZMQfo=
-22,202,Rfjzd5zwANEvTzvOiFeeK7hqah4=,jUwxllwHNSbT9EFe9whuBXZMQfo=
-20,192,Rfjzd5zwANEvTzvOiFeeK7hqah4=,jUwxllwHNSbT9EFe9whuBXZMQfo=
-24,194,Rfjzd5zwANEvTzvOiFeeK7hqah4=,jUwxllwHNSbT9EFe9whuBXZMQfo=
-23,202,Rfjzd5zwANEvTzvOiFeeK7hqah4=,jUwxllwHNSbT9EFe9whuBXZMQfo=
-24,202,Rfjzd5zwANEvTzvOiFeeK7hqah4=,jUwxllwHNSbT9EFe9whuBXZMQfo=
-25,202,Rfjzd5zwANEvTzvOiFeeK7hqah4=,jUwxllwHNSbT9EFe9whuBXZMQfo=
-26,202,Rfjzd5zwANEvTzvOiFeeK7hqah4=,jUwxllwHNSbT9EFe9whuBXZMQfo=
-27,202,Rfjzd5zwANEvTzvOiFeeK7hqah4=,jUwxllwHNSbT9EFe9whuBXZMQfo=
-29,202,Rfjzd5zwANEvTzvOiFeeK7hqah4=,jUwxllwHNSbT9EFe9whuBXZMQfo=
-28,202,Rfjzd5zwANEvTzvOiFeeK7hqah4=,jUwxllwHNSbT9EFe9whuBXZMQfo=
-30,202,Rfjzd5zwANEvTzvOiFeeK7hqah4=,jUwxllwHNSbT9EFe9whuBXZMQfo=
-31,202,Rfjzd5zwANEvTzvOiFeeK7hqah4=,jUwxllwHNSbT9EFe9whuBXZMQfo=
-32,202,Rfjzd5zwANEvTzvOiFeeK7hqah4=,jUwxllwHNSbT9EFe9whuBXZMQfo=
-17,201,Rfjzd5zwANEvTzvOiFeeK7hqah4=,jUwxllwHNSbT9EFe9whuBXZMQfo=
-18,201,Rfjzd5zwANEvTzvOiFeeK7hqah4=,jUwxllwHNSbT9EFe9whuBXZMQfo=
-19,201,Rfjzd5zwANEvTzvOiFeeK7hqah4=,jUwxllwHNSbT9EFe9whuBXZMQfo=
-19,192,Rfjzd5zwANEvTzvOiFeeK7hqah4=,jUwxllwHNSbT9EFe9whuBXZMQfo=
-20,201,Rfjzd5zwANEvTzvOiFeeK7hqah4=,jUwxllwHNSbT9EFe9whuBXZMQfo=
-22,201,Rfjzd5zwANEvTzvOiFeeK7hqah4=,jUwxllwHNSbT9EFe9whuBXZMQfo=
-21,201,Rfjzd5zwANEvTzvOiFeeK7hqah4=,jUwxllwHNSbT9EFe9whuBXZMQfo=
-23,201,Rfjzd5zwANEvTzvOiFeeK7hqah4=,jUwxllwHNSbT9EFe9whuBXZMQfo=
-21,192,Rfjzd5zwANEvTzvOiFeeK7hqah4=,jUwxllwHNSbT9EFe9whuBXZMQfo=
-25,194,Rfjzd5zwANEvTzvOiFeeK7hqah4=,jUwxllwHNSbT9EFe9whuBXZMQfo=
-24,201,Rfjzd5zwANEvTzvOiFeeK7hqah4=,jUwxllwHNSbT9EFe9whuBXZMQfo=
-25,201,Rfjzd5zwANEvTzvOiFeeK7hqah4=,jUwxllwHNSbT9EFe9whuBXZMQfo=
-26,201,Rfjzd5zwANEvTzvOiFeeK7hqah4=,jUwxllwHNSbT9EFe9whuBXZMQfo=
-27,201,Rfjzd5zwANEvTzvOiFeeK7hqah4=,jUwxllwHNSbT9EFe9whuBXZMQfo=
-28,201,Rfjzd5zwANEvTzvOiFeeK7hqah4=,jUwxllwHNSbT9EFe9whuBXZMQfo=
-29,201,Rfjzd5zwANEvTzvOiFeeK7hqah4=,jUwxllwHNSbT9EFe9whuBXZMQfo=
-30,201,Rfjzd5zwANEvTzvOiFeeK7hqah4=,jUwxllwHNSbT9EFe9whuBXZMQfo=
-31,201,Rfjzd5zwANEvTzvOiFeeK7hqah4=,jUwxllwHNSbT9EFe9whuBXZMQfo=
-32,201,Rfjzd5zwANEvTzvOiFeeK7hqah4=,jUwxllwHNSbT9EFe9whuBXZMQfo=
-17,200,Rfjzd5zwANEvTzvOiFeeK7hqah4=,jUwxllwHNSbT9EFe9whuBXZMQfo=
-18,200,Rfjzd5zwANEvTzvOiFeeK7hqah4=,jUwxllwHNSbT9EFe9whuBXZMQfo=
-19,200,Rfjzd5zwANEvTzvOiFeeK7hqah4=,jUwxllwHNSbT9EFe9whuBXZMQfo=
-20,200,Rfjzd5zwANEvTzvOiFeeK7hqah4=,jUwxllwHNSbT9EFe9whuBXZMQfo=
-21,200,Rfjzd5zwANEvTzvOiFeeK7hqah4=,jUwxllwHNSbT9EFe9whuBXZMQfo=
-23,200,Rfjzd5zwANEvTzvOiFeeK7hqah4=,jUwxllwHNSbT9EFe9whuBXZMQfo=
-22,200,Rfjzd5zwANEvTzvOiFeeK7hqah4=,jUwxllwHNSbT9EFe9whuBXZMQfo=
-22,192,Rfjzd5zwANEvTzvOiFeeK7hqah4=,jUwxllwHNSbT9EFe9whuBXZMQfo=
-26,194,Rfjzd5zwANEvTzvOiFeeK7hqah4=,jUwxllwHNSbT9EFe9whuBXZMQfo=
-24,200,Rfjzd5zwANEvTzvOiFeeK7hqah4=,jUwxllwHNSbT9EFe9whuBXZMQfo=
-25,200,Rfjzd5zwANEvTzvOiFeeK7hqah4=,jUwxllwHNSbT9EFe9whuBXZMQfo=
-26,200,Rfjzd5zwANEvTzvOiFeeK7hqah4=,jUwxllwHNSbT9EFe9whuBXZMQfo=
-27,200,Rfjzd5zwANEvTzvOiFeeK7hqah4=,jUwxllwHNSbT9EFe9whuBXZMQfo=
-18,193,Rfjzd5zwANEvTzvOiFeeK7hqah4=,jUwxllwHNSbT9EFe9whuBXZMQfo=
-28,200,Rfjzd5zwANEvTzvOiFeeK7hqah4=,jUwxllwHNSbT9EFe9whuBXZMQfo=
-29,200,Rfjzd5zwANEvTzvOiFeeK7hqah4=,jUwxllwHNSbT9EFe9whuBXZMQfo=
-31,200,Rfjzd5zwANEvTzvOiFeeK7hqah4=,jUwxllwHNSbT9EFe9whuBXZMQfo=
-30,200,Rfjzd5zwANEvTzvOiFeeK7hqah4=,jUwxllwHNSbT9EFe9whuBXZMQfo=
-32,200,Rfjzd5zwANEvTzvOiFeeK7hqah4=,jUwxllwHNSbT9EFe9whuBXZMQfo=
-17,199,Rfjzd5zwANEvTzvOiFeeK7hqah4=,jUwxllwHNSbT9EFe9whuBXZMQfo=
-18,199,Rfjzd5zwANEvTzvOiFeeK7hqah4=,jUwxllwHNSbT9EFe9whuBXZMQfo=
-19,199,Rfjzd5zwANEvTzvOiFeeK7hqah4=,jUwxllwHNSbT9EFe9whuBXZMQfo=
-21,199,Rfjzd5zwANEvTzvOiFeeK7hqah4=,jUwxllwHNSbT9EFe9whuBXZMQfo=
-22,199,Rfjzd5zwANEvTzvOiFeeK7hqah4=,jUwxllwHNSbT9EFe9whuBXZMQfo=
-23,199,Rfjzd5zwANEvTzvOiFeeK7hqah4=,jUwxllwHNSbT9EFe9whuBXZMQfo=
-20,199,Rfjzd5zwANEvTzvOiFeeK7hqah4=,jUwxllwHNSbT9EFe9whuBXZMQfo=
-24,199,Rfjzd5zwANEvTzvOiFeeK7hqah4=,jUwxllwHNSbT9EFe9whuBXZMQfo=
-23,192,Rfjzd5zwANEvTzvOiFeeK7hqah4=,jUwxllwHNSbT9EFe9whuBXZMQfo=
-25,199,Rfjzd5zwANEvTzvOiFeeK7hqah4=,jUwxllwHNSbT9EFe9whuBXZMQfo=
-27,194,Rfjzd5zwANEvTzvOiFeeK7hqah4=,jUwxllwHNSbT9EFe9whuBXZMQfo=
-26,199,Rfjzd5zwANEvTzvOiFeeK7hqah4=,jUwxllwHNSbT9EFe9whuBXZMQfo=
-27,199,Rfjzd5zwANEvTzvOiFeeK7hqah4=,jUwxllwHNSbT9EFe9whuBXZMQfo=
-28,199,Rfjzd5zwANEvTzvOiFeeK7hqah4=,jUwxllwHNSbT9EFe9whuBXZMQfo=
-30,199,Rfjzd5zwANEvTzvOiFeeK7hqah4=,jUwxllwHNSbT9EFe9whuBXZMQfo=
-29,199,Rfjzd5zwANEvTzvOiFeeK7hqah4=,jUwxllwHNSbT9EFe9whuBXZMQfo=
-31,199,Rfjzd5zwANEvTzvOiFeeK7hqah4=,jUwxllwHNSbT9EFe9whuBXZMQfo=
-17,198,Rfjzd5zwANEvTzvOiFeeK7hqah4=,jUwxllwHNSbT9EFe9whuBXZMQfo=
-32,199,Rfjzd5zwANEvTzvOiFeeK7hqah4=,jUwxllwHNSbT9EFe9whuBXZMQfo=
-18,198,Rfjzd5zwANEvTzvOiFeeK7hqah4=,jUwxllwHNSbT9EFe9whuBXZMQfo=
-20,198,Rfjzd5zwANEvTzvOiFeeK7hqah4=,jUwxllwHNSbT9EFe9whuBXZMQfo=
-19,198,Rfjzd5zwANEvTzvOiFeeK7hqah4=,jUwxllwHNSbT9EFe9whuBXZMQfo=
-21,198,Rfjzd5zwANEvTzvOiFeeK7hqah4=,jUwxllwHNSbT9EFe9whuBXZMQfo=
-22,198,Rfjzd5zwANEvTzvOiFeeK7hqah4=,jUwxllwHNSbT9EFe9whuBXZMQfo=
-23,198,Rfjzd5zwANEvTzvOiFeeK7hqah4=,jUwxllwHNSbT9EFe9whuBXZMQfo=
-24,198,Rfjzd5zwANEvTzvOiFeeK7hqah4=,jUwxllwHNSbT9EFe9whuBXZMQfo=
-18,194,Rfjzd5zwANEvTzvOiFeeK7hqah4=,jUwxllwHNSbT9EFe9whuBXZMQfo=
-25,198,Rfjzd5zwANEvTzvOiFeeK7hqah4=,jUwxllwHNSbT9EFe9whuBXZMQfo=
-26,198,Rfjzd5zwANEvTzvOiFeeK7hqah4=,jUwxllwHNSbT9EFe9whuBXZMQfo=
-17,194,Rfjzd5zwANEvTzvOiFeeK7hqah4=,jUwxllwHNSbT9EFe9whuBXZMQfo=
-24,192,Rfjzd5zwANEvTzvOiFeeK7hqah4=,jUwxllwHNSbT9EFe9whuBXZMQfo=
-27,198,Rfjzd5zwANEvTzvOiFeeK7hqah4=,jUwxllwHNSbT9EFe9whuBXZMQfo=
-28,194,Rfjzd5zwANEvTzvOiFeeK7hqah4=,jUwxllwHNSbT9EFe9whuBXZMQfo=
-28,198,Rfjzd5zwANEvTzvOiFeeK7hqah4=,jUwxllwHNSbT9EFe9whuBXZMQfo=
-32,195,Rfjzd5zwANEvTzvOiFeeK7hqah4=,jUwxllwHNSbT9EFe9whuBXZMQfo=
-29,198,Rfjzd5zwANEvTzvOiFeeK7hqah4=,jUwxllwHNSbT9EFe9whuBXZMQfo=
-30,198,Rfjzd5zwANEvTzvOiFeeK7hqah4=,jUwxllwHNSbT9EFe9whuBXZMQfo=
-31,195,Rfjzd5zwANEvTzvOiFeeK7hqah4=,jUwxllwHNSbT9EFe9whuBXZMQfo=
-31,198,Rfjzd5zwANEvTzvOiFeeK7hqah4=,jUwxllwHNSbT9EFe9whuBXZMQfo=
-32,198,Rfjzd5zwANEvTzvOiFeeK7hqah4=,jUwxllwHNSbT9EFe9whuBXZMQfo=
-17,197,Rfjzd5zwANEvTzvOiFeeK7hqah4=,jUwxllwHNSbT9EFe9whuBXZMQfo=
-30,195,Rfjzd5zwANEvTzvOiFeeK7hqah4=,jUwxllwHNSbT9EFe9whuBXZMQfo=
-18,197,Rfjzd5zwANEvTzvOiFeeK7hqah4=,jUwxllwHNSbT9EFe9whuBXZMQfo=
-20,197,Rfjzd5zwANEvTzvOiFeeK7hqah4=,jUwxllwHNSbT9EFe9whuBXZMQfo=
-19,197,Rfjzd5zwANEvTzvOiFeeK7hqah4=,jUwxllwHNSbT9EFe9whuBXZMQfo=
-32,194,Rfjzd5zwANEvTzvOiFeeK7hqah4=,jUwxllwHNSbT9EFe9whuBXZMQfo=
-21,197,Rfjzd5zwANEvTzvOiFeeK7hqah4=,jUwxllwHNSbT9EFe9whuBXZMQfo=
-22,197,Rfjzd5zwANEvTzvOiFeeK7hqah4=,jUwxllwHNSbT9EFe9whuBXZMQfo=
-23,197,Rfjzd5zwANEvTzvOiFeeK7hqah4=,jUwxllwHNSbT9EFe9whuBXZMQfo=
-28,192,Rfjzd5zwANEvTzvOiFeeK7hqah4=,jUwxllwHNSbT9EFe9whuBXZMQfo=
-24,197,Rfjzd5zwANEvTzvOiFeeK7hqah4=,jUwxllwHNSbT9EFe9whuBXZMQfo=
-25,197,Rfjzd5zwANEvTzvOiFeeK7hqah4=,jUwxllwHNSbT9EFe9whuBXZMQfo=
-26,197,Rfjzd5zwANEvTzvOiFeeK7hqah4=,jUwxllwHNSbT9EFe9whuBXZMQfo=
-29,195,Rfjzd5zwANEvTzvOiFeeK7hqah4=,jUwxllwHNSbT9EFe9whuBXZMQfo=
-27,197,Rfjzd5zwANEvTzvOiFeeK7hqah4=,jUwxllwHNSbT9EFe9whuBXZMQfo=
-25,192,Rfjzd5zwANEvTzvOiFeeK7hqah4=,jUwxllwHNSbT9EFe9whuBXZMQfo=
-29,194,Rfjzd5zwANEvTzvOiFeeK7hqah4=,jUwxllwHNSbT9EFe9whuBXZMQfo=
-28,195,Rfjzd5zwANEvTzvOiFeeK7hqah4=,jUwxllwHNSbT9EFe9whuBXZMQfo=
-28,197,Rfjzd5zwANEvTzvOiFeeK7hqah4=,jUwxllwHNSbT9EFe9whuBXZMQfo=
-29,197,Rfjzd5zwANEvTzvOiFeeK7hqah4=,jUwxllwHNSbT9EFe9whuBXZMQfo=
-30,197,Rfjzd5zwANEvTzvOiFeeK7hqah4=,jUwxllwHNSbT9EFe9whuBXZMQfo=
-17,192,Rfjzd5zwANEvTzvOiFeeK7hqah4=,jUwxllwHNSbT9EFe9whuBXZMQfo=
-27,195,Rfjzd5zwANEvTzvOiFeeK7hqah4=,jUwxllwHNSbT9EFe9whuBXZMQfo=
-31,197,Rfjzd5zwANEvTzvOiFeeK7hqah4=,jUwxllwHNSbT9EFe9whuBXZMQfo=
-32,197,Rfjzd5zwANEvTzvOiFeeK7hqah4=,jUwxllwHNSbT9EFe9whuBXZMQfo=
-17,196,Rfjzd5zwANEvTzvOiFeeK7hqah4=,jUwxllwHNSbT9EFe9whuBXZMQfo=
-26,192,Rfjzd5zwANEvTzvOiFeeK7hqah4=,jUwxllwHNSbT9EFe9whuBXZMQfo=
-26,195,Rfjzd5zwANEvTzvOiFeeK7hqah4=,jUwxllwHNSbT9EFe9whuBXZMQfo=
-18,196,Rfjzd5zwANEvTzvOiFeeK7hqah4=,jUwxllwHNSbT9EFe9whuBXZMQfo=
-20,196,Rfjzd5zwANEvTzvOiFeeK7hqah4=,jUwxllwHNSbT9EFe9whuBXZMQfo=
-19,196,Rfjzd5zwANEvTzvOiFeeK7hqah4=,jUwxllwHNSbT9EFe9whuBXZMQfo=
-25,195,Rfjzd5zwANEvTzvOiFeeK7hqah4=,jUwxllwHNSbT9EFe9whuBXZMQfo=
-21,196,Rfjzd5zwANEvTzvOiFeeK7hqah4=,jUwxllwHNSbT9EFe9whuBXZMQfo=
-22,196,Rfjzd5zwANEvTzvOiFeeK7hqah4=,jUwxllwHNSbT9EFe9whuBXZMQfo=
-24,196,Rfjzd5zwANEvTzvOiFeeK7hqah4=,jUwxllwHNSbT9EFe9whuBXZMQfo=
-23,196,Rfjzd5zwANEvTzvOiFeeK7hqah4=,jUwxllwHNSbT9EFe9whuBXZMQfo=
-24,195,Rfjzd5zwANEvTzvOiFeeK7hqah4=,jUwxllwHNSbT9EFe9whuBXZMQfo=
-25,196,Rfjzd5zwANEvTzvOiFeeK7hqah4=,jUwxllwHNSbT9EFe9whuBXZMQfo=
-26,196,Rfjzd5zwANEvTzvOiFeeK7hqah4=,jUwxllwHNSbT9EFe9whuBXZMQfo=
-27,196,Rfjzd5zwANEvTzvOiFeeK7hqah4=,jUwxllwHNSbT9EFe9whuBXZMQfo=
-28,196,Rfjzd5zwANEvTzvOiFeeK7hqah4=,jUwxllwHNSbT9EFe9whuBXZMQfo=
-23,195,Rfjzd5zwANEvTzvOiFeeK7hqah4=,jUwxllwHNSbT9EFe9whuBXZMQfo=
-30,194,Rfjzd5zwANEvTzvOiFeeK7hqah4=,jUwxllwHNSbT9EFe9whuBXZMQfo=
-30,196,Rfjzd5zwANEvTzvOiFeeK7hqah4=,jUwxllwHNSbT9EFe9whuBXZMQfo=
-29,196,Rfjzd5zwANEvTzvOiFeeK7hqah4=,jUwxllwHNSbT9EFe9whuBXZMQfo=
-27,192,Rfjzd5zwANEvTzvOiFeeK7hqah4=,jUwxllwHNSbT9EFe9whuBXZMQfo=
-22,195,Rfjzd5zwANEvTzvOiFeeK7hqah4=,jUwxllwHNSbT9EFe9whuBXZMQfo=
-31,196,Rfjzd5zwANEvTzvOiFeeK7hqah4=,jUwxllwHNSbT9EFe9whuBXZMQfo=
-32,196,Rfjzd5zwANEvTzvOiFeeK7hqah4=,jUwxllwHNSbT9EFe9whuBXZMQfo=
-17,195,Rfjzd5zwANEvTzvOiFeeK7hqah4=,jUwxllwHNSbT9EFe9whuBXZMQfo=
-31,194,Rfjzd5zwANEvTzvOiFeeK7hqah4=,jUwxllwHNSbT9EFe9whuBXZMQfo=
-21,195,Rfjzd5zwANEvTzvOiFeeK7hqah4=,jUwxllwHNSbT9EFe9whuBXZMQfo=
-32,192,Rfjzd5zwANEvTzvOiFeeK7hqah4=,jUwxllwHNSbT9EFe9whuBXZMQfo=
-18,195,Rfjzd5zwANEvTzvOiFeeK7hqah4=,jUwxllwHNSbT9EFe9whuBXZMQfo=
-19,195,Rfjzd5zwANEvTzvOiFeeK7hqah4=,jUwxllwHNSbT9EFe9whuBXZMQfo=
-20,195,Rfjzd5zwANEvTzvOiFeeK7hqah4=,jUwxllwHNSbT9EFe9whuBXZMQfo=
-18,192,Rfjzd5zwANEvTzvOiFeeK7hqah4=,jUwxllwHNSbT9EFe9whuBXZMQfo=
-17,193,Rfjzd5zwANEvTzvOiFeeK7hqah4=,jUwxllwHNSbT9EFe9whuBXZMQfo=
-1,207,kf+/RARd59Y22kFufI6OmlZIGT4=,MURg4VR/sGg6NprDGWJm1Z1eNcA=
-3,194,kf+/RARd59Y22kFufI6OmlZIGT4=,MURg4VR/sGg6NprDGWJm1Z1eNcA=
-3,207,kf+/RARd59Y22kFufI6OmlZIGT4=,MURg4VR/sGg6NprDGWJm1Z1eNcA=
-4,207,kf+/RARd59Y22kFufI6OmlZIGT4=,MURg4VR/sGg6NprDGWJm1Z1eNcA=
-2,207,kf+/RARd59Y22kFufI6OmlZIGT4=,MURg4VR/sGg6NprDGWJm1Z1eNcA=
-5,207,kf+/RARd59Y22kFufI6OmlZIGT4=,MURg4VR/sGg6NprDGWJm1Z1eNcA=
-6,207,kf+/RARd59Y22kFufI6OmlZIGT4=,MURg4VR/sGg6NprDGWJm1Z1eNcA=
-7,207,kf+/RARd59Y22kFufI6OmlZIGT4=,MURg4VR/sGg6NprDGWJm1Z1eNcA=
-8,207,kf+/RARd59Y22kFufI6OmlZIGT4=,MURg4VR/sGg6NprDGWJm1Z1eNcA=
-9,207,kf+/RARd59Y22kFufI6OmlZIGT4=,MURg4VR/sGg6NprDGWJm1Z1eNcA=
-10,207,kf+/RARd59Y22kFufI6OmlZIGT4=,MURg4VR/sGg6NprDGWJm1Z1eNcA=
-11,207,kf+/RARd59Y22kFufI6OmlZIGT4=,MURg4VR/sGg6NprDGWJm1Z1eNcA=
-14,207,kf+/RARd59Y22kFufI6OmlZIGT4=,MURg4VR/sGg6NprDGWJm1Z1eNcA=
-13,207,kf+/RARd59Y22kFufI6OmlZIGT4=,MURg4VR/sGg6NprDGWJm1Z1eNcA=
-15,207,kf+/RARd59Y22kFufI6OmlZIGT4=,MURg4VR/sGg6NprDGWJm1Z1eNcA=
-1,193,kf+/RARd59Y22kFufI6OmlZIGT4=,MURg4VR/sGg6NprDGWJm1Z1eNcA=
-12,207,kf+/RARd59Y22kFufI6OmlZIGT4=,MURg4VR/sGg6NprDGWJm1Z1eNcA=
-2,193,kf+/RARd59Y22kFufI6OmlZIGT4=,MURg4VR/sGg6NprDGWJm1Z1eNcA=
-4,193,kf+/RARd59Y22kFufI6OmlZIGT4=,MURg4VR/sGg6NprDGWJm1Z1eNcA=
-5,193,kf+/RARd59Y22kFufI6OmlZIGT4=,MURg4VR/sGg6NprDGWJm1Z1eNcA=
-2,194,kf+/RARd59Y22kFufI6OmlZIGT4=,MURg4VR/sGg6NprDGWJm1Z1eNcA=
-3,193,kf+/RARd59Y22kFufI6OmlZIGT4=,MURg4VR/sGg6NprDGWJm1Z1eNcA=
-6,193,kf+/RARd59Y22kFufI6OmlZIGT4=,MURg4VR/sGg6NprDGWJm1Z1eNcA=
-13,192,kf+/RARd59Y22kFufI6OmlZIGT4=,MURg4VR/sGg6NprDGWJm1Z1eNcA=
-15,193,kf+/RARd59Y22kFufI6OmlZIGT4=,MURg4VR/sGg6NprDGWJm1Z1eNcA=
-16,195,kf+/RARd59Y22kFufI6OmlZIGT4=,MURg4VR/sGg6NprDGWJm1Z1eNcA=
-1,194,kf+/RARd59Y22kFufI6OmlZIGT4=,MURg4VR/sGg6NprDGWJm1Z1eNcA=
-15,195,kf+/RARd59Y22kFufI6OmlZIGT4=,MURg4VR/sGg6NprDGWJm1Z1eNcA=
-14,195,kf+/RARd59Y22kFufI6OmlZIGT4=,MURg4VR/sGg6NprDGWJm1Z1eNcA=
-12,195,kf+/RARd59Y22kFufI6OmlZIGT4=,MURg4VR/sGg6NprDGWJm1Z1eNcA=
-7,193,kf+/RARd59Y22kFufI6OmlZIGT4=,MURg4VR/sGg6NprDGWJm1Z1eNcA=
-13,195,kf+/RARd59Y22kFufI6OmlZIGT4=,MURg4VR/sGg6NprDGWJm1Z1eNcA=
-8,193,kf+/RARd59Y22kFufI6OmlZIGT4=,MURg4VR/sGg6NprDGWJm1Z1eNcA=
-16,207,kf+/RARd59Y22kFufI6OmlZIGT4=,MURg4VR/sGg6NprDGWJm1Z1eNcA=
-1,206,kf+/RARd59Y22kFufI6OmlZIGT4=,MURg4VR/sGg6NprDGWJm1Z1eNcA=
-9,193,kf+/RARd59Y22kFufI6OmlZIGT4=,MURg4VR/sGg6NprDGWJm1Z1eNcA=
-2,206,kf+/RARd59Y22kFufI6OmlZIGT4=,MURg4VR/sGg6NprDGWJm1Z1eNcA=
-16,194,kf+/RARd59Y22kFufI6OmlZIGT4=,MURg4VR/sGg6NprDGWJm1Z1eNcA=
-13,193,kf+/RARd59Y22kFufI6OmlZIGT4=,MURg4VR/sGg6NprDGWJm1Z1eNcA=
-4,194,kf+/RARd59Y22kFufI6OmlZIGT4=,MURg4VR/sGg6NprDGWJm1Z1eNcA=
-3,206,kf+/RARd59Y22kFufI6OmlZIGT4=,MURg4VR/sGg6NprDGWJm1Z1eNcA=
-4,206,kf+/RARd59Y22kFufI6OmlZIGT4=,MURg4VR/sGg6NprDGWJm1Z1eNcA=
-5,206,kf+/RARd59Y22kFufI6OmlZIGT4=,MURg4VR/sGg6NprDGWJm1Z1eNcA=
-6,206,kf+/RARd59Y22kFufI6OmlZIGT4=,MURg4VR/sGg6NprDGWJm1Z1eNcA=
-8,206,kf+/RARd59Y22kFufI6OmlZIGT4=,MURg4VR/sGg6NprDGWJm1Z1eNcA=
-9,206,kf+/RARd59Y22kFufI6OmlZIGT4=,MURg4VR/sGg6NprDGWJm1Z1eNcA=
-7,206,kf+/RARd59Y22kFufI6OmlZIGT4=,MURg4VR/sGg6NprDGWJm1Z1eNcA=
-10,206,kf+/RARd59Y22kFufI6OmlZIGT4=,MURg4VR/sGg6NprDGWJm1Z1eNcA=
-11,206,kf+/RARd59Y22kFufI6OmlZIGT4=,MURg4VR/sGg6NprDGWJm1Z1eNcA=
-12,206,kf+/RARd59Y22kFufI6OmlZIGT4=,MURg4VR/sGg6NprDGWJm1Z1eNcA=
-13,206,kf+/RARd59Y22kFufI6OmlZIGT4=,MURg4VR/sGg6NprDGWJm1Z1eNcA=
-14,206,kf+/RARd59Y22kFufI6OmlZIGT4=,MURg4VR/sGg6NprDGWJm1Z1eNcA=
-15,206,kf+/RARd59Y22kFufI6OmlZIGT4=,MURg4VR/sGg6NprDGWJm1Z1eNcA=
-16,206,kf+/RARd59Y22kFufI6OmlZIGT4=,MURg4VR/sGg6NprDGWJm1Z1eNcA=
-10,193,kf+/RARd59Y22kFufI6OmlZIGT4=,MURg4VR/sGg6NprDGWJm1Z1eNcA=
-1,205,kf+/RARd59Y22kFufI6OmlZIGT4=,MURg4VR/sGg6NprDGWJm1Z1eNcA=
-2,205,kf+/RARd59Y22kFufI6OmlZIGT4=,MURg4VR/sGg6NprDGWJm1Z1eNcA=
-3,205,kf+/RARd59Y22kFufI6OmlZIGT4=,MURg4VR/sGg6NprDGWJm1Z1eNcA=
-11,193,kf+/RARd59Y22kFufI6OmlZIGT4=,MURg4VR/sGg6NprDGWJm1Z1eNcA=
-4,205,kf+/RARd59Y22kFufI6OmlZIGT4=,MURg4VR/sGg6NprDGWJm1Z1eNcA=
-5,194,kf+/RARd59Y22kFufI6OmlZIGT4=,MURg4VR/sGg6NprDGWJm1Z1eNcA=
-12,193,kf+/RARd59Y22kFufI6OmlZIGT4=,MURg4VR/sGg6NprDGWJm1Z1eNcA=
-5,205,kf+/RARd59Y22kFufI6OmlZIGT4=,MURg4VR/sGg6NprDGWJm1Z1eNcA=
-6,205,kf+/RARd59Y22kFufI6OmlZIGT4=,MURg4VR/sGg6NprDGWJm1Z1eNcA=
-7,205,kf+/RARd59Y22kFufI6OmlZIGT4=,MURg4VR/sGg6NprDGWJm1Z1eNcA=
-9,205,kf+/RARd59Y22kFufI6OmlZIGT4=,MURg4VR/sGg6NprDGWJm1Z1eNcA=
-8,205,kf+/RARd59Y22kFufI6OmlZIGT4=,MURg4VR/sGg6NprDGWJm1Z1eNcA=
-11,205,kf+/RARd59Y22kFufI6OmlZIGT4=,MURg4VR/sGg6NprDGWJm1Z1eNcA=
-12,205,kf+/RARd59Y22kFufI6OmlZIGT4=,MURg4VR/sGg6NprDGWJm1Z1eNcA=
-13,205,kf+/RARd59Y22kFufI6OmlZIGT4=,MURg4VR/sGg6NprDGWJm1Z1eNcA=
-10,205,kf+/RARd59Y22kFufI6OmlZIGT4=,MURg4VR/sGg6NprDGWJm1Z1eNcA=
-14,205,kf+/RARd59Y22kFufI6OmlZIGT4=,MURg4VR/sGg6NprDGWJm1Z1eNcA=
-15,205,kf+/RARd59Y22kFufI6OmlZIGT4=,MURg4VR/sGg6NprDGWJm1Z1eNcA=
-16,205,kf+/RARd59Y22kFufI6OmlZIGT4=,MURg4VR/sGg6NprDGWJm1Z1eNcA=
-1,204,kf+/RARd59Y22kFufI6OmlZIGT4=,MURg4VR/sGg6NprDGWJm1Z1eNcA=
-2,204,kf+/RARd59Y22kFufI6OmlZIGT4=,MURg4VR/sGg6NprDGWJm1Z1eNcA=
-3,204,kf+/RARd59Y22kFufI6OmlZIGT4=,MURg4VR/sGg6NprDGWJm1Z1eNcA=
-4,204,kf+/RARd59Y22kFufI6OmlZIGT4=,MURg4VR/sGg6NprDGWJm1Z1eNcA=
-16,193,kf+/RARd59Y22kFufI6OmlZIGT4=,MURg4VR/sGg6NprDGWJm1Z1eNcA=
-6,194,kf+/RARd59Y22kFufI6OmlZIGT4=,MURg4VR/sGg6NprDGWJm1Z1eNcA=
-5,204,kf+/RARd59Y22kFufI6OmlZIGT4=,MURg4VR/sGg6NprDGWJm1Z1eNcA=
-6,204,kf+/RARd59Y22kFufI6OmlZIGT4=,MURg4VR/sGg6NprDGWJm1Z1eNcA=
-8,204,kf+/RARd59Y22kFufI6OmlZIGT4=,MURg4VR/sGg6NprDGWJm1Z1eNcA=
-7,204,kf+/RARd59Y22kFufI6OmlZIGT4=,MURg4VR/sGg6NprDGWJm1Z1eNcA=
-9,204,kf+/RARd59Y22kFufI6OmlZIGT4=,MURg4VR/sGg6NprDGWJm1Z1eNcA=
-10,204,kf+/RARd59Y22kFufI6OmlZIGT4=,MURg4VR/sGg6NprDGWJm1Z1eNcA=
-11,204,kf+/RARd59Y22kFufI6OmlZIGT4=,MURg4VR/sGg6NprDGWJm1Z1eNcA=
-12,204,kf+/RARd59Y22kFufI6OmlZIGT4=,MURg4VR/sGg6NprDGWJm1Z1eNcA=
-13,204,kf+/RARd59Y22kFufI6OmlZIGT4=,MURg4VR/sGg6NprDGWJm1Z1eNcA=
-14,204,kf+/RARd59Y22kFufI6OmlZIGT4=,MURg4VR/sGg6NprDGWJm1Z1eNcA=
-15,204,kf+/RARd59Y22kFufI6OmlZIGT4=,MURg4VR/sGg6NprDGWJm1Z1eNcA=
-16,204,kf+/RARd59Y22kFufI6OmlZIGT4=,MURg4VR/sGg6NprDGWJm1Z1eNcA=
-1,203,kf+/RARd59Y22kFufI6OmlZIGT4=,MURg4VR/sGg6NprDGWJm1Z1eNcA=
-2,203,kf+/RARd59Y22kFufI6OmlZIGT4=,MURg4VR/sGg6NprDGWJm1Z1eNcA=
-3,203,kf+/RARd59Y22kFufI6OmlZIGT4=,MURg4VR/sGg6NprDGWJm1Z1eNcA=
-4,203,kf+/RARd59Y22kFufI6OmlZIGT4=,MURg4VR/sGg6NprDGWJm1Z1eNcA=
-2,192,kf+/RARd59Y22kFufI6OmlZIGT4=,MURg4VR/sGg6NprDGWJm1Z1eNcA=
-5,203,kf+/RARd59Y22kFufI6OmlZIGT4=,MURg4VR/sGg6NprDGWJm1Z1eNcA=
-7,194,kf+/RARd59Y22kFufI6OmlZIGT4=,MURg4VR/sGg6NprDGWJm1Z1eNcA=
-1,192,kf+/RARd59Y22kFufI6OmlZIGT4=,MURg4VR/sGg6NprDGWJm1Z1eNcA=
-6,203,kf+/RARd59Y22kFufI6OmlZIGT4=,MURg4VR/sGg6NprDGWJm1Z1eNcA=
-7,203,kf+/RARd59Y22kFufI6OmlZIGT4=,MURg4VR/sGg6NprDGWJm1Z1eNcA=
-8,203,kf+/RARd59Y22kFufI6OmlZIGT4=,MURg4VR/sGg6NprDGWJm1Z1eNcA=
-9,203,kf+/RARd59Y22kFufI6OmlZIGT4=,MURg4VR/sGg6NprDGWJm1Z1eNcA=
-10,203,kf+/RARd59Y22kFufI6OmlZIGT4=,MURg4VR/sGg6NprDGWJm1Z1eNcA=
-12,203,kf+/RARd59Y22kFufI6OmlZIGT4=,MURg4VR/sGg6NprDGWJm1Z1eNcA=
-11,203,kf+/RARd59Y22kFufI6OmlZIGT4=,MURg4VR/sGg6NprDGWJm1Z1eNcA=
-13,203,kf+/RARd59Y22kFufI6OmlZIGT4=,MURg4VR/sGg6NprDGWJm1Z1eNcA=
-14,203,kf+/RARd59Y22kFufI6OmlZIGT4=,MURg4VR/sGg6NprDGWJm1Z1eNcA=
-15,203,kf+/RARd59Y22kFufI6OmlZIGT4=,MURg4VR/sGg6NprDGWJm1Z1eNcA=
-16,203,kf+/RARd59Y22kFufI6OmlZIGT4=,MURg4VR/sGg6NprDGWJm1Z1eNcA=
-1,202,kf+/RARd59Y22kFufI6OmlZIGT4=,MURg4VR/sGg6NprDGWJm1Z1eNcA=
-2,202,kf+/RARd59Y22kFufI6OmlZIGT4=,MURg4VR/sGg6NprDGWJm1Z1eNcA=
-3,202,kf+/RARd59Y22kFufI6OmlZIGT4=,MURg4VR/sGg6NprDGWJm1Z1eNcA=
-5,202,kf+/RARd59Y22kFufI6OmlZIGT4=,MURg4VR/sGg6NprDGWJm1Z1eNcA=
-4,202,kf+/RARd59Y22kFufI6OmlZIGT4=,MURg4VR/sGg6NprDGWJm1Z1eNcA=
-6,202,kf+/RARd59Y22kFufI6OmlZIGT4=,MURg4VR/sGg6NprDGWJm1Z1eNcA=
-8,194,kf+/RARd59Y22kFufI6OmlZIGT4=,MURg4VR/sGg6NprDGWJm1Z1eNcA=
-7,202,kf+/RARd59Y22kFufI6OmlZIGT4=,MURg4VR/sGg6NprDGWJm1Z1eNcA=
-8,202,kf+/RARd59Y22kFufI6OmlZIGT4=,MURg4VR/sGg6NprDGWJm1Z1eNcA=
-9,202,kf+/RARd59Y22kFufI6OmlZIGT4=,MURg4VR/sGg6NprDGWJm1Z1eNcA=
-10,202,kf+/RARd59Y22kFufI6OmlZIGT4=,MURg4VR/sGg6NprDGWJm1Z1eNcA=
-11,202,kf+/RARd59Y22kFufI6OmlZIGT4=,MURg4VR/sGg6NprDGWJm1Z1eNcA=
-12,202,kf+/RARd59Y22kFufI6OmlZIGT4=,MURg4VR/sGg6NprDGWJm1Z1eNcA=
-13,202,kf+/RARd59Y22kFufI6OmlZIGT4=,MURg4VR/sGg6NprDGWJm1Z1eNcA=
-14,202,kf+/RARd59Y22kFufI6OmlZIGT4=,MURg4VR/sGg6NprDGWJm1Z1eNcA=
-15,202,kf+/RARd59Y22kFufI6OmlZIGT4=,MURg4VR/sGg6NprDGWJm1Z1eNcA=
-16,202,kf+/RARd59Y22kFufI6OmlZIGT4=,MURg4VR/sGg6NprDGWJm1Z1eNcA=
-1,201,kf+/RARd59Y22kFufI6OmlZIGT4=,MURg4VR/sGg6NprDGWJm1Z1eNcA=
-2,201,kf+/RARd59Y22kFufI6OmlZIGT4=,MURg4VR/sGg6NprDGWJm1Z1eNcA=
-14,192,kf+/RARd59Y22kFufI6OmlZIGT4=,MURg4VR/sGg6NprDGWJm1Z1eNcA=
-3,201,kf+/RARd59Y22kFufI6OmlZIGT4=,MURg4VR/sGg6NprDGWJm1Z1eNcA=
-12,192,kf+/RARd59Y22kFufI6OmlZIGT4=,MURg4VR/sGg6NprDGWJm1Z1eNcA=
-4,201,kf+/RARd59Y22kFufI6OmlZIGT4=,MURg4VR/sGg6NprDGWJm1Z1eNcA=
-5,201,kf+/RARd59Y22kFufI6OmlZIGT4=,MURg4VR/sGg6NprDGWJm1Z1eNcA=
-6,201,kf+/RARd59Y22kFufI6OmlZIGT4=,MURg4VR/sGg6NprDGWJm1Z1eNcA=
-11,195,kf+/RARd59Y22kFufI6OmlZIGT4=,MURg4VR/sGg6NprDGWJm1Z1eNcA=
-7,201,kf+/RARd59Y22kFufI6OmlZIGT4=,MURg4VR/sGg6NprDGWJm1Z1eNcA=
-10,195,kf+/RARd59Y22kFufI6OmlZIGT4=,MURg4VR/sGg6NprDGWJm1Z1eNcA=
-9,195,kf+/RARd59Y22kFufI6OmlZIGT4=,MURg4VR/sGg6NprDGWJm1Z1eNcA=
-8,195,kf+/RARd59Y22kFufI6OmlZIGT4=,MURg4VR/sGg6NprDGWJm1Z1eNcA=
-7,195,kf+/RARd59Y22kFufI6OmlZIGT4=,MURg4VR/sGg6NprDGWJm1Z1eNcA=
-6,195,kf+/RARd59Y22kFufI6OmlZIGT4=,MURg4VR/sGg6NprDGWJm1Z1eNcA=
-5,195,kf+/RARd59Y22kFufI6OmlZIGT4=,MURg4VR/sGg6NprDGWJm1Z1eNcA=
-4,195,kf+/RARd59Y22kFufI6OmlZIGT4=,MURg4VR/sGg6NprDGWJm1Z1eNcA=
-3,195,kf+/RARd59Y22kFufI6OmlZIGT4=,MURg4VR/sGg6NprDGWJm1Z1eNcA=
-2,195,kf+/RARd59Y22kFufI6OmlZIGT4=,MURg4VR/sGg6NprDGWJm1Z1eNcA=
-15,192,kf+/RARd59Y22kFufI6OmlZIGT4=,MURg4VR/sGg6NprDGWJm1Z1eNcA=
-8,201,kf+/RARd59Y22kFufI6OmlZIGT4=,MURg4VR/sGg6NprDGWJm1Z1eNcA=
-9,201,kf+/RARd59Y22kFufI6OmlZIGT4=,MURg4VR/sGg6NprDGWJm1Z1eNcA=
-10,201,kf+/RARd59Y22kFufI6OmlZIGT4=,MURg4VR/sGg6NprDGWJm1Z1eNcA=
-11,201,kf+/RARd59Y22kFufI6OmlZIGT4=,MURg4VR/sGg6NprDGWJm1Z1eNcA=
-12,201,kf+/RARd59Y22kFufI6OmlZIGT4=,MURg4VR/sGg6NprDGWJm1Z1eNcA=
-13,201,kf+/RARd59Y22kFufI6OmlZIGT4=,MURg4VR/sGg6NprDGWJm1Z1eNcA=
-14,201,kf+/RARd59Y22kFufI6OmlZIGT4=,MURg4VR/sGg6NprDGWJm1Z1eNcA=
-15,201,kf+/RARd59Y22kFufI6OmlZIGT4=,MURg4VR/sGg6NprDGWJm1Z1eNcA=
-16,201,kf+/RARd59Y22kFufI6OmlZIGT4=,MURg4VR/sGg6NprDGWJm1Z1eNcA=
-1,200,kf+/RARd59Y22kFufI6OmlZIGT4=,MURg4VR/sGg6NprDGWJm1Z1eNcA=
-2,200,kf+/RARd59Y22kFufI6OmlZIGT4=,MURg4VR/sGg6NprDGWJm1Z1eNcA=
-3,200,kf+/RARd59Y22kFufI6OmlZIGT4=,MURg4VR/sGg6NprDGWJm1Z1eNcA=
-4,200,kf+/RARd59Y22kFufI6OmlZIGT4=,MURg4VR/sGg6NprDGWJm1Z1eNcA=
-5,200,kf+/RARd59Y22kFufI6OmlZIGT4=,MURg4VR/sGg6NprDGWJm1Z1eNcA=
-6,200,kf+/RARd59Y22kFufI6OmlZIGT4=,MURg4VR/sGg6NprDGWJm1Z1eNcA=
-7,200,kf+/RARd59Y22kFufI6OmlZIGT4=,MURg4VR/sGg6NprDGWJm1Z1eNcA=
-3,192,kf+/RARd59Y22kFufI6OmlZIGT4=,MURg4VR/sGg6NprDGWJm1Z1eNcA=
-8,200,kf+/RARd59Y22kFufI6OmlZIGT4=,MURg4VR/sGg6NprDGWJm1Z1eNcA=
-9,200,kf+/RARd59Y22kFufI6OmlZIGT4=,MURg4VR/sGg6NprDGWJm1Z1eNcA=
-10,194,kf+/RARd59Y22kFufI6OmlZIGT4=,MURg4VR/sGg6NprDGWJm1Z1eNcA=
-10,200,kf+/RARd59Y22kFufI6OmlZIGT4=,MURg4VR/sGg6NprDGWJm1Z1eNcA=
-11,200,kf+/RARd59Y22kFufI6OmlZIGT4=,MURg4VR/sGg6NprDGWJm1Z1eNcA=
-12,200,kf+/RARd59Y22kFufI6OmlZIGT4=,MURg4VR/sGg6NprDGWJm1Z1eNcA=
-14,200,kf+/RARd59Y22kFufI6OmlZIGT4=,MURg4VR/sGg6NprDGWJm1Z1eNcA=
-13,200,kf+/RARd59Y22kFufI6OmlZIGT4=,MURg4VR/sGg6NprDGWJm1Z1eNcA=
-15,200,kf+/RARd59Y22kFufI6OmlZIGT4=,MURg4VR/sGg6NprDGWJm1Z1eNcA=
-1,199,kf+/RARd59Y22kFufI6OmlZIGT4=,MURg4VR/sGg6NprDGWJm1Z1eNcA=
-16,200,kf+/RARd59Y22kFufI6OmlZIGT4=,MURg4VR/sGg6NprDGWJm1Z1eNcA=
-2,199,kf+/RARd59Y22kFufI6OmlZIGT4=,MURg4VR/sGg6NprDGWJm1Z1eNcA=
-3,199,kf+/RARd59Y22kFufI6OmlZIGT4=,MURg4VR/sGg6NprDGWJm1Z1eNcA=
-4,199,kf+/RARd59Y22kFufI6OmlZIGT4=,MURg4VR/sGg6NprDGWJm1Z1eNcA=
-5,199,kf+/RARd59Y22kFufI6OmlZIGT4=,MURg4VR/sGg6NprDGWJm1Z1eNcA=
-6,199,kf+/RARd59Y22kFufI6OmlZIGT4=,MURg4VR/sGg6NprDGWJm1Z1eNcA=
-7,199,kf+/RARd59Y22kFufI6OmlZIGT4=,MURg4VR/sGg6NprDGWJm1Z1eNcA=
-8,199,kf+/RARd59Y22kFufI6OmlZIGT4=,MURg4VR/sGg6NprDGWJm1Z1eNcA=
-4,192,kf+/RARd59Y22kFufI6OmlZIGT4=,MURg4VR/sGg6NprDGWJm1Z1eNcA=
-9,199,kf+/RARd59Y22kFufI6OmlZIGT4=,MURg4VR/sGg6NprDGWJm1Z1eNcA=
-14,193,kf+/RARd59Y22kFufI6OmlZIGT4=,MURg4VR/sGg6NprDGWJm1Z1eNcA=
-10,199,kf+/RARd59Y22kFufI6OmlZIGT4=,MURg4VR/sGg6NprDGWJm1Z1eNcA=
-11,199,kf+/RARd59Y22kFufI6OmlZIGT4=,MURg4VR/sGg6NprDGWJm1Z1eNcA=
-12,199,kf+/RARd59Y22kFufI6OmlZIGT4=,MURg4VR/sGg6NprDGWJm1Z1eNcA=
-13,199,kf+/RARd59Y22kFufI6OmlZIGT4=,MURg4VR/sGg6NprDGWJm1Z1eNcA=
-14,199,kf+/RARd59Y22kFufI6OmlZIGT4=,MURg4VR/sGg6NprDGWJm1Z1eNcA=
-15,199,kf+/RARd59Y22kFufI6OmlZIGT4=,MURg4VR/sGg6NprDGWJm1Z1eNcA=
-16,199,kf+/RARd59Y22kFufI6OmlZIGT4=,MURg4VR/sGg6NprDGWJm1Z1eNcA=
-1,198,kf+/RARd59Y22kFufI6OmlZIGT4=,MURg4VR/sGg6NprDGWJm1Z1eNcA=
-2,198,kf+/RARd59Y22kFufI6OmlZIGT4=,MURg4VR/sGg6NprDGWJm1Z1eNcA=
-4,198,kf+/RARd59Y22kFufI6OmlZIGT4=,MURg4VR/sGg6NprDGWJm1Z1eNcA=
-3,198,kf+/RARd59Y22kFufI6OmlZIGT4=,MURg4VR/sGg6NprDGWJm1Z1eNcA=
-6,198,kf+/RARd59Y22kFufI6OmlZIGT4=,MURg4VR/sGg6NprDGWJm1Z1eNcA=
-5,198,kf+/RARd59Y22kFufI6OmlZIGT4=,MURg4VR/sGg6NprDGWJm1Z1eNcA=
-8,198,kf+/RARd59Y22kFufI6OmlZIGT4=,MURg4VR/sGg6NprDGWJm1Z1eNcA=
-7,198,kf+/RARd59Y22kFufI6OmlZIGT4=,MURg4VR/sGg6NprDGWJm1Z1eNcA=
-9,198,kf+/RARd59Y22kFufI6OmlZIGT4=,MURg4VR/sGg6NprDGWJm1Z1eNcA=
-9,194,kf+/RARd59Y22kFufI6OmlZIGT4=,MURg4VR/sGg6NprDGWJm1Z1eNcA=
-10,198,kf+/RARd59Y22kFufI6OmlZIGT4=,MURg4VR/sGg6NprDGWJm1Z1eNcA=
-6,192,kf+/RARd59Y22kFufI6OmlZIGT4=,MURg4VR/sGg6NprDGWJm1Z1eNcA=
-11,198,kf+/RARd59Y22kFufI6OmlZIGT4=,MURg4VR/sGg6NprDGWJm1Z1eNcA=
-12,198,kf+/RARd59Y22kFufI6OmlZIGT4=,MURg4VR/sGg6NprDGWJm1Z1eNcA=
-13,198,kf+/RARd59Y22kFufI6OmlZIGT4=,MURg4VR/sGg6NprDGWJm1Z1eNcA=
-14,198,kf+/RARd59Y22kFufI6OmlZIGT4=,MURg4VR/sGg6NprDGWJm1Z1eNcA=
-15,198,kf+/RARd59Y22kFufI6OmlZIGT4=,MURg4VR/sGg6NprDGWJm1Z1eNcA=
-16,198,kf+/RARd59Y22kFufI6OmlZIGT4=,MURg4VR/sGg6NprDGWJm1Z1eNcA=
-1,197,kf+/RARd59Y22kFufI6OmlZIGT4=,MURg4VR/sGg6NprDGWJm1Z1eNcA=
-2,197,kf+/RARd59Y22kFufI6OmlZIGT4=,MURg4VR/sGg6NprDGWJm1Z1eNcA=
-3,197,kf+/RARd59Y22kFufI6OmlZIGT4=,MURg4VR/sGg6NprDGWJm1Z1eNcA=
-4,197,kf+/RARd59Y22kFufI6OmlZIGT4=,MURg4VR/sGg6NprDGWJm1Z1eNcA=
-5,197,kf+/RARd59Y22kFufI6OmlZIGT4=,MURg4VR/sGg6NprDGWJm1Z1eNcA=
-6,197,kf+/RARd59Y22kFufI6OmlZIGT4=,MURg4VR/sGg6NprDGWJm1Z1eNcA=
-7,197,kf+/RARd59Y22kFufI6OmlZIGT4=,MURg4VR/sGg6NprDGWJm1Z1eNcA=
-8,197,kf+/RARd59Y22kFufI6OmlZIGT4=,MURg4VR/sGg6NprDGWJm1Z1eNcA=
-9,197,kf+/RARd59Y22kFufI6OmlZIGT4=,MURg4VR/sGg6NprDGWJm1Z1eNcA=
-10,197,kf+/RARd59Y22kFufI6OmlZIGT4=,MURg4VR/sGg6NprDGWJm1Z1eNcA=
-5,192,kf+/RARd59Y22kFufI6OmlZIGT4=,MURg4VR/sGg6NprDGWJm1Z1eNcA=
-11,197,kf+/RARd59Y22kFufI6OmlZIGT4=,MURg4VR/sGg6NprDGWJm1Z1eNcA=
-13,194,kf+/RARd59Y22kFufI6OmlZIGT4=,MURg4VR/sGg6NprDGWJm1Z1eNcA=
-12,197,kf+/RARd59Y22kFufI6OmlZIGT4=,MURg4VR/sGg6NprDGWJm1Z1eNcA=
-13,197,kf+/RARd59Y22kFufI6OmlZIGT4=,MURg4VR/sGg6NprDGWJm1Z1eNcA=
-14,197,kf+/RARd59Y22kFufI6OmlZIGT4=,MURg4VR/sGg6NprDGWJm1Z1eNcA=
-15,197,kf+/RARd59Y22kFufI6OmlZIGT4=,MURg4VR/sGg6NprDGWJm1Z1eNcA=
-16,197,kf+/RARd59Y22kFufI6OmlZIGT4=,MURg4VR/sGg6NprDGWJm1Z1eNcA=
-11,194,kf+/RARd59Y22kFufI6OmlZIGT4=,MURg4VR/sGg6NprDGWJm1Z1eNcA=
-2,196,kf+/RARd59Y22kFufI6OmlZIGT4=,MURg4VR/sGg6NprDGWJm1Z1eNcA=
-1,196,kf+/RARd59Y22kFufI6OmlZIGT4=,MURg4VR/sGg6NprDGWJm1Z1eNcA=
-3,196,kf+/RARd59Y22kFufI6OmlZIGT4=,MURg4VR/sGg6NprDGWJm1Z1eNcA=
-4,196,kf+/RARd59Y22kFufI6OmlZIGT4=,MURg4VR/sGg6NprDGWJm1Z1eNcA=
-5,196,kf+/RARd59Y22kFufI6OmlZIGT4=,MURg4VR/sGg6NprDGWJm1Z1eNcA=
-6,196,kf+/RARd59Y22kFufI6OmlZIGT4=,MURg4VR/sGg6NprDGWJm1Z1eNcA=
-7,196,kf+/RARd59Y22kFufI6OmlZIGT4=,MURg4VR/sGg6NprDGWJm1Z1eNcA=
-8,196,kf+/RARd59Y22kFufI6OmlZIGT4=,MURg4VR/sGg6NprDGWJm1Z1eNcA=
-9,196,kf+/RARd59Y22kFufI6OmlZIGT4=,MURg4VR/sGg6NprDGWJm1Z1eNcA=
-10,196,kf+/RARd59Y22kFufI6OmlZIGT4=,MURg4VR/sGg6NprDGWJm1Z1eNcA=
-11,196,kf+/RARd59Y22kFufI6OmlZIGT4=,MURg4VR/sGg6NprDGWJm1Z1eNcA=
-12,196,kf+/RARd59Y22kFufI6OmlZIGT4=,MURg4VR/sGg6NprDGWJm1Z1eNcA=
-14,194,kf+/RARd59Y22kFufI6OmlZIGT4=,MURg4VR/sGg6NprDGWJm1Z1eNcA=
-13,196,kf+/RARd59Y22kFufI6OmlZIGT4=,MURg4VR/sGg6NprDGWJm1Z1eNcA=
-14,196,kf+/RARd59Y22kFufI6OmlZIGT4=,MURg4VR/sGg6NprDGWJm1Z1eNcA=
-15,196,kf+/RARd59Y22kFufI6OmlZIGT4=,MURg4VR/sGg6NprDGWJm1Z1eNcA=
-16,196,kf+/RARd59Y22kFufI6OmlZIGT4=,MURg4VR/sGg6NprDGWJm1Z1eNcA=
-16,192,kf+/RARd59Y22kFufI6OmlZIGT4=,MURg4VR/sGg6NprDGWJm1Z1eNcA=
-1,195,kf+/RARd59Y22kFufI6OmlZIGT4=,MURg4VR/sGg6NprDGWJm1Z1eNcA=
-15,194,kf+/RARd59Y22kFufI6OmlZIGT4=,MURg4VR/sGg6NprDGWJm1Z1eNcA=
-7,192,kf+/RARd59Y22kFufI6OmlZIGT4=,MURg4VR/sGg6NprDGWJm1Z1eNcA=
-12,194,kf+/RARd59Y22kFufI6OmlZIGT4=,MURg4VR/sGg6NprDGWJm1Z1eNcA=
-8,192,kf+/RARd59Y22kFufI6OmlZIGT4=,MURg4VR/sGg6NprDGWJm1Z1eNcA=
-10,192,kf+/RARd59Y22kFufI6OmlZIGT4=,MURg4VR/sGg6NprDGWJm1Z1eNcA=
-9,192,kf+/RARd59Y22kFufI6OmlZIGT4=,MURg4VR/sGg6NprDGWJm1Z1eNcA=
-11,192,kf+/RARd59Y22kFufI6OmlZIGT4=,MURg4VR/sGg6NprDGWJm1Z1eNcA=
