29,-46,7Hn9pp+3D62Dvhm78r3rw6K5Uyo=,U0ngQg6qxZcLOu6TtP1LaIcxFow=
30,-46,3khNqLxCnC+w20WqpnEQvnR2M4g=,U0ngQg6qxZcLOu6TtP1LaIcxFow=
31,-46,qeVh94pGXK9IatAoWSGhCIB3fwY=,U0ngQg6qxZcLOu6TtP1LaIcxFow=
19,-48,qeVh94pGXK9IatAoWSGhCIB3fwY=,U0ngQg6qxZcLOu6TtP1LaIcxFow=
27,-33,qeVh94pGXK9IatAoWSGhCIB3fwY=,U0ngQg6qxZcLOu6TtP1LaIcxFow=
30,-33,qeVh94pGXK9IatAoWSGhCIB3fwY=,U0ngQg6qxZcLOu6TtP1LaIcxFow=
28,-33,qeVh94pGXK9IatAoWSGhCIB3fwY=,U0ngQg6qxZcLOu6TtP1LaIcxFow=
21,-33,qeVh94pGXK9IatAoWSGhCIB3fwY=,U0ngQg6qxZcLOu6TtP1LaIcxFow=
31,-33,qeVh94pGXK9IatAoWSGhCIB3fwY=,U0ngQg6qxZcLOu6TtP1LaIcxFow=
26,-33,qeVh94pGXK9IatAoWSGhCIB3fwY=,U0ngQg6qxZcLOu6TtP1LaIcxFow=
29,-33,qeVh94pGXK9IatAoWSGhCIB3fwY=,U0ngQg6qxZcLOu6TtP1LaIcxFow=
16,-45,qeVh94pGXK9IatAoWSGhCIB3fwY=,U0ngQg6qxZcLOu6TtP1LaIcxFow=
22,-33,qeVh94pGXK9IatAoWSGhCIB3fwY=,U0ngQg6qxZcLOu6TtP1LaIcxFow=
17,-45,qeVh94pGXK9IatAoWSGhCIB3fwY=,U0ngQg6qxZcLOu6TtP1LaIcxFow=
19,-33,qeVh94pGXK9IatAoWSGhCIB3fwY=,U0ngQg6qxZcLOu6TtP1LaIcxFow=
24,-33,qeVh94pGXK9IatAoWSGhCIB3fwY=,U0ngQg6qxZcLOu6TtP1LaIcxFow=
20,-33,qeVh94pGXK9IatAoWSGhCIB3fwY=,U0ngQg6qxZcLOu6TtP1LaIcxFow=
30,-47,qeVh94pGXK9IatAoWSGhCIB3fwY=,U0ngQg6qxZcLOu6TtP1LaIcxFow=
31,-47,qeVh94pGXK9IatAoWSGhCIB3fwY=,U0ngQg6qxZcLOu6TtP1LaIcxFow=
29,-47,qeVh94pGXK9IatAoWSGhCIB3fwY=,U0ngQg6qxZcLOu6TtP1LaIcxFow=
27,-47,qeVh94pGXK9IatAoWSGhCIB3fwY=,U0ngQg6qxZcLOu6TtP1LaIcxFow=
28,-47,qeVh94pGXK9IatAoWSGhCIB3fwY=,U0ngQg6qxZcLOu6TtP1LaIcxFow=
26,-47,qeVh94pGXK9IatAoWSGhCIB3fwY=,U0ngQg6qxZcLOu6TtP1LaIcxFow=
25,-47,qeVh94pGXK9IatAoWSGhCIB3fwY=,U0ngQg6qxZcLOu6TtP1LaIcxFow=
24,-47,qeVh94pGXK9IatAoWSGhCIB3fwY=,U0ngQg6qxZcLOu6TtP1LaIcxFow=
23,-47,qeVh94pGXK9IatAoWSGhCIB3fwY=,U0ngQg6qxZcLOu6TtP1LaIcxFow=
25,-33,qeVh94pGXK9IatAoWSGhCIB3fwY=,U0ngQg6qxZcLOu6TtP1LaIcxFow=
17,-47,qeVh94pGXK9IatAoWSGhCIB3fwY=,U0ngQg6qxZcLOu6TtP1LaIcxFow=
23,-33,qeVh94pGXK9IatAoWSGhCIB3fwY=,U0ngQg6qxZcLOu6TtP1LaIcxFow=
18,-45,qeVh94pGXK9IatAoWSGhCIB3fwY=,U0ngQg6qxZcLOu6TtP1LaIcxFow=
19,-47,qeVh94pGXK9IatAoWSGhCIB3fwY=,U0ngQg6qxZcLOu6TtP1LaIcxFow=
18,-47,qeVh94pGXK9IatAoWSGhCIB3fwY=,U0ngQg6qxZcLOu6TtP1LaIcxFow=
18,-33,qeVh94pGXK9IatAoWSGhCIB3fwY=,U0ngQg6qxZcLOu6TtP1LaIcxFow=
17,-33,qeVh94pGXK9IatAoWSGhCIB3fwY=,U0ngQg6qxZcLOu6TtP1LaIcxFow=
16,-33,qeVh94pGXK9IatAoWSGhCIB3fwY=,U0ngQg6qxZcLOu6TtP1LaIcxFow=
18,-48,qeVh94pGXK9IatAoWSGhCIB3fwY=,U0ngQg6qxZcLOu6TtP1LaIcxFow=
28,-46,qeVh94pGXK9IatAoWSGhCIB3fwY=,U0ngQg6qxZcLOu6TtP1LaIcxFow=
20,-47,qeVh94pGXK9IatAoWSGhCIB3fwY=,U0ngQg6qxZcLOu6TtP1LaIcxFow=
31,-34,qeVh94pGXK9IatAoWSGhCIB3fwY=,U0ngQg6qxZcLOu6TtP1LaIcxFow=
19,-45,qeVh94pGXK9IatAoWSGhCIB3fwY=,U0ngQg6qxZcLOu6TtP1LaIcxFow=
21,-47,qeVh94pGXK9IatAoWSGhCIB3fwY=,U0ngQg6qxZcLOu6TtP1LaIcxFow=
22,-47,qeVh94pGXK9IatAoWSGhCIB3fwY=,U0ngQg6qxZcLOu6TtP1LaIcxFow=
27,-34,qeVh94pGXK9IatAoWSGhCIB3fwY=,U0ngQg6qxZcLOu6TtP1LaIcxFow=
30,-34,qeVh94pGXK9IatAoWSGhCIB3fwY=,U0ngQg6qxZcLOu6TtP1LaIcxFow=
25,-34,qeVh94pGXK9IatAoWSGhCIB3fwY=,U0ngQg6qxZcLOu6TtP1LaIcxFow=
23,-34,qeVh94pGXK9IatAoWSGhCIB3fwY=,U0ngQg6qxZcLOu6TtP1LaIcxFow=
24,-34,qeVh94pGXK9IatAoWSGhCIB3fwY=,U0ngQg6qxZcLOu6TtP1LaIcxFow=
21,-34,qeVh94pGXK9IatAoWSGhCIB3fwY=,U0ngQg6qxZcLOu6TtP1LaIcxFow=
18,-34,qeVh94pGXK9IatAoWSGhCIB3fwY=,U0ngQg6qxZcLOu6TtP1LaIcxFow=
20,-34,qeVh94pGXK9IatAoWSGhCIB3fwY=,U0ngQg6qxZcLOu6TtP1LaIcxFow=
19,-34,qeVh94pGXK9IatAoWSGhCIB3fwY=,U0ngQg6qxZcLOu6TtP1LaIcxFow=
20,-45,qeVh94pGXK9IatAoWSGhCIB3fwY=,U0ngQg6qxZcLOu6TtP1LaIcxFow=
17,-34,qeVh94pGXK9IatAoWSGhCIB3fwY=,U0ngQg6qxZcLOu6TtP1LaIcxFow=
22,-34,qeVh94pGXK9IatAoWSGhCIB3fwY=,U0ngQg6qxZcLOu6TtP1LaIcxFow=
31,-48,qeVh94pGXK9IatAoWSGhCIB3fwY=,U0ngQg6qxZcLOu6TtP1LaIcxFow=
27,-46,qeVh94pGXK9IatAoWSGhCIB3fwY=,U0ngQg6qxZcLOu6TtP1LaIcxFow=
16,-46,qeVh94pGXK9IatAoWSGhCIB3fwY=,U0ngQg6qxZcLOu6TtP1LaIcxFow=
28,-35,qeVh94pGXK9IatAoWSGhCIB3fwY=,U0ngQg6qxZcLOu6TtP1LaIcxFow=
31,-35,qeVh94pGXK9IatAoWSGhCIB3fwY=,U0ngQg6qxZcLOu6TtP1LaIcxFow=
16,-47,qeVh94pGXK9IatAoWSGhCIB3fwY=,U0ngQg6qxZcLOu6TtP1LaIcxFow=
16,-34,qeVh94pGXK9IatAoWSGhCIB3fwY=,U0ngQg6qxZcLOu6TtP1LaIcxFow=
26,-35,qeVh94pGXK9IatAoWSGhCIB3fwY=,U0ngQg6qxZcLOu6TtP1LaIcxFow=
29,-35,qeVh94pGXK9IatAoWSGhCIB3fwY=,U0ngQg6qxZcLOu6TtP1LaIcxFow=
20,-48,qeVh94pGXK9IatAoWSGhCIB3fwY=,U0ngQg6qxZcLOu6TtP1LaIcxFow=
27,-35,qeVh94pGXK9IatAoWSGhCIB3fwY=,U0ngQg6qxZcLOu6TtP1LaIcxFow=
25,-35,qeVh94pGXK9IatAoWSGhCIB3fwY=,U0ngQg6qxZcLOu6TtP1LaIcxFow=
24,-35,qeVh94pGXK9IatAoWSGhCIB3fwY=,U0ngQg6qxZcLOu6TtP1LaIcxFow=
23,-35,qeVh94pGXK9IatAoWSGhCIB3fwY=,U0ngQg6qxZcLOu6TtP1LaIcxFow=
21,-45,qeVh94pGXK9IatAoWSGhCIB3fwY=,U0ngQg6qxZcLOu6TtP1LaIcxFow=
21,-35,qeVh94pGXK9IatAoWSGhCIB3fwY=,U0ngQg6qxZcLOu6TtP1LaIcxFow=
16,-35,qeVh94pGXK9IatAoWSGhCIB3fwY=,U0ngQg6qxZcLOu6TtP1LaIcxFow=
17,-35,qeVh94pGXK9IatAoWSGhCIB3fwY=,U0ngQg6qxZcLOu6TtP1LaIcxFow=
22,-35,qeVh94pGXK9IatAoWSGhCIB3fwY=,U0ngQg6qxZcLOu6TtP1LaIcxFow=
20,-35,qeVh94pGXK9IatAoWSGhCIB3fwY=,U0ngQg6qxZcLOu6TtP1LaIcxFow=
17,-48,qeVh94pGXK9IatAoWSGhCIB3fwY=,U0ngQg6qxZcLOu6TtP1LaIcxFow=
19,-35,qeVh94pGXK9IatAoWSGhCIB3fwY=,U0ngQg6qxZcLOu6TtP1LaIcxFow=
30,-48,qeVh94pGXK9IatAoWSGhCIB3fwY=,U0ngQg6qxZcLOu6TtP1LaIcxFow=
18,-35,qeVh94pGXK9IatAoWSGhCIB3fwY=,U0ngQg6qxZcLOu6TtP1LaIcxFow=
28,-36,qeVh94pGXK9IatAoWSGhCIB3fwY=,U0ngQg6qxZcLOu6TtP1LaIcxFow=
31,-36,qeVh94pGXK9IatAoWSGhCIB3fwY=,U0ngQg6qxZcLOu6TtP1LaIcxFow=
22,-45,qeVh94pGXK9IatAoWSGhCIB3fwY=,U0ngQg6qxZcLOu6TtP1LaIcxFow=
29,-36,qeVh94pGXK9IatAoWSGhCIB3fwY=,U0ngQg6qxZcLOu6TtP1LaIcxFow=
27,-36,qeVh94pGXK9IatAoWSGhCIB3fwY=,U0ngQg6qxZcLOu6TtP1LaIcxFow=
26,-36,qeVh94pGXK9IatAoWSGhCIB3fwY=,U0ngQg6qxZcLOu6TtP1LaIcxFow=
25,-36,qeVh94pGXK9IatAoWSGhCIB3fwY=,U0ngQg6qxZcLOu6TtP1LaIcxFow=
23,-45,qeVh94pGXK9IatAoWSGhCIB3fwY=,U0ngQg6qxZcLOu6TtP1LaIcxFow=
23,-36,qeVh94pGXK9IatAoWSGhCIB3fwY=,U0ngQg6qxZcLOu6TtP1LaIcxFow=
22,-36,qeVh94pGXK9IatAoWSGhCIB3fwY=,U0ngQg6qxZcLOu6TtP1LaIcxFow=
26,-34,qeVh94pGXK9IatAoWSGhCIB3fwY=,U0ngQg6qxZcLOu6TtP1LaIcxFow=
21,-36,qeVh94pGXK9IatAoWSGhCIB3fwY=,U0ngQg6qxZcLOu6TtP1LaIcxFow=
20,-36,qeVh94pGXK9IatAoWSGhCIB3fwY=,U0ngQg6qxZcLOu6TtP1LaIcxFow=
19,-36,qeVh94pGXK9IatAoWSGhCIB3fwY=,U0ngQg6qxZcLOu6TtP1LaIcxFow=
18,-36,qeVh94pGXK9IatAoWSGhCIB3fwY=,U0ngQg6qxZcLOu6TtP1LaIcxFow=
24,-36,qeVh94pGXK9IatAoWSGhCIB3fwY=,U0ngQg6qxZcLOu6TtP1LaIcxFow=
29,-48,qeVh94pGXK9IatAoWSGhCIB3fwY=,U0ngQg6qxZcLOu6TtP1LaIcxFow=
24,-45,qeVh94pGXK9IatAoWSGhCIB3fwY=,U0ngQg6qxZcLOu6TtP1LaIcxFow=
30,-37,qeVh94pGXK9IatAoWSGhCIB3fwY=,U0ngQg6qxZcLOu6TtP1LaIcxFow=
16,-36,qeVh94pGXK9IatAoWSGhCIB3fwY=,U0ngQg6qxZcLOu6TtP1LaIcxFow=
25,-46,qeVh94pGXK9IatAoWSGhCIB3fwY=,U0ngQg6qxZcLOu6TtP1LaIcxFow=
29,-37,qeVh94pGXK9IatAoWSGhCIB3fwY=,U0ngQg6qxZcLOu6TtP1LaIcxFow=
27,-37,qeVh94pGXK9IatAoWSGhCIB3fwY=,U0ngQg6qxZcLOu6TtP1LaIcxFow=
29,-34,qeVh94pGXK9IatAoWSGhCIB3fwY=,U0ngQg6qxZcLOu6TtP1LaIcxFow=
17,-36,qeVh94pGXK9IatAoWSGhCIB3fwY=,U0ngQg6qxZcLOu6TtP1LaIcxFow=
25,-45,qeVh94pGXK9IatAoWSGhCIB3fwY=,U0ngQg6qxZcLOu6TtP1LaIcxFow=
28,-34,qeVh94pGXK9IatAoWSGhCIB3fwY=,U0ngQg6qxZcLOu6TtP1LaIcxFow=
28,-37,qeVh94pGXK9IatAoWSGhCIB3fwY=,U0ngQg6qxZcLOu6TtP1LaIcxFow=
26,-45,qeVh94pGXK9IatAoWSGhCIB3fwY=,U0ngQg6qxZcLOu6TtP1LaIcxFow=
27,-45,qeVh94pGXK9IatAoWSGhCIB3fwY=,U0ngQg6qxZcLOu6TtP1LaIcxFow=
28,-45,qeVh94pGXK9IatAoWSGhCIB3fwY=,U0ngQg6qxZcLOu6TtP1LaIcxFow=
24,-37,qeVh94pGXK9IatAoWSGhCIB3fwY=,U0ngQg6qxZcLOu6TtP1LaIcxFow=
21,-37,qeVh94pGXK9IatAoWSGhCIB3fwY=,U0ngQg6qxZcLOu6TtP1LaIcxFow=
22,-37,qeVh94pGXK9IatAoWSGhCIB3fwY=,U0ngQg6qxZcLOu6TtP1LaIcxFow=
30,-35,qeVh94pGXK9IatAoWSGhCIB3fwY=,U0ngQg6qxZcLOu6TtP1LaIcxFow=
29,-45,qeVh94pGXK9IatAoWSGhCIB3fwY=,U0ngQg6qxZcLOu6TtP1LaIcxFow=
19,-37,qeVh94pGXK9IatAoWSGhCIB3fwY=,U0ngQg6qxZcLOu6TtP1LaIcxFow=
20,-37,qeVh94pGXK9IatAoWSGhCIB3fwY=,U0ngQg6qxZcLOu6TtP1LaIcxFow=
31,-38,qeVh94pGXK9IatAoWSGhCIB3fwY=,U0ngQg6qxZcLOu6TtP1LaIcxFow=
25,-37,qeVh94pGXK9IatAoWSGhCIB3fwY=,U0ngQg6qxZcLOu6TtP1LaIcxFow=
28,-48,qeVh94pGXK9IatAoWSGhCIB3fwY=,U0ngQg6qxZcLOu6TtP1LaIcxFow=
30,-45,qeVh94pGXK9IatAoWSGhCIB3fwY=,U0ngQg6qxZcLOu6TtP1LaIcxFow=
30,-38,qeVh94pGXK9IatAoWSGhCIB3fwY=,U0ngQg6qxZcLOu6TtP1LaIcxFow=
29,-38,qeVh94pGXK9IatAoWSGhCIB3fwY=,U0ngQg6qxZcLOu6TtP1LaIcxFow=
24,-46,qeVh94pGXK9IatAoWSGhCIB3fwY=,U0ngQg6qxZcLOu6TtP1LaIcxFow=
18,-37,qeVh94pGXK9IatAoWSGhCIB3fwY=,U0ngQg6qxZcLOu6TtP1LaIcxFow=
27,-38,qeVh94pGXK9IatAoWSGhCIB3fwY=,U0ngQg6qxZcLOu6TtP1LaIcxFow=
16,-48,qeVh94pGXK9IatAoWSGhCIB3fwY=,U0ngQg6qxZcLOu6TtP1LaIcxFow=
16,-37,qeVh94pGXK9IatAoWSGhCIB3fwY=,U0ngQg6qxZcLOu6TtP1LaIcxFow=
17,-37,qeVh94pGXK9IatAoWSGhCIB3fwY=,U0ngQg6qxZcLOu6TtP1LaIcxFow=
25,-38,qeVh94pGXK9IatAoWSGhCIB3fwY=,U0ngQg6qxZcLOu6TtP1LaIcxFow=
31,-45,qeVh94pGXK9IatAoWSGhCIB3fwY=,U0ngQg6qxZcLOu6TtP1LaIcxFow=
24,-38,qeVh94pGXK9IatAoWSGhCIB3fwY=,U0ngQg6qxZcLOu6TtP1LaIcxFow=
17,-46,qeVh94pGXK9IatAoWSGhCIB3fwY=,U0ngQg6qxZcLOu6TtP1LaIcxFow=
28,-38,qeVh94pGXK9IatAoWSGhCIB3fwY=,U0ngQg6qxZcLOu6TtP1LaIcxFow=
16,-44,qeVh94pGXK9IatAoWSGhCIB3fwY=,U0ngQg6qxZcLOu6TtP1LaIcxFow=
21,-38,qeVh94pGXK9IatAoWSGhCIB3fwY=,U0ngQg6qxZcLOu6TtP1LaIcxFow=
22,-38,qeVh94pGXK9IatAoWSGhCIB3fwY=,U0ngQg6qxZcLOu6TtP1LaIcxFow=
17,-44,qeVh94pGXK9IatAoWSGhCIB3fwY=,U0ngQg6qxZcLOu6TtP1LaIcxFow=
18,-38,qeVh94pGXK9IatAoWSGhCIB3fwY=,U0ngQg6qxZcLOu6TtP1LaIcxFow=
26,-38,qeVh94pGXK9IatAoWSGhCIB3fwY=,U0ngQg6qxZcLOu6TtP1LaIcxFow=
16,-38,qeVh94pGXK9IatAoWSGhCIB3fwY=,U0ngQg6qxZcLOu6TtP1LaIcxFow=
20,-38,qeVh94pGXK9IatAoWSGhCIB3fwY=,U0ngQg6qxZcLOu6TtP1LaIcxFow=
19,-38,qeVh94pGXK9IatAoWSGhCIB3fwY=,U0ngQg6qxZcLOu6TtP1LaIcxFow=
23,-38,qeVh94pGXK9IatAoWSGhCIB3fwY=,U0ngQg6qxZcLOu6TtP1LaIcxFow=
27,-48,qeVh94pGXK9IatAoWSGhCIB3fwY=,U0ngQg6qxZcLOu6TtP1LaIcxFow=
18,-44,qeVh94pGXK9IatAoWSGhCIB3fwY=,U0ngQg6qxZcLOu6TtP1LaIcxFow=
30,-39,qeVh94pGXK9IatAoWSGhCIB3fwY=,U0ngQg6qxZcLOu6TtP1LaIcxFow=
26,-37,qeVh94pGXK9IatAoWSGhCIB3fwY=,U0ngQg6qxZcLOu6TtP1LaIcxFow=
31,-39,qeVh94pGXK9IatAoWSGhCIB3fwY=,U0ngQg6qxZcLOu6TtP1LaIcxFow=
28,-39,qeVh94pGXK9IatAoWSGhCIB3fwY=,U0ngQg6qxZcLOu6TtP1LaIcxFow=
17,-38,qeVh94pGXK9IatAoWSGhCIB3fwY=,U0ngQg6qxZcLOu6TtP1LaIcxFow=
25,-39,qeVh94pGXK9IatAoWSGhCIB3fwY=,U0ngQg6qxZcLOu6TtP1LaIcxFow=
24,-39,qeVh94pGXK9IatAoWSGhCIB3fwY=,U0ngQg6qxZcLOu6TtP1LaIcxFow=
23,-46,qeVh94pGXK9IatAoWSGhCIB3fwY=,U0ngQg6qxZcLOu6TtP1LaIcxFow=
23,-39,qeVh94pGXK9IatAoWSGhCIB3fwY=,U0ngQg6qxZcLOu6TtP1LaIcxFow=
19,-44,qeVh94pGXK9IatAoWSGhCIB3fwY=,U0ngQg6qxZcLOu6TtP1LaIcxFow=
18,-46,qeVh94pGXK9IatAoWSGhCIB3fwY=,U0ngQg6qxZcLOu6TtP1LaIcxFow=
22,-39,qeVh94pGXK9IatAoWSGhCIB3fwY=,U0ngQg6qxZcLOu6TtP1LaIcxFow=
17,-39,qeVh94pGXK9IatAoWSGhCIB3fwY=,U0ngQg6qxZcLOu6TtP1LaIcxFow=
18,-39,qeVh94pGXK9IatAoWSGhCIB3fwY=,U0ngQg6qxZcLOu6TtP1LaIcxFow=
20,-39,qeVh94pGXK9IatAoWSGhCIB3fwY=,U0ngQg6qxZcLOu6TtP1LaIcxFow=
16,-39,qeVh94pGXK9IatAoWSGhCIB3fwY=,U0ngQg6qxZcLOu6TtP1LaIcxFow=
31,-37,qeVh94pGXK9IatAoWSGhCIB3fwY=,U0ngQg6qxZcLOu6TtP1LaIcxFow=
19,-39,qeVh94pGXK9IatAoWSGhCIB3fwY=,U0ngQg6qxZcLOu6TtP1LaIcxFow=
20,-44,qeVh94pGXK9IatAoWSGhCIB3fwY=,U0ngQg6qxZcLOu6TtP1LaIcxFow=
26,-40,qeVh94pGXK9IatAoWSGhCIB3fwY=,U0ngQg6qxZcLOu6TtP1LaIcxFow=
25,-40,qeVh94pGXK9IatAoWSGhCIB3fwY=,U0ngQg6qxZcLOu6TtP1LaIcxFow=
29,-40,qeVh94pGXK9IatAoWSGhCIB3fwY=,U0ngQg6qxZcLOu6TtP1LaIcxFow=
26,-48,qeVh94pGXK9IatAoWSGhCIB3fwY=,U0ngQg6qxZcLOu6TtP1LaIcxFow=
31,-40,qeVh94pGXK9IatAoWSGhCIB3fwY=,U0ngQg6qxZcLOu6TtP1LaIcxFow=
24,-40,qeVh94pGXK9IatAoWSGhCIB3fwY=,U0ngQg6qxZcLOu6TtP1LaIcxFow=
27,-40,qeVh94pGXK9IatAoWSGhCIB3fwY=,U0ngQg6qxZcLOu6TtP1LaIcxFow=
28,-40,qeVh94pGXK9IatAoWSGhCIB3fwY=,U0ngQg6qxZcLOu6TtP1LaIcxFow=
30,-40,qeVh94pGXK9IatAoWSGhCIB3fwY=,U0ngQg6qxZcLOu6TtP1LaIcxFow=
21,-48,qeVh94pGXK9IatAoWSGhCIB3fwY=,U0ngQg6qxZcLOu6TtP1LaIcxFow=
20,-40,qeVh94pGXK9IatAoWSGhCIB3fwY=,U0ngQg6qxZcLOu6TtP1LaIcxFow=
27,-39,qeVh94pGXK9IatAoWSGhCIB3fwY=,U0ngQg6qxZcLOu6TtP1LaIcxFow=
22,-40,qeVh94pGXK9IatAoWSGhCIB3fwY=,U0ngQg6qxZcLOu6TtP1LaIcxFow=
22,-46,qeVh94pGXK9IatAoWSGhCIB3fwY=,U0ngQg6qxZcLOu6TtP1LaIcxFow=
19,-40,qeVh94pGXK9IatAoWSGhCIB3fwY=,U0ngQg6qxZcLOu6TtP1LaIcxFow=
23,-40,qeVh94pGXK9IatAoWSGhCIB3fwY=,U0ngQg6qxZcLOu6TtP1LaIcxFow=
17,-40,qeVh94pGXK9IatAoWSGhCIB3fwY=,U0ngQg6qxZcLOu6TtP1LaIcxFow=
27,-41,qeVh94pGXK9IatAoWSGhCIB3fwY=,U0ngQg6qxZcLOu6TtP1LaIcxFow=
25,-41,qeVh94pGXK9IatAoWSGhCIB3fwY=,U0ngQg6qxZcLOu6TtP1LaIcxFow=
16,-40,qeVh94pGXK9IatAoWSGhCIB3fwY=,U0ngQg6qxZcLOu6TtP1LaIcxFow=
25,-48,qeVh94pGXK9IatAoWSGhCIB3fwY=,U0ngQg6qxZcLOu6TtP1LaIcxFow=
28,-41,qeVh94pGXK9IatAoWSGhCIB3fwY=,U0ngQg6qxZcLOu6TtP1LaIcxFow=
24,-41,qeVh94pGXK9IatAoWSGhCIB3fwY=,U0ngQg6qxZcLOu6TtP1LaIcxFow=
21,-39,qeVh94pGXK9IatAoWSGhCIB3fwY=,U0ngQg6qxZcLOu6TtP1LaIcxFow=
26,-41,qeVh94pGXK9IatAoWSGhCIB3fwY=,U0ngQg6qxZcLOu6TtP1LaIcxFow=
29,-41,qeVh94pGXK9IatAoWSGhCIB3fwY=,U0ngQg6qxZcLOu6TtP1LaIcxFow=
21,-41,qeVh94pGXK9IatAoWSGhCIB3fwY=,U0ngQg6qxZcLOu6TtP1LaIcxFow=
20,-41,qeVh94pGXK9IatAoWSGhCIB3fwY=,U0ngQg6qxZcLOu6TtP1LaIcxFow=
22,-41,qeVh94pGXK9IatAoWSGhCIB3fwY=,U0ngQg6qxZcLOu6TtP1LaIcxFow=
23,-41,qeVh94pGXK9IatAoWSGhCIB3fwY=,U0ngQg6qxZcLOu6TtP1LaIcxFow=
26,-39,qeVh94pGXK9IatAoWSGhCIB3fwY=,U0ngQg6qxZcLOu6TtP1LaIcxFow=
19,-41,qeVh94pGXK9IatAoWSGhCIB3fwY=,U0ngQg6qxZcLOu6TtP1LaIcxFow=
17,-41,qeVh94pGXK9IatAoWSGhCIB3fwY=,U0ngQg6qxZcLOu6TtP1LaIcxFow=
29,-39,qeVh94pGXK9IatAoWSGhCIB3fwY=,U0ngQg6qxZcLOu6TtP1LaIcxFow=
27,-42,qeVh94pGXK9IatAoWSGhCIB3fwY=,U0ngQg6qxZcLOu6TtP1LaIcxFow=
26,-42,qeVh94pGXK9IatAoWSGhCIB3fwY=,U0ngQg6qxZcLOu6TtP1LaIcxFow=
18,-41,qeVh94pGXK9IatAoWSGhCIB3fwY=,U0ngQg6qxZcLOu6TtP1LaIcxFow=
21,-46,qeVh94pGXK9IatAoWSGhCIB3fwY=,U0ngQg6qxZcLOu6TtP1LaIcxFow=
24,-48,qeVh94pGXK9IatAoWSGhCIB3fwY=,U0ngQg6qxZcLOu6TtP1LaIcxFow=
30,-42,qeVh94pGXK9IatAoWSGhCIB3fwY=,U0ngQg6qxZcLOu6TtP1LaIcxFow=
28,-42,qeVh94pGXK9IatAoWSGhCIB3fwY=,U0ngQg6qxZcLOu6TtP1LaIcxFow=
25,-42,qeVh94pGXK9IatAoWSGhCIB3fwY=,U0ngQg6qxZcLOu6TtP1LaIcxFow=
16,-41,qeVh94pGXK9IatAoWSGhCIB3fwY=,U0ngQg6qxZcLOu6TtP1LaIcxFow=
24,-42,qeVh94pGXK9IatAoWSGhCIB3fwY=,U0ngQg6qxZcLOu6TtP1LaIcxFow=
29,-42,qeVh94pGXK9IatAoWSGhCIB3fwY=,U0ngQg6qxZcLOu6TtP1LaIcxFow=
20,-46,qeVh94pGXK9IatAoWSGhCIB3fwY=,U0ngQg6qxZcLOu6TtP1LaIcxFow=
17,-42,qeVh94pGXK9IatAoWSGhCIB3fwY=,U0ngQg6qxZcLOu6TtP1LaIcxFow=
23,-37,qeVh94pGXK9IatAoWSGhCIB3fwY=,U0ngQg6qxZcLOu6TtP1LaIcxFow=
18,-42,qeVh94pGXK9IatAoWSGhCIB3fwY=,U0ngQg6qxZcLOu6TtP1LaIcxFow=
21,-42,qeVh94pGXK9IatAoWSGhCIB3fwY=,U0ngQg6qxZcLOu6TtP1LaIcxFow=
19,-42,qeVh94pGXK9IatAoWSGhCIB3fwY=,U0ngQg6qxZcLOu6TtP1LaIcxFow=
30,-43,qeVh94pGXK9IatAoWSGhCIB3fwY=,U0ngQg6qxZcLOu6TtP1LaIcxFow=
23,-42,qeVh94pGXK9IatAoWSGhCIB3fwY=,U0ngQg6qxZcLOu6TtP1LaIcxFow=
29,-43,qeVh94pGXK9IatAoWSGhCIB3fwY=,U0ngQg6qxZcLOu6TtP1LaIcxFow=
22,-42,qeVh94pGXK9IatAoWSGhCIB3fwY=,U0ngQg6qxZcLOu6TtP1LaIcxFow=
20,-42,qeVh94pGXK9IatAoWSGhCIB3fwY=,U0ngQg6qxZcLOu6TtP1LaIcxFow=
31,-43,qeVh94pGXK9IatAoWSGhCIB3fwY=,U0ngQg6qxZcLOu6TtP1LaIcxFow=
23,-48,qeVh94pGXK9IatAoWSGhCIB3fwY=,U0ngQg6qxZcLOu6TtP1LaIcxFow=
26,-43,qeVh94pGXK9IatAoWSGhCIB3fwY=,U0ngQg6qxZcLOu6TtP1LaIcxFow=
28,-43,qeVh94pGXK9IatAoWSGhCIB3fwY=,U0ngQg6qxZcLOu6TtP1LaIcxFow=
27,-43,qeVh94pGXK9IatAoWSGhCIB3fwY=,U0ngQg6qxZcLOu6TtP1LaIcxFow=
25,-43,qeVh94pGXK9IatAoWSGhCIB3fwY=,U0ngQg6qxZcLOu6TtP1LaIcxFow=
21,-43,qeVh94pGXK9IatAoWSGhCIB3fwY=,U0ngQg6qxZcLOu6TtP1LaIcxFow=
24,-43,qeVh94pGXK9IatAoWSGhCIB3fwY=,U0ngQg6qxZcLOu6TtP1LaIcxFow=
16,-43,qeVh94pGXK9IatAoWSGhCIB3fwY=,U0ngQg6qxZcLOu6TtP1LaIcxFow=
19,-46,qeVh94pGXK9IatAoWSGhCIB3fwY=,U0ngQg6qxZcLOu6TtP1LaIcxFow=
20,-43,qeVh94pGXK9IatAoWSGhCIB3fwY=,U0ngQg6qxZcLOu6TtP1LaIcxFow=
19,-43,qeVh94pGXK9IatAoWSGhCIB3fwY=,U0ngQg6qxZcLOu6TtP1LaIcxFow=
23,-43,qeVh94pGXK9IatAoWSGhCIB3fwY=,U0ngQg6qxZcLOu6TtP1LaIcxFow=
22,-43,qeVh94pGXK9IatAoWSGhCIB3fwY=,U0ngQg6qxZcLOu6TtP1LaIcxFow=
30,-36,qeVh94pGXK9IatAoWSGhCIB3fwY=,U0ngQg6qxZcLOu6TtP1LaIcxFow=
18,-43,qeVh94pGXK9IatAoWSGhCIB3fwY=,U0ngQg6qxZcLOu6TtP1LaIcxFow=
27,-44,qeVh94pGXK9IatAoWSGhCIB3fwY=,U0ngQg6qxZcLOu6TtP1LaIcxFow=
30,-41,qeVh94pGXK9IatAoWSGhCIB3fwY=,U0ngQg6qxZcLOu6TtP1LaIcxFow=
31,-44,qeVh94pGXK9IatAoWSGhCIB3fwY=,U0ngQg6qxZcLOu6TtP1LaIcxFow=
24,-44,qeVh94pGXK9IatAoWSGhCIB3fwY=,U0ngQg6qxZcLOu6TtP1LaIcxFow=
26,-44,qeVh94pGXK9IatAoWSGhCIB3fwY=,U0ngQg6qxZcLOu6TtP1LaIcxFow=
25,-44,qeVh94pGXK9IatAoWSGhCIB3fwY=,U0ngQg6qxZcLOu6TtP1LaIcxFow=
28,-44,qeVh94pGXK9IatAoWSGhCIB3fwY=,U0ngQg6qxZcLOu6TtP1LaIcxFow=
31,-41,qeVh94pGXK9IatAoWSGhCIB3fwY=,U0ngQg6qxZcLOu6TtP1LaIcxFow=
17,-43,qeVh94pGXK9IatAoWSGhCIB3fwY=,U0ngQg6qxZcLOu6TtP1LaIcxFow=
21,-40,qeVh94pGXK9IatAoWSGhCIB3fwY=,U0ngQg6qxZcLOu6TtP1LaIcxFow=
23,-44,qeVh94pGXK9IatAoWSGhCIB3fwY=,U0ngQg6qxZcLOu6TtP1LaIcxFow=
16,-42,qeVh94pGXK9IatAoWSGhCIB3fwY=,U0ngQg6qxZcLOu6TtP1LaIcxFow=
30,-44,qeVh94pGXK9IatAoWSGhCIB3fwY=,U0ngQg6qxZcLOu6TtP1LaIcxFow=
22,-44,qeVh94pGXK9IatAoWSGhCIB3fwY=,U0ngQg6qxZcLOu6TtP1LaIcxFow=
18,-40,qeVh94pGXK9IatAoWSGhCIB3fwY=,U0ngQg6qxZcLOu6TtP1LaIcxFow=
21,-44,qeVh94pGXK9IatAoWSGhCIB3fwY=,U0ngQg6qxZcLOu6TtP1LaIcxFow=
22,-48,qeVh94pGXK9IatAoWSGhCIB3fwY=,U0ngQg6qxZcLOu6TtP1LaIcxFow=
31,-42,qeVh94pGXK9IatAoWSGhCIB3fwY=,U0ngQg6qxZcLOu6TtP1LaIcxFow=
29,-44,qeVh94pGXK9IatAoWSGhCIB3fwY=,U0ngQg6qxZcLOu6TtP1LaIcxFow=
26,-46,qeVh94pGXK9IatAoWSGhCIB3fwY=,U0ngQg6qxZcLOu6TtP1LaIcxFow=
31,-49,YtcY9AZhyoc0i3xDNfLo+nrc/ek=,DWwcm4OnrerqG0+oF1yX4itXPM0=
28,-62,YtcY9AZhyoc0i3xDNfLo+nrc/ek=,DWwcm4OnrerqG0+oF1yX4itXPM0=
26,-62,YtcY9AZhyoc0i3xDNfLo+nrc/ek=,DWwcm4OnrerqG0+oF1yX4itXPM0=
27,-62,YtcY9AZhyoc0i3xDNfLo+nrc/ek=,DWwcm4OnrerqG0+oF1yX4itXPM0=
28,-61,YtcY9AZhyoc0i3xDNfLo+nrc/ek=,DWwcm4OnrerqG0+oF1yX4itXPM0=
25,-62,YtcY9AZhyoc0i3xDNfLo+nrc/ek=,DWwcm4OnrerqG0+oF1yX4itXPM0=
29,-62,YtcY9AZhyoc0i3xDNfLo+nrc/ek=,DWwcm4OnrerqG0+oF1yX4itXPM0=
27,-61,YtcY9AZhyoc0i3xDNfLo+nrc/ek=,DWwcm4OnrerqG0+oF1yX4itXPM0=
19,-64,YtcY9AZhyoc0i3xDNfLo+nrc/ek=,DWwcm4OnrerqG0+oF1yX4itXPM0=
30,-49,YtcY9AZhyoc0i3xDNfLo+nrc/ek=,DWwcm4OnrerqG0+oF1yX4itXPM0=
23,-62,YtcY9AZhyoc0i3xDNfLo+nrc/ek=,DWwcm4OnrerqG0+oF1yX4itXPM0=
28,-49,YtcY9AZhyoc0i3xDNfLo+nrc/ek=,DWwcm4OnrerqG0+oF1yX4itXPM0=
27,-49,YtcY9AZhyoc0i3xDNfLo+nrc/ek=,DWwcm4OnrerqG0+oF1yX4itXPM0=
29,-49,YtcY9AZhyoc0i3xDNfLo+nrc/ek=,DWwcm4OnrerqG0+oF1yX4itXPM0=
26,-49,YtcY9AZhyoc0i3xDNfLo+nrc/ek=,DWwcm4OnrerqG0+oF1yX4itXPM0=
25,-49,YtcY9AZhyoc0i3xDNfLo+nrc/ek=,DWwcm4OnrerqG0+oF1yX4itXPM0=
30,-62,YtcY9AZhyoc0i3xDNfLo+nrc/ek=,DWwcm4OnrerqG0+oF1yX4itXPM0=
24,-49,YtcY9AZhyoc0i3xDNfLo+nrc/ek=,DWwcm4OnrerqG0+oF1yX4itXPM0=
20,-64,YtcY9AZhyoc0i3xDNfLo+nrc/ek=,DWwcm4OnrerqG0+oF1yX4itXPM0=
23,-49,YtcY9AZhyoc0i3xDNfLo+nrc/ek=,DWwcm4OnrerqG0+oF1yX4itXPM0=
31,-63,YtcY9AZhyoc0i3xDNfLo+nrc/ek=,DWwcm4OnrerqG0+oF1yX4itXPM0=
22,-49,YtcY9AZhyoc0i3xDNfLo+nrc/ek=,DWwcm4OnrerqG0+oF1yX4itXPM0=
22,-62,YtcY9AZhyoc0i3xDNfLo+nrc/ek=,DWwcm4OnrerqG0+oF1yX4itXPM0=
20,-49,YtcY9AZhyoc0i3xDNfLo+nrc/ek=,DWwcm4OnrerqG0+oF1yX4itXPM0=
18,-49,YtcY9AZhyoc0i3xDNfLo+nrc/ek=,DWwcm4OnrerqG0+oF1yX4itXPM0=
18,-62,YtcY9AZhyoc0i3xDNfLo+nrc/ek=,DWwcm4OnrerqG0+oF1yX4itXPM0=
17,-49,YtcY9AZhyoc0i3xDNfLo+nrc/ek=,DWwcm4OnrerqG0+oF1yX4itXPM0=
26,-61,YtcY9AZhyoc0i3xDNfLo+nrc/ek=,DWwcm4OnrerqG0+oF1yX4itXPM0=
19,-62,YtcY9AZhyoc0i3xDNfLo+nrc/ek=,DWwcm4OnrerqG0+oF1yX4itXPM0=
16,-49,YtcY9AZhyoc0i3xDNfLo+nrc/ek=,DWwcm4OnrerqG0+oF1yX4itXPM0=
30,-50,YtcY9AZhyoc0i3xDNfLo+nrc/ek=,DWwcm4OnrerqG0+oF1yX4itXPM0=
31,-50,YtcY9AZhyoc0i3xDNfLo+nrc/ek=,DWwcm4OnrerqG0+oF1yX4itXPM0=
29,-50,YtcY9AZhyoc0i3xDNfLo+nrc/ek=,DWwcm4OnrerqG0+oF1yX4itXPM0=
28,-50,YtcY9AZhyoc0i3xDNfLo+nrc/ek=,DWwcm4OnrerqG0+oF1yX4itXPM0=
27,-50,YtcY9AZhyoc0i3xDNfLo+nrc/ek=,DWwcm4OnrerqG0+oF1yX4itXPM0=
25,-50,YtcY9AZhyoc0i3xDNfLo+nrc/ek=,DWwcm4OnrerqG0+oF1yX4itXPM0=
24,-50,YtcY9AZhyoc0i3xDNfLo+nrc/ek=,DWwcm4OnrerqG0+oF1yX4itXPM0=
23,-50,YtcY9AZhyoc0i3xDNfLo+nrc/ek=,DWwcm4OnrerqG0+oF1yX4itXPM0=
22,-50,YtcY9AZhyoc0i3xDNfLo+nrc/ek=,DWwcm4OnrerqG0+oF1yX4itXPM0=
17,-62,YtcY9AZhyoc0i3xDNfLo+nrc/ek=,DWwcm4OnrerqG0+oF1yX4itXPM0=
21,-49,YtcY9AZhyoc0i3xDNfLo+nrc/ek=,DWwcm4OnrerqG0+oF1yX4itXPM0=
19,-50,YtcY9AZhyoc0i3xDNfLo+nrc/ek=,DWwcm4OnrerqG0+oF1yX4itXPM0=
18,-50,YtcY9AZhyoc0i3xDNfLo+nrc/ek=,DWwcm4OnrerqG0+oF1yX4itXPM0=
16,-62,YtcY9AZhyoc0i3xDNfLo+nrc/ek=,DWwcm4OnrerqG0+oF1yX4itXPM0=
26,-50,YtcY9AZhyoc0i3xDNfLo+nrc/ek=,DWwcm4OnrerqG0+oF1yX4itXPM0=
29,-61,YtcY9AZhyoc0i3xDNfLo+nrc/ek=,DWwcm4OnrerqG0+oF1yX4itXPM0=
21,-50,YtcY9AZhyoc0i3xDNfLo+nrc/ek=,DWwcm4OnrerqG0+oF1yX4itXPM0=
25,-61,YtcY9AZhyoc0i3xDNfLo+nrc/ek=,DWwcm4OnrerqG0+oF1yX4itXPM0=
17,-50,YtcY9AZhyoc0i3xDNfLo+nrc/ek=,DWwcm4OnrerqG0+oF1yX4itXPM0=
20,-50,YtcY9AZhyoc0i3xDNfLo+nrc/ek=,DWwcm4OnrerqG0+oF1yX4itXPM0=
16,-50,YtcY9AZhyoc0i3xDNfLo+nrc/ek=,DWwcm4OnrerqG0+oF1yX4itXPM0=
31,-51,YtcY9AZhyoc0i3xDNfLo+nrc/ek=,DWwcm4OnrerqG0+oF1yX4itXPM0=
30,-51,YtcY9AZhyoc0i3xDNfLo+nrc/ek=,DWwcm4OnrerqG0+oF1yX4itXPM0=
29,-51,YtcY9AZhyoc0i3xDNfLo+nrc/ek=,DWwcm4OnrerqG0+oF1yX4itXPM0=
28,-51,YtcY9AZhyoc0i3xDNfLo+nrc/ek=,DWwcm4OnrerqG0+oF1yX4itXPM0=
27,-51,YtcY9AZhyoc0i3xDNfLo+nrc/ek=,DWwcm4OnrerqG0+oF1yX4itXPM0=
26,-51,YtcY9AZhyoc0i3xDNfLo+nrc/ek=,DWwcm4OnrerqG0+oF1yX4itXPM0=
25,-51,YtcY9AZhyoc0i3xDNfLo+nrc/ek=,DWwcm4OnrerqG0+oF1yX4itXPM0=
24,-51,YtcY9AZhyoc0i3xDNfLo+nrc/ek=,DWwcm4OnrerqG0+oF1yX4itXPM0=
23,-51,YtcY9AZhyoc0i3xDNfLo+nrc/ek=,DWwcm4OnrerqG0+oF1yX4itXPM0=
30,-63,YtcY9AZhyoc0i3xDNfLo+nrc/ek=,DWwcm4OnrerqG0+oF1yX4itXPM0=
19,-49,YtcY9AZhyoc0i3xDNfLo+nrc/ek=,DWwcm4OnrerqG0+oF1yX4itXPM0=
18,-64,YtcY9AZhyoc0i3xDNfLo+nrc/ek=,DWwcm4OnrerqG0+oF1yX4itXPM0=
17,-63,YtcY9AZhyoc0i3xDNfLo+nrc/ek=,DWwcm4OnrerqG0+oF1yX4itXPM0=
22,-51,YtcY9AZhyoc0i3xDNfLo+nrc/ek=,DWwcm4OnrerqG0+oF1yX4itXPM0=
16,-63,YtcY9AZhyoc0i3xDNfLo+nrc/ek=,DWwcm4OnrerqG0+oF1yX4itXPM0=
20,-51,YtcY9AZhyoc0i3xDNfLo+nrc/ek=,DWwcm4OnrerqG0+oF1yX4itXPM0=
19,-51,YtcY9AZhyoc0i3xDNfLo+nrc/ek=,DWwcm4OnrerqG0+oF1yX4itXPM0=
30,-61,YtcY9AZhyoc0i3xDNfLo+nrc/ek=,DWwcm4OnrerqG0+oF1yX4itXPM0=
21,-64,YtcY9AZhyoc0i3xDNfLo+nrc/ek=,DWwcm4OnrerqG0+oF1yX4itXPM0=
17,-64,YtcY9AZhyoc0i3xDNfLo+nrc/ek=,DWwcm4OnrerqG0+oF1yX4itXPM0=
28,-63,YtcY9AZhyoc0i3xDNfLo+nrc/ek=,DWwcm4OnrerqG0+oF1yX4itXPM0=
29,-63,YtcY9AZhyoc0i3xDNfLo+nrc/ek=,DWwcm4OnrerqG0+oF1yX4itXPM0=
31,-52,YtcY9AZhyoc0i3xDNfLo+nrc/ek=,DWwcm4OnrerqG0+oF1yX4itXPM0=
30,-52,YtcY9AZhyoc0i3xDNfLo+nrc/ek=,DWwcm4OnrerqG0+oF1yX4itXPM0=
29,-52,YtcY9AZhyoc0i3xDNfLo+nrc/ek=,DWwcm4OnrerqG0+oF1yX4itXPM0=
28,-52,YtcY9AZhyoc0i3xDNfLo+nrc/ek=,DWwcm4OnrerqG0+oF1yX4itXPM0=
27,-52,YtcY9AZhyoc0i3xDNfLo+nrc/ek=,DWwcm4OnrerqG0+oF1yX4itXPM0=
26,-52,YtcY9AZhyoc0i3xDNfLo+nrc/ek=,DWwcm4OnrerqG0+oF1yX4itXPM0=
25,-52,YtcY9AZhyoc0i3xDNfLo+nrc/ek=,DWwcm4OnrerqG0+oF1yX4itXPM0=
24,-52,YtcY9AZhyoc0i3xDNfLo+nrc/ek=,DWwcm4OnrerqG0+oF1yX4itXPM0=
23,-52,YtcY9AZhyoc0i3xDNfLo+nrc/ek=,DWwcm4OnrerqG0+oF1yX4itXPM0=
21,-51,YtcY9AZhyoc0i3xDNfLo+nrc/ek=,DWwcm4OnrerqG0+oF1yX4itXPM0=
21,-52,YtcY9AZhyoc0i3xDNfLo+nrc/ek=,DWwcm4OnrerqG0+oF1yX4itXPM0=
18,-51,YtcY9AZhyoc0i3xDNfLo+nrc/ek=,DWwcm4OnrerqG0+oF1yX4itXPM0=
30,-64,YtcY9AZhyoc0i3xDNfLo+nrc/ek=,DWwcm4OnrerqG0+oF1yX4itXPM0=
31,-64,YtcY9AZhyoc0i3xDNfLo+nrc/ek=,DWwcm4OnrerqG0+oF1yX4itXPM0=
17,-51,YtcY9AZhyoc0i3xDNfLo+nrc/ek=,DWwcm4OnrerqG0+oF1yX4itXPM0=
16,-51,YtcY9AZhyoc0i3xDNfLo+nrc/ek=,DWwcm4OnrerqG0+oF1yX4itXPM0=
17,-52,YtcY9AZhyoc0i3xDNfLo+nrc/ek=,DWwcm4OnrerqG0+oF1yX4itXPM0=
27,-63,YtcY9AZhyoc0i3xDNfLo+nrc/ek=,DWwcm4OnrerqG0+oF1yX4itXPM0=
31,-53,YtcY9AZhyoc0i3xDNfLo+nrc/ek=,DWwcm4OnrerqG0+oF1yX4itXPM0=
30,-53,YtcY9AZhyoc0i3xDNfLo+nrc/ek=,DWwcm4OnrerqG0+oF1yX4itXPM0=
29,-53,YtcY9AZhyoc0i3xDNfLo+nrc/ek=,DWwcm4OnrerqG0+oF1yX4itXPM0=
28,-53,YtcY9AZhyoc0i3xDNfLo+nrc/ek=,DWwcm4OnrerqG0+oF1yX4itXPM0=
27,-53,YtcY9AZhyoc0i3xDNfLo+nrc/ek=,DWwcm4OnrerqG0+oF1yX4itXPM0=
26,-53,YtcY9AZhyoc0i3xDNfLo+nrc/ek=,DWwcm4OnrerqG0+oF1yX4itXPM0=
25,-53,YtcY9AZhyoc0i3xDNfLo+nrc/ek=,DWwcm4OnrerqG0+oF1yX4itXPM0=
24,-53,YtcY9AZhyoc0i3xDNfLo+nrc/ek=,DWwcm4OnrerqG0+oF1yX4itXPM0=
18,-52,YtcY9AZhyoc0i3xDNfLo+nrc/ek=,DWwcm4OnrerqG0+oF1yX4itXPM0=
22,-52,YtcY9AZhyoc0i3xDNfLo+nrc/ek=,DWwcm4OnrerqG0+oF1yX4itXPM0=
29,-64,YtcY9AZhyoc0i3xDNfLo+nrc/ek=,DWwcm4OnrerqG0+oF1yX4itXPM0=
23,-53,YtcY9AZhyoc0i3xDNfLo+nrc/ek=,DWwcm4OnrerqG0+oF1yX4itXPM0=
18,-53,YtcY9AZhyoc0i3xDNfLo+nrc/ek=,DWwcm4OnrerqG0+oF1yX4itXPM0=
17,-53,YtcY9AZhyoc0i3xDNfLo+nrc/ek=,DWwcm4OnrerqG0+oF1yX4itXPM0=
24,-62,YtcY9AZhyoc0i3xDNfLo+nrc/ek=,DWwcm4OnrerqG0+oF1yX4itXPM0=
26,-63,YtcY9AZhyoc0i3xDNfLo+nrc/ek=,DWwcm4OnrerqG0+oF1yX4itXPM0=
31,-54,YtcY9AZhyoc0i3xDNfLo+nrc/ek=,DWwcm4OnrerqG0+oF1yX4itXPM0=
30,-54,YtcY9AZhyoc0i3xDNfLo+nrc/ek=,DWwcm4OnrerqG0+oF1yX4itXPM0=
29,-54,YtcY9AZhyoc0i3xDNfLo+nrc/ek=,DWwcm4OnrerqG0+oF1yX4itXPM0=
27,-54,YtcY9AZhyoc0i3xDNfLo+nrc/ek=,DWwcm4OnrerqG0+oF1yX4itXPM0=
28,-54,YtcY9AZhyoc0i3xDNfLo+nrc/ek=,DWwcm4OnrerqG0+oF1yX4itXPM0=
26,-54,YtcY9AZhyoc0i3xDNfLo+nrc/ek=,DWwcm4OnrerqG0+oF1yX4itXPM0=
25,-54,YtcY9AZhyoc0i3xDNfLo+nrc/ek=,DWwcm4OnrerqG0+oF1yX4itXPM0=
22,-53,YtcY9AZhyoc0i3xDNfLo+nrc/ek=,DWwcm4OnrerqG0+oF1yX4itXPM0=
20,-53,YtcY9AZhyoc0i3xDNfLo+nrc/ek=,DWwcm4OnrerqG0+oF1yX4itXPM0=
24,-54,YtcY9AZhyoc0i3xDNfLo+nrc/ek=,DWwcm4OnrerqG0+oF1yX4itXPM0=
28,-64,YtcY9AZhyoc0i3xDNfLo+nrc/ek=,DWwcm4OnrerqG0+oF1yX4itXPM0=
19,-52,YtcY9AZhyoc0i3xDNfLo+nrc/ek=,DWwcm4OnrerqG0+oF1yX4itXPM0=
19,-53,YtcY9AZhyoc0i3xDNfLo+nrc/ek=,DWwcm4OnrerqG0+oF1yX4itXPM0=
23,-61,YtcY9AZhyoc0i3xDNfLo+nrc/ek=,DWwcm4OnrerqG0+oF1yX4itXPM0=
16,-53,YtcY9AZhyoc0i3xDNfLo+nrc/ek=,DWwcm4OnrerqG0+oF1yX4itXPM0=
21,-54,YtcY9AZhyoc0i3xDNfLo+nrc/ek=,DWwcm4OnrerqG0+oF1yX4itXPM0=
22,-61,YtcY9AZhyoc0i3xDNfLo+nrc/ek=,DWwcm4OnrerqG0+oF1yX4itXPM0=
22,-54,YtcY9AZhyoc0i3xDNfLo+nrc/ek=,DWwcm4OnrerqG0+oF1yX4itXPM0=
25,-63,YtcY9AZhyoc0i3xDNfLo+nrc/ek=,DWwcm4OnrerqG0+oF1yX4itXPM0=
31,-55,YtcY9AZhyoc0i3xDNfLo+nrc/ek=,DWwcm4OnrerqG0+oF1yX4itXPM0=
30,-55,YtcY9AZhyoc0i3xDNfLo+nrc/ek=,DWwcm4OnrerqG0+oF1yX4itXPM0=
29,-55,YtcY9AZhyoc0i3xDNfLo+nrc/ek=,DWwcm4OnrerqG0+oF1yX4itXPM0=
28,-55,YtcY9AZhyoc0i3xDNfLo+nrc/ek=,DWwcm4OnrerqG0+oF1yX4itXPM0=
27,-55,YtcY9AZhyoc0i3xDNfLo+nrc/ek=,DWwcm4OnrerqG0+oF1yX4itXPM0=
26,-55,YtcY9AZhyoc0i3xDNfLo+nrc/ek=,DWwcm4OnrerqG0+oF1yX4itXPM0=
25,-55,YtcY9AZhyoc0i3xDNfLo+nrc/ek=,DWwcm4OnrerqG0+oF1yX4itXPM0=
17,-54,YtcY9AZhyoc0i3xDNfLo+nrc/ek=,DWwcm4OnrerqG0+oF1yX4itXPM0=
27,-64,YtcY9AZhyoc0i3xDNfLo+nrc/ek=,DWwcm4OnrerqG0+oF1yX4itXPM0=
20,-54,YtcY9AZhyoc0i3xDNfLo+nrc/ek=,DWwcm4OnrerqG0+oF1yX4itXPM0=
18,-54,YtcY9AZhyoc0i3xDNfLo+nrc/ek=,DWwcm4OnrerqG0+oF1yX4itXPM0=
20,-62,YtcY9AZhyoc0i3xDNfLo+nrc/ek=,DWwcm4OnrerqG0+oF1yX4itXPM0=
19,-54,YtcY9AZhyoc0i3xDNfLo+nrc/ek=,DWwcm4OnrerqG0+oF1yX4itXPM0=
16,-54,YtcY9AZhyoc0i3xDNfLo+nrc/ek=,DWwcm4OnrerqG0+oF1yX4itXPM0=
18,-63,YtcY9AZhyoc0i3xDNfLo+nrc/ek=,DWwcm4OnrerqG0+oF1yX4itXPM0=
23,-55,YtcY9AZhyoc0i3xDNfLo+nrc/ek=,DWwcm4OnrerqG0+oF1yX4itXPM0=
19,-55,YtcY9AZhyoc0i3xDNfLo+nrc/ek=,DWwcm4OnrerqG0+oF1yX4itXPM0=
24,-55,YtcY9AZhyoc0i3xDNfLo+nrc/ek=,DWwcm4OnrerqG0+oF1yX4itXPM0=
24,-63,YtcY9AZhyoc0i3xDNfLo+nrc/ek=,DWwcm4OnrerqG0+oF1yX4itXPM0=
30,-56,YtcY9AZhyoc0i3xDNfLo+nrc/ek=,DWwcm4OnrerqG0+oF1yX4itXPM0=
29,-56,YtcY9AZhyoc0i3xDNfLo+nrc/ek=,DWwcm4OnrerqG0+oF1yX4itXPM0=
28,-56,YtcY9AZhyoc0i3xDNfLo+nrc/ek=,DWwcm4OnrerqG0+oF1yX4itXPM0=
27,-56,YtcY9AZhyoc0i3xDNfLo+nrc/ek=,DWwcm4OnrerqG0+oF1yX4itXPM0=
26,-56,YtcY9AZhyoc0i3xDNfLo+nrc/ek=,DWwcm4OnrerqG0+oF1yX4itXPM0=
25,-56,YtcY9AZhyoc0i3xDNfLo+nrc/ek=,DWwcm4OnrerqG0+oF1yX4itXPM0=
26,-64,YtcY9AZhyoc0i3xDNfLo+nrc/ek=,DWwcm4OnrerqG0+oF1yX4itXPM0=
22,-55,YtcY9AZhyoc0i3xDNfLo+nrc/ek=,DWwcm4OnrerqG0+oF1yX4itXPM0=
21,-55,YtcY9AZhyoc0i3xDNfLo+nrc/ek=,DWwcm4OnrerqG0+oF1yX4itXPM0=
20,-55,YtcY9AZhyoc0i3xDNfLo+nrc/ek=,DWwcm4OnrerqG0+oF1yX4itXPM0=
18,-55,YtcY9AZhyoc0i3xDNfLo+nrc/ek=,DWwcm4OnrerqG0+oF1yX4itXPM0=
23,-54,YtcY9AZhyoc0i3xDNfLo+nrc/ek=,DWwcm4OnrerqG0+oF1yX4itXPM0=
16,-55,YtcY9AZhyoc0i3xDNfLo+nrc/ek=,DWwcm4OnrerqG0+oF1yX4itXPM0=
19,-61,YtcY9AZhyoc0i3xDNfLo+nrc/ek=,DWwcm4OnrerqG0+oF1yX4itXPM0=
23,-56,YtcY9AZhyoc0i3xDNfLo+nrc/ek=,DWwcm4OnrerqG0+oF1yX4itXPM0=
24,-56,YtcY9AZhyoc0i3xDNfLo+nrc/ek=,DWwcm4OnrerqG0+oF1yX4itXPM0=
31,-57,YtcY9AZhyoc0i3xDNfLo+nrc/ek=,DWwcm4OnrerqG0+oF1yX4itXPM0=
20,-56,YtcY9AZhyoc0i3xDNfLo+nrc/ek=,DWwcm4OnrerqG0+oF1yX4itXPM0=
30,-57,YtcY9AZhyoc0i3xDNfLo+nrc/ek=,DWwcm4OnrerqG0+oF1yX4itXPM0=
29,-57,YtcY9AZhyoc0i3xDNfLo+nrc/ek=,DWwcm4OnrerqG0+oF1yX4itXPM0=
28,-57,YtcY9AZhyoc0i3xDNfLo+nrc/ek=,DWwcm4OnrerqG0+oF1yX4itXPM0=
27,-57,YtcY9AZhyoc0i3xDNfLo+nrc/ek=,DWwcm4OnrerqG0+oF1yX4itXPM0=
26,-57,YtcY9AZhyoc0i3xDNfLo+nrc/ek=,DWwcm4OnrerqG0+oF1yX4itXPM0=
25,-57,YtcY9AZhyoc0i3xDNfLo+nrc/ek=,DWwcm4OnrerqG0+oF1yX4itXPM0=
25,-64,YtcY9AZhyoc0i3xDNfLo+nrc/ek=,DWwcm4OnrerqG0+oF1yX4itXPM0=
22,-56,YtcY9AZhyoc0i3xDNfLo+nrc/ek=,DWwcm4OnrerqG0+oF1yX4itXPM0=
18,-56,YtcY9AZhyoc0i3xDNfLo+nrc/ek=,DWwcm4OnrerqG0+oF1yX4itXPM0=
19,-56,YtcY9AZhyoc0i3xDNfLo+nrc/ek=,DWwcm4OnrerqG0+oF1yX4itXPM0=
17,-56,YtcY9AZhyoc0i3xDNfLo+nrc/ek=,DWwcm4OnrerqG0+oF1yX4itXPM0=
24,-57,YtcY9AZhyoc0i3xDNfLo+nrc/ek=,DWwcm4OnrerqG0+oF1yX4itXPM0=
18,-61,YtcY9AZhyoc0i3xDNfLo+nrc/ek=,DWwcm4OnrerqG0+oF1yX4itXPM0=
22,-57,YtcY9AZhyoc0i3xDNfLo+nrc/ek=,DWwcm4OnrerqG0+oF1yX4itXPM0=
23,-57,YtcY9AZhyoc0i3xDNfLo+nrc/ek=,DWwcm4OnrerqG0+oF1yX4itXPM0=
21,-57,YtcY9AZhyoc0i3xDNfLo+nrc/ek=,DWwcm4OnrerqG0+oF1yX4itXPM0=
31,-58,YtcY9AZhyoc0i3xDNfLo+nrc/ek=,DWwcm4OnrerqG0+oF1yX4itXPM0=
29,-58,YtcY9AZhyoc0i3xDNfLo+nrc/ek=,DWwcm4OnrerqG0+oF1yX4itXPM0=
28,-58,YtcY9AZhyoc0i3xDNfLo+nrc/ek=,DWwcm4OnrerqG0+oF1yX4itXPM0=
27,-58,YtcY9AZhyoc0i3xDNfLo+nrc/ek=,DWwcm4OnrerqG0+oF1yX4itXPM0=
26,-58,YtcY9AZhyoc0i3xDNfLo+nrc/ek=,DWwcm4OnrerqG0+oF1yX4itXPM0=
24,-64,YtcY9AZhyoc0i3xDNfLo+nrc/ek=,DWwcm4OnrerqG0+oF1yX4itXPM0=
20,-61,YtcY9AZhyoc0i3xDNfLo+nrc/ek=,DWwcm4OnrerqG0+oF1yX4itXPM0=
25,-58,YtcY9AZhyoc0i3xDNfLo+nrc/ek=,DWwcm4OnrerqG0+oF1yX4itXPM0=
20,-57,YtcY9AZhyoc0i3xDNfLo+nrc/ek=,DWwcm4OnrerqG0+oF1yX4itXPM0=
30,-58,YtcY9AZhyoc0i3xDNfLo+nrc/ek=,DWwcm4OnrerqG0+oF1yX4itXPM0=
21,-62,YtcY9AZhyoc0i3xDNfLo+nrc/ek=,DWwcm4OnrerqG0+oF1yX4itXPM0=
18,-57,YtcY9AZhyoc0i3xDNfLo+nrc/ek=,DWwcm4OnrerqG0+oF1yX4itXPM0=
16,-57,YtcY9AZhyoc0i3xDNfLo+nrc/ek=,DWwcm4OnrerqG0+oF1yX4itXPM0=
24,-58,YtcY9AZhyoc0i3xDNfLo+nrc/ek=,DWwcm4OnrerqG0+oF1yX4itXPM0=
23,-58,YtcY9AZhyoc0i3xDNfLo+nrc/ek=,DWwcm4OnrerqG0+oF1yX4itXPM0=
22,-58,YtcY9AZhyoc0i3xDNfLo+nrc/ek=,DWwcm4OnrerqG0+oF1yX4itXPM0=
20,-58,YtcY9AZhyoc0i3xDNfLo+nrc/ek=,DWwcm4OnrerqG0+oF1yX4itXPM0=
21,-58,YtcY9AZhyoc0i3xDNfLo+nrc/ek=,DWwcm4OnrerqG0+oF1yX4itXPM0=
29,-59,YtcY9AZhyoc0i3xDNfLo+nrc/ek=,DWwcm4OnrerqG0+oF1yX4itXPM0=
27,-59,YtcY9AZhyoc0i3xDNfLo+nrc/ek=,DWwcm4OnrerqG0+oF1yX4itXPM0=
23,-64,YtcY9AZhyoc0i3xDNfLo+nrc/ek=,DWwcm4OnrerqG0+oF1yX4itXPM0=
19,-58,YtcY9AZhyoc0i3xDNfLo+nrc/ek=,DWwcm4OnrerqG0+oF1yX4itXPM0=
31,-59,YtcY9AZhyoc0i3xDNfLo+nrc/ek=,DWwcm4OnrerqG0+oF1yX4itXPM0=
26,-59,YtcY9AZhyoc0i3xDNfLo+nrc/ek=,DWwcm4OnrerqG0+oF1yX4itXPM0=
18,-58,YtcY9AZhyoc0i3xDNfLo+nrc/ek=,DWwcm4OnrerqG0+oF1yX4itXPM0=
17,-58,YtcY9AZhyoc0i3xDNfLo+nrc/ek=,DWwcm4OnrerqG0+oF1yX4itXPM0=
19,-57,YtcY9AZhyoc0i3xDNfLo+nrc/ek=,DWwcm4OnrerqG0+oF1yX4itXPM0=
25,-59,YtcY9AZhyoc0i3xDNfLo+nrc/ek=,DWwcm4OnrerqG0+oF1yX4itXPM0=
30,-59,YtcY9AZhyoc0i3xDNfLo+nrc/ek=,DWwcm4OnrerqG0+oF1yX4itXPM0=
16,-61,YtcY9AZhyoc0i3xDNfLo+nrc/ek=,DWwcm4OnrerqG0+oF1yX4itXPM0=
20,-63,YtcY9AZhyoc0i3xDNfLo+nrc/ek=,DWwcm4OnrerqG0+oF1yX4itXPM0=
17,-57,YtcY9AZhyoc0i3xDNfLo+nrc/ek=,DWwcm4OnrerqG0+oF1yX4itXPM0=
21,-59,YtcY9AZhyoc0i3xDNfLo+nrc/ek=,DWwcm4OnrerqG0+oF1yX4itXPM0=
23,-59,YtcY9AZhyoc0i3xDNfLo+nrc/ek=,DWwcm4OnrerqG0+oF1yX4itXPM0=
22,-59,YtcY9AZhyoc0i3xDNfLo+nrc/ek=,DWwcm4OnrerqG0+oF1yX4itXPM0=
20,-59,YtcY9AZhyoc0i3xDNfLo+nrc/ek=,DWwcm4OnrerqG0+oF1yX4itXPM0=
31,-56,YtcY9AZhyoc0i3xDNfLo+nrc/ek=,DWwcm4OnrerqG0+oF1yX4itXPM0=
29,-60,YtcY9AZhyoc0i3xDNfLo+nrc/ek=,DWwcm4OnrerqG0+oF1yX4itXPM0=
28,-60,YtcY9AZhyoc0i3xDNfLo+nrc/ek=,DWwcm4OnrerqG0+oF1yX4itXPM0=
18,-59,YtcY9AZhyoc0i3xDNfLo+nrc/ek=,DWwcm4OnrerqG0+oF1yX4itXPM0=
22,-64,YtcY9AZhyoc0i3xDNfLo+nrc/ek=,DWwcm4OnrerqG0+oF1yX4itXPM0=
27,-60,YtcY9AZhyoc0i3xDNfLo+nrc/ek=,DWwcm4OnrerqG0+oF1yX4itXPM0=
23,-63,YtcY9AZhyoc0i3xDNfLo+nrc/ek=,DWwcm4OnrerqG0+oF1yX4itXPM0=
26,-60,YtcY9AZhyoc0i3xDNfLo+nrc/ek=,DWwcm4OnrerqG0+oF1yX4itXPM0=
17,-59,YtcY9AZhyoc0i3xDNfLo+nrc/ek=,DWwcm4OnrerqG0+oF1yX4itXPM0=
24,-60,YtcY9AZhyoc0i3xDNfLo+nrc/ek=,DWwcm4OnrerqG0+oF1yX4itXPM0=
31,-60,YtcY9AZhyoc0i3xDNfLo+nrc/ek=,DWwcm4OnrerqG0+oF1yX4itXPM0=
19,-63,YtcY9AZhyoc0i3xDNfLo+nrc/ek=,DWwcm4OnrerqG0+oF1yX4itXPM0=
25,-60,YtcY9AZhyoc0i3xDNfLo+nrc/ek=,DWwcm4OnrerqG0+oF1yX4itXPM0=
16,-56,YtcY9AZhyoc0i3xDNfLo+nrc/ek=,DWwcm4OnrerqG0+oF1yX4itXPM0=
31,-62,YtcY9AZhyoc0i3xDNfLo+nrc/ek=,DWwcm4OnrerqG0+oF1yX4itXPM0=
16,-64,YtcY9AZhyoc0i3xDNfLo+nrc/ek=,DWwcm4OnrerqG0+oF1yX4itXPM0=
21,-53,YtcY9AZhyoc0i3xDNfLo+nrc/ek=,DWwcm4OnrerqG0+oF1yX4itXPM0=
21,-60,YtcY9AZhyoc0i3xDNfLo+nrc/ek=,DWwcm4OnrerqG0+oF1yX4itXPM0=
22,-63,YtcY9AZhyoc0i3xDNfLo+nrc/ek=,DWwcm4OnrerqG0+oF1yX4itXPM0=
20,-60,YtcY9AZhyoc0i3xDNfLo+nrc/ek=,DWwcm4OnrerqG0+oF1yX4itXPM0=
21,-63,YtcY9AZhyoc0i3xDNfLo+nrc/ek=,DWwcm4OnrerqG0+oF1yX4itXPM0=
18,-60,YtcY9AZhyoc0i3xDNfLo+nrc/ek=,DWwcm4OnrerqG0+oF1yX4itXPM0=
17,-60,YtcY9AZhyoc0i3xDNfLo+nrc/ek=,DWwcm4OnrerqG0+oF1yX4itXPM0=
21,-61,YtcY9AZhyoc0i3xDNfLo+nrc/ek=,DWwcm4OnrerqG0+oF1yX4itXPM0=
30,-60,YtcY9AZhyoc0i3xDNfLo+nrc/ek=,DWwcm4OnrerqG0+oF1yX4itXPM0=
19,-59,YtcY9AZhyoc0i3xDNfLo+nrc/ek=,DWwcm4OnrerqG0+oF1yX4itXPM0=
16,-59,YtcY9AZhyoc0i3xDNfLo+nrc/ek=,DWwcm4OnrerqG0+oF1yX4itXPM0=
16,-60,YtcY9AZhyoc0i3xDNfLo+nrc/ek=,DWwcm4OnrerqG0+oF1yX4itXPM0=
20,-52,YtcY9AZhyoc0i3xDNfLo+nrc/ek=,DWwcm4OnrerqG0+oF1yX4itXPM0=
21,-56,YtcY9AZhyoc0i3xDNfLo+nrc/ek=,DWwcm4OnrerqG0+oF1yX4itXPM0=
16,-52,YtcY9AZhyoc0i3xDNfLo+nrc/ek=,DWwcm4OnrerqG0+oF1yX4itXPM0=
17,-61,YtcY9AZhyoc0i3xDNfLo+nrc/ek=,DWwcm4OnrerqG0+oF1yX4itXPM0=
24,-59,YtcY9AZhyoc0i3xDNfLo+nrc/ek=,DWwcm4OnrerqG0+oF1yX4itXPM0=
16,-58,YtcY9AZhyoc0i3xDNfLo+nrc/ek=,DWwcm4OnrerqG0+oF1yX4itXPM0=
31,-61,YtcY9AZhyoc0i3xDNfLo+nrc/ek=,DWwcm4OnrerqG0+oF1yX4itXPM0=
23,-60,YtcY9AZhyoc0i3xDNfLo+nrc/ek=,DWwcm4OnrerqG0+oF1yX4itXPM0=
28,-59,YtcY9AZhyoc0i3xDNfLo+nrc/ek=,DWwcm4OnrerqG0+oF1yX4itXPM0=
22,-60,YtcY9AZhyoc0i3xDNfLo+nrc/ek=,DWwcm4OnrerqG0+oF1yX4itXPM0=
19,-60,YtcY9AZhyoc0i3xDNfLo+nrc/ek=,DWwcm4OnrerqG0+oF1yX4itXPM0=
17,-55,YtcY9AZhyoc0i3xDNfLo+nrc/ek=,DWwcm4OnrerqG0+oF1yX4itXPM0=
24,-61,YtcY9AZhyoc0i3xDNfLo+nrc/ek=,DWwcm4OnrerqG0+oF1yX4itXPM0=
12,-49,7IQg8SwYHTXdv8wK/Y0p/XV3YA8=,5QYzIj/dvbNeD9UIM081B+2tx9E=
11,-49,FvbID4B6QaeMNQ9bAA5jIxURn1E=,5QYzIj/dvbNeD9UIM081B+2tx9E=
3,-64,pKadjM69Qju7XC1kVOUQb+bGHpM=,5QYzIj/dvbNeD9UIM081B+2tx9E=
10,-49,pKadjM69Qju7XC1kVOUQb+bGHpM=,5QYzIj/dvbNeD9UIM081B+2tx9E=
13,-49,pKadjM69Qju7XC1kVOUQb+bGHpM=,5QYzIj/dvbNeD9UIM081B+2tx9E=
9,-49,pKadjM69Qju7XC1kVOUQb+bGHpM=,5QYzIj/dvbNeD9UIM081B+2tx9E=
15,-49,pKadjM69Qju7XC1kVOUQb+bGHpM=,5QYzIj/dvbNeD9UIM081B+2tx9E=
13,-62,pKadjM69Qju7XC1kVOUQb+bGHpM=,5QYzIj/dvbNeD9UIM081B+2tx9E=
14,-49,pKadjM69Qju7XC1kVOUQb+bGHpM=,5QYzIj/dvbNeD9UIM081B+2tx9E=
14,-62,pKadjM69Qju7XC1kVOUQb+bGHpM=,5QYzIj/dvbNeD9UIM081B+2tx9E=
8,-49,pKadjM69Qju7XC1kVOUQb+bGHpM=,5QYzIj/dvbNeD9UIM081B+2tx9E=
5,-49,pKadjM69Qju7XC1kVOUQb+bGHpM=,5QYzIj/dvbNeD9UIM081B+2tx9E=
1,-49,pKadjM69Qju7XC1kVOUQb+bGHpM=,5QYzIj/dvbNeD9UIM081B+2tx9E=
3,-49,pKadjM69Qju7XC1kVOUQb+bGHpM=,5QYzIj/dvbNeD9UIM081B+2tx9E=
4,-49,pKadjM69Qju7XC1kVOUQb+bGHpM=,5QYzIj/dvbNeD9UIM081B+2tx9E=
2,-49,pKadjM69Qju7XC1kVOUQb+bGHpM=,5QYzIj/dvbNeD9UIM081B+2tx9E=
1,-63,pKadjM69Qju7XC1kVOUQb+bGHpM=,5QYzIj/dvbNeD9UIM081B+2tx9E=
12,-63,pKadjM69Qju7XC1kVOUQb+bGHpM=,5QYzIj/dvbNeD9UIM081B+2tx9E=
7,-49,pKadjM69Qju7XC1kVOUQb+bGHpM=,5QYzIj/dvbNeD9UIM081B+2tx9E=
6,-49,pKadjM69Qju7XC1kVOUQb+bGHpM=,5QYzIj/dvbNeD9UIM081B+2tx9E=
15,-62,pKadjM69Qju7XC1kVOUQb+bGHpM=,5QYzIj/dvbNeD9UIM081B+2tx9E=
0,-61,pKadjM69Qju7XC1kVOUQb+bGHpM=,5QYzIj/dvbNeD9UIM081B+2tx9E=
1,-61,pKadjM69Qju7XC1kVOUQb+bGHpM=,5QYzIj/dvbNeD9UIM081B+2tx9E=
15,-63,pKadjM69Qju7XC1kVOUQb+bGHpM=,5QYzIj/dvbNeD9UIM081B+2tx9E=
13,-63,pKadjM69Qju7XC1kVOUQb+bGHpM=,5QYzIj/dvbNeD9UIM081B+2tx9E=
14,-63,pKadjM69Qju7XC1kVOUQb+bGHpM=,5QYzIj/dvbNeD9UIM081B+2tx9E=
9,-63,pKadjM69Qju7XC1kVOUQb+bGHpM=,5QYzIj/dvbNeD9UIM081B+2tx9E=
5,-63,pKadjM69Qju7XC1kVOUQb+bGHpM=,5QYzIj/dvbNeD9UIM081B+2tx9E=
8,-63,pKadjM69Qju7XC1kVOUQb+bGHpM=,5QYzIj/dvbNeD9UIM081B+2tx9E=
0,-49,pKadjM69Qju7XC1kVOUQb+bGHpM=,5QYzIj/dvbNeD9UIM081B+2tx9E=
11,-63,pKadjM69Qju7XC1kVOUQb+bGHpM=,5QYzIj/dvbNeD9UIM081B+2tx9E=
10,-63,pKadjM69Qju7XC1kVOUQb+bGHpM=,5QYzIj/dvbNeD9UIM081B+2tx9E=
2,-61,pKadjM69Qju7XC1kVOUQb+bGHpM=,5QYzIj/dvbNeD9UIM081B+2tx9E=
4,-63,pKadjM69Qju7XC1kVOUQb+bGHpM=,5QYzIj/dvbNeD9UIM081B+2tx9E=
7,-63,pKadjM69Qju7XC1kVOUQb+bGHpM=,5QYzIj/dvbNeD9UIM081B+2tx9E=
2,-63,pKadjM69Qju7XC1kVOUQb+bGHpM=,5QYzIj/dvbNeD9UIM081B+2tx9E=
3,-63,pKadjM69Qju7XC1kVOUQb+bGHpM=,5QYzIj/dvbNeD9UIM081B+2tx9E=
2,-64,pKadjM69Qju7XC1kVOUQb+bGHpM=,5QYzIj/dvbNeD9UIM081B+2tx9E=
6,-63,pKadjM69Qju7XC1kVOUQb+bGHpM=,5QYzIj/dvbNeD9UIM081B+2tx9E=
12,-50,pKadjM69Qju7XC1kVOUQb+bGHpM=,5QYzIj/dvbNeD9UIM081B+2tx9E=
14,-50,pKadjM69Qju7XC1kVOUQb+bGHpM=,5QYzIj/dvbNeD9UIM081B+2tx9E=
15,-50,pKadjM69Qju7XC1kVOUQb+bGHpM=,5QYzIj/dvbNeD9UIM081B+2tx9E=
10,-50,pKadjM69Qju7XC1kVOUQb+bGHpM=,5QYzIj/dvbNeD9UIM081B+2tx9E=
12,-62,pKadjM69Qju7XC1kVOUQb+bGHpM=,5QYzIj/dvbNeD9UIM081B+2tx9E=
11,-50,pKadjM69Qju7XC1kVOUQb+bGHpM=,5QYzIj/dvbNeD9UIM081B+2tx9E=
3,-61,pKadjM69Qju7XC1kVOUQb+bGHpM=,5QYzIj/dvbNeD9UIM081B+2tx9E=
9,-50,pKadjM69Qju7XC1kVOUQb+bGHpM=,5QYzIj/dvbNeD9UIM081B+2tx9E=
5,-50,pKadjM69Qju7XC1kVOUQb+bGHpM=,5QYzIj/dvbNeD9UIM081B+2tx9E=
4,-50,pKadjM69Qju7XC1kVOUQb+bGHpM=,5QYzIj/dvbNeD9UIM081B+2tx9E=
13,-50,pKadjM69Qju7XC1kVOUQb+bGHpM=,5QYzIj/dvbNeD9UIM081B+2tx9E=
1,-50,pKadjM69Qju7XC1kVOUQb+bGHpM=,5QYzIj/dvbNeD9UIM081B+2tx9E=
0,-50,pKadjM69Qju7XC1kVOUQb+bGHpM=,5QYzIj/dvbNeD9UIM081B+2tx9E=
0,-63,pKadjM69Qju7XC1kVOUQb+bGHpM=,5QYzIj/dvbNeD9UIM081B+2tx9E=
8,-50,pKadjM69Qju7XC1kVOUQb+bGHpM=,5QYzIj/dvbNeD9UIM081B+2tx9E=
2,-50,pKadjM69Qju7XC1kVOUQb+bGHpM=,5QYzIj/dvbNeD9UIM081B+2tx9E=
6,-50,pKadjM69Qju7XC1kVOUQb+bGHpM=,5QYzIj/dvbNeD9UIM081B+2tx9E=
0,-62,pKadjM69Qju7XC1kVOUQb+bGHpM=,5QYzIj/dvbNeD9UIM081B+2tx9E=
4,-61,pKadjM69Qju7XC1kVOUQb+bGHpM=,5QYzIj/dvbNeD9UIM081B+2tx9E=
7,-50,pKadjM69Qju7XC1kVOUQb+bGHpM=,5QYzIj/dvbNeD9UIM081B+2tx9E=
3,-50,pKadjM69Qju7XC1kVOUQb+bGHpM=,5QYzIj/dvbNeD9UIM081B+2tx9E=
4,-64,pKadjM69Qju7XC1kVOUQb+bGHpM=,5QYzIj/dvbNeD9UIM081B+2tx9E=
14,-51,pKadjM69Qju7XC1kVOUQb+bGHpM=,5QYzIj/dvbNeD9UIM081B+2tx9E=
5,-61,pKadjM69Qju7XC1kVOUQb+bGHpM=,5QYzIj/dvbNeD9UIM081B+2tx9E=
13,-51,pKadjM69Qju7XC1kVOUQb+bGHpM=,5QYzIj/dvbNeD9UIM081B+2tx9E=
15,-51,pKadjM69Qju7XC1kVOUQb+bGHpM=,5QYzIj/dvbNeD9UIM081B+2tx9E=
15,-64,pKadjM69Qju7XC1kVOUQb+bGHpM=,5QYzIj/dvbNeD9UIM081B+2tx9E=
9,-51,pKadjM69Qju7XC1kVOUQb+bGHpM=,5QYzIj/dvbNeD9UIM081B+2tx9E=
11,-51,pKadjM69Qju7XC1kVOUQb+bGHpM=,5QYzIj/dvbNeD9UIM081B+2tx9E=
11,-62,pKadjM69Qju7XC1kVOUQb+bGHpM=,5QYzIj/dvbNeD9UIM081B+2tx9E=
12,-51,pKadjM69Qju7XC1kVOUQb+bGHpM=,5QYzIj/dvbNeD9UIM081B+2tx9E=
10,-51,pKadjM69Qju7XC1kVOUQb+bGHpM=,5QYzIj/dvbNeD9UIM081B+2tx9E=
6,-61,pKadjM69Qju7XC1kVOUQb+bGHpM=,5QYzIj/dvbNeD9UIM081B+2tx9E=
7,-51,pKadjM69Qju7XC1kVOUQb+bGHpM=,5QYzIj/dvbNeD9UIM081B+2tx9E=
1,-51,pKadjM69Qju7XC1kVOUQb+bGHpM=,5QYzIj/dvbNeD9UIM081B+2tx9E=
6,-51,pKadjM69Qju7XC1kVOUQb+bGHpM=,5QYzIj/dvbNeD9UIM081B+2tx9E=
0,-51,pKadjM69Qju7XC1kVOUQb+bGHpM=,5QYzIj/dvbNeD9UIM081B+2tx9E=
5,-51,pKadjM69Qju7XC1kVOUQb+bGHpM=,5QYzIj/dvbNeD9UIM081B+2tx9E=
2,-51,pKadjM69Qju7XC1kVOUQb+bGHpM=,5QYzIj/dvbNeD9UIM081B+2tx9E=
4,-51,pKadjM69Qju7XC1kVOUQb+bGHpM=,5QYzIj/dvbNeD9UIM081B+2tx9E=
8,-51,pKadjM69Qju7XC1kVOUQb+bGHpM=,5QYzIj/dvbNeD9UIM081B+2tx9E=
1,-64,pKadjM69Qju7XC1kVOUQb+bGHpM=,5QYzIj/dvbNeD9UIM081B+2tx9E=
3,-51,pKadjM69Qju7XC1kVOUQb+bGHpM=,5QYzIj/dvbNeD9UIM081B+2tx9E=
7,-61,pKadjM69Qju7XC1kVOUQb+bGHpM=,5QYzIj/dvbNeD9UIM081B+2tx9E=
13,-52,pKadjM69Qju7XC1kVOUQb+bGHpM=,5QYzIj/dvbNeD9UIM081B+2tx9E=
15,-52,pKadjM69Qju7XC1kVOUQb+bGHpM=,5QYzIj/dvbNeD9UIM081B+2tx9E=
12,-52,pKadjM69Qju7XC1kVOUQb+bGHpM=,5QYzIj/dvbNeD9UIM081B+2tx9E=
14,-64,pKadjM69Qju7XC1kVOUQb+bGHpM=,5QYzIj/dvbNeD9UIM081B+2tx9E=
11,-52,pKadjM69Qju7XC1kVOUQb+bGHpM=,5QYzIj/dvbNeD9UIM081B+2tx9E=
14,-52,pKadjM69Qju7XC1kVOUQb+bGHpM=,5QYzIj/dvbNeD9UIM081B+2tx9E=
10,-62,pKadjM69Qju7XC1kVOUQb+bGHpM=,5QYzIj/dvbNeD9UIM081B+2tx9E=
8,-61,pKadjM69Qju7XC1kVOUQb+bGHpM=,5QYzIj/dvbNeD9UIM081B+2tx9E=
7,-52,pKadjM69Qju7XC1kVOUQb+bGHpM=,5QYzIj/dvbNeD9UIM081B+2tx9E=
10,-52,pKadjM69Qju7XC1kVOUQb+bGHpM=,5QYzIj/dvbNeD9UIM081B+2tx9E=
4,-52,pKadjM69Qju7XC1kVOUQb+bGHpM=,5QYzIj/dvbNeD9UIM081B+2tx9E=
6,-52,pKadjM69Qju7XC1kVOUQb+bGHpM=,5QYzIj/dvbNeD9UIM081B+2tx9E=
1,-52,pKadjM69Qju7XC1kVOUQb+bGHpM=,5QYzIj/dvbNeD9UIM081B+2tx9E=
0,-52,pKadjM69Qju7XC1kVOUQb+bGHpM=,5QYzIj/dvbNeD9UIM081B+2tx9E=
2,-52,pKadjM69Qju7XC1kVOUQb+bGHpM=,5QYzIj/dvbNeD9UIM081B+2tx9E=
9,-52,pKadjM69Qju7XC1kVOUQb+bGHpM=,5QYzIj/dvbNeD9UIM081B+2tx9E=
8,-52,pKadjM69Qju7XC1kVOUQb+bGHpM=,5QYzIj/dvbNeD9UIM081B+2tx9E=
5,-52,pKadjM69Qju7XC1kVOUQb+bGHpM=,5QYzIj/dvbNeD9UIM081B+2tx9E=
3,-52,pKadjM69Qju7XC1kVOUQb+bGHpM=,5QYzIj/dvbNeD9UIM081B+2tx9E=
9,-61,pKadjM69Qju7XC1kVOUQb+bGHpM=,5QYzIj/dvbNeD9UIM081B+2tx9E=
12,-53,pKadjM69Qju7XC1kVOUQb+bGHpM=,5QYzIj/dvbNeD9UIM081B+2tx9E=
14,-53,pKadjM69Qju7XC1kVOUQb+bGHpM=,5QYzIj/dvbNeD9UIM081B+2tx9E=
11,-53,pKadjM69Qju7XC1kVOUQb+bGHpM=,5QYzIj/dvbNeD9UIM081B+2tx9E=
15,-53,pKadjM69Qju7XC1kVOUQb+bGHpM=,5QYzIj/dvbNeD9UIM081B+2tx9E=
13,-64,pKadjM69Qju7XC1kVOUQb+bGHpM=,5QYzIj/dvbNeD9UIM081B+2tx9E=
13,-53,pKadjM69Qju7XC1kVOUQb+bGHpM=,5QYzIj/dvbNeD9UIM081B+2tx9E=
9,-62,pKadjM69Qju7XC1kVOUQb+bGHpM=,5QYzIj/dvbNeD9UIM081B+2tx9E=
8,-53,pKadjM69Qju7XC1kVOUQb+bGHpM=,5QYzIj/dvbNeD9UIM081B+2tx9E=
9,-53,pKadjM69Qju7XC1kVOUQb+bGHpM=,5QYzIj/dvbNeD9UIM081B+2tx9E=
10,-61,pKadjM69Qju7XC1kVOUQb+bGHpM=,5QYzIj/dvbNeD9UIM081B+2tx9E=
10,-53,pKadjM69Qju7XC1kVOUQb+bGHpM=,5QYzIj/dvbNeD9UIM081B+2tx9E=
2,-53,pKadjM69Qju7XC1kVOUQb+bGHpM=,5QYzIj/dvbNeD9UIM081B+2tx9E=
1,-53,pKadjM69Qju7XC1kVOUQb+bGHpM=,5QYzIj/dvbNeD9UIM081B+2tx9E=
0,-53,pKadjM69Qju7XC1kVOUQb+bGHpM=,5QYzIj/dvbNeD9UIM081B+2tx9E=
7,-53,pKadjM69Qju7XC1kVOUQb+bGHpM=,5QYzIj/dvbNeD9UIM081B+2tx9E=
5,-53,pKadjM69Qju7XC1kVOUQb+bGHpM=,5QYzIj/dvbNeD9UIM081B+2tx9E=
14,-54,pKadjM69Qju7XC1kVOUQb+bGHpM=,5QYzIj/dvbNeD9UIM081B+2tx9E=
4,-53,pKadjM69Qju7XC1kVOUQb+bGHpM=,5QYzIj/dvbNeD9UIM081B+2tx9E=
6,-53,pKadjM69Qju7XC1kVOUQb+bGHpM=,5QYzIj/dvbNeD9UIM081B+2tx9E=
11,-61,pKadjM69Qju7XC1kVOUQb+bGHpM=,5QYzIj/dvbNeD9UIM081B+2tx9E=
3,-53,pKadjM69Qju7XC1kVOUQb+bGHpM=,5QYzIj/dvbNeD9UIM081B+2tx9E=
10,-54,pKadjM69Qju7XC1kVOUQb+bGHpM=,5QYzIj/dvbNeD9UIM081B+2tx9E=
13,-54,pKadjM69Qju7XC1kVOUQb+bGHpM=,5QYzIj/dvbNeD9UIM081B+2tx9E=
12,-64,pKadjM69Qju7XC1kVOUQb+bGHpM=,5QYzIj/dvbNeD9UIM081B+2tx9E=
11,-54,pKadjM69Qju7XC1kVOUQb+bGHpM=,5QYzIj/dvbNeD9UIM081B+2tx9E=
12,-54,pKadjM69Qju7XC1kVOUQb+bGHpM=,5QYzIj/dvbNeD9UIM081B+2tx9E=
8,-54,pKadjM69Qju7XC1kVOUQb+bGHpM=,5QYzIj/dvbNeD9UIM081B+2tx9E=
8,-62,pKadjM69Qju7XC1kVOUQb+bGHpM=,5QYzIj/dvbNeD9UIM081B+2tx9E=
3,-54,pKadjM69Qju7XC1kVOUQb+bGHpM=,5QYzIj/dvbNeD9UIM081B+2tx9E=
4,-54,pKadjM69Qju7XC1kVOUQb+bGHpM=,5QYzIj/dvbNeD9UIM081B+2tx9E=
0,-54,pKadjM69Qju7XC1kVOUQb+bGHpM=,5QYzIj/dvbNeD9UIM081B+2tx9E=
2,-54,pKadjM69Qju7XC1kVOUQb+bGHpM=,5QYzIj/dvbNeD9UIM081B+2tx9E=
1,-54,pKadjM69Qju7XC1kVOUQb+bGHpM=,5QYzIj/dvbNeD9UIM081B+2tx9E=
9,-54,pKadjM69Qju7XC1kVOUQb+bGHpM=,5QYzIj/dvbNeD9UIM081B+2tx9E=
15,-55,pKadjM69Qju7XC1kVOUQb+bGHpM=,5QYzIj/dvbNeD9UIM081B+2tx9E=
12,-61,pKadjM69Qju7XC1kVOUQb+bGHpM=,5QYzIj/dvbNeD9UIM081B+2tx9E=
7,-54,pKadjM69Qju7XC1kVOUQb+bGHpM=,5QYzIj/dvbNeD9UIM081B+2tx9E=
5,-54,pKadjM69Qju7XC1kVOUQb+bGHpM=,5QYzIj/dvbNeD9UIM081B+2tx9E=
6,-54,pKadjM69Qju7XC1kVOUQb+bGHpM=,5QYzIj/dvbNeD9UIM081B+2tx9E=
11,-64,pKadjM69Qju7XC1kVOUQb+bGHpM=,5QYzIj/dvbNeD9UIM081B+2tx9E=
14,-55,pKadjM69Qju7XC1kVOUQb+bGHpM=,5QYzIj/dvbNeD9UIM081B+2tx9E=
13,-55,pKadjM69Qju7XC1kVOUQb+bGHpM=,5QYzIj/dvbNeD9UIM081B+2tx9E=
15,-54,pKadjM69Qju7XC1kVOUQb+bGHpM=,5QYzIj/dvbNeD9UIM081B+2tx9E=
13,-61,pKadjM69Qju7XC1kVOUQb+bGHpM=,5QYzIj/dvbNeD9UIM081B+2tx9E=
11,-55,pKadjM69Qju7XC1kVOUQb+bGHpM=,5QYzIj/dvbNeD9UIM081B+2tx9E=
12,-55,pKadjM69Qju7XC1kVOUQb+bGHpM=,5QYzIj/dvbNeD9UIM081B+2tx9E=
8,-55,pKadjM69Qju7XC1kVOUQb+bGHpM=,5QYzIj/dvbNeD9UIM081B+2tx9E=
9,-55,pKadjM69Qju7XC1kVOUQb+bGHpM=,5QYzIj/dvbNeD9UIM081B+2tx9E=
10,-55,pKadjM69Qju7XC1kVOUQb+bGHpM=,5QYzIj/dvbNeD9UIM081B+2tx9E=
3,-55,pKadjM69Qju7XC1kVOUQb+bGHpM=,5QYzIj/dvbNeD9UIM081B+2tx9E=
2,-55,pKadjM69Qju7XC1kVOUQb+bGHpM=,5QYzIj/dvbNeD9UIM081B+2tx9E=
1,-55,pKadjM69Qju7XC1kVOUQb+bGHpM=,5QYzIj/dvbNeD9UIM081B+2tx9E=
4,-55,pKadjM69Qju7XC1kVOUQb+bGHpM=,5QYzIj/dvbNeD9UIM081B+2tx9E=
0,-55,pKadjM69Qju7XC1kVOUQb+bGHpM=,5QYzIj/dvbNeD9UIM081B+2tx9E=
5,-55,pKadjM69Qju7XC1kVOUQb+bGHpM=,5QYzIj/dvbNeD9UIM081B+2tx9E=
7,-62,pKadjM69Qju7XC1kVOUQb+bGHpM=,5QYzIj/dvbNeD9UIM081B+2tx9E=
7,-55,pKadjM69Qju7XC1kVOUQb+bGHpM=,5QYzIj/dvbNeD9UIM081B+2tx9E=
14,-61,pKadjM69Qju7XC1kVOUQb+bGHpM=,5QYzIj/dvbNeD9UIM081B+2tx9E=
0,-64,pKadjM69Qju7XC1kVOUQb+bGHpM=,5QYzIj/dvbNeD9UIM081B+2tx9E=
6,-55,pKadjM69Qju7XC1kVOUQb+bGHpM=,5QYzIj/dvbNeD9UIM081B+2tx9E=
15,-56,pKadjM69Qju7XC1kVOUQb+bGHpM=,5QYzIj/dvbNeD9UIM081B+2tx9E=
14,-56,pKadjM69Qju7XC1kVOUQb+bGHpM=,5QYzIj/dvbNeD9UIM081B+2tx9E=
10,-64,pKadjM69Qju7XC1kVOUQb+bGHpM=,5QYzIj/dvbNeD9UIM081B+2tx9E=
13,-56,pKadjM69Qju7XC1kVOUQb+bGHpM=,5QYzIj/dvbNeD9UIM081B+2tx9E=
12,-56,pKadjM69Qju7XC1kVOUQb+bGHpM=,5QYzIj/dvbNeD9UIM081B+2tx9E=
11,-56,pKadjM69Qju7XC1kVOUQb+bGHpM=,5QYzIj/dvbNeD9UIM081B+2tx9E=
8,-56,pKadjM69Qju7XC1kVOUQb+bGHpM=,5QYzIj/dvbNeD9UIM081B+2tx9E=
15,-61,pKadjM69Qju7XC1kVOUQb+bGHpM=,5QYzIj/dvbNeD9UIM081B+2tx9E=
10,-56,pKadjM69Qju7XC1kVOUQb+bGHpM=,5QYzIj/dvbNeD9UIM081B+2tx9E=
7,-56,pKadjM69Qju7XC1kVOUQb+bGHpM=,5QYzIj/dvbNeD9UIM081B+2tx9E=
1,-62,pKadjM69Qju7XC1kVOUQb+bGHpM=,5QYzIj/dvbNeD9UIM081B+2tx9E=
0,-60,pKadjM69Qju7XC1kVOUQb+bGHpM=,5QYzIj/dvbNeD9UIM081B+2tx9E=
9,-56,pKadjM69Qju7XC1kVOUQb+bGHpM=,5QYzIj/dvbNeD9UIM081B+2tx9E=
2,-56,pKadjM69Qju7XC1kVOUQb+bGHpM=,5QYzIj/dvbNeD9UIM081B+2tx9E=
1,-56,pKadjM69Qju7XC1kVOUQb+bGHpM=,5QYzIj/dvbNeD9UIM081B+2tx9E=
0,-56,pKadjM69Qju7XC1kVOUQb+bGHpM=,5QYzIj/dvbNeD9UIM081B+2tx9E=
6,-56,pKadjM69Qju7XC1kVOUQb+bGHpM=,5QYzIj/dvbNeD9UIM081B+2tx9E=
5,-56,pKadjM69Qju7XC1kVOUQb+bGHpM=,5QYzIj/dvbNeD9UIM081B+2tx9E=
6,-62,pKadjM69Qju7XC1kVOUQb+bGHpM=,5QYzIj/dvbNeD9UIM081B+2tx9E=
3,-56,pKadjM69Qju7XC1kVOUQb+bGHpM=,5QYzIj/dvbNeD9UIM081B+2tx9E=
4,-56,pKadjM69Qju7XC1kVOUQb+bGHpM=,5QYzIj/dvbNeD9UIM081B+2tx9E=
10,-57,pKadjM69Qju7XC1kVOUQb+bGHpM=,5QYzIj/dvbNeD9UIM081B+2tx9E=
15,-57,pKadjM69Qju7XC1kVOUQb+bGHpM=,5QYzIj/dvbNeD9UIM081B+2tx9E=
14,-57,pKadjM69Qju7XC1kVOUQb+bGHpM=,5QYzIj/dvbNeD9UIM081B+2tx9E=
1,-60,pKadjM69Qju7XC1kVOUQb+bGHpM=,5QYzIj/dvbNeD9UIM081B+2tx9E=
13,-57,pKadjM69Qju7XC1kVOUQb+bGHpM=,5QYzIj/dvbNeD9UIM081B+2tx9E=
11,-57,pKadjM69Qju7XC1kVOUQb+bGHpM=,5QYzIj/dvbNeD9UIM081B+2tx9E=
5,-62,pKadjM69Qju7XC1kVOUQb+bGHpM=,5QYzIj/dvbNeD9UIM081B+2tx9E=
12,-57,pKadjM69Qju7XC1kVOUQb+bGHpM=,5QYzIj/dvbNeD9UIM081B+2tx9E=
9,-64,pKadjM69Qju7XC1kVOUQb+bGHpM=,5QYzIj/dvbNeD9UIM081B+2tx9E=
7,-57,pKadjM69Qju7XC1kVOUQb+bGHpM=,5QYzIj/dvbNeD9UIM081B+2tx9E=
9,-57,pKadjM69Qju7XC1kVOUQb+bGHpM=,5QYzIj/dvbNeD9UIM081B+2tx9E=
2,-57,pKadjM69Qju7XC1kVOUQb+bGHpM=,5QYzIj/dvbNeD9UIM081B+2tx9E=
1,-57,pKadjM69Qju7XC1kVOUQb+bGHpM=,5QYzIj/dvbNeD9UIM081B+2tx9E=
0,-57,pKadjM69Qju7XC1kVOUQb+bGHpM=,5QYzIj/dvbNeD9UIM081B+2tx9E=
8,-57,pKadjM69Qju7XC1kVOUQb+bGHpM=,5QYzIj/dvbNeD9UIM081B+2tx9E=
5,-57,pKadjM69Qju7XC1kVOUQb+bGHpM=,5QYzIj/dvbNeD9UIM081B+2tx9E=
4,-57,pKadjM69Qju7XC1kVOUQb+bGHpM=,5QYzIj/dvbNeD9UIM081B+2tx9E=
6,-57,pKadjM69Qju7XC1kVOUQb+bGHpM=,5QYzIj/dvbNeD9UIM081B+2tx9E=
2,-60,pKadjM69Qju7XC1kVOUQb+bGHpM=,5QYzIj/dvbNeD9UIM081B+2tx9E=
3,-57,pKadjM69Qju7XC1kVOUQb+bGHpM=,5QYzIj/dvbNeD9UIM081B+2tx9E=
11,-58,pKadjM69Qju7XC1kVOUQb+bGHpM=,5QYzIj/dvbNeD9UIM081B+2tx9E=
15,-58,pKadjM69Qju7XC1kVOUQb+bGHpM=,5QYzIj/dvbNeD9UIM081B+2tx9E=
14,-58,pKadjM69Qju7XC1kVOUQb+bGHpM=,5QYzIj/dvbNeD9UIM081B+2tx9E=
13,-58,pKadjM69Qju7XC1kVOUQb+bGHpM=,5QYzIj/dvbNeD9UIM081B+2tx9E=
12,-58,pKadjM69Qju7XC1kVOUQb+bGHpM=,5QYzIj/dvbNeD9UIM081B+2tx9E=
3,-60,pKadjM69Qju7XC1kVOUQb+bGHpM=,5QYzIj/dvbNeD9UIM081B+2tx9E=
10,-58,pKadjM69Qju7XC1kVOUQb+bGHpM=,5QYzIj/dvbNeD9UIM081B+2tx9E=
8,-64,pKadjM69Qju7XC1kVOUQb+bGHpM=,5QYzIj/dvbNeD9UIM081B+2tx9E=
9,-58,pKadjM69Qju7XC1kVOUQb+bGHpM=,5QYzIj/dvbNeD9UIM081B+2tx9E=
4,-62,pKadjM69Qju7XC1kVOUQb+bGHpM=,5QYzIj/dvbNeD9UIM081B+2tx9E=
7,-58,pKadjM69Qju7XC1kVOUQb+bGHpM=,5QYzIj/dvbNeD9UIM081B+2tx9E=
6,-58,pKadjM69Qju7XC1kVOUQb+bGHpM=,5QYzIj/dvbNeD9UIM081B+2tx9E=
8,-58,pKadjM69Qju7XC1kVOUQb+bGHpM=,5QYzIj/dvbNeD9UIM081B+2tx9E=
0,-58,pKadjM69Qju7XC1kVOUQb+bGHpM=,5QYzIj/dvbNeD9UIM081B+2tx9E=
1,-58,pKadjM69Qju7XC1kVOUQb+bGHpM=,5QYzIj/dvbNeD9UIM081B+2tx9E=
2,-62,pKadjM69Qju7XC1kVOUQb+bGHpM=,5QYzIj/dvbNeD9UIM081B+2tx9E=
4,-58,pKadjM69Qju7XC1kVOUQb+bGHpM=,5QYzIj/dvbNeD9UIM081B+2tx9E=
5,-58,pKadjM69Qju7XC1kVOUQb+bGHpM=,5QYzIj/dvbNeD9UIM081B+2tx9E=
2,-58,pKadjM69Qju7XC1kVOUQb+bGHpM=,5QYzIj/dvbNeD9UIM081B+2tx9E=
15,-59,pKadjM69Qju7XC1kVOUQb+bGHpM=,5QYzIj/dvbNeD9UIM081B+2tx9E=
4,-60,pKadjM69Qju7XC1kVOUQb+bGHpM=,5QYzIj/dvbNeD9UIM081B+2tx9E=
5,-64,pKadjM69Qju7XC1kVOUQb+bGHpM=,5QYzIj/dvbNeD9UIM081B+2tx9E=
11,-59,pKadjM69Qju7XC1kVOUQb+bGHpM=,5QYzIj/dvbNeD9UIM081B+2tx9E=
5,-60,pKadjM69Qju7XC1kVOUQb+bGHpM=,5QYzIj/dvbNeD9UIM081B+2tx9E=
3,-58,pKadjM69Qju7XC1kVOUQb+bGHpM=,5QYzIj/dvbNeD9UIM081B+2tx9E=
14,-59,pKadjM69Qju7XC1kVOUQb+bGHpM=,5QYzIj/dvbNeD9UIM081B+2tx9E=
12,-59,pKadjM69Qju7XC1kVOUQb+bGHpM=,5QYzIj/dvbNeD9UIM081B+2tx9E=
10,-59,pKadjM69Qju7XC1kVOUQb+bGHpM=,5QYzIj/dvbNeD9UIM081B+2tx9E=
6,-60,pKadjM69Qju7XC1kVOUQb+bGHpM=,5QYzIj/dvbNeD9UIM081B+2tx9E=
9,-59,pKadjM69Qju7XC1kVOUQb+bGHpM=,5QYzIj/dvbNeD9UIM081B+2tx9E=
6,-59,pKadjM69Qju7XC1kVOUQb+bGHpM=,5QYzIj/dvbNeD9UIM081B+2tx9E=
7,-59,pKadjM69Qju7XC1kVOUQb+bGHpM=,5QYzIj/dvbNeD9UIM081B+2tx9E=
7,-64,pKadjM69Qju7XC1kVOUQb+bGHpM=,5QYzIj/dvbNeD9UIM081B+2tx9E=
8,-59,pKadjM69Qju7XC1kVOUQb+bGHpM=,5QYzIj/dvbNeD9UIM081B+2tx9E=
5,-59,pKadjM69Qju7XC1kVOUQb+bGHpM=,5QYzIj/dvbNeD9UIM081B+2tx9E=
7,-60,pKadjM69Qju7XC1kVOUQb+bGHpM=,5QYzIj/dvbNeD9UIM081B+2tx9E=
4,-59,pKadjM69Qju7XC1kVOUQb+bGHpM=,5QYzIj/dvbNeD9UIM081B+2tx9E=
0,-59,pKadjM69Qju7XC1kVOUQb+bGHpM=,5QYzIj/dvbNeD9UIM081B+2tx9E=
3,-62,pKadjM69Qju7XC1kVOUQb+bGHpM=,5QYzIj/dvbNeD9UIM081B+2tx9E=
3,-59,pKadjM69Qju7XC1kVOUQb+bGHpM=,5QYzIj/dvbNeD9UIM081B+2tx9E=
1,-59,pKadjM69Qju7XC1kVOUQb+bGHpM=,5QYzIj/dvbNeD9UIM081B+2tx9E=
8,-60,pKadjM69Qju7XC1kVOUQb+bGHpM=,5QYzIj/dvbNeD9UIM081B+2tx9E=
2,-59,pKadjM69Qju7XC1kVOUQb+bGHpM=,5QYzIj/dvbNeD9UIM081B+2tx9E=
6,-64,pKadjM69Qju7XC1kVOUQb+bGHpM=,5QYzIj/dvbNeD9UIM081B+2tx9E=
15,-60,pKadjM69Qju7XC1kVOUQb+bGHpM=,5QYzIj/dvbNeD9UIM081B+2tx9E=
14,-60,pKadjM69Qju7XC1kVOUQb+bGHpM=,5QYzIj/dvbNeD9UIM081B+2tx9E=
13,-59,pKadjM69Qju7XC1kVOUQb+bGHpM=,5QYzIj/dvbNeD9UIM081B+2tx9E=
11,-60,pKadjM69Qju7XC1kVOUQb+bGHpM=,5QYzIj/dvbNeD9UIM081B+2tx9E=
13,-60,pKadjM69Qju7XC1kVOUQb+bGHpM=,5QYzIj/dvbNeD9UIM081B+2tx9E=
9,-60,pKadjM69Qju7XC1kVOUQb+bGHpM=,5QYzIj/dvbNeD9UIM081B+2tx9E=
10,-60,pKadjM69Qju7XC1kVOUQb+bGHpM=,5QYzIj/dvbNeD9UIM081B+2tx9E=
12,-60,pKadjM69Qju7XC1kVOUQb+bGHpM=,5QYzIj/dvbNeD9UIM081B+2tx9E=
10,-46,t4l6/Wc0v90WBEPhkBEVsHTwBFY=,mSLJmutri2OnOB6WWXYUFQT9itI=
12,-46,FgjcHYCCPLysGoqFH7iRGXOvGYo=,mSLJmutri2OnOB6WWXYUFQT9itI=
9,-46,1zQCWtYimlT07c/VIXFHEGRZAVY=,mSLJmutri2OnOB6WWXYUFQT9itI=
8,-46,1zQCWtYimlT07c/VIXFHEGRZAVY=,mSLJmutri2OnOB6WWXYUFQT9itI=
13,-46,1zQCWtYimlT07c/VIXFHEGRZAVY=,mSLJmutri2OnOB6WWXYUFQT9itI=
11,-46,1zQCWtYimlT07c/VIXFHEGRZAVY=,mSLJmutri2OnOB6WWXYUFQT9itI=
12,-45,1zQCWtYimlT07c/VIXFHEGRZAVY=,mSLJmutri2OnOB6WWXYUFQT9itI=
15,-33,1zQCWtYimlT07c/VIXFHEGRZAVY=,mSLJmutri2OnOB6WWXYUFQT9itI=
3,-48,1zQCWtYimlT07c/VIXFHEGRZAVY=,mSLJmutri2OnOB6WWXYUFQT9itI=
4,-46,1zQCWtYimlT07c/VIXFHEGRZAVY=,mSLJmutri2OnOB6WWXYUFQT9itI=
15,-47,1zQCWtYimlT07c/VIXFHEGRZAVY=,mSLJmutri2OnOB6WWXYUFQT9itI=
1,-46,1zQCWtYimlT07c/VIXFHEGRZAVY=,mSLJmutri2OnOB6WWXYUFQT9itI=
0,-46,1zQCWtYimlT07c/VIXFHEGRZAVY=,mSLJmutri2OnOB6WWXYUFQT9itI=
5,-46,1zQCWtYimlT07c/VIXFHEGRZAVY=,mSLJmutri2OnOB6WWXYUFQT9itI=
7,-46,1zQCWtYimlT07c/VIXFHEGRZAVY=,mSLJmutri2OnOB6WWXYUFQT9itI=
6,-46,1zQCWtYimlT07c/VIXFHEGRZAVY=,mSLJmutri2OnOB6WWXYUFQT9itI=
2,-46,1zQCWtYimlT07c/VIXFHEGRZAVY=,mSLJmutri2OnOB6WWXYUFQT9itI=
3,-46,1zQCWtYimlT07c/VIXFHEGRZAVY=,mSLJmutri2OnOB6WWXYUFQT9itI=
11,-45,1zQCWtYimlT07c/VIXFHEGRZAVY=,mSLJmutri2OnOB6WWXYUFQT9itI=
14,-33,1zQCWtYimlT07c/VIXFHEGRZAVY=,mSLJmutri2OnOB6WWXYUFQT9itI=
9,-33,1zQCWtYimlT07c/VIXFHEGRZAVY=,mSLJmutri2OnOB6WWXYUFQT9itI=
14,-46,1zQCWtYimlT07c/VIXFHEGRZAVY=,mSLJmutri2OnOB6WWXYUFQT9itI=
10,-33,1zQCWtYimlT07c/VIXFHEGRZAVY=,mSLJmutri2OnOB6WWXYUFQT9itI=
13,-33,1zQCWtYimlT07c/VIXFHEGRZAVY=,mSLJmutri2OnOB6WWXYUFQT9itI=
11,-33,1zQCWtYimlT07c/VIXFHEGRZAVY=,mSLJmutri2OnOB6WWXYUFQT9itI=
12,-33,1zQCWtYimlT07c/VIXFHEGRZAVY=,mSLJmutri2OnOB6WWXYUFQT9itI=
3,-33,1zQCWtYimlT07c/VIXFHEGRZAVY=,mSLJmutri2OnOB6WWXYUFQT9itI=
4,-48,1zQCWtYimlT07c/VIXFHEGRZAVY=,mSLJmutri2OnOB6WWXYUFQT9itI=
2,-33,1zQCWtYimlT07c/VIXFHEGRZAVY=,mSLJmutri2OnOB6WWXYUFQT9itI=
2,-48,1zQCWtYimlT07c/VIXFHEGRZAVY=,mSLJmutri2OnOB6WWXYUFQT9itI=
1,-33,1zQCWtYimlT07c/VIXFHEGRZAVY=,mSLJmutri2OnOB6WWXYUFQT9itI=
5,-33,1zQCWtYimlT07c/VIXFHEGRZAVY=,mSLJmutri2OnOB6WWXYUFQT9itI=
4,-33,1zQCWtYimlT07c/VIXFHEGRZAVY=,mSLJmutri2OnOB6WWXYUFQT9itI=
7,-33,1zQCWtYimlT07c/VIXFHEGRZAVY=,mSLJmutri2OnOB6WWXYUFQT9itI=
0,-33,1zQCWtYimlT07c/VIXFHEGRZAVY=,mSLJmutri2OnOB6WWXYUFQT9itI=
6,-33,1zQCWtYimlT07c/VIXFHEGRZAVY=,mSLJmutri2OnOB6WWXYUFQT9itI=
13,-45,1zQCWtYimlT07c/VIXFHEGRZAVY=,mSLJmutri2OnOB6WWXYUFQT9itI=
10,-45,1zQCWtYimlT07c/VIXFHEGRZAVY=,mSLJmutri2OnOB6WWXYUFQT9itI=
8,-33,1zQCWtYimlT07c/VIXFHEGRZAVY=,mSLJmutri2OnOB6WWXYUFQT9itI=
15,-34,1zQCWtYimlT07c/VIXFHEGRZAVY=,mSLJmutri2OnOB6WWXYUFQT9itI=
14,-47,1zQCWtYimlT07c/VIXFHEGRZAVY=,mSLJmutri2OnOB6WWXYUFQT9itI=
11,-34,1zQCWtYimlT07c/VIXFHEGRZAVY=,mSLJmutri2OnOB6WWXYUFQT9itI=
12,-34,1zQCWtYimlT07c/VIXFHEGRZAVY=,mSLJmutri2OnOB6WWXYUFQT9itI=
14,-34,1zQCWtYimlT07c/VIXFHEGRZAVY=,mSLJmutri2OnOB6WWXYUFQT9itI=
13,-34,1zQCWtYimlT07c/VIXFHEGRZAVY=,mSLJmutri2OnOB6WWXYUFQT9itI=
14,-45,1zQCWtYimlT07c/VIXFHEGRZAVY=,mSLJmutri2OnOB6WWXYUFQT9itI=
5,-34,1zQCWtYimlT07c/VIXFHEGRZAVY=,mSLJmutri2OnOB6WWXYUFQT9itI=
9,-34,1zQCWtYimlT07c/VIXFHEGRZAVY=,mSLJmutri2OnOB6WWXYUFQT9itI=
8,-34,1zQCWtYimlT07c/VIXFHEGRZAVY=,mSLJmutri2OnOB6WWXYUFQT9itI=
2,-34,1zQCWtYimlT07c/VIXFHEGRZAVY=,mSLJmutri2OnOB6WWXYUFQT9itI=
1,-47,1zQCWtYimlT07c/VIXFHEGRZAVY=,mSLJmutri2OnOB6WWXYUFQT9itI=
0,-47,1zQCWtYimlT07c/VIXFHEGRZAVY=,mSLJmutri2OnOB6WWXYUFQT9itI=
4,-34,1zQCWtYimlT07c/VIXFHEGRZAVY=,mSLJmutri2OnOB6WWXYUFQT9itI=
1,-34,1zQCWtYimlT07c/VIXFHEGRZAVY=,mSLJmutri2OnOB6WWXYUFQT9itI=
0,-34,1zQCWtYimlT07c/VIXFHEGRZAVY=,mSLJmutri2OnOB6WWXYUFQT9itI=
1,-48,1zQCWtYimlT07c/VIXFHEGRZAVY=,mSLJmutri2OnOB6WWXYUFQT9itI=
7,-34,1zQCWtYimlT07c/VIXFHEGRZAVY=,mSLJmutri2OnOB6WWXYUFQT9itI=
10,-34,1zQCWtYimlT07c/VIXFHEGRZAVY=,mSLJmutri2OnOB6WWXYUFQT9itI=
6,-34,1zQCWtYimlT07c/VIXFHEGRZAVY=,mSLJmutri2OnOB6WWXYUFQT9itI=
9,-45,1zQCWtYimlT07c/VIXFHEGRZAVY=,mSLJmutri2OnOB6WWXYUFQT9itI=
3,-34,1zQCWtYimlT07c/VIXFHEGRZAVY=,mSLJmutri2OnOB6WWXYUFQT9itI=
15,-45,1zQCWtYimlT07c/VIXFHEGRZAVY=,mSLJmutri2OnOB6WWXYUFQT9itI=
0,-44,1zQCWtYimlT07c/VIXFHEGRZAVY=,mSLJmutri2OnOB6WWXYUFQT9itI=
11,-35,1zQCWtYimlT07c/VIXFHEGRZAVY=,mSLJmutri2OnOB6WWXYUFQT9itI=
15,-35,1zQCWtYimlT07c/VIXFHEGRZAVY=,mSLJmutri2OnOB6WWXYUFQT9itI=
12,-35,1zQCWtYimlT07c/VIXFHEGRZAVY=,mSLJmutri2OnOB6WWXYUFQT9itI=
5,-48,1zQCWtYimlT07c/VIXFHEGRZAVY=,mSLJmutri2OnOB6WWXYUFQT9itI=
10,-35,1zQCWtYimlT07c/VIXFHEGRZAVY=,mSLJmutri2OnOB6WWXYUFQT9itI=
9,-35,1zQCWtYimlT07c/VIXFHEGRZAVY=,mSLJmutri2OnOB6WWXYUFQT9itI=
13,-35,1zQCWtYimlT07c/VIXFHEGRZAVY=,mSLJmutri2OnOB6WWXYUFQT9itI=
7,-35,1zQCWtYimlT07c/VIXFHEGRZAVY=,mSLJmutri2OnOB6WWXYUFQT9itI=
2,-47,1zQCWtYimlT07c/VIXFHEGRZAVY=,mSLJmutri2OnOB6WWXYUFQT9itI=
1,-44,1zQCWtYimlT07c/VIXFHEGRZAVY=,mSLJmutri2OnOB6WWXYUFQT9itI=
4,-35,1zQCWtYimlT07c/VIXFHEGRZAVY=,mSLJmutri2OnOB6WWXYUFQT9itI=
14,-35,1zQCWtYimlT07c/VIXFHEGRZAVY=,mSLJmutri2OnOB6WWXYUFQT9itI=
8,-35,1zQCWtYimlT07c/VIXFHEGRZAVY=,mSLJmutri2OnOB6WWXYUFQT9itI=
8,-45,1zQCWtYimlT07c/VIXFHEGRZAVY=,mSLJmutri2OnOB6WWXYUFQT9itI=
1,-35,1zQCWtYimlT07c/VIXFHEGRZAVY=,mSLJmutri2OnOB6WWXYUFQT9itI=
6,-35,1zQCWtYimlT07c/VIXFHEGRZAVY=,mSLJmutri2OnOB6WWXYUFQT9itI=
2,-44,1zQCWtYimlT07c/VIXFHEGRZAVY=,mSLJmutri2OnOB6WWXYUFQT9itI=
5,-35,1zQCWtYimlT07c/VIXFHEGRZAVY=,mSLJmutri2OnOB6WWXYUFQT9itI=
0,-35,1zQCWtYimlT07c/VIXFHEGRZAVY=,mSLJmutri2OnOB6WWXYUFQT9itI=
12,-47,1zQCWtYimlT07c/VIXFHEGRZAVY=,mSLJmutri2OnOB6WWXYUFQT9itI=
3,-35,1zQCWtYimlT07c/VIXFHEGRZAVY=,mSLJmutri2OnOB6WWXYUFQT9itI=
2,-35,1zQCWtYimlT07c/VIXFHEGRZAVY=,mSLJmutri2OnOB6WWXYUFQT9itI=
13,-47,1zQCWtYimlT07c/VIXFHEGRZAVY=,mSLJmutri2OnOB6WWXYUFQT9itI=
12,-36,1zQCWtYimlT07c/VIXFHEGRZAVY=,mSLJmutri2OnOB6WWXYUFQT9itI=
15,-48,1zQCWtYimlT07c/VIXFHEGRZAVY=,mSLJmutri2OnOB6WWXYUFQT9itI=
11,-36,1zQCWtYimlT07c/VIXFHEGRZAVY=,mSLJmutri2OnOB6WWXYUFQT9itI=
13,-36,1zQCWtYimlT07c/VIXFHEGRZAVY=,mSLJmutri2OnOB6WWXYUFQT9itI=
15,-36,1zQCWtYimlT07c/VIXFHEGRZAVY=,mSLJmutri2OnOB6WWXYUFQT9itI=
6,-36,1zQCWtYimlT07c/VIXFHEGRZAVY=,mSLJmutri2OnOB6WWXYUFQT9itI=
14,-36,1zQCWtYimlT07c/VIXFHEGRZAVY=,mSLJmutri2OnOB6WWXYUFQT9itI=
5,-36,1zQCWtYimlT07c/VIXFHEGRZAVY=,mSLJmutri2OnOB6WWXYUFQT9itI=
7,-36,1zQCWtYimlT07c/VIXFHEGRZAVY=,mSLJmutri2OnOB6WWXYUFQT9itI=
3,-44,1zQCWtYimlT07c/VIXFHEGRZAVY=,mSLJmutri2OnOB6WWXYUFQT9itI=
4,-36,1zQCWtYimlT07c/VIXFHEGRZAVY=,mSLJmutri2OnOB6WWXYUFQT9itI=
10,-36,1zQCWtYimlT07c/VIXFHEGRZAVY=,mSLJmutri2OnOB6WWXYUFQT9itI=
4,-44,1zQCWtYimlT07c/VIXFHEGRZAVY=,mSLJmutri2OnOB6WWXYUFQT9itI=
9,-36,1zQCWtYimlT07c/VIXFHEGRZAVY=,mSLJmutri2OnOB6WWXYUFQT9itI=
1,-36,1zQCWtYimlT07c/VIXFHEGRZAVY=,mSLJmutri2OnOB6WWXYUFQT9itI=
8,-36,1zQCWtYimlT07c/VIXFHEGRZAVY=,mSLJmutri2OnOB6WWXYUFQT9itI=
0,-36,1zQCWtYimlT07c/VIXFHEGRZAVY=,mSLJmutri2OnOB6WWXYUFQT9itI=
2,-36,1zQCWtYimlT07c/VIXFHEGRZAVY=,mSLJmutri2OnOB6WWXYUFQT9itI=
5,-44,1zQCWtYimlT07c/VIXFHEGRZAVY=,mSLJmutri2OnOB6WWXYUFQT9itI=
11,-47,1zQCWtYimlT07c/VIXFHEGRZAVY=,mSLJmutri2OnOB6WWXYUFQT9itI=
3,-36,1zQCWtYimlT07c/VIXFHEGRZAVY=,mSLJmutri2OnOB6WWXYUFQT9itI=
7,-45,1zQCWtYimlT07c/VIXFHEGRZAVY=,mSLJmutri2OnOB6WWXYUFQT9itI=
11,-37,1zQCWtYimlT07c/VIXFHEGRZAVY=,mSLJmutri2OnOB6WWXYUFQT9itI=
14,-48,1zQCWtYimlT07c/VIXFHEGRZAVY=,mSLJmutri2OnOB6WWXYUFQT9itI=
10,-37,1zQCWtYimlT07c/VIXFHEGRZAVY=,mSLJmutri2OnOB6WWXYUFQT9itI=
6,-44,1zQCWtYimlT07c/VIXFHEGRZAVY=,mSLJmutri2OnOB6WWXYUFQT9itI=
15,-37,1zQCWtYimlT07c/VIXFHEGRZAVY=,mSLJmutri2OnOB6WWXYUFQT9itI=
13,-37,1zQCWtYimlT07c/VIXFHEGRZAVY=,mSLJmutri2OnOB6WWXYUFQT9itI=
12,-37,1zQCWtYimlT07c/VIXFHEGRZAVY=,mSLJmutri2OnOB6WWXYUFQT9itI=
14,-37,1zQCWtYimlT07c/VIXFHEGRZAVY=,mSLJmutri2OnOB6WWXYUFQT9itI=
7,-44,1zQCWtYimlT07c/VIXFHEGRZAVY=,mSLJmutri2OnOB6WWXYUFQT9itI=
8,-44,1zQCWtYimlT07c/VIXFHEGRZAVY=,mSLJmutri2OnOB6WWXYUFQT9itI=
7,-37,1zQCWtYimlT07c/VIXFHEGRZAVY=,mSLJmutri2OnOB6WWXYUFQT9itI=
5,-37,1zQCWtYimlT07c/VIXFHEGRZAVY=,mSLJmutri2OnOB6WWXYUFQT9itI=
13,-48,1zQCWtYimlT07c/VIXFHEGRZAVY=,mSLJmutri2OnOB6WWXYUFQT9itI=
6,-37,1zQCWtYimlT07c/VIXFHEGRZAVY=,mSLJmutri2OnOB6WWXYUFQT9itI=
9,-37,1zQCWtYimlT07c/VIXFHEGRZAVY=,mSLJmutri2OnOB6WWXYUFQT9itI=
1,-37,1zQCWtYimlT07c/VIXFHEGRZAVY=,mSLJmutri2OnOB6WWXYUFQT9itI=
8,-37,1zQCWtYimlT07c/VIXFHEGRZAVY=,mSLJmutri2OnOB6WWXYUFQT9itI=
0,-37,1zQCWtYimlT07c/VIXFHEGRZAVY=,mSLJmutri2OnOB6WWXYUFQT9itI=
9,-44,1zQCWtYimlT07c/VIXFHEGRZAVY=,mSLJmutri2OnOB6WWXYUFQT9itI=
4,-37,1zQCWtYimlT07c/VIXFHEGRZAVY=,mSLJmutri2OnOB6WWXYUFQT9itI=
6,-45,1zQCWtYimlT07c/VIXFHEGRZAVY=,mSLJmutri2OnOB6WWXYUFQT9itI=
3,-37,1zQCWtYimlT07c/VIXFHEGRZAVY=,mSLJmutri2OnOB6WWXYUFQT9itI=
2,-37,1zQCWtYimlT07c/VIXFHEGRZAVY=,mSLJmutri2OnOB6WWXYUFQT9itI=
10,-47,1zQCWtYimlT07c/VIXFHEGRZAVY=,mSLJmutri2OnOB6WWXYUFQT9itI=
15,-38,1zQCWtYimlT07c/VIXFHEGRZAVY=,mSLJmutri2OnOB6WWXYUFQT9itI=
10,-44,1zQCWtYimlT07c/VIXFHEGRZAVY=,mSLJmutri2OnOB6WWXYUFQT9itI=
0,-48,1zQCWtYimlT07c/VIXFHEGRZAVY=,mSLJmutri2OnOB6WWXYUFQT9itI=
11,-38,1zQCWtYimlT07c/VIXFHEGRZAVY=,mSLJmutri2OnOB6WWXYUFQT9itI=
10,-38,1zQCWtYimlT07c/VIXFHEGRZAVY=,mSLJmutri2OnOB6WWXYUFQT9itI=
12,-38,1zQCWtYimlT07c/VIXFHEGRZAVY=,mSLJmutri2OnOB6WWXYUFQT9itI=
13,-38,1zQCWtYimlT07c/VIXFHEGRZAVY=,mSLJmutri2OnOB6WWXYUFQT9itI=
9,-38,1zQCWtYimlT07c/VIXFHEGRZAVY=,mSLJmutri2OnOB6WWXYUFQT9itI=
12,-48,1zQCWtYimlT07c/VIXFHEGRZAVY=,mSLJmutri2OnOB6WWXYUFQT9itI=
14,-38,1zQCWtYimlT07c/VIXFHEGRZAVY=,mSLJmutri2OnOB6WWXYUFQT9itI=
6,-38,1zQCWtYimlT07c/VIXFHEGRZAVY=,mSLJmutri2OnOB6WWXYUFQT9itI=
5,-45,1zQCWtYimlT07c/VIXFHEGRZAVY=,mSLJmutri2OnOB6WWXYUFQT9itI=
2,-38,1zQCWtYimlT07c/VIXFHEGRZAVY=,mSLJmutri2OnOB6WWXYUFQT9itI=
1,-38,1zQCWtYimlT07c/VIXFHEGRZAVY=,mSLJmutri2OnOB6WWXYUFQT9itI=
5,-38,1zQCWtYimlT07c/VIXFHEGRZAVY=,mSLJmutri2OnOB6WWXYUFQT9itI=
3,-38,1zQCWtYimlT07c/VIXFHEGRZAVY=,mSLJmutri2OnOB6WWXYUFQT9itI=
15,-46,1zQCWtYimlT07c/VIXFHEGRZAVY=,mSLJmutri2OnOB6WWXYUFQT9itI=
7,-38,1zQCWtYimlT07c/VIXFHEGRZAVY=,mSLJmutri2OnOB6WWXYUFQT9itI=
4,-38,1zQCWtYimlT07c/VIXFHEGRZAVY=,mSLJmutri2OnOB6WWXYUFQT9itI=
8,-38,1zQCWtYimlT07c/VIXFHEGRZAVY=,mSLJmutri2OnOB6WWXYUFQT9itI=
0,-38,1zQCWtYimlT07c/VIXFHEGRZAVY=,mSLJmutri2OnOB6WWXYUFQT9itI=
12,-39,1zQCWtYimlT07c/VIXFHEGRZAVY=,mSLJmutri2OnOB6WWXYUFQT9itI=
10,-39,1zQCWtYimlT07c/VIXFHEGRZAVY=,mSLJmutri2OnOB6WWXYUFQT9itI=
15,-39,1zQCWtYimlT07c/VIXFHEGRZAVY=,mSLJmutri2OnOB6WWXYUFQT9itI=
9,-39,1zQCWtYimlT07c/VIXFHEGRZAVY=,mSLJmutri2OnOB6WWXYUFQT9itI=
9,-47,1zQCWtYimlT07c/VIXFHEGRZAVY=,mSLJmutri2OnOB6WWXYUFQT9itI=
13,-39,1zQCWtYimlT07c/VIXFHEGRZAVY=,mSLJmutri2OnOB6WWXYUFQT9itI=
11,-44,1zQCWtYimlT07c/VIXFHEGRZAVY=,mSLJmutri2OnOB6WWXYUFQT9itI=
11,-39,1zQCWtYimlT07c/VIXFHEGRZAVY=,mSLJmutri2OnOB6WWXYUFQT9itI=
8,-39,1zQCWtYimlT07c/VIXFHEGRZAVY=,mSLJmutri2OnOB6WWXYUFQT9itI=
14,-39,1zQCWtYimlT07c/VIXFHEGRZAVY=,mSLJmutri2OnOB6WWXYUFQT9itI=
11,-48,1zQCWtYimlT07c/VIXFHEGRZAVY=,mSLJmutri2OnOB6WWXYUFQT9itI=
6,-39,1zQCWtYimlT07c/VIXFHEGRZAVY=,mSLJmutri2OnOB6WWXYUFQT9itI=
4,-45,1zQCWtYimlT07c/VIXFHEGRZAVY=,mSLJmutri2OnOB6WWXYUFQT9itI=
1,-39,1zQCWtYimlT07c/VIXFHEGRZAVY=,mSLJmutri2OnOB6WWXYUFQT9itI=
8,-47,1zQCWtYimlT07c/VIXFHEGRZAVY=,mSLJmutri2OnOB6WWXYUFQT9itI=
7,-39,1zQCWtYimlT07c/VIXFHEGRZAVY=,mSLJmutri2OnOB6WWXYUFQT9itI=
15,-40,1zQCWtYimlT07c/VIXFHEGRZAVY=,mSLJmutri2OnOB6WWXYUFQT9itI=
5,-39,1zQCWtYimlT07c/VIXFHEGRZAVY=,mSLJmutri2OnOB6WWXYUFQT9itI=
6,-48,1zQCWtYimlT07c/VIXFHEGRZAVY=,mSLJmutri2OnOB6WWXYUFQT9itI=
12,-44,1zQCWtYimlT07c/VIXFHEGRZAVY=,mSLJmutri2OnOB6WWXYUFQT9itI=
0,-39,1zQCWtYimlT07c/VIXFHEGRZAVY=,mSLJmutri2OnOB6WWXYUFQT9itI=
14,-40,1zQCWtYimlT07c/VIXFHEGRZAVY=,mSLJmutri2OnOB6WWXYUFQT9itI=
4,-39,1zQCWtYimlT07c/VIXFHEGRZAVY=,mSLJmutri2OnOB6WWXYUFQT9itI=
10,-40,1zQCWtYimlT07c/VIXFHEGRZAVY=,mSLJmutri2OnOB6WWXYUFQT9itI=
12,-40,1zQCWtYimlT07c/VIXFHEGRZAVY=,mSLJmutri2OnOB6WWXYUFQT9itI=
8,-40,1zQCWtYimlT07c/VIXFHEGRZAVY=,mSLJmutri2OnOB6WWXYUFQT9itI=
11,-40,1zQCWtYimlT07c/VIXFHEGRZAVY=,mSLJmutri2OnOB6WWXYUFQT9itI=
7,-40,1zQCWtYimlT07c/VIXFHEGRZAVY=,mSLJmutri2OnOB6WWXYUFQT9itI=
2,-39,1zQCWtYimlT07c/VIXFHEGRZAVY=,mSLJmutri2OnOB6WWXYUFQT9itI=
6,-40,1zQCWtYimlT07c/VIXFHEGRZAVY=,mSLJmutri2OnOB6WWXYUFQT9itI=
13,-40,1zQCWtYimlT07c/VIXFHEGRZAVY=,mSLJmutri2OnOB6WWXYUFQT9itI=
9,-40,1zQCWtYimlT07c/VIXFHEGRZAVY=,mSLJmutri2OnOB6WWXYUFQT9itI=
13,-44,1zQCWtYimlT07c/VIXFHEGRZAVY=,mSLJmutri2OnOB6WWXYUFQT9itI=
10,-48,1zQCWtYimlT07c/VIXFHEGRZAVY=,mSLJmutri2OnOB6WWXYUFQT9itI=
3,-39,1zQCWtYimlT07c/VIXFHEGRZAVY=,mSLJmutri2OnOB6WWXYUFQT9itI=
5,-40,1zQCWtYimlT07c/VIXFHEGRZAVY=,mSLJmutri2OnOB6WWXYUFQT9itI=
3,-45,1zQCWtYimlT07c/VIXFHEGRZAVY=,mSLJmutri2OnOB6WWXYUFQT9itI=
4,-40,1zQCWtYimlT07c/VIXFHEGRZAVY=,mSLJmutri2OnOB6WWXYUFQT9itI=
15,-41,1zQCWtYimlT07c/VIXFHEGRZAVY=,mSLJmutri2OnOB6WWXYUFQT9itI=
14,-41,1zQCWtYimlT07c/VIXFHEGRZAVY=,mSLJmutri2OnOB6WWXYUFQT9itI=
7,-47,1zQCWtYimlT07c/VIXFHEGRZAVY=,mSLJmutri2OnOB6WWXYUFQT9itI=
1,-40,1zQCWtYimlT07c/VIXFHEGRZAVY=,mSLJmutri2OnOB6WWXYUFQT9itI=
3,-40,1zQCWtYimlT07c/VIXFHEGRZAVY=,mSLJmutri2OnOB6WWXYUFQT9itI=
14,-44,1zQCWtYimlT07c/VIXFHEGRZAVY=,mSLJmutri2OnOB6WWXYUFQT9itI=
2,-40,1zQCWtYimlT07c/VIXFHEGRZAVY=,mSLJmutri2OnOB6WWXYUFQT9itI=
9,-41,1zQCWtYimlT07c/VIXFHEGRZAVY=,mSLJmutri2OnOB6WWXYUFQT9itI=
0,-40,1zQCWtYimlT07c/VIXFHEGRZAVY=,mSLJmutri2OnOB6WWXYUFQT9itI=
12,-41,1zQCWtYimlT07c/VIXFHEGRZAVY=,mSLJmutri2OnOB6WWXYUFQT9itI=
8,-41,1zQCWtYimlT07c/VIXFHEGRZAVY=,mSLJmutri2OnOB6WWXYUFQT9itI=
7,-41,1zQCWtYimlT07c/VIXFHEGRZAVY=,mSLJmutri2OnOB6WWXYUFQT9itI=
13,-41,1zQCWtYimlT07c/VIXFHEGRZAVY=,mSLJmutri2OnOB6WWXYUFQT9itI=
10,-41,1zQCWtYimlT07c/VIXFHEGRZAVY=,mSLJmutri2OnOB6WWXYUFQT9itI=
11,-41,1zQCWtYimlT07c/VIXFHEGRZAVY=,mSLJmutri2OnOB6WWXYUFQT9itI=
6,-41,1zQCWtYimlT07c/VIXFHEGRZAVY=,mSLJmutri2OnOB6WWXYUFQT9itI=
15,-44,1zQCWtYimlT07c/VIXFHEGRZAVY=,mSLJmutri2OnOB6WWXYUFQT9itI=
0,-43,1zQCWtYimlT07c/VIXFHEGRZAVY=,mSLJmutri2OnOB6WWXYUFQT9itI=
4,-41,1zQCWtYimlT07c/VIXFHEGRZAVY=,mSLJmutri2OnOB6WWXYUFQT9itI=
5,-41,1zQCWtYimlT07c/VIXFHEGRZAVY=,mSLJmutri2OnOB6WWXYUFQT9itI=
9,-48,1zQCWtYimlT07c/VIXFHEGRZAVY=,mSLJmutri2OnOB6WWXYUFQT9itI=
3,-41,1zQCWtYimlT07c/VIXFHEGRZAVY=,mSLJmutri2OnOB6WWXYUFQT9itI=
6,-47,1zQCWtYimlT07c/VIXFHEGRZAVY=,mSLJmutri2OnOB6WWXYUFQT9itI=
2,-41,1zQCWtYimlT07c/VIXFHEGRZAVY=,mSLJmutri2OnOB6WWXYUFQT9itI=
3,-47,1zQCWtYimlT07c/VIXFHEGRZAVY=,mSLJmutri2OnOB6WWXYUFQT9itI=
1,-43,1zQCWtYimlT07c/VIXFHEGRZAVY=,mSLJmutri2OnOB6WWXYUFQT9itI=
2,-45,1zQCWtYimlT07c/VIXFHEGRZAVY=,mSLJmutri2OnOB6WWXYUFQT9itI=
14,-42,1zQCWtYimlT07c/VIXFHEGRZAVY=,mSLJmutri2OnOB6WWXYUFQT9itI=
15,-42,1zQCWtYimlT07c/VIXFHEGRZAVY=,mSLJmutri2OnOB6WWXYUFQT9itI=
10,-42,1zQCWtYimlT07c/VIXFHEGRZAVY=,mSLJmutri2OnOB6WWXYUFQT9itI=
2,-43,1zQCWtYimlT07c/VIXFHEGRZAVY=,mSLJmutri2OnOB6WWXYUFQT9itI=
1,-41,1zQCWtYimlT07c/VIXFHEGRZAVY=,mSLJmutri2OnOB6WWXYUFQT9itI=
12,-42,1zQCWtYimlT07c/VIXFHEGRZAVY=,mSLJmutri2OnOB6WWXYUFQT9itI=
9,-42,1zQCWtYimlT07c/VIXFHEGRZAVY=,mSLJmutri2OnOB6WWXYUFQT9itI=
8,-42,1zQCWtYimlT07c/VIXFHEGRZAVY=,mSLJmutri2OnOB6WWXYUFQT9itI=
7,-42,1zQCWtYimlT07c/VIXFHEGRZAVY=,mSLJmutri2OnOB6WWXYUFQT9itI=
0,-41,1zQCWtYimlT07c/VIXFHEGRZAVY=,mSLJmutri2OnOB6WWXYUFQT9itI=
1,-45,1zQCWtYimlT07c/VIXFHEGRZAVY=,mSLJmutri2OnOB6WWXYUFQT9itI=
11,-42,1zQCWtYimlT07c/VIXFHEGRZAVY=,mSLJmutri2OnOB6WWXYUFQT9itI=
6,-42,1zQCWtYimlT07c/VIXFHEGRZAVY=,mSLJmutri2OnOB6WWXYUFQT9itI=
5,-42,1zQCWtYimlT07c/VIXFHEGRZAVY=,mSLJmutri2OnOB6WWXYUFQT9itI=
8,-48,1zQCWtYimlT07c/VIXFHEGRZAVY=,mSLJmutri2OnOB6WWXYUFQT9itI=
13,-42,1zQCWtYimlT07c/VIXFHEGRZAVY=,mSLJmutri2OnOB6WWXYUFQT9itI=
2,-42,1zQCWtYimlT07c/VIXFHEGRZAVY=,mSLJmutri2OnOB6WWXYUFQT9itI=
1,-42,1zQCWtYimlT07c/VIXFHEGRZAVY=,mSLJmutri2OnOB6WWXYUFQT9itI=
4,-42,1zQCWtYimlT07c/VIXFHEGRZAVY=,mSLJmutri2OnOB6WWXYUFQT9itI=
0,-42,1zQCWtYimlT07c/VIXFHEGRZAVY=,mSLJmutri2OnOB6WWXYUFQT9itI=
3,-42,1zQCWtYimlT07c/VIXFHEGRZAVY=,mSLJmutri2OnOB6WWXYUFQT9itI=
5,-47,1zQCWtYimlT07c/VIXFHEGRZAVY=,mSLJmutri2OnOB6WWXYUFQT9itI=
15,-43,1zQCWtYimlT07c/VIXFHEGRZAVY=,mSLJmutri2OnOB6WWXYUFQT9itI=
14,-43,1zQCWtYimlT07c/VIXFHEGRZAVY=,mSLJmutri2OnOB6WWXYUFQT9itI=
0,-45,1zQCWtYimlT07c/VIXFHEGRZAVY=,mSLJmutri2OnOB6WWXYUFQT9itI=
7,-48,1zQCWtYimlT07c/VIXFHEGRZAVY=,mSLJmutri2OnOB6WWXYUFQT9itI=
3,-43,1zQCWtYimlT07c/VIXFHEGRZAVY=,mSLJmutri2OnOB6WWXYUFQT9itI=
13,-43,1zQCWtYimlT07c/VIXFHEGRZAVY=,mSLJmutri2OnOB6WWXYUFQT9itI=
7,-43,1zQCWtYimlT07c/VIXFHEGRZAVY=,mSLJmutri2OnOB6WWXYUFQT9itI=
4,-47,1zQCWtYimlT07c/VIXFHEGRZAVY=,mSLJmutri2OnOB6WWXYUFQT9itI=
10,-43,1zQCWtYimlT07c/VIXFHEGRZAVY=,mSLJmutri2OnOB6WWXYUFQT9itI=
12,-43,1zQCWtYimlT07c/VIXFHEGRZAVY=,mSLJmutri2OnOB6WWXYUFQT9itI=
4,-43,1zQCWtYimlT07c/VIXFHEGRZAVY=,mSLJmutri2OnOB6WWXYUFQT9itI=
6,-43,1zQCWtYimlT07c/VIXFHEGRZAVY=,mSLJmutri2OnOB6WWXYUFQT9itI=
8,-43,1zQCWtYimlT07c/VIXFHEGRZAVY=,mSLJmutri2OnOB6WWXYUFQT9itI=
5,-43,1zQCWtYimlT07c/VIXFHEGRZAVY=,mSLJmutri2OnOB6WWXYUFQT9itI=
11,-43,1zQCWtYimlT07c/VIXFHEGRZAVY=,mSLJmutri2OnOB6WWXYUFQT9itI=
9,-43,1zQCWtYimlT07c/VIXFHEGRZAVY=,mSLJmutri2OnOB6WWXYUFQT9itI=
