12,0,SNDvDxdlv4mzx40Xtk8HO7MfO1U=,PjJeziYOJ4zvDvbc86MvFTL9ZM8=
1,0,SNDvDxdlv4mzx40Xtk8HO7MfO1U=,PjJeziYOJ4zvDvbc86MvFTL9ZM8=
0,0,SNDvDxdlv4mzx40Xtk8HO7MfO1U=,PjJeziYOJ4zvDvbc86MvFTL9ZM8=
4,0,SNDvDxdlv4mzx40Xtk8HO7MfO1U=,PjJeziYOJ4zvDvbc86MvFTL9ZM8=
15,15,SNDvDxdlv4mzx40Xtk8HO7MfO1U=,PjJeziYOJ4zvDvbc86MvFTL9ZM8=
9,0,SNDvDxdlv4mzx40Xtk8HO7MfO1U=,PjJeziYOJ4zvDvbc86MvFTL9ZM8=
14,15,SNDvDxdlv4mzx40Xtk8HO7MfO1U=,PjJeziYOJ4zvDvbc86MvFTL9ZM8=
7,0,SNDvDxdlv4mzx40Xtk8HO7MfO1U=,PjJeziYOJ4zvDvbc86MvFTL9ZM8=
11,0,SNDvDxdlv4mzx40Xtk8HO7MfO1U=,PjJeziYOJ4zvDvbc86MvFTL9ZM8=
10,0,SNDvDxdlv4mzx40Xtk8HO7MfO1U=,PjJeziYOJ4zvDvbc86MvFTL9ZM8=
8,0,SNDvDxdlv4mzx40Xtk8HO7MfO1U=,PjJeziYOJ4zvDvbc86MvFTL9ZM8=
3,0,SNDvDxdlv4mzx40Xtk8HO7MfO1U=,PjJeziYOJ4zvDvbc86MvFTL9ZM8=
5,0,SNDvDxdlv4mzx40Xtk8HO7MfO1U=,PjJeziYOJ4zvDvbc86MvFTL9ZM8=
13,0,SNDvDxdlv4mzx40Xtk8HO7MfO1U=,PjJeziYOJ4zvDvbc86MvFTL9ZM8=
6,0,SNDvDxdlv4mzx40Xtk8HO7MfO1U=,PjJeziYOJ4zvDvbc86MvFTL9ZM8=
2,0,SNDvDxdlv4mzx40Xtk8HO7MfO1U=,PjJeziYOJ4zvDvbc86MvFTL9ZM8=
14,0,SNDvDxdlv4mzx40Xtk8HO7MfO1U=,PjJeziYOJ4zvDvbc86MvFTL9ZM8=
15,0,SNDvDxdlv4mzx40Xtk8HO7MfO1U=,PjJeziYOJ4zvDvbc86MvFTL9ZM8=
2,1,SNDvDxdlv4mzx40Xtk8HO7MfO1U=,PjJeziYOJ4zvDvbc86MvFTL9ZM8=
0,1,SNDvDxdlv4mzx40Xtk8HO7MfO1U=,PjJeziYOJ4zvDvbc86MvFTL9ZM8=
1,1,SNDvDxdlv4mzx40Xtk8HO7MfO1U=,PjJeziYOJ4zvDvbc86MvFTL9ZM8=
13,15,SNDvDxdlv4mzx40Xtk8HO7MfO1U=,PjJeziYOJ4zvDvbc86MvFTL9ZM8=
3,1,SNDvDxdlv4mzx40Xtk8HO7MfO1U=,PjJeziYOJ4zvDvbc86MvFTL9ZM8=
4,1,SNDvDxdlv4mzx40Xtk8HO7MfO1U=,PjJeziYOJ4zvDvbc86MvFTL9ZM8=
12,15,SNDvDxdlv4mzx40Xtk8HO7MfO1U=,PjJeziYOJ4zvDvbc86MvFTL9ZM8=
9,1,SNDvDxdlv4mzx40Xtk8HO7MfO1U=,PjJeziYOJ4zvDvbc86MvFTL9ZM8=
6,1,SNDvDxdlv4mzx40Xtk8HO7MfO1U=,PjJeziYOJ4zvDvbc86MvFTL9ZM8=
5,1,SNDvDxdlv4mzx40Xtk8HO7MfO1U=,PjJeziYOJ4zvDvbc86MvFTL9ZM8=
8,1,SNDvDxdlv4mzx40Xtk8HO7MfO1U=,PjJeziYOJ4zvDvbc86MvFTL9ZM8=
11,1,SNDvDxdlv4mzx40Xtk8HO7MfO1U=,PjJeziYOJ4zvDvbc86MvFTL9ZM8=
10,1,SNDvDxdlv4mzx40Xtk8HO7MfO1U=,PjJeziYOJ4zvDvbc86MvFTL9ZM8=
11,15,SNDvDxdlv4mzx40Xtk8HO7MfO1U=,PjJeziYOJ4zvDvbc86MvFTL9ZM8=
7,1,SNDvDxdlv4mzx40Xtk8HO7MfO1U=,PjJeziYOJ4zvDvbc86MvFTL9ZM8=
10,15,SNDvDxdlv4mzx40Xtk8HO7MfO1U=,PjJeziYOJ4zvDvbc86MvFTL9ZM8=
9,15,SNDvDxdlv4mzx40Xtk8HO7MfO1U=,PjJeziYOJ4zvDvbc86MvFTL9ZM8=
12,1,SNDvDxdlv4mzx40Xtk8HO7MfO1U=,PjJeziYOJ4zvDvbc86MvFTL9ZM8=
15,1,SNDvDxdlv4mzx40Xtk8HO7MfO1U=,PjJeziYOJ4zvDvbc86MvFTL9ZM8=
13,1,SNDvDxdlv4mzx40Xtk8HO7MfO1U=,PjJeziYOJ4zvDvbc86MvFTL9ZM8=
14,1,SNDvDxdlv4mzx40Xtk8HO7MfO1U=,PjJeziYOJ4zvDvbc86MvFTL9ZM8=
1,2,SNDvDxdlv4mzx40Xtk8HO7MfO1U=,PjJeziYOJ4zvDvbc86MvFTL9ZM8=
8,15,SNDvDxdlv4mzx40Xtk8HO7MfO1U=,PjJeziYOJ4zvDvbc86MvFTL9ZM8=
2,2,SNDvDxdlv4mzx40Xtk8HO7MfO1U=,PjJeziYOJ4zvDvbc86MvFTL9ZM8=
5,2,SNDvDxdlv4mzx40Xtk8HO7MfO1U=,PjJeziYOJ4zvDvbc86MvFTL9ZM8=
4,2,SNDvDxdlv4mzx40Xtk8HO7MfO1U=,PjJeziYOJ4zvDvbc86MvFTL9ZM8=
3,2,SNDvDxdlv4mzx40Xtk8HO7MfO1U=,PjJeziYOJ4zvDvbc86MvFTL9ZM8=
7,15,SNDvDxdlv4mzx40Xtk8HO7MfO1U=,PjJeziYOJ4zvDvbc86MvFTL9ZM8=
7,2,SNDvDxdlv4mzx40Xtk8HO7MfO1U=,PjJeziYOJ4zvDvbc86MvFTL9ZM8=
6,2,SNDvDxdlv4mzx40Xtk8HO7MfO1U=,PjJeziYOJ4zvDvbc86MvFTL9ZM8=
9,2,SNDvDxdlv4mzx40Xtk8HO7MfO1U=,PjJeziYOJ4zvDvbc86MvFTL9ZM8=
10,2,SNDvDxdlv4mzx40Xtk8HO7MfO1U=,PjJeziYOJ4zvDvbc86MvFTL9ZM8=
6,15,SNDvDxdlv4mzx40Xtk8HO7MfO1U=,PjJeziYOJ4zvDvbc86MvFTL9ZM8=
8,2,SNDvDxdlv4mzx40Xtk8HO7MfO1U=,PjJeziYOJ4zvDvbc86MvFTL9ZM8=
11,2,SNDvDxdlv4mzx40Xtk8HO7MfO1U=,PjJeziYOJ4zvDvbc86MvFTL9ZM8=
14,2,SNDvDxdlv4mzx40Xtk8HO7MfO1U=,PjJeziYOJ4zvDvbc86MvFTL9ZM8=
12,2,SNDvDxdlv4mzx40Xtk8HO7MfO1U=,PjJeziYOJ4zvDvbc86MvFTL9ZM8=
13,2,SNDvDxdlv4mzx40Xtk8HO7MfO1U=,PjJeziYOJ4zvDvbc86MvFTL9ZM8=
5,15,SNDvDxdlv4mzx40Xtk8HO7MfO1U=,PjJeziYOJ4zvDvbc86MvFTL9ZM8=
0,3,SNDvDxdlv4mzx40Xtk8HO7MfO1U=,PjJeziYOJ4zvDvbc86MvFTL9ZM8=
15,2,SNDvDxdlv4mzx40Xtk8HO7MfO1U=,PjJeziYOJ4zvDvbc86MvFTL9ZM8=
2,3,SNDvDxdlv4mzx40Xtk8HO7MfO1U=,PjJeziYOJ4zvDvbc86MvFTL9ZM8=
1,3,SNDvDxdlv4mzx40Xtk8HO7MfO1U=,PjJeziYOJ4zvDvbc86MvFTL9ZM8=
4,15,SNDvDxdlv4mzx40Xtk8HO7MfO1U=,PjJeziYOJ4zvDvbc86MvFTL9ZM8=
4,3,SNDvDxdlv4mzx40Xtk8HO7MfO1U=,PjJeziYOJ4zvDvbc86MvFTL9ZM8=
3,3,SNDvDxdlv4mzx40Xtk8HO7MfO1U=,PjJeziYOJ4zvDvbc86MvFTL9ZM8=
5,3,SNDvDxdlv4mzx40Xtk8HO7MfO1U=,PjJeziYOJ4zvDvbc86MvFTL9ZM8=
3,15,SNDvDxdlv4mzx40Xtk8HO7MfO1U=,PjJeziYOJ4zvDvbc86MvFTL9ZM8=
6,3,SNDvDxdlv4mzx40Xtk8HO7MfO1U=,PjJeziYOJ4zvDvbc86MvFTL9ZM8=
7,3,SNDvDxdlv4mzx40Xtk8HO7MfO1U=,PjJeziYOJ4zvDvbc86MvFTL9ZM8=
8,3,SNDvDxdlv4mzx40Xtk8HO7MfO1U=,PjJeziYOJ4zvDvbc86MvFTL9ZM8=
9,3,SNDvDxdlv4mzx40Xtk8HO7MfO1U=,PjJeziYOJ4zvDvbc86MvFTL9ZM8=
10,3,SNDvDxdlv4mzx40Xtk8HO7MfO1U=,PjJeziYOJ4zvDvbc86MvFTL9ZM8=
12,3,SNDvDxdlv4mzx40Xtk8HO7MfO1U=,PjJeziYOJ4zvDvbc86MvFTL9ZM8=
2,15,SNDvDxdlv4mzx40Xtk8HO7MfO1U=,PjJeziYOJ4zvDvbc86MvFTL9ZM8=
11,3,SNDvDxdlv4mzx40Xtk8HO7MfO1U=,PjJeziYOJ4zvDvbc86MvFTL9ZM8=
13,3,SNDvDxdlv4mzx40Xtk8HO7MfO1U=,PjJeziYOJ4zvDvbc86MvFTL9ZM8=
14,3,SNDvDxdlv4mzx40Xtk8HO7MfO1U=,PjJeziYOJ4zvDvbc86MvFTL9ZM8=
15,3,SNDvDxdlv4mzx40Xtk8HO7MfO1U=,PjJeziYOJ4zvDvbc86MvFTL9ZM8=
1,4,SNDvDxdlv4mzx40Xtk8HO7MfO1U=,PjJeziYOJ4zvDvbc86MvFTL9ZM8=
0,4,SNDvDxdlv4mzx40Xtk8HO7MfO1U=,PjJeziYOJ4zvDvbc86MvFTL9ZM8=
2,4,SNDvDxdlv4mzx40Xtk8HO7MfO1U=,PjJeziYOJ4zvDvbc86MvFTL9ZM8=
3,4,SNDvDxdlv4mzx40Xtk8HO7MfO1U=,PjJeziYOJ4zvDvbc86MvFTL9ZM8=
0,2,SNDvDxdlv4mzx40Xtk8HO7MfO1U=,PjJeziYOJ4zvDvbc86MvFTL9ZM8=
1,15,SNDvDxdlv4mzx40Xtk8HO7MfO1U=,PjJeziYOJ4zvDvbc86MvFTL9ZM8=
6,4,SNDvDxdlv4mzx40Xtk8HO7MfO1U=,PjJeziYOJ4zvDvbc86MvFTL9ZM8=
5,4,SNDvDxdlv4mzx40Xtk8HO7MfO1U=,PjJeziYOJ4zvDvbc86MvFTL9ZM8=
7,4,SNDvDxdlv4mzx40Xtk8HO7MfO1U=,PjJeziYOJ4zvDvbc86MvFTL9ZM8=
4,4,SNDvDxdlv4mzx40Xtk8HO7MfO1U=,PjJeziYOJ4zvDvbc86MvFTL9ZM8=
8,4,SNDvDxdlv4mzx40Xtk8HO7MfO1U=,PjJeziYOJ4zvDvbc86MvFTL9ZM8=
9,4,SNDvDxdlv4mzx40Xtk8HO7MfO1U=,PjJeziYOJ4zvDvbc86MvFTL9ZM8=
0,15,SNDvDxdlv4mzx40Xtk8HO7MfO1U=,PjJeziYOJ4zvDvbc86MvFTL9ZM8=
13,4,SNDvDxdlv4mzx40Xtk8HO7MfO1U=,PjJeziYOJ4zvDvbc86MvFTL9ZM8=
10,4,SNDvDxdlv4mzx40Xtk8HO7MfO1U=,PjJeziYOJ4zvDvbc86MvFTL9ZM8=
11,4,SNDvDxdlv4mzx40Xtk8HO7MfO1U=,PjJeziYOJ4zvDvbc86MvFTL9ZM8=
15,4,SNDvDxdlv4mzx40Xtk8HO7MfO1U=,PjJeziYOJ4zvDvbc86MvFTL9ZM8=
12,4,SNDvDxdlv4mzx40Xtk8HO7MfO1U=,PjJeziYOJ4zvDvbc86MvFTL9ZM8=
1,5,SNDvDxdlv4mzx40Xtk8HO7MfO1U=,PjJeziYOJ4zvDvbc86MvFTL9ZM8=
15,14,SNDvDxdlv4mzx40Xtk8HO7MfO1U=,PjJeziYOJ4zvDvbc86MvFTL9ZM8=
0,5,SNDvDxdlv4mzx40Xtk8HO7MfO1U=,PjJeziYOJ4zvDvbc86MvFTL9ZM8=
4,5,SNDvDxdlv4mzx40Xtk8HO7MfO1U=,PjJeziYOJ4zvDvbc86MvFTL9ZM8=
2,5,SNDvDxdlv4mzx40Xtk8HO7MfO1U=,PjJeziYOJ4zvDvbc86MvFTL9ZM8=
3,5,SNDvDxdlv4mzx40Xtk8HO7MfO1U=,PjJeziYOJ4zvDvbc86MvFTL9ZM8=
14,14,SNDvDxdlv4mzx40Xtk8HO7MfO1U=,PjJeziYOJ4zvDvbc86MvFTL9ZM8=
5,5,SNDvDxdlv4mzx40Xtk8HO7MfO1U=,PjJeziYOJ4zvDvbc86MvFTL9ZM8=
10,5,SNDvDxdlv4mzx40Xtk8HO7MfO1U=,PjJeziYOJ4zvDvbc86MvFTL9ZM8=
9,5,SNDvDxdlv4mzx40Xtk8HO7MfO1U=,PjJeziYOJ4zvDvbc86MvFTL9ZM8=
8,5,SNDvDxdlv4mzx40Xtk8HO7MfO1U=,PjJeziYOJ4zvDvbc86MvFTL9ZM8=
6,5,SNDvDxdlv4mzx40Xtk8HO7MfO1U=,PjJeziYOJ4zvDvbc86MvFTL9ZM8=
7,5,SNDvDxdlv4mzx40Xtk8HO7MfO1U=,PjJeziYOJ4zvDvbc86MvFTL9ZM8=
13,14,SNDvDxdlv4mzx40Xtk8HO7MfO1U=,PjJeziYOJ4zvDvbc86MvFTL9ZM8=
13,5,SNDvDxdlv4mzx40Xtk8HO7MfO1U=,PjJeziYOJ4zvDvbc86MvFTL9ZM8=
11,5,SNDvDxdlv4mzx40Xtk8HO7MfO1U=,PjJeziYOJ4zvDvbc86MvFTL9ZM8=
12,5,SNDvDxdlv4mzx40Xtk8HO7MfO1U=,PjJeziYOJ4zvDvbc86MvFTL9ZM8=
15,5,SNDvDxdlv4mzx40Xtk8HO7MfO1U=,PjJeziYOJ4zvDvbc86MvFTL9ZM8=
14,5,SNDvDxdlv4mzx40Xtk8HO7MfO1U=,PjJeziYOJ4zvDvbc86MvFTL9ZM8=
12,14,SNDvDxdlv4mzx40Xtk8HO7MfO1U=,PjJeziYOJ4zvDvbc86MvFTL9ZM8=
1,6,SNDvDxdlv4mzx40Xtk8HO7MfO1U=,PjJeziYOJ4zvDvbc86MvFTL9ZM8=
0,6,SNDvDxdlv4mzx40Xtk8HO7MfO1U=,PjJeziYOJ4zvDvbc86MvFTL9ZM8=
11,14,SNDvDxdlv4mzx40Xtk8HO7MfO1U=,PjJeziYOJ4zvDvbc86MvFTL9ZM8=
2,6,SNDvDxdlv4mzx40Xtk8HO7MfO1U=,PjJeziYOJ4zvDvbc86MvFTL9ZM8=
10,14,SNDvDxdlv4mzx40Xtk8HO7MfO1U=,PjJeziYOJ4zvDvbc86MvFTL9ZM8=
3,6,SNDvDxdlv4mzx40Xtk8HO7MfO1U=,PjJeziYOJ4zvDvbc86MvFTL9ZM8=
5,6,SNDvDxdlv4mzx40Xtk8HO7MfO1U=,PjJeziYOJ4zvDvbc86MvFTL9ZM8=
6,6,SNDvDxdlv4mzx40Xtk8HO7MfO1U=,PjJeziYOJ4zvDvbc86MvFTL9ZM8=
4,6,SNDvDxdlv4mzx40Xtk8HO7MfO1U=,PjJeziYOJ4zvDvbc86MvFTL9ZM8=
9,14,SNDvDxdlv4mzx40Xtk8HO7MfO1U=,PjJeziYOJ4zvDvbc86MvFTL9ZM8=
7,6,SNDvDxdlv4mzx40Xtk8HO7MfO1U=,PjJeziYOJ4zvDvbc86MvFTL9ZM8=
8,6,SNDvDxdlv4mzx40Xtk8HO7MfO1U=,PjJeziYOJ4zvDvbc86MvFTL9ZM8=
9,6,SNDvDxdlv4mzx40Xtk8HO7MfO1U=,PjJeziYOJ4zvDvbc86MvFTL9ZM8=
10,6,SNDvDxdlv4mzx40Xtk8HO7MfO1U=,PjJeziYOJ4zvDvbc86MvFTL9ZM8=
11,6,SNDvDxdlv4mzx40Xtk8HO7MfO1U=,PjJeziYOJ4zvDvbc86MvFTL9ZM8=
12,6,SNDvDxdlv4mzx40Xtk8HO7MfO1U=,PjJeziYOJ4zvDvbc86MvFTL9ZM8=
13,6,SNDvDxdlv4mzx40Xtk8HO7MfO1U=,PjJeziYOJ4zvDvbc86MvFTL9ZM8=
15,6,SNDvDxdlv4mzx40Xtk8HO7MfO1U=,PjJeziYOJ4zvDvbc86MvFTL9ZM8=
14,6,SNDvDxdlv4mzx40Xtk8HO7MfO1U=,PjJeziYOJ4zvDvbc86MvFTL9ZM8=
8,14,SNDvDxdlv4mzx40Xtk8HO7MfO1U=,PjJeziYOJ4zvDvbc86MvFTL9ZM8=
0,7,SNDvDxdlv4mzx40Xtk8HO7MfO1U=,PjJeziYOJ4zvDvbc86MvFTL9ZM8=
1,7,SNDvDxdlv4mzx40Xtk8HO7MfO1U=,PjJeziYOJ4zvDvbc86MvFTL9ZM8=
3,7,SNDvDxdlv4mzx40Xtk8HO7MfO1U=,PjJeziYOJ4zvDvbc86MvFTL9ZM8=
2,7,SNDvDxdlv4mzx40Xtk8HO7MfO1U=,PjJeziYOJ4zvDvbc86MvFTL9ZM8=
5,7,SNDvDxdlv4mzx40Xtk8HO7MfO1U=,PjJeziYOJ4zvDvbc86MvFTL9ZM8=
7,14,SNDvDxdlv4mzx40Xtk8HO7MfO1U=,PjJeziYOJ4zvDvbc86MvFTL9ZM8=
8,7,SNDvDxdlv4mzx40Xtk8HO7MfO1U=,PjJeziYOJ4zvDvbc86MvFTL9ZM8=
4,7,SNDvDxdlv4mzx40Xtk8HO7MfO1U=,PjJeziYOJ4zvDvbc86MvFTL9ZM8=
7,7,SNDvDxdlv4mzx40Xtk8HO7MfO1U=,PjJeziYOJ4zvDvbc86MvFTL9ZM8=
9,7,SNDvDxdlv4mzx40Xtk8HO7MfO1U=,PjJeziYOJ4zvDvbc86MvFTL9ZM8=
6,7,SNDvDxdlv4mzx40Xtk8HO7MfO1U=,PjJeziYOJ4zvDvbc86MvFTL9ZM8=
6,14,SNDvDxdlv4mzx40Xtk8HO7MfO1U=,PjJeziYOJ4zvDvbc86MvFTL9ZM8=
11,7,SNDvDxdlv4mzx40Xtk8HO7MfO1U=,PjJeziYOJ4zvDvbc86MvFTL9ZM8=
12,7,SNDvDxdlv4mzx40Xtk8HO7MfO1U=,PjJeziYOJ4zvDvbc86MvFTL9ZM8=
10,7,SNDvDxdlv4mzx40Xtk8HO7MfO1U=,PjJeziYOJ4zvDvbc86MvFTL9ZM8=
15,7,SNDvDxdlv4mzx40Xtk8HO7MfO1U=,PjJeziYOJ4zvDvbc86MvFTL9ZM8=
13,7,SNDvDxdlv4mzx40Xtk8HO7MfO1U=,PjJeziYOJ4zvDvbc86MvFTL9ZM8=
5,14,SNDvDxdlv4mzx40Xtk8HO7MfO1U=,PjJeziYOJ4zvDvbc86MvFTL9ZM8=
14,7,SNDvDxdlv4mzx40Xtk8HO7MfO1U=,PjJeziYOJ4zvDvbc86MvFTL9ZM8=
1,8,SNDvDxdlv4mzx40Xtk8HO7MfO1U=,PjJeziYOJ4zvDvbc86MvFTL9ZM8=
3,8,SNDvDxdlv4mzx40Xtk8HO7MfO1U=,PjJeziYOJ4zvDvbc86MvFTL9ZM8=
2,8,SNDvDxdlv4mzx40Xtk8HO7MfO1U=,PjJeziYOJ4zvDvbc86MvFTL9ZM8=
0,8,SNDvDxdlv4mzx40Xtk8HO7MfO1U=,PjJeziYOJ4zvDvbc86MvFTL9ZM8=
4,8,SNDvDxdlv4mzx40Xtk8HO7MfO1U=,PjJeziYOJ4zvDvbc86MvFTL9ZM8=
4,14,SNDvDxdlv4mzx40Xtk8HO7MfO1U=,PjJeziYOJ4zvDvbc86MvFTL9ZM8=
5,8,SNDvDxdlv4mzx40Xtk8HO7MfO1U=,PjJeziYOJ4zvDvbc86MvFTL9ZM8=
7,8,SNDvDxdlv4mzx40Xtk8HO7MfO1U=,PjJeziYOJ4zvDvbc86MvFTL9ZM8=
8,8,SNDvDxdlv4mzx40Xtk8HO7MfO1U=,PjJeziYOJ4zvDvbc86MvFTL9ZM8=
6,8,SNDvDxdlv4mzx40Xtk8HO7MfO1U=,PjJeziYOJ4zvDvbc86MvFTL9ZM8=
9,8,SNDvDxdlv4mzx40Xtk8HO7MfO1U=,PjJeziYOJ4zvDvbc86MvFTL9ZM8=
10,8,SNDvDxdlv4mzx40Xtk8HO7MfO1U=,PjJeziYOJ4zvDvbc86MvFTL9ZM8=
3,14,SNDvDxdlv4mzx40Xtk8HO7MfO1U=,PjJeziYOJ4zvDvbc86MvFTL9ZM8=
11,8,SNDvDxdlv4mzx40Xtk8HO7MfO1U=,PjJeziYOJ4zvDvbc86MvFTL9ZM8=
13,8,SNDvDxdlv4mzx40Xtk8HO7MfO1U=,PjJeziYOJ4zvDvbc86MvFTL9ZM8=
2,9,SNDvDxdlv4mzx40Xtk8HO7MfO1U=,PjJeziYOJ4zvDvbc86MvFTL9ZM8=
12,8,SNDvDxdlv4mzx40Xtk8HO7MfO1U=,PjJeziYOJ4zvDvbc86MvFTL9ZM8=
14,8,SNDvDxdlv4mzx40Xtk8HO7MfO1U=,PjJeziYOJ4zvDvbc86MvFTL9ZM8=
15,8,SNDvDxdlv4mzx40Xtk8HO7MfO1U=,PjJeziYOJ4zvDvbc86MvFTL9ZM8=
1,9,SNDvDxdlv4mzx40Xtk8HO7MfO1U=,PjJeziYOJ4zvDvbc86MvFTL9ZM8=
3,9,SNDvDxdlv4mzx40Xtk8HO7MfO1U=,PjJeziYOJ4zvDvbc86MvFTL9ZM8=
0,9,SNDvDxdlv4mzx40Xtk8HO7MfO1U=,PjJeziYOJ4zvDvbc86MvFTL9ZM8=
2,14,SNDvDxdlv4mzx40Xtk8HO7MfO1U=,PjJeziYOJ4zvDvbc86MvFTL9ZM8=
4,9,SNDvDxdlv4mzx40Xtk8HO7MfO1U=,PjJeziYOJ4zvDvbc86MvFTL9ZM8=
5,9,SNDvDxdlv4mzx40Xtk8HO7MfO1U=,PjJeziYOJ4zvDvbc86MvFTL9ZM8=
6,9,SNDvDxdlv4mzx40Xtk8HO7MfO1U=,PjJeziYOJ4zvDvbc86MvFTL9ZM8=
7,9,SNDvDxdlv4mzx40Xtk8HO7MfO1U=,PjJeziYOJ4zvDvbc86MvFTL9ZM8=
1,14,SNDvDxdlv4mzx40Xtk8HO7MfO1U=,PjJeziYOJ4zvDvbc86MvFTL9ZM8=
8,9,SNDvDxdlv4mzx40Xtk8HO7MfO1U=,PjJeziYOJ4zvDvbc86MvFTL9ZM8=
11,9,SNDvDxdlv4mzx40Xtk8HO7MfO1U=,PjJeziYOJ4zvDvbc86MvFTL9ZM8=
9,9,SNDvDxdlv4mzx40Xtk8HO7MfO1U=,PjJeziYOJ4zvDvbc86MvFTL9ZM8=
10,9,SNDvDxdlv4mzx40Xtk8HO7MfO1U=,PjJeziYOJ4zvDvbc86MvFTL9ZM8=
1,10,SNDvDxdlv4mzx40Xtk8HO7MfO1U=,PjJeziYOJ4zvDvbc86MvFTL9ZM8=
12,9,SNDvDxdlv4mzx40Xtk8HO7MfO1U=,PjJeziYOJ4zvDvbc86MvFTL9ZM8=
13,9,SNDvDxdlv4mzx40Xtk8HO7MfO1U=,PjJeziYOJ4zvDvbc86MvFTL9ZM8=
3,10,SNDvDxdlv4mzx40Xtk8HO7MfO1U=,PjJeziYOJ4zvDvbc86MvFTL9ZM8=
0,10,SNDvDxdlv4mzx40Xtk8HO7MfO1U=,PjJeziYOJ4zvDvbc86MvFTL9ZM8=
15,9,SNDvDxdlv4mzx40Xtk8HO7MfO1U=,PjJeziYOJ4zvDvbc86MvFTL9ZM8=
14,9,SNDvDxdlv4mzx40Xtk8HO7MfO1U=,PjJeziYOJ4zvDvbc86MvFTL9ZM8=
4,10,SNDvDxdlv4mzx40Xtk8HO7MfO1U=,PjJeziYOJ4zvDvbc86MvFTL9ZM8=
0,14,SNDvDxdlv4mzx40Xtk8HO7MfO1U=,PjJeziYOJ4zvDvbc86MvFTL9ZM8=
2,10,SNDvDxdlv4mzx40Xtk8HO7MfO1U=,PjJeziYOJ4zvDvbc86MvFTL9ZM8=
5,10,SNDvDxdlv4mzx40Xtk8HO7MfO1U=,PjJeziYOJ4zvDvbc86MvFTL9ZM8=
6,10,SNDvDxdlv4mzx40Xtk8HO7MfO1U=,PjJeziYOJ4zvDvbc86MvFTL9ZM8=
8,10,SNDvDxdlv4mzx40Xtk8HO7MfO1U=,PjJeziYOJ4zvDvbc86MvFTL9ZM8=
7,10,SNDvDxdlv4mzx40Xtk8HO7MfO1U=,PjJeziYOJ4zvDvbc86MvFTL9ZM8=
9,10,SNDvDxdlv4mzx40Xtk8HO7MfO1U=,PjJeziYOJ4zvDvbc86MvFTL9ZM8=
10,10,SNDvDxdlv4mzx40Xtk8HO7MfO1U=,PjJeziYOJ4zvDvbc86MvFTL9ZM8=
15,13,SNDvDxdlv4mzx40Xtk8HO7MfO1U=,PjJeziYOJ4zvDvbc86MvFTL9ZM8=
15,10,SNDvDxdlv4mzx40Xtk8HO7MfO1U=,PjJeziYOJ4zvDvbc86MvFTL9ZM8=
14,10,SNDvDxdlv4mzx40Xtk8HO7MfO1U=,PjJeziYOJ4zvDvbc86MvFTL9ZM8=
13,10,SNDvDxdlv4mzx40Xtk8HO7MfO1U=,PjJeziYOJ4zvDvbc86MvFTL9ZM8=
12,10,SNDvDxdlv4mzx40Xtk8HO7MfO1U=,PjJeziYOJ4zvDvbc86MvFTL9ZM8=
0,11,SNDvDxdlv4mzx40Xtk8HO7MfO1U=,PjJeziYOJ4zvDvbc86MvFTL9ZM8=
11,10,SNDvDxdlv4mzx40Xtk8HO7MfO1U=,PjJeziYOJ4zvDvbc86MvFTL9ZM8=
1,11,SNDvDxdlv4mzx40Xtk8HO7MfO1U=,PjJeziYOJ4zvDvbc86MvFTL9ZM8=
14,4,SNDvDxdlv4mzx40Xtk8HO7MfO1U=,PjJeziYOJ4zvDvbc86MvFTL9ZM8=
14,13,SNDvDxdlv4mzx40Xtk8HO7MfO1U=,PjJeziYOJ4zvDvbc86MvFTL9ZM8=
4,11,SNDvDxdlv4mzx40Xtk8HO7MfO1U=,PjJeziYOJ4zvDvbc86MvFTL9ZM8=
3,11,SNDvDxdlv4mzx40Xtk8HO7MfO1U=,PjJeziYOJ4zvDvbc86MvFTL9ZM8=
2,11,SNDvDxdlv4mzx40Xtk8HO7MfO1U=,PjJeziYOJ4zvDvbc86MvFTL9ZM8=
13,13,SNDvDxdlv4mzx40Xtk8HO7MfO1U=,PjJeziYOJ4zvDvbc86MvFTL9ZM8=
5,11,SNDvDxdlv4mzx40Xtk8HO7MfO1U=,PjJeziYOJ4zvDvbc86MvFTL9ZM8=
6,11,SNDvDxdlv4mzx40Xtk8HO7MfO1U=,PjJeziYOJ4zvDvbc86MvFTL9ZM8=
8,11,SNDvDxdlv4mzx40Xtk8HO7MfO1U=,PjJeziYOJ4zvDvbc86MvFTL9ZM8=
7,11,SNDvDxdlv4mzx40Xtk8HO7MfO1U=,PjJeziYOJ4zvDvbc86MvFTL9ZM8=
9,11,SNDvDxdlv4mzx40Xtk8HO7MfO1U=,PjJeziYOJ4zvDvbc86MvFTL9ZM8=
10,11,SNDvDxdlv4mzx40Xtk8HO7MfO1U=,PjJeziYOJ4zvDvbc86MvFTL9ZM8=
11,11,SNDvDxdlv4mzx40Xtk8HO7MfO1U=,PjJeziYOJ4zvDvbc86MvFTL9ZM8=
13,11,SNDvDxdlv4mzx40Xtk8HO7MfO1U=,PjJeziYOJ4zvDvbc86MvFTL9ZM8=
15,11,SNDvDxdlv4mzx40Xtk8HO7MfO1U=,PjJeziYOJ4zvDvbc86MvFTL9ZM8=
14,11,SNDvDxdlv4mzx40Xtk8HO7MfO1U=,PjJeziYOJ4zvDvbc86MvFTL9ZM8=
12,13,SNDvDxdlv4mzx40Xtk8HO7MfO1U=,PjJeziYOJ4zvDvbc86MvFTL9ZM8=
3,12,SNDvDxdlv4mzx40Xtk8HO7MfO1U=,PjJeziYOJ4zvDvbc86MvFTL9ZM8=
12,11,SNDvDxdlv4mzx40Xtk8HO7MfO1U=,PjJeziYOJ4zvDvbc86MvFTL9ZM8=
1,12,SNDvDxdlv4mzx40Xtk8HO7MfO1U=,PjJeziYOJ4zvDvbc86MvFTL9ZM8=
4,12,SNDvDxdlv4mzx40Xtk8HO7MfO1U=,PjJeziYOJ4zvDvbc86MvFTL9ZM8=
0,12,SNDvDxdlv4mzx40Xtk8HO7MfO1U=,PjJeziYOJ4zvDvbc86MvFTL9ZM8=
11,13,SNDvDxdlv4mzx40Xtk8HO7MfO1U=,PjJeziYOJ4zvDvbc86MvFTL9ZM8=
5,12,SNDvDxdlv4mzx40Xtk8HO7MfO1U=,PjJeziYOJ4zvDvbc86MvFTL9ZM8=
10,12,SNDvDxdlv4mzx40Xtk8HO7MfO1U=,PjJeziYOJ4zvDvbc86MvFTL9ZM8=
2,12,SNDvDxdlv4mzx40Xtk8HO7MfO1U=,PjJeziYOJ4zvDvbc86MvFTL9ZM8=
7,12,SNDvDxdlv4mzx40Xtk8HO7MfO1U=,PjJeziYOJ4zvDvbc86MvFTL9ZM8=
6,12,SNDvDxdlv4mzx40Xtk8HO7MfO1U=,PjJeziYOJ4zvDvbc86MvFTL9ZM8=
9,12,SNDvDxdlv4mzx40Xtk8HO7MfO1U=,PjJeziYOJ4zvDvbc86MvFTL9ZM8=
8,12,SNDvDxdlv4mzx40Xtk8HO7MfO1U=,PjJeziYOJ4zvDvbc86MvFTL9ZM8=
11,12,SNDvDxdlv4mzx40Xtk8HO7MfO1U=,PjJeziYOJ4zvDvbc86MvFTL9ZM8=
10,13,SNDvDxdlv4mzx40Xtk8HO7MfO1U=,PjJeziYOJ4zvDvbc86MvFTL9ZM8=
13,12,SNDvDxdlv4mzx40Xtk8HO7MfO1U=,PjJeziYOJ4zvDvbc86MvFTL9ZM8=
12,12,SNDvDxdlv4mzx40Xtk8HO7MfO1U=,PjJeziYOJ4zvDvbc86MvFTL9ZM8=
15,12,SNDvDxdlv4mzx40Xtk8HO7MfO1U=,PjJeziYOJ4zvDvbc86MvFTL9ZM8=
0,13,SNDvDxdlv4mzx40Xtk8HO7MfO1U=,PjJeziYOJ4zvDvbc86MvFTL9ZM8=
1,13,SNDvDxdlv4mzx40Xtk8HO7MfO1U=,PjJeziYOJ4zvDvbc86MvFTL9ZM8=
2,13,SNDvDxdlv4mzx40Xtk8HO7MfO1U=,PjJeziYOJ4zvDvbc86MvFTL9ZM8=
4,13,SNDvDxdlv4mzx40Xtk8HO7MfO1U=,PjJeziYOJ4zvDvbc86MvFTL9ZM8=
3,13,SNDvDxdlv4mzx40Xtk8HO7MfO1U=,PjJeziYOJ4zvDvbc86MvFTL9ZM8=
9,13,SNDvDxdlv4mzx40Xtk8HO7MfO1U=,PjJeziYOJ4zvDvbc86MvFTL9ZM8=
14,12,SNDvDxdlv4mzx40Xtk8HO7MfO1U=,PjJeziYOJ4zvDvbc86MvFTL9ZM8=
5,13,SNDvDxdlv4mzx40Xtk8HO7MfO1U=,PjJeziYOJ4zvDvbc86MvFTL9ZM8=
7,13,SNDvDxdlv4mzx40Xtk8HO7MfO1U=,PjJeziYOJ4zvDvbc86MvFTL9ZM8=
6,13,SNDvDxdlv4mzx40Xtk8HO7MfO1U=,PjJeziYOJ4zvDvbc86MvFTL9ZM8=
8,13,SNDvDxdlv4mzx40Xtk8HO7MfO1U=,PjJeziYOJ4zvDvbc86MvFTL9ZM8=
30,15,UIOb9p5gUWQq3lQVzK0uf8tf3bQ=,PjJeziYOJ4zvDvbc86MvFTL9ZM8=
29,15,UIOb9p5gUWQq3lQVzK0uf8tf3bQ=,PjJeziYOJ4zvDvbc86MvFTL9ZM8=
28,15,UIOb9p5gUWQq3lQVzK0uf8tf3bQ=,PjJeziYOJ4zvDvbc86MvFTL9ZM8=
25,15,UIOb9p5gUWQq3lQVzK0uf8tf3bQ=,PjJeziYOJ4zvDvbc86MvFTL9ZM8=
26,15,UIOb9p5gUWQq3lQVzK0uf8tf3bQ=,PjJeziYOJ4zvDvbc86MvFTL9ZM8=
31,15,UIOb9p5gUWQq3lQVzK0uf8tf3bQ=,PjJeziYOJ4zvDvbc86MvFTL9ZM8=
27,15,UIOb9p5gUWQq3lQVzK0uf8tf3bQ=,PjJeziYOJ4zvDvbc86MvFTL9ZM8=
21,15,UIOb9p5gUWQq3lQVzK0uf8tf3bQ=,PjJeziYOJ4zvDvbc86MvFTL9ZM8=
31,0,UIOb9p5gUWQq3lQVzK0uf8tf3bQ=,PjJeziYOJ4zvDvbc86MvFTL9ZM8=
24,15,UIOb9p5gUWQq3lQVzK0uf8tf3bQ=,PjJeziYOJ4zvDvbc86MvFTL9ZM8=
16,1,UIOb9p5gUWQq3lQVzK0uf8tf3bQ=,PjJeziYOJ4zvDvbc86MvFTL9ZM8=
19,15,UIOb9p5gUWQq3lQVzK0uf8tf3bQ=,PjJeziYOJ4zvDvbc86MvFTL9ZM8=
23,15,UIOb9p5gUWQq3lQVzK0uf8tf3bQ=,PjJeziYOJ4zvDvbc86MvFTL9ZM8=
18,15,UIOb9p5gUWQq3lQVzK0uf8tf3bQ=,PjJeziYOJ4zvDvbc86MvFTL9ZM8=
22,15,UIOb9p5gUWQq3lQVzK0uf8tf3bQ=,PjJeziYOJ4zvDvbc86MvFTL9ZM8=
17,15,UIOb9p5gUWQq3lQVzK0uf8tf3bQ=,PjJeziYOJ4zvDvbc86MvFTL9ZM8=
16,15,UIOb9p5gUWQq3lQVzK0uf8tf3bQ=,PjJeziYOJ4zvDvbc86MvFTL9ZM8=
30,14,UIOb9p5gUWQq3lQVzK0uf8tf3bQ=,PjJeziYOJ4zvDvbc86MvFTL9ZM8=
29,14,UIOb9p5gUWQq3lQVzK0uf8tf3bQ=,PjJeziYOJ4zvDvbc86MvFTL9ZM8=
20,15,UIOb9p5gUWQq3lQVzK0uf8tf3bQ=,PjJeziYOJ4zvDvbc86MvFTL9ZM8=
31,14,UIOb9p5gUWQq3lQVzK0uf8tf3bQ=,PjJeziYOJ4zvDvbc86MvFTL9ZM8=
28,14,UIOb9p5gUWQq3lQVzK0uf8tf3bQ=,PjJeziYOJ4zvDvbc86MvFTL9ZM8=
30,0,UIOb9p5gUWQq3lQVzK0uf8tf3bQ=,PjJeziYOJ4zvDvbc86MvFTL9ZM8=
17,1,UIOb9p5gUWQq3lQVzK0uf8tf3bQ=,PjJeziYOJ4zvDvbc86MvFTL9ZM8=
25,14,UIOb9p5gUWQq3lQVzK0uf8tf3bQ=,PjJeziYOJ4zvDvbc86MvFTL9ZM8=
22,14,UIOb9p5gUWQq3lQVzK0uf8tf3bQ=,PjJeziYOJ4zvDvbc86MvFTL9ZM8=
26,14,UIOb9p5gUWQq3lQVzK0uf8tf3bQ=,PjJeziYOJ4zvDvbc86MvFTL9ZM8=
21,14,UIOb9p5gUWQq3lQVzK0uf8tf3bQ=,PjJeziYOJ4zvDvbc86MvFTL9ZM8=
27,14,UIOb9p5gUWQq3lQVzK0uf8tf3bQ=,PjJeziYOJ4zvDvbc86MvFTL9ZM8=
18,1,UIOb9p5gUWQq3lQVzK0uf8tf3bQ=,PjJeziYOJ4zvDvbc86MvFTL9ZM8=
29,0,UIOb9p5gUWQq3lQVzK0uf8tf3bQ=,PjJeziYOJ4zvDvbc86MvFTL9ZM8=
20,14,UIOb9p5gUWQq3lQVzK0uf8tf3bQ=,PjJeziYOJ4zvDvbc86MvFTL9ZM8=
19,14,UIOb9p5gUWQq3lQVzK0uf8tf3bQ=,PjJeziYOJ4zvDvbc86MvFTL9ZM8=
18,14,UIOb9p5gUWQq3lQVzK0uf8tf3bQ=,PjJeziYOJ4zvDvbc86MvFTL9ZM8=
23,14,UIOb9p5gUWQq3lQVzK0uf8tf3bQ=,PjJeziYOJ4zvDvbc86MvFTL9ZM8=
19,1,UIOb9p5gUWQq3lQVzK0uf8tf3bQ=,PjJeziYOJ4zvDvbc86MvFTL9ZM8=
16,14,UIOb9p5gUWQq3lQVzK0uf8tf3bQ=,PjJeziYOJ4zvDvbc86MvFTL9ZM8=
31,13,UIOb9p5gUWQq3lQVzK0uf8tf3bQ=,PjJeziYOJ4zvDvbc86MvFTL9ZM8=
29,13,UIOb9p5gUWQq3lQVzK0uf8tf3bQ=,PjJeziYOJ4zvDvbc86MvFTL9ZM8=
24,14,UIOb9p5gUWQq3lQVzK0uf8tf3bQ=,PjJeziYOJ4zvDvbc86MvFTL9ZM8=
28,13,UIOb9p5gUWQq3lQVzK0uf8tf3bQ=,PjJeziYOJ4zvDvbc86MvFTL9ZM8=
21,13,UIOb9p5gUWQq3lQVzK0uf8tf3bQ=,PjJeziYOJ4zvDvbc86MvFTL9ZM8=
24,13,UIOb9p5gUWQq3lQVzK0uf8tf3bQ=,PjJeziYOJ4zvDvbc86MvFTL9ZM8=
25,13,UIOb9p5gUWQq3lQVzK0uf8tf3bQ=,PjJeziYOJ4zvDvbc86MvFTL9ZM8=
23,13,UIOb9p5gUWQq3lQVzK0uf8tf3bQ=,PjJeziYOJ4zvDvbc86MvFTL9ZM8=
28,0,UIOb9p5gUWQq3lQVzK0uf8tf3bQ=,PjJeziYOJ4zvDvbc86MvFTL9ZM8=
30,13,UIOb9p5gUWQq3lQVzK0uf8tf3bQ=,PjJeziYOJ4zvDvbc86MvFTL9ZM8=
26,13,UIOb9p5gUWQq3lQVzK0uf8tf3bQ=,PjJeziYOJ4zvDvbc86MvFTL9ZM8=
27,13,UIOb9p5gUWQq3lQVzK0uf8tf3bQ=,PjJeziYOJ4zvDvbc86MvFTL9ZM8=
20,13,UIOb9p5gUWQq3lQVzK0uf8tf3bQ=,PjJeziYOJ4zvDvbc86MvFTL9ZM8=
22,13,UIOb9p5gUWQq3lQVzK0uf8tf3bQ=,PjJeziYOJ4zvDvbc86MvFTL9ZM8=
20,1,UIOb9p5gUWQq3lQVzK0uf8tf3bQ=,PjJeziYOJ4zvDvbc86MvFTL9ZM8=
17,13,UIOb9p5gUWQq3lQVzK0uf8tf3bQ=,PjJeziYOJ4zvDvbc86MvFTL9ZM8=
16,13,UIOb9p5gUWQq3lQVzK0uf8tf3bQ=,PjJeziYOJ4zvDvbc86MvFTL9ZM8=
19,13,UIOb9p5gUWQq3lQVzK0uf8tf3bQ=,PjJeziYOJ4zvDvbc86MvFTL9ZM8=
18,13,UIOb9p5gUWQq3lQVzK0uf8tf3bQ=,PjJeziYOJ4zvDvbc86MvFTL9ZM8=
31,12,UIOb9p5gUWQq3lQVzK0uf8tf3bQ=,PjJeziYOJ4zvDvbc86MvFTL9ZM8=
24,12,UIOb9p5gUWQq3lQVzK0uf8tf3bQ=,PjJeziYOJ4zvDvbc86MvFTL9ZM8=
30,12,UIOb9p5gUWQq3lQVzK0uf8tf3bQ=,PjJeziYOJ4zvDvbc86MvFTL9ZM8=
23,12,UIOb9p5gUWQq3lQVzK0uf8tf3bQ=,PjJeziYOJ4zvDvbc86MvFTL9ZM8=
29,12,UIOb9p5gUWQq3lQVzK0uf8tf3bQ=,PjJeziYOJ4zvDvbc86MvFTL9ZM8=
22,12,UIOb9p5gUWQq3lQVzK0uf8tf3bQ=,PjJeziYOJ4zvDvbc86MvFTL9ZM8=
21,1,UIOb9p5gUWQq3lQVzK0uf8tf3bQ=,PjJeziYOJ4zvDvbc86MvFTL9ZM8=
21,12,UIOb9p5gUWQq3lQVzK0uf8tf3bQ=,PjJeziYOJ4zvDvbc86MvFTL9ZM8=
27,0,UIOb9p5gUWQq3lQVzK0uf8tf3bQ=,PjJeziYOJ4zvDvbc86MvFTL9ZM8=
28,12,UIOb9p5gUWQq3lQVzK0uf8tf3bQ=,PjJeziYOJ4zvDvbc86MvFTL9ZM8=
27,12,UIOb9p5gUWQq3lQVzK0uf8tf3bQ=,PjJeziYOJ4zvDvbc86MvFTL9ZM8=
20,12,UIOb9p5gUWQq3lQVzK0uf8tf3bQ=,PjJeziYOJ4zvDvbc86MvFTL9ZM8=
25,12,UIOb9p5gUWQq3lQVzK0uf8tf3bQ=,PjJeziYOJ4zvDvbc86MvFTL9ZM8=
26,12,UIOb9p5gUWQq3lQVzK0uf8tf3bQ=,PjJeziYOJ4zvDvbc86MvFTL9ZM8=
18,12,UIOb9p5gUWQq3lQVzK0uf8tf3bQ=,PjJeziYOJ4zvDvbc86MvFTL9ZM8=
16,12,UIOb9p5gUWQq3lQVzK0uf8tf3bQ=,PjJeziYOJ4zvDvbc86MvFTL9ZM8=
22,1,UIOb9p5gUWQq3lQVzK0uf8tf3bQ=,PjJeziYOJ4zvDvbc86MvFTL9ZM8=
17,12,UIOb9p5gUWQq3lQVzK0uf8tf3bQ=,PjJeziYOJ4zvDvbc86MvFTL9ZM8=
19,12,UIOb9p5gUWQq3lQVzK0uf8tf3bQ=,PjJeziYOJ4zvDvbc86MvFTL9ZM8=
27,11,UIOb9p5gUWQq3lQVzK0uf8tf3bQ=,PjJeziYOJ4zvDvbc86MvFTL9ZM8=
31,11,UIOb9p5gUWQq3lQVzK0uf8tf3bQ=,PjJeziYOJ4zvDvbc86MvFTL9ZM8=
28,11,UIOb9p5gUWQq3lQVzK0uf8tf3bQ=,PjJeziYOJ4zvDvbc86MvFTL9ZM8=
23,1,UIOb9p5gUWQq3lQVzK0uf8tf3bQ=,PjJeziYOJ4zvDvbc86MvFTL9ZM8=
30,11,UIOb9p5gUWQq3lQVzK0uf8tf3bQ=,PjJeziYOJ4zvDvbc86MvFTL9ZM8=
21,11,UIOb9p5gUWQq3lQVzK0uf8tf3bQ=,PjJeziYOJ4zvDvbc86MvFTL9ZM8=
26,0,UIOb9p5gUWQq3lQVzK0uf8tf3bQ=,PjJeziYOJ4zvDvbc86MvFTL9ZM8=
24,1,UIOb9p5gUWQq3lQVzK0uf8tf3bQ=,PjJeziYOJ4zvDvbc86MvFTL9ZM8=
20,11,UIOb9p5gUWQq3lQVzK0uf8tf3bQ=,PjJeziYOJ4zvDvbc86MvFTL9ZM8=
24,11,UIOb9p5gUWQq3lQVzK0uf8tf3bQ=,PjJeziYOJ4zvDvbc86MvFTL9ZM8=
25,1,UIOb9p5gUWQq3lQVzK0uf8tf3bQ=,PjJeziYOJ4zvDvbc86MvFTL9ZM8=
26,11,UIOb9p5gUWQq3lQVzK0uf8tf3bQ=,PjJeziYOJ4zvDvbc86MvFTL9ZM8=
22,11,UIOb9p5gUWQq3lQVzK0uf8tf3bQ=,PjJeziYOJ4zvDvbc86MvFTL9ZM8=
25,11,UIOb9p5gUWQq3lQVzK0uf8tf3bQ=,PjJeziYOJ4zvDvbc86MvFTL9ZM8=
23,11,UIOb9p5gUWQq3lQVzK0uf8tf3bQ=,PjJeziYOJ4zvDvbc86MvFTL9ZM8=
26,1,UIOb9p5gUWQq3lQVzK0uf8tf3bQ=,PjJeziYOJ4zvDvbc86MvFTL9ZM8=
27,1,UIOb9p5gUWQq3lQVzK0uf8tf3bQ=,PjJeziYOJ4zvDvbc86MvFTL9ZM8=
18,11,UIOb9p5gUWQq3lQVzK0uf8tf3bQ=,PjJeziYOJ4zvDvbc86MvFTL9ZM8=
28,1,UIOb9p5gUWQq3lQVzK0uf8tf3bQ=,PjJeziYOJ4zvDvbc86MvFTL9ZM8=
29,1,UIOb9p5gUWQq3lQVzK0uf8tf3bQ=,PjJeziYOJ4zvDvbc86MvFTL9ZM8=
30,1,UIOb9p5gUWQq3lQVzK0uf8tf3bQ=,PjJeziYOJ4zvDvbc86MvFTL9ZM8=
17,11,UIOb9p5gUWQq3lQVzK0uf8tf3bQ=,PjJeziYOJ4zvDvbc86MvFTL9ZM8=
28,10,UIOb9p5gUWQq3lQVzK0uf8tf3bQ=,PjJeziYOJ4zvDvbc86MvFTL9ZM8=
27,10,UIOb9p5gUWQq3lQVzK0uf8tf3bQ=,PjJeziYOJ4zvDvbc86MvFTL9ZM8=
29,10,UIOb9p5gUWQq3lQVzK0uf8tf3bQ=,PjJeziYOJ4zvDvbc86MvFTL9ZM8=
31,10,UIOb9p5gUWQq3lQVzK0uf8tf3bQ=,PjJeziYOJ4zvDvbc86MvFTL9ZM8=
19,11,UIOb9p5gUWQq3lQVzK0uf8tf3bQ=,PjJeziYOJ4zvDvbc86MvFTL9ZM8=
16,11,UIOb9p5gUWQq3lQVzK0uf8tf3bQ=,PjJeziYOJ4zvDvbc86MvFTL9ZM8=
26,10,UIOb9p5gUWQq3lQVzK0uf8tf3bQ=,PjJeziYOJ4zvDvbc86MvFTL9ZM8=
30,10,UIOb9p5gUWQq3lQVzK0uf8tf3bQ=,PjJeziYOJ4zvDvbc86MvFTL9ZM8=
25,0,UIOb9p5gUWQq3lQVzK0uf8tf3bQ=,PjJeziYOJ4zvDvbc86MvFTL9ZM8=
20,10,UIOb9p5gUWQq3lQVzK0uf8tf3bQ=,PjJeziYOJ4zvDvbc86MvFTL9ZM8=
21,10,UIOb9p5gUWQq3lQVzK0uf8tf3bQ=,PjJeziYOJ4zvDvbc86MvFTL9ZM8=
16,0,UIOb9p5gUWQq3lQVzK0uf8tf3bQ=,PjJeziYOJ4zvDvbc86MvFTL9ZM8=
31,1,UIOb9p5gUWQq3lQVzK0uf8tf3bQ=,PjJeziYOJ4zvDvbc86MvFTL9ZM8=
22,10,UIOb9p5gUWQq3lQVzK0uf8tf3bQ=,PjJeziYOJ4zvDvbc86MvFTL9ZM8=
18,10,UIOb9p5gUWQq3lQVzK0uf8tf3bQ=,PjJeziYOJ4zvDvbc86MvFTL9ZM8=
31,9,UIOb9p5gUWQq3lQVzK0uf8tf3bQ=,PjJeziYOJ4zvDvbc86MvFTL9ZM8=
25,10,UIOb9p5gUWQq3lQVzK0uf8tf3bQ=,PjJeziYOJ4zvDvbc86MvFTL9ZM8=
19,10,UIOb9p5gUWQq3lQVzK0uf8tf3bQ=,PjJeziYOJ4zvDvbc86MvFTL9ZM8=
29,9,UIOb9p5gUWQq3lQVzK0uf8tf3bQ=,PjJeziYOJ4zvDvbc86MvFTL9ZM8=
28,9,UIOb9p5gUWQq3lQVzK0uf8tf3bQ=,PjJeziYOJ4zvDvbc86MvFTL9ZM8=
23,10,UIOb9p5gUWQq3lQVzK0uf8tf3bQ=,PjJeziYOJ4zvDvbc86MvFTL9ZM8=
27,9,UIOb9p5gUWQq3lQVzK0uf8tf3bQ=,PjJeziYOJ4zvDvbc86MvFTL9ZM8=
26,9,UIOb9p5gUWQq3lQVzK0uf8tf3bQ=,PjJeziYOJ4zvDvbc86MvFTL9ZM8=
30,9,UIOb9p5gUWQq3lQVzK0uf8tf3bQ=,PjJeziYOJ4zvDvbc86MvFTL9ZM8=
24,0,UIOb9p5gUWQq3lQVzK0uf8tf3bQ=,PjJeziYOJ4zvDvbc86MvFTL9ZM8=
17,10,UIOb9p5gUWQq3lQVzK0uf8tf3bQ=,PjJeziYOJ4zvDvbc86MvFTL9ZM8=
24,10,UIOb9p5gUWQq3lQVzK0uf8tf3bQ=,PjJeziYOJ4zvDvbc86MvFTL9ZM8=
16,10,UIOb9p5gUWQq3lQVzK0uf8tf3bQ=,PjJeziYOJ4zvDvbc86MvFTL9ZM8=
20,9,UIOb9p5gUWQq3lQVzK0uf8tf3bQ=,PjJeziYOJ4zvDvbc86MvFTL9ZM8=
23,9,UIOb9p5gUWQq3lQVzK0uf8tf3bQ=,PjJeziYOJ4zvDvbc86MvFTL9ZM8=
25,9,UIOb9p5gUWQq3lQVzK0uf8tf3bQ=,PjJeziYOJ4zvDvbc86MvFTL9ZM8=
16,2,UIOb9p5gUWQq3lQVzK0uf8tf3bQ=,PjJeziYOJ4zvDvbc86MvFTL9ZM8=
24,9,UIOb9p5gUWQq3lQVzK0uf8tf3bQ=,PjJeziYOJ4zvDvbc86MvFTL9ZM8=
22,9,UIOb9p5gUWQq3lQVzK0uf8tf3bQ=,PjJeziYOJ4zvDvbc86MvFTL9ZM8=
29,11,UIOb9p5gUWQq3lQVzK0uf8tf3bQ=,PjJeziYOJ4zvDvbc86MvFTL9ZM8=
31,8,UIOb9p5gUWQq3lQVzK0uf8tf3bQ=,PjJeziYOJ4zvDvbc86MvFTL9ZM8=
30,8,UIOb9p5gUWQq3lQVzK0uf8tf3bQ=,PjJeziYOJ4zvDvbc86MvFTL9ZM8=
29,8,UIOb9p5gUWQq3lQVzK0uf8tf3bQ=,PjJeziYOJ4zvDvbc86MvFTL9ZM8=
21,9,UIOb9p5gUWQq3lQVzK0uf8tf3bQ=,PjJeziYOJ4zvDvbc86MvFTL9ZM8=
28,8,UIOb9p5gUWQq3lQVzK0uf8tf3bQ=,PjJeziYOJ4zvDvbc86MvFTL9ZM8=
26,8,UIOb9p5gUWQq3lQVzK0uf8tf3bQ=,PjJeziYOJ4zvDvbc86MvFTL9ZM8=
19,9,UIOb9p5gUWQq3lQVzK0uf8tf3bQ=,PjJeziYOJ4zvDvbc86MvFTL9ZM8=
25,8,UIOb9p5gUWQq3lQVzK0uf8tf3bQ=,PjJeziYOJ4zvDvbc86MvFTL9ZM8=
27,8,UIOb9p5gUWQq3lQVzK0uf8tf3bQ=,PjJeziYOJ4zvDvbc86MvFTL9ZM8=
23,0,UIOb9p5gUWQq3lQVzK0uf8tf3bQ=,PjJeziYOJ4zvDvbc86MvFTL9ZM8=
17,9,UIOb9p5gUWQq3lQVzK0uf8tf3bQ=,PjJeziYOJ4zvDvbc86MvFTL9ZM8=
18,9,UIOb9p5gUWQq3lQVzK0uf8tf3bQ=,PjJeziYOJ4zvDvbc86MvFTL9ZM8=
16,9,UIOb9p5gUWQq3lQVzK0uf8tf3bQ=,PjJeziYOJ4zvDvbc86MvFTL9ZM8=
24,8,UIOb9p5gUWQq3lQVzK0uf8tf3bQ=,PjJeziYOJ4zvDvbc86MvFTL9ZM8=
20,8,UIOb9p5gUWQq3lQVzK0uf8tf3bQ=,PjJeziYOJ4zvDvbc86MvFTL9ZM8=
22,8,UIOb9p5gUWQq3lQVzK0uf8tf3bQ=,PjJeziYOJ4zvDvbc86MvFTL9ZM8=
23,8,UIOb9p5gUWQq3lQVzK0uf8tf3bQ=,PjJeziYOJ4zvDvbc86MvFTL9ZM8=
21,8,UIOb9p5gUWQq3lQVzK0uf8tf3bQ=,PjJeziYOJ4zvDvbc86MvFTL9ZM8=
30,7,UIOb9p5gUWQq3lQVzK0uf8tf3bQ=,PjJeziYOJ4zvDvbc86MvFTL9ZM8=
29,7,UIOb9p5gUWQq3lQVzK0uf8tf3bQ=,PjJeziYOJ4zvDvbc86MvFTL9ZM8=
31,7,UIOb9p5gUWQq3lQVzK0uf8tf3bQ=,PjJeziYOJ4zvDvbc86MvFTL9ZM8=
27,7,UIOb9p5gUWQq3lQVzK0uf8tf3bQ=,PjJeziYOJ4zvDvbc86MvFTL9ZM8=
26,7,UIOb9p5gUWQq3lQVzK0uf8tf3bQ=,PjJeziYOJ4zvDvbc86MvFTL9ZM8=
25,7,UIOb9p5gUWQq3lQVzK0uf8tf3bQ=,PjJeziYOJ4zvDvbc86MvFTL9ZM8=
22,0,UIOb9p5gUWQq3lQVzK0uf8tf3bQ=,PjJeziYOJ4zvDvbc86MvFTL9ZM8=
28,7,UIOb9p5gUWQq3lQVzK0uf8tf3bQ=,PjJeziYOJ4zvDvbc86MvFTL9ZM8=
16,8,UIOb9p5gUWQq3lQVzK0uf8tf3bQ=,PjJeziYOJ4zvDvbc86MvFTL9ZM8=
24,7,UIOb9p5gUWQq3lQVzK0uf8tf3bQ=,PjJeziYOJ4zvDvbc86MvFTL9ZM8=
17,2,UIOb9p5gUWQq3lQVzK0uf8tf3bQ=,PjJeziYOJ4zvDvbc86MvFTL9ZM8=
18,8,UIOb9p5gUWQq3lQVzK0uf8tf3bQ=,PjJeziYOJ4zvDvbc86MvFTL9ZM8=
19,8,UIOb9p5gUWQq3lQVzK0uf8tf3bQ=,PjJeziYOJ4zvDvbc86MvFTL9ZM8=
23,7,UIOb9p5gUWQq3lQVzK0uf8tf3bQ=,PjJeziYOJ4zvDvbc86MvFTL9ZM8=
17,8,UIOb9p5gUWQq3lQVzK0uf8tf3bQ=,PjJeziYOJ4zvDvbc86MvFTL9ZM8=
22,7,UIOb9p5gUWQq3lQVzK0uf8tf3bQ=,PjJeziYOJ4zvDvbc86MvFTL9ZM8=
21,7,UIOb9p5gUWQq3lQVzK0uf8tf3bQ=,PjJeziYOJ4zvDvbc86MvFTL9ZM8=
18,2,UIOb9p5gUWQq3lQVzK0uf8tf3bQ=,PjJeziYOJ4zvDvbc86MvFTL9ZM8=
31,6,UIOb9p5gUWQq3lQVzK0uf8tf3bQ=,PjJeziYOJ4zvDvbc86MvFTL9ZM8=
18,7,UIOb9p5gUWQq3lQVzK0uf8tf3bQ=,PjJeziYOJ4zvDvbc86MvFTL9ZM8=
20,7,UIOb9p5gUWQq3lQVzK0uf8tf3bQ=,PjJeziYOJ4zvDvbc86MvFTL9ZM8=
29,6,UIOb9p5gUWQq3lQVzK0uf8tf3bQ=,PjJeziYOJ4zvDvbc86MvFTL9ZM8=
19,7,UIOb9p5gUWQq3lQVzK0uf8tf3bQ=,PjJeziYOJ4zvDvbc86MvFTL9ZM8=
27,6,UIOb9p5gUWQq3lQVzK0uf8tf3bQ=,PjJeziYOJ4zvDvbc86MvFTL9ZM8=
26,6,UIOb9p5gUWQq3lQVzK0uf8tf3bQ=,PjJeziYOJ4zvDvbc86MvFTL9ZM8=
30,6,UIOb9p5gUWQq3lQVzK0uf8tf3bQ=,PjJeziYOJ4zvDvbc86MvFTL9ZM8=
28,6,UIOb9p5gUWQq3lQVzK0uf8tf3bQ=,PjJeziYOJ4zvDvbc86MvFTL9ZM8=
21,0,UIOb9p5gUWQq3lQVzK0uf8tf3bQ=,PjJeziYOJ4zvDvbc86MvFTL9ZM8=
25,6,UIOb9p5gUWQq3lQVzK0uf8tf3bQ=,PjJeziYOJ4zvDvbc86MvFTL9ZM8=
24,6,UIOb9p5gUWQq3lQVzK0uf8tf3bQ=,PjJeziYOJ4zvDvbc86MvFTL9ZM8=
16,7,UIOb9p5gUWQq3lQVzK0uf8tf3bQ=,PjJeziYOJ4zvDvbc86MvFTL9ZM8=
17,7,UIOb9p5gUWQq3lQVzK0uf8tf3bQ=,PjJeziYOJ4zvDvbc86MvFTL9ZM8=
19,2,UIOb9p5gUWQq3lQVzK0uf8tf3bQ=,PjJeziYOJ4zvDvbc86MvFTL9ZM8=
22,6,UIOb9p5gUWQq3lQVzK0uf8tf3bQ=,PjJeziYOJ4zvDvbc86MvFTL9ZM8=
23,6,UIOb9p5gUWQq3lQVzK0uf8tf3bQ=,PjJeziYOJ4zvDvbc86MvFTL9ZM8=
21,6,UIOb9p5gUWQq3lQVzK0uf8tf3bQ=,PjJeziYOJ4zvDvbc86MvFTL9ZM8=
31,5,UIOb9p5gUWQq3lQVzK0uf8tf3bQ=,PjJeziYOJ4zvDvbc86MvFTL9ZM8=
20,6,UIOb9p5gUWQq3lQVzK0uf8tf3bQ=,PjJeziYOJ4zvDvbc86MvFTL9ZM8=
18,6,UIOb9p5gUWQq3lQVzK0uf8tf3bQ=,PjJeziYOJ4zvDvbc86MvFTL9ZM8=
17,6,UIOb9p5gUWQq3lQVzK0uf8tf3bQ=,PjJeziYOJ4zvDvbc86MvFTL9ZM8=
27,5,UIOb9p5gUWQq3lQVzK0uf8tf3bQ=,PjJeziYOJ4zvDvbc86MvFTL9ZM8=
19,6,UIOb9p5gUWQq3lQVzK0uf8tf3bQ=,PjJeziYOJ4zvDvbc86MvFTL9ZM8=
30,5,UIOb9p5gUWQq3lQVzK0uf8tf3bQ=,PjJeziYOJ4zvDvbc86MvFTL9ZM8=
26,5,UIOb9p5gUWQq3lQVzK0uf8tf3bQ=,PjJeziYOJ4zvDvbc86MvFTL9ZM8=
28,5,UIOb9p5gUWQq3lQVzK0uf8tf3bQ=,PjJeziYOJ4zvDvbc86MvFTL9ZM8=
29,5,UIOb9p5gUWQq3lQVzK0uf8tf3bQ=,PjJeziYOJ4zvDvbc86MvFTL9ZM8=
24,5,UIOb9p5gUWQq3lQVzK0uf8tf3bQ=,PjJeziYOJ4zvDvbc86MvFTL9ZM8=
25,5,UIOb9p5gUWQq3lQVzK0uf8tf3bQ=,PjJeziYOJ4zvDvbc86MvFTL9ZM8=
20,2,UIOb9p5gUWQq3lQVzK0uf8tf3bQ=,PjJeziYOJ4zvDvbc86MvFTL9ZM8=
16,6,UIOb9p5gUWQq3lQVzK0uf8tf3bQ=,PjJeziYOJ4zvDvbc86MvFTL9ZM8=
20,0,UIOb9p5gUWQq3lQVzK0uf8tf3bQ=,PjJeziYOJ4zvDvbc86MvFTL9ZM8=
21,5,UIOb9p5gUWQq3lQVzK0uf8tf3bQ=,PjJeziYOJ4zvDvbc86MvFTL9ZM8=
23,5,UIOb9p5gUWQq3lQVzK0uf8tf3bQ=,PjJeziYOJ4zvDvbc86MvFTL9ZM8=
31,4,UIOb9p5gUWQq3lQVzK0uf8tf3bQ=,PjJeziYOJ4zvDvbc86MvFTL9ZM8=
22,5,UIOb9p5gUWQq3lQVzK0uf8tf3bQ=,PjJeziYOJ4zvDvbc86MvFTL9ZM8=
20,5,UIOb9p5gUWQq3lQVzK0uf8tf3bQ=,PjJeziYOJ4zvDvbc86MvFTL9ZM8=
30,4,UIOb9p5gUWQq3lQVzK0uf8tf3bQ=,PjJeziYOJ4zvDvbc86MvFTL9ZM8=
21,2,UIOb9p5gUWQq3lQVzK0uf8tf3bQ=,PjJeziYOJ4zvDvbc86MvFTL9ZM8=
29,4,UIOb9p5gUWQq3lQVzK0uf8tf3bQ=,PjJeziYOJ4zvDvbc86MvFTL9ZM8=
19,5,UIOb9p5gUWQq3lQVzK0uf8tf3bQ=,PjJeziYOJ4zvDvbc86MvFTL9ZM8=
28,4,UIOb9p5gUWQq3lQVzK0uf8tf3bQ=,PjJeziYOJ4zvDvbc86MvFTL9ZM8=
27,4,UIOb9p5gUWQq3lQVzK0uf8tf3bQ=,PjJeziYOJ4zvDvbc86MvFTL9ZM8=
17,5,UIOb9p5gUWQq3lQVzK0uf8tf3bQ=,PjJeziYOJ4zvDvbc86MvFTL9ZM8=
25,4,UIOb9p5gUWQq3lQVzK0uf8tf3bQ=,PjJeziYOJ4zvDvbc86MvFTL9ZM8=
18,5,UIOb9p5gUWQq3lQVzK0uf8tf3bQ=,PjJeziYOJ4zvDvbc86MvFTL9ZM8=
16,5,UIOb9p5gUWQq3lQVzK0uf8tf3bQ=,PjJeziYOJ4zvDvbc86MvFTL9ZM8=
22,2,UIOb9p5gUWQq3lQVzK0uf8tf3bQ=,PjJeziYOJ4zvDvbc86MvFTL9ZM8=
19,0,UIOb9p5gUWQq3lQVzK0uf8tf3bQ=,PjJeziYOJ4zvDvbc86MvFTL9ZM8=
26,4,UIOb9p5gUWQq3lQVzK0uf8tf3bQ=,PjJeziYOJ4zvDvbc86MvFTL9ZM8=
24,4,UIOb9p5gUWQq3lQVzK0uf8tf3bQ=,PjJeziYOJ4zvDvbc86MvFTL9ZM8=
22,4,UIOb9p5gUWQq3lQVzK0uf8tf3bQ=,PjJeziYOJ4zvDvbc86MvFTL9ZM8=
23,4,UIOb9p5gUWQq3lQVzK0uf8tf3bQ=,PjJeziYOJ4zvDvbc86MvFTL9ZM8=
20,4,UIOb9p5gUWQq3lQVzK0uf8tf3bQ=,PjJeziYOJ4zvDvbc86MvFTL9ZM8=
31,3,UIOb9p5gUWQq3lQVzK0uf8tf3bQ=,PjJeziYOJ4zvDvbc86MvFTL9ZM8=
30,3,UIOb9p5gUWQq3lQVzK0uf8tf3bQ=,PjJeziYOJ4zvDvbc86MvFTL9ZM8=
23,2,UIOb9p5gUWQq3lQVzK0uf8tf3bQ=,PjJeziYOJ4zvDvbc86MvFTL9ZM8=
29,3,UIOb9p5gUWQq3lQVzK0uf8tf3bQ=,PjJeziYOJ4zvDvbc86MvFTL9ZM8=
21,4,UIOb9p5gUWQq3lQVzK0uf8tf3bQ=,PjJeziYOJ4zvDvbc86MvFTL9ZM8=
28,3,UIOb9p5gUWQq3lQVzK0uf8tf3bQ=,PjJeziYOJ4zvDvbc86MvFTL9ZM8=
18,0,UIOb9p5gUWQq3lQVzK0uf8tf3bQ=,PjJeziYOJ4zvDvbc86MvFTL9ZM8=
19,4,UIOb9p5gUWQq3lQVzK0uf8tf3bQ=,PjJeziYOJ4zvDvbc86MvFTL9ZM8=
18,4,UIOb9p5gUWQq3lQVzK0uf8tf3bQ=,PjJeziYOJ4zvDvbc86MvFTL9ZM8=
16,4,UIOb9p5gUWQq3lQVzK0uf8tf3bQ=,PjJeziYOJ4zvDvbc86MvFTL9ZM8=
24,3,UIOb9p5gUWQq3lQVzK0uf8tf3bQ=,PjJeziYOJ4zvDvbc86MvFTL9ZM8=
17,4,UIOb9p5gUWQq3lQVzK0uf8tf3bQ=,PjJeziYOJ4zvDvbc86MvFTL9ZM8=
24,2,UIOb9p5gUWQq3lQVzK0uf8tf3bQ=,PjJeziYOJ4zvDvbc86MvFTL9ZM8=
27,3,UIOb9p5gUWQq3lQVzK0uf8tf3bQ=,PjJeziYOJ4zvDvbc86MvFTL9ZM8=
26,3,UIOb9p5gUWQq3lQVzK0uf8tf3bQ=,PjJeziYOJ4zvDvbc86MvFTL9ZM8=
25,3,UIOb9p5gUWQq3lQVzK0uf8tf3bQ=,PjJeziYOJ4zvDvbc86MvFTL9ZM8=
23,3,UIOb9p5gUWQq3lQVzK0uf8tf3bQ=,PjJeziYOJ4zvDvbc86MvFTL9ZM8=
22,3,UIOb9p5gUWQq3lQVzK0uf8tf3bQ=,PjJeziYOJ4zvDvbc86MvFTL9ZM8=
21,3,UIOb9p5gUWQq3lQVzK0uf8tf3bQ=,PjJeziYOJ4zvDvbc86MvFTL9ZM8=
31,2,UIOb9p5gUWQq3lQVzK0uf8tf3bQ=,PjJeziYOJ4zvDvbc86MvFTL9ZM8=
20,3,UIOb9p5gUWQq3lQVzK0uf8tf3bQ=,PjJeziYOJ4zvDvbc86MvFTL9ZM8=
30,2,UIOb9p5gUWQq3lQVzK0uf8tf3bQ=,PjJeziYOJ4zvDvbc86MvFTL9ZM8=
25,2,UIOb9p5gUWQq3lQVzK0uf8tf3bQ=,PjJeziYOJ4zvDvbc86MvFTL9ZM8=
19,3,UIOb9p5gUWQq3lQVzK0uf8tf3bQ=,PjJeziYOJ4zvDvbc86MvFTL9ZM8=
29,2,UIOb9p5gUWQq3lQVzK0uf8tf3bQ=,PjJeziYOJ4zvDvbc86MvFTL9ZM8=
28,2,UIOb9p5gUWQq3lQVzK0uf8tf3bQ=,PjJeziYOJ4zvDvbc86MvFTL9ZM8=
18,3,UIOb9p5gUWQq3lQVzK0uf8tf3bQ=,PjJeziYOJ4zvDvbc86MvFTL9ZM8=
17,0,UIOb9p5gUWQq3lQVzK0uf8tf3bQ=,PjJeziYOJ4zvDvbc86MvFTL9ZM8=
27,2,UIOb9p5gUWQq3lQVzK0uf8tf3bQ=,PjJeziYOJ4zvDvbc86MvFTL9ZM8=
17,3,UIOb9p5gUWQq3lQVzK0uf8tf3bQ=,PjJeziYOJ4zvDvbc86MvFTL9ZM8=
16,3,UIOb9p5gUWQq3lQVzK0uf8tf3bQ=,PjJeziYOJ4zvDvbc86MvFTL9ZM8=
26,2,UIOb9p5gUWQq3lQVzK0uf8tf3bQ=,PjJeziYOJ4zvDvbc86MvFTL9ZM8=
17,14,UIOb9p5gUWQq3lQVzK0uf8tf3bQ=,PjJeziYOJ4zvDvbc86MvFTL9ZM8=
15,31,Ljo/5ujz7eAsGQvFed9qTLPUyhY=,PjJeziYOJ4zvDvbc86MvFTL9ZM8=
13,31,Ljo/5ujz7eAsGQvFed9qTLPUyhY=,PjJeziYOJ4zvDvbc86MvFTL9ZM8=
12,31,Ljo/5ujz7eAsGQvFed9qTLPUyhY=,PjJeziYOJ4zvDvbc86MvFTL9ZM8=
14,31,Ljo/5ujz7eAsGQvFed9qTLPUyhY=,PjJeziYOJ4zvDvbc86MvFTL9ZM8=
11,31,Ljo/5ujz7eAsGQvFed9qTLPUyhY=,PjJeziYOJ4zvDvbc86MvFTL9ZM8=
7,31,Ljo/5ujz7eAsGQvFed9qTLPUyhY=,PjJeziYOJ4zvDvbc86MvFTL9ZM8=
8,31,Ljo/5ujz7eAsGQvFed9qTLPUyhY=,PjJeziYOJ4zvDvbc86MvFTL9ZM8=
10,31,Ljo/5ujz7eAsGQvFed9qTLPUyhY=,PjJeziYOJ4zvDvbc86MvFTL9ZM8=
9,31,Ljo/5ujz7eAsGQvFed9qTLPUyhY=,PjJeziYOJ4zvDvbc86MvFTL9ZM8=
15,16,Ljo/5ujz7eAsGQvFed9qTLPUyhY=,PjJeziYOJ4zvDvbc86MvFTL9ZM8=
3,31,Ljo/5ujz7eAsGQvFed9qTLPUyhY=,PjJeziYOJ4zvDvbc86MvFTL9ZM8=
6,31,Ljo/5ujz7eAsGQvFed9qTLPUyhY=,PjJeziYOJ4zvDvbc86MvFTL9ZM8=
5,31,Ljo/5ujz7eAsGQvFed9qTLPUyhY=,PjJeziYOJ4zvDvbc86MvFTL9ZM8=
0,17,Ljo/5ujz7eAsGQvFed9qTLPUyhY=,PjJeziYOJ4zvDvbc86MvFTL9ZM8=
15,30,Ljo/5ujz7eAsGQvFed9qTLPUyhY=,PjJeziYOJ4zvDvbc86MvFTL9ZM8=
14,30,Ljo/5ujz7eAsGQvFed9qTLPUyhY=,PjJeziYOJ4zvDvbc86MvFTL9ZM8=
4,31,Ljo/5ujz7eAsGQvFed9qTLPUyhY=,PjJeziYOJ4zvDvbc86MvFTL9ZM8=
13,30,Ljo/5ujz7eAsGQvFed9qTLPUyhY=,PjJeziYOJ4zvDvbc86MvFTL9ZM8=
0,16,Ljo/5ujz7eAsGQvFed9qTLPUyhY=,PjJeziYOJ4zvDvbc86MvFTL9ZM8=
12,30,Ljo/5ujz7eAsGQvFed9qTLPUyhY=,PjJeziYOJ4zvDvbc86MvFTL9ZM8=
2,31,Ljo/5ujz7eAsGQvFed9qTLPUyhY=,PjJeziYOJ4zvDvbc86MvFTL9ZM8=
11,30,Ljo/5ujz7eAsGQvFed9qTLPUyhY=,PjJeziYOJ4zvDvbc86MvFTL9ZM8=
10,30,Ljo/5ujz7eAsGQvFed9qTLPUyhY=,PjJeziYOJ4zvDvbc86MvFTL9ZM8=
1,31,Ljo/5ujz7eAsGQvFed9qTLPUyhY=,PjJeziYOJ4zvDvbc86MvFTL9ZM8=
14,16,Ljo/5ujz7eAsGQvFed9qTLPUyhY=,PjJeziYOJ4zvDvbc86MvFTL9ZM8=
0,31,Ljo/5ujz7eAsGQvFed9qTLPUyhY=,PjJeziYOJ4zvDvbc86MvFTL9ZM8=
9,30,Ljo/5ujz7eAsGQvFed9qTLPUyhY=,PjJeziYOJ4zvDvbc86MvFTL9ZM8=
1,17,Ljo/5ujz7eAsGQvFed9qTLPUyhY=,PjJeziYOJ4zvDvbc86MvFTL9ZM8=
8,30,Ljo/5ujz7eAsGQvFed9qTLPUyhY=,PjJeziYOJ4zvDvbc86MvFTL9ZM8=
7,30,Ljo/5ujz7eAsGQvFed9qTLPUyhY=,PjJeziYOJ4zvDvbc86MvFTL9ZM8=
15,29,Ljo/5ujz7eAsGQvFed9qTLPUyhY=,PjJeziYOJ4zvDvbc86MvFTL9ZM8=
3,30,Ljo/5ujz7eAsGQvFed9qTLPUyhY=,PjJeziYOJ4zvDvbc86MvFTL9ZM8=
4,30,Ljo/5ujz7eAsGQvFed9qTLPUyhY=,PjJeziYOJ4zvDvbc86MvFTL9ZM8=
14,29,Ljo/5ujz7eAsGQvFed9qTLPUyhY=,PjJeziYOJ4zvDvbc86MvFTL9ZM8=
12,29,Ljo/5ujz7eAsGQvFed9qTLPUyhY=,PjJeziYOJ4zvDvbc86MvFTL9ZM8=
13,29,Ljo/5ujz7eAsGQvFed9qTLPUyhY=,PjJeziYOJ4zvDvbc86MvFTL9ZM8=
10,29,Ljo/5ujz7eAsGQvFed9qTLPUyhY=,PjJeziYOJ4zvDvbc86MvFTL9ZM8=
9,29,Ljo/5ujz7eAsGQvFed9qTLPUyhY=,PjJeziYOJ4zvDvbc86MvFTL9ZM8=
11,29,Ljo/5ujz7eAsGQvFed9qTLPUyhY=,PjJeziYOJ4zvDvbc86MvFTL9ZM8=
2,30,Ljo/5ujz7eAsGQvFed9qTLPUyhY=,PjJeziYOJ4zvDvbc86MvFTL9ZM8=
8,29,Ljo/5ujz7eAsGQvFed9qTLPUyhY=,PjJeziYOJ4zvDvbc86MvFTL9ZM8=
2,17,Ljo/5ujz7eAsGQvFed9qTLPUyhY=,PjJeziYOJ4zvDvbc86MvFTL9ZM8=
7,29,Ljo/5ujz7eAsGQvFed9qTLPUyhY=,PjJeziYOJ4zvDvbc86MvFTL9ZM8=
0,30,Ljo/5ujz7eAsGQvFed9qTLPUyhY=,PjJeziYOJ4zvDvbc86MvFTL9ZM8=
1,30,Ljo/5ujz7eAsGQvFed9qTLPUyhY=,PjJeziYOJ4zvDvbc86MvFTL9ZM8=
13,16,Ljo/5ujz7eAsGQvFed9qTLPUyhY=,PjJeziYOJ4zvDvbc86MvFTL9ZM8=
6,29,Ljo/5ujz7eAsGQvFed9qTLPUyhY=,PjJeziYOJ4zvDvbc86MvFTL9ZM8=
3,29,Ljo/5ujz7eAsGQvFed9qTLPUyhY=,PjJeziYOJ4zvDvbc86MvFTL9ZM8=
5,29,Ljo/5ujz7eAsGQvFed9qTLPUyhY=,PjJeziYOJ4zvDvbc86MvFTL9ZM8=
4,29,Ljo/5ujz7eAsGQvFed9qTLPUyhY=,PjJeziYOJ4zvDvbc86MvFTL9ZM8=
14,28,Ljo/5ujz7eAsGQvFed9qTLPUyhY=,PjJeziYOJ4zvDvbc86MvFTL9ZM8=
15,28,Ljo/5ujz7eAsGQvFed9qTLPUyhY=,PjJeziYOJ4zvDvbc86MvFTL9ZM8=
13,28,Ljo/5ujz7eAsGQvFed9qTLPUyhY=,PjJeziYOJ4zvDvbc86MvFTL9ZM8=
2,29,Ljo/5ujz7eAsGQvFed9qTLPUyhY=,PjJeziYOJ4zvDvbc86MvFTL9ZM8=
3,17,Ljo/5ujz7eAsGQvFed9qTLPUyhY=,PjJeziYOJ4zvDvbc86MvFTL9ZM8=
10,28,Ljo/5ujz7eAsGQvFed9qTLPUyhY=,PjJeziYOJ4zvDvbc86MvFTL9ZM8=
12,28,Ljo/5ujz7eAsGQvFed9qTLPUyhY=,PjJeziYOJ4zvDvbc86MvFTL9ZM8=
0,29,Ljo/5ujz7eAsGQvFed9qTLPUyhY=,PjJeziYOJ4zvDvbc86MvFTL9ZM8=
12,16,Ljo/5ujz7eAsGQvFed9qTLPUyhY=,PjJeziYOJ4zvDvbc86MvFTL9ZM8=
1,29,Ljo/5ujz7eAsGQvFed9qTLPUyhY=,PjJeziYOJ4zvDvbc86MvFTL9ZM8=
6,28,Ljo/5ujz7eAsGQvFed9qTLPUyhY=,PjJeziYOJ4zvDvbc86MvFTL9ZM8=
11,28,Ljo/5ujz7eAsGQvFed9qTLPUyhY=,PjJeziYOJ4zvDvbc86MvFTL9ZM8=
5,28,Ljo/5ujz7eAsGQvFed9qTLPUyhY=,PjJeziYOJ4zvDvbc86MvFTL9ZM8=
9,28,Ljo/5ujz7eAsGQvFed9qTLPUyhY=,PjJeziYOJ4zvDvbc86MvFTL9ZM8=
7,28,Ljo/5ujz7eAsGQvFed9qTLPUyhY=,PjJeziYOJ4zvDvbc86MvFTL9ZM8=
4,17,Ljo/5ujz7eAsGQvFed9qTLPUyhY=,PjJeziYOJ4zvDvbc86MvFTL9ZM8=
4,28,Ljo/5ujz7eAsGQvFed9qTLPUyhY=,PjJeziYOJ4zvDvbc86MvFTL9ZM8=
3,28,Ljo/5ujz7eAsGQvFed9qTLPUyhY=,PjJeziYOJ4zvDvbc86MvFTL9ZM8=
8,28,Ljo/5ujz7eAsGQvFed9qTLPUyhY=,PjJeziYOJ4zvDvbc86MvFTL9ZM8=
14,27,Ljo/5ujz7eAsGQvFed9qTLPUyhY=,PjJeziYOJ4zvDvbc86MvFTL9ZM8=
15,27,Ljo/5ujz7eAsGQvFed9qTLPUyhY=,PjJeziYOJ4zvDvbc86MvFTL9ZM8=
2,28,Ljo/5ujz7eAsGQvFed9qTLPUyhY=,PjJeziYOJ4zvDvbc86MvFTL9ZM8=
1,28,Ljo/5ujz7eAsGQvFed9qTLPUyhY=,PjJeziYOJ4zvDvbc86MvFTL9ZM8=
5,17,Ljo/5ujz7eAsGQvFed9qTLPUyhY=,PjJeziYOJ4zvDvbc86MvFTL9ZM8=
13,27,Ljo/5ujz7eAsGQvFed9qTLPUyhY=,PjJeziYOJ4zvDvbc86MvFTL9ZM8=
11,16,Ljo/5ujz7eAsGQvFed9qTLPUyhY=,PjJeziYOJ4zvDvbc86MvFTL9ZM8=
0,28,Ljo/5ujz7eAsGQvFed9qTLPUyhY=,PjJeziYOJ4zvDvbc86MvFTL9ZM8=
10,27,Ljo/5ujz7eAsGQvFed9qTLPUyhY=,PjJeziYOJ4zvDvbc86MvFTL9ZM8=
6,27,Ljo/5ujz7eAsGQvFed9qTLPUyhY=,PjJeziYOJ4zvDvbc86MvFTL9ZM8=
12,27,Ljo/5ujz7eAsGQvFed9qTLPUyhY=,PjJeziYOJ4zvDvbc86MvFTL9ZM8=
5,27,Ljo/5ujz7eAsGQvFed9qTLPUyhY=,PjJeziYOJ4zvDvbc86MvFTL9ZM8=
11,27,Ljo/5ujz7eAsGQvFed9qTLPUyhY=,PjJeziYOJ4zvDvbc86MvFTL9ZM8=
4,27,Ljo/5ujz7eAsGQvFed9qTLPUyhY=,PjJeziYOJ4zvDvbc86MvFTL9ZM8=
3,27,Ljo/5ujz7eAsGQvFed9qTLPUyhY=,PjJeziYOJ4zvDvbc86MvFTL9ZM8=
7,27,Ljo/5ujz7eAsGQvFed9qTLPUyhY=,PjJeziYOJ4zvDvbc86MvFTL9ZM8=
8,27,Ljo/5ujz7eAsGQvFed9qTLPUyhY=,PjJeziYOJ4zvDvbc86MvFTL9ZM8=
15,26,Ljo/5ujz7eAsGQvFed9qTLPUyhY=,PjJeziYOJ4zvDvbc86MvFTL9ZM8=
6,17,Ljo/5ujz7eAsGQvFed9qTLPUyhY=,PjJeziYOJ4zvDvbc86MvFTL9ZM8=
14,26,Ljo/5ujz7eAsGQvFed9qTLPUyhY=,PjJeziYOJ4zvDvbc86MvFTL9ZM8=
2,27,Ljo/5ujz7eAsGQvFed9qTLPUyhY=,PjJeziYOJ4zvDvbc86MvFTL9ZM8=
10,16,Ljo/5ujz7eAsGQvFed9qTLPUyhY=,PjJeziYOJ4zvDvbc86MvFTL9ZM8=
0,27,Ljo/5ujz7eAsGQvFed9qTLPUyhY=,PjJeziYOJ4zvDvbc86MvFTL9ZM8=
13,26,Ljo/5ujz7eAsGQvFed9qTLPUyhY=,PjJeziYOJ4zvDvbc86MvFTL9ZM8=
9,26,Ljo/5ujz7eAsGQvFed9qTLPUyhY=,PjJeziYOJ4zvDvbc86MvFTL9ZM8=
1,27,Ljo/5ujz7eAsGQvFed9qTLPUyhY=,PjJeziYOJ4zvDvbc86MvFTL9ZM8=
7,17,Ljo/5ujz7eAsGQvFed9qTLPUyhY=,PjJeziYOJ4zvDvbc86MvFTL9ZM8=
7,26,Ljo/5ujz7eAsGQvFed9qTLPUyhY=,PjJeziYOJ4zvDvbc86MvFTL9ZM8=
9,27,Ljo/5ujz7eAsGQvFed9qTLPUyhY=,PjJeziYOJ4zvDvbc86MvFTL9ZM8=
12,26,Ljo/5ujz7eAsGQvFed9qTLPUyhY=,PjJeziYOJ4zvDvbc86MvFTL9ZM8=
11,26,Ljo/5ujz7eAsGQvFed9qTLPUyhY=,PjJeziYOJ4zvDvbc86MvFTL9ZM8=
10,26,Ljo/5ujz7eAsGQvFed9qTLPUyhY=,PjJeziYOJ4zvDvbc86MvFTL9ZM8=
8,26,Ljo/5ujz7eAsGQvFed9qTLPUyhY=,PjJeziYOJ4zvDvbc86MvFTL9ZM8=
4,26,Ljo/5ujz7eAsGQvFed9qTLPUyhY=,PjJeziYOJ4zvDvbc86MvFTL9ZM8=
3,26,Ljo/5ujz7eAsGQvFed9qTLPUyhY=,PjJeziYOJ4zvDvbc86MvFTL9ZM8=
5,26,Ljo/5ujz7eAsGQvFed9qTLPUyhY=,PjJeziYOJ4zvDvbc86MvFTL9ZM8=
6,26,Ljo/5ujz7eAsGQvFed9qTLPUyhY=,PjJeziYOJ4zvDvbc86MvFTL9ZM8=
15,25,Ljo/5ujz7eAsGQvFed9qTLPUyhY=,PjJeziYOJ4zvDvbc86MvFTL9ZM8=
8,17,Ljo/5ujz7eAsGQvFed9qTLPUyhY=,PjJeziYOJ4zvDvbc86MvFTL9ZM8=
14,25,Ljo/5ujz7eAsGQvFed9qTLPUyhY=,PjJeziYOJ4zvDvbc86MvFTL9ZM8=
12,25,Ljo/5ujz7eAsGQvFed9qTLPUyhY=,PjJeziYOJ4zvDvbc86MvFTL9ZM8=
2,26,Ljo/5ujz7eAsGQvFed9qTLPUyhY=,PjJeziYOJ4zvDvbc86MvFTL9ZM8=
13,25,Ljo/5ujz7eAsGQvFed9qTLPUyhY=,PjJeziYOJ4zvDvbc86MvFTL9ZM8=
9,25,Ljo/5ujz7eAsGQvFed9qTLPUyhY=,PjJeziYOJ4zvDvbc86MvFTL9ZM8=
9,16,Ljo/5ujz7eAsGQvFed9qTLPUyhY=,PjJeziYOJ4zvDvbc86MvFTL9ZM8=
0,26,Ljo/5ujz7eAsGQvFed9qTLPUyhY=,PjJeziYOJ4zvDvbc86MvFTL9ZM8=
9,17,Ljo/5ujz7eAsGQvFed9qTLPUyhY=,PjJeziYOJ4zvDvbc86MvFTL9ZM8=
11,25,Ljo/5ujz7eAsGQvFed9qTLPUyhY=,PjJeziYOJ4zvDvbc86MvFTL9ZM8=
8,25,Ljo/5ujz7eAsGQvFed9qTLPUyhY=,PjJeziYOJ4zvDvbc86MvFTL9ZM8=
6,25,Ljo/5ujz7eAsGQvFed9qTLPUyhY=,PjJeziYOJ4zvDvbc86MvFTL9ZM8=
10,17,Ljo/5ujz7eAsGQvFed9qTLPUyhY=,PjJeziYOJ4zvDvbc86MvFTL9ZM8=
10,25,Ljo/5ujz7eAsGQvFed9qTLPUyhY=,PjJeziYOJ4zvDvbc86MvFTL9ZM8=
7,25,Ljo/5ujz7eAsGQvFed9qTLPUyhY=,PjJeziYOJ4zvDvbc86MvFTL9ZM8=
5,25,Ljo/5ujz7eAsGQvFed9qTLPUyhY=,PjJeziYOJ4zvDvbc86MvFTL9ZM8=
11,17,Ljo/5ujz7eAsGQvFed9qTLPUyhY=,PjJeziYOJ4zvDvbc86MvFTL9ZM8=
4,25,Ljo/5ujz7eAsGQvFed9qTLPUyhY=,PjJeziYOJ4zvDvbc86MvFTL9ZM8=
12,17,Ljo/5ujz7eAsGQvFed9qTLPUyhY=,PjJeziYOJ4zvDvbc86MvFTL9ZM8=
1,26,Ljo/5ujz7eAsGQvFed9qTLPUyhY=,PjJeziYOJ4zvDvbc86MvFTL9ZM8=
1,25,Ljo/5ujz7eAsGQvFed9qTLPUyhY=,PjJeziYOJ4zvDvbc86MvFTL9ZM8=
3,25,Ljo/5ujz7eAsGQvFed9qTLPUyhY=,PjJeziYOJ4zvDvbc86MvFTL9ZM8=
0,25,Ljo/5ujz7eAsGQvFed9qTLPUyhY=,PjJeziYOJ4zvDvbc86MvFTL9ZM8=
13,17,Ljo/5ujz7eAsGQvFed9qTLPUyhY=,PjJeziYOJ4zvDvbc86MvFTL9ZM8=
2,25,Ljo/5ujz7eAsGQvFed9qTLPUyhY=,PjJeziYOJ4zvDvbc86MvFTL9ZM8=
14,17,Ljo/5ujz7eAsGQvFed9qTLPUyhY=,PjJeziYOJ4zvDvbc86MvFTL9ZM8=
12,24,Ljo/5ujz7eAsGQvFed9qTLPUyhY=,PjJeziYOJ4zvDvbc86MvFTL9ZM8=
8,16,Ljo/5ujz7eAsGQvFed9qTLPUyhY=,PjJeziYOJ4zvDvbc86MvFTL9ZM8=
15,24,Ljo/5ujz7eAsGQvFed9qTLPUyhY=,PjJeziYOJ4zvDvbc86MvFTL9ZM8=
11,24,Ljo/5ujz7eAsGQvFed9qTLPUyhY=,PjJeziYOJ4zvDvbc86MvFTL9ZM8=
10,24,Ljo/5ujz7eAsGQvFed9qTLPUyhY=,PjJeziYOJ4zvDvbc86MvFTL9ZM8=
13,24,Ljo/5ujz7eAsGQvFed9qTLPUyhY=,PjJeziYOJ4zvDvbc86MvFTL9ZM8=
15,17,Ljo/5ujz7eAsGQvFed9qTLPUyhY=,PjJeziYOJ4zvDvbc86MvFTL9ZM8=
14,24,Ljo/5ujz7eAsGQvFed9qTLPUyhY=,PjJeziYOJ4zvDvbc86MvFTL9ZM8=
9,24,Ljo/5ujz7eAsGQvFed9qTLPUyhY=,PjJeziYOJ4zvDvbc86MvFTL9ZM8=
7,24,Ljo/5ujz7eAsGQvFed9qTLPUyhY=,PjJeziYOJ4zvDvbc86MvFTL9ZM8=
8,24,Ljo/5ujz7eAsGQvFed9qTLPUyhY=,PjJeziYOJ4zvDvbc86MvFTL9ZM8=
5,24,Ljo/5ujz7eAsGQvFed9qTLPUyhY=,PjJeziYOJ4zvDvbc86MvFTL9ZM8=
6,24,Ljo/5ujz7eAsGQvFed9qTLPUyhY=,PjJeziYOJ4zvDvbc86MvFTL9ZM8=
4,24,Ljo/5ujz7eAsGQvFed9qTLPUyhY=,PjJeziYOJ4zvDvbc86MvFTL9ZM8=
1,16,Ljo/5ujz7eAsGQvFed9qTLPUyhY=,PjJeziYOJ4zvDvbc86MvFTL9ZM8=
3,24,Ljo/5ujz7eAsGQvFed9qTLPUyhY=,PjJeziYOJ4zvDvbc86MvFTL9ZM8=
2,24,Ljo/5ujz7eAsGQvFed9qTLPUyhY=,PjJeziYOJ4zvDvbc86MvFTL9ZM8=
0,24,Ljo/5ujz7eAsGQvFed9qTLPUyhY=,PjJeziYOJ4zvDvbc86MvFTL9ZM8=
7,16,Ljo/5ujz7eAsGQvFed9qTLPUyhY=,PjJeziYOJ4zvDvbc86MvFTL9ZM8=
15,23,Ljo/5ujz7eAsGQvFed9qTLPUyhY=,PjJeziYOJ4zvDvbc86MvFTL9ZM8=
12,23,Ljo/5ujz7eAsGQvFed9qTLPUyhY=,PjJeziYOJ4zvDvbc86MvFTL9ZM8=
11,23,Ljo/5ujz7eAsGQvFed9qTLPUyhY=,PjJeziYOJ4zvDvbc86MvFTL9ZM8=
0,18,Ljo/5ujz7eAsGQvFed9qTLPUyhY=,PjJeziYOJ4zvDvbc86MvFTL9ZM8=
10,23,Ljo/5ujz7eAsGQvFed9qTLPUyhY=,PjJeziYOJ4zvDvbc86MvFTL9ZM8=
13,23,Ljo/5ujz7eAsGQvFed9qTLPUyhY=,PjJeziYOJ4zvDvbc86MvFTL9ZM8=
14,23,Ljo/5ujz7eAsGQvFed9qTLPUyhY=,PjJeziYOJ4zvDvbc86MvFTL9ZM8=
9,23,Ljo/5ujz7eAsGQvFed9qTLPUyhY=,PjJeziYOJ4zvDvbc86MvFTL9ZM8=
5,23,Ljo/5ujz7eAsGQvFed9qTLPUyhY=,PjJeziYOJ4zvDvbc86MvFTL9ZM8=
6,23,Ljo/5ujz7eAsGQvFed9qTLPUyhY=,PjJeziYOJ4zvDvbc86MvFTL9ZM8=
7,23,Ljo/5ujz7eAsGQvFed9qTLPUyhY=,PjJeziYOJ4zvDvbc86MvFTL9ZM8=
8,23,Ljo/5ujz7eAsGQvFed9qTLPUyhY=,PjJeziYOJ4zvDvbc86MvFTL9ZM8=
1,18,Ljo/5ujz7eAsGQvFed9qTLPUyhY=,PjJeziYOJ4zvDvbc86MvFTL9ZM8=
4,23,Ljo/5ujz7eAsGQvFed9qTLPUyhY=,PjJeziYOJ4zvDvbc86MvFTL9ZM8=
1,23,Ljo/5ujz7eAsGQvFed9qTLPUyhY=,PjJeziYOJ4zvDvbc86MvFTL9ZM8=
3,23,Ljo/5ujz7eAsGQvFed9qTLPUyhY=,PjJeziYOJ4zvDvbc86MvFTL9ZM8=
2,23,Ljo/5ujz7eAsGQvFed9qTLPUyhY=,PjJeziYOJ4zvDvbc86MvFTL9ZM8=
0,23,Ljo/5ujz7eAsGQvFed9qTLPUyhY=,PjJeziYOJ4zvDvbc86MvFTL9ZM8=
12,22,Ljo/5ujz7eAsGQvFed9qTLPUyhY=,PjJeziYOJ4zvDvbc86MvFTL9ZM8=
15,22,Ljo/5ujz7eAsGQvFed9qTLPUyhY=,PjJeziYOJ4zvDvbc86MvFTL9ZM8=
2,18,Ljo/5ujz7eAsGQvFed9qTLPUyhY=,PjJeziYOJ4zvDvbc86MvFTL9ZM8=
6,16,Ljo/5ujz7eAsGQvFed9qTLPUyhY=,PjJeziYOJ4zvDvbc86MvFTL9ZM8=
13,22,Ljo/5ujz7eAsGQvFed9qTLPUyhY=,PjJeziYOJ4zvDvbc86MvFTL9ZM8=
10,22,Ljo/5ujz7eAsGQvFed9qTLPUyhY=,PjJeziYOJ4zvDvbc86MvFTL9ZM8=
14,22,Ljo/5ujz7eAsGQvFed9qTLPUyhY=,PjJeziYOJ4zvDvbc86MvFTL9ZM8=
11,22,Ljo/5ujz7eAsGQvFed9qTLPUyhY=,PjJeziYOJ4zvDvbc86MvFTL9ZM8=
1,24,Ljo/5ujz7eAsGQvFed9qTLPUyhY=,PjJeziYOJ4zvDvbc86MvFTL9ZM8=
9,22,Ljo/5ujz7eAsGQvFed9qTLPUyhY=,PjJeziYOJ4zvDvbc86MvFTL9ZM8=
8,22,Ljo/5ujz7eAsGQvFed9qTLPUyhY=,PjJeziYOJ4zvDvbc86MvFTL9ZM8=
7,22,Ljo/5ujz7eAsGQvFed9qTLPUyhY=,PjJeziYOJ4zvDvbc86MvFTL9ZM8=
6,22,Ljo/5ujz7eAsGQvFed9qTLPUyhY=,PjJeziYOJ4zvDvbc86MvFTL9ZM8=
5,22,Ljo/5ujz7eAsGQvFed9qTLPUyhY=,PjJeziYOJ4zvDvbc86MvFTL9ZM8=
3,18,Ljo/5ujz7eAsGQvFed9qTLPUyhY=,PjJeziYOJ4zvDvbc86MvFTL9ZM8=
4,22,Ljo/5ujz7eAsGQvFed9qTLPUyhY=,PjJeziYOJ4zvDvbc86MvFTL9ZM8=
2,22,Ljo/5ujz7eAsGQvFed9qTLPUyhY=,PjJeziYOJ4zvDvbc86MvFTL9ZM8=
4,18,Ljo/5ujz7eAsGQvFed9qTLPUyhY=,PjJeziYOJ4zvDvbc86MvFTL9ZM8=
1,22,Ljo/5ujz7eAsGQvFed9qTLPUyhY=,PjJeziYOJ4zvDvbc86MvFTL9ZM8=
3,22,Ljo/5ujz7eAsGQvFed9qTLPUyhY=,PjJeziYOJ4zvDvbc86MvFTL9ZM8=
15,21,Ljo/5ujz7eAsGQvFed9qTLPUyhY=,PjJeziYOJ4zvDvbc86MvFTL9ZM8=
0,22,Ljo/5ujz7eAsGQvFed9qTLPUyhY=,PjJeziYOJ4zvDvbc86MvFTL9ZM8=
5,16,Ljo/5ujz7eAsGQvFed9qTLPUyhY=,PjJeziYOJ4zvDvbc86MvFTL9ZM8=
12,21,Ljo/5ujz7eAsGQvFed9qTLPUyhY=,PjJeziYOJ4zvDvbc86MvFTL9ZM8=
14,21,Ljo/5ujz7eAsGQvFed9qTLPUyhY=,PjJeziYOJ4zvDvbc86MvFTL9ZM8=
13,21,Ljo/5ujz7eAsGQvFed9qTLPUyhY=,PjJeziYOJ4zvDvbc86MvFTL9ZM8=
8,21,Ljo/5ujz7eAsGQvFed9qTLPUyhY=,PjJeziYOJ4zvDvbc86MvFTL9ZM8=
7,21,Ljo/5ujz7eAsGQvFed9qTLPUyhY=,PjJeziYOJ4zvDvbc86MvFTL9ZM8=
6,21,Ljo/5ujz7eAsGQvFed9qTLPUyhY=,PjJeziYOJ4zvDvbc86MvFTL9ZM8=
10,21,Ljo/5ujz7eAsGQvFed9qTLPUyhY=,PjJeziYOJ4zvDvbc86MvFTL9ZM8=
3,21,Ljo/5ujz7eAsGQvFed9qTLPUyhY=,PjJeziYOJ4zvDvbc86MvFTL9ZM8=
11,21,Ljo/5ujz7eAsGQvFed9qTLPUyhY=,PjJeziYOJ4zvDvbc86MvFTL9ZM8=
9,21,Ljo/5ujz7eAsGQvFed9qTLPUyhY=,PjJeziYOJ4zvDvbc86MvFTL9ZM8=
1,21,Ljo/5ujz7eAsGQvFed9qTLPUyhY=,PjJeziYOJ4zvDvbc86MvFTL9ZM8=
5,21,Ljo/5ujz7eAsGQvFed9qTLPUyhY=,PjJeziYOJ4zvDvbc86MvFTL9ZM8=
15,20,Ljo/5ujz7eAsGQvFed9qTLPUyhY=,PjJeziYOJ4zvDvbc86MvFTL9ZM8=
4,16,Ljo/5ujz7eAsGQvFed9qTLPUyhY=,PjJeziYOJ4zvDvbc86MvFTL9ZM8=
4,21,Ljo/5ujz7eAsGQvFed9qTLPUyhY=,PjJeziYOJ4zvDvbc86MvFTL9ZM8=
13,20,Ljo/5ujz7eAsGQvFed9qTLPUyhY=,PjJeziYOJ4zvDvbc86MvFTL9ZM8=
14,20,Ljo/5ujz7eAsGQvFed9qTLPUyhY=,PjJeziYOJ4zvDvbc86MvFTL9ZM8=
0,21,Ljo/5ujz7eAsGQvFed9qTLPUyhY=,PjJeziYOJ4zvDvbc86MvFTL9ZM8=
12,20,Ljo/5ujz7eAsGQvFed9qTLPUyhY=,PjJeziYOJ4zvDvbc86MvFTL9ZM8=
11,20,Ljo/5ujz7eAsGQvFed9qTLPUyhY=,PjJeziYOJ4zvDvbc86MvFTL9ZM8=
8,20,Ljo/5ujz7eAsGQvFed9qTLPUyhY=,PjJeziYOJ4zvDvbc86MvFTL9ZM8=
6,20,Ljo/5ujz7eAsGQvFed9qTLPUyhY=,PjJeziYOJ4zvDvbc86MvFTL9ZM8=
2,21,Ljo/5ujz7eAsGQvFed9qTLPUyhY=,PjJeziYOJ4zvDvbc86MvFTL9ZM8=
7,20,Ljo/5ujz7eAsGQvFed9qTLPUyhY=,PjJeziYOJ4zvDvbc86MvFTL9ZM8=
9,20,Ljo/5ujz7eAsGQvFed9qTLPUyhY=,PjJeziYOJ4zvDvbc86MvFTL9ZM8=
10,20,Ljo/5ujz7eAsGQvFed9qTLPUyhY=,PjJeziYOJ4zvDvbc86MvFTL9ZM8=
3,20,Ljo/5ujz7eAsGQvFed9qTLPUyhY=,PjJeziYOJ4zvDvbc86MvFTL9ZM8=
5,20,Ljo/5ujz7eAsGQvFed9qTLPUyhY=,PjJeziYOJ4zvDvbc86MvFTL9ZM8=
4,20,Ljo/5ujz7eAsGQvFed9qTLPUyhY=,PjJeziYOJ4zvDvbc86MvFTL9ZM8=
5,18,Ljo/5ujz7eAsGQvFed9qTLPUyhY=,PjJeziYOJ4zvDvbc86MvFTL9ZM8=
15,19,Ljo/5ujz7eAsGQvFed9qTLPUyhY=,PjJeziYOJ4zvDvbc86MvFTL9ZM8=
1,20,Ljo/5ujz7eAsGQvFed9qTLPUyhY=,PjJeziYOJ4zvDvbc86MvFTL9ZM8=
14,19,Ljo/5ujz7eAsGQvFed9qTLPUyhY=,PjJeziYOJ4zvDvbc86MvFTL9ZM8=
0,20,Ljo/5ujz7eAsGQvFed9qTLPUyhY=,PjJeziYOJ4zvDvbc86MvFTL9ZM8=
3,16,Ljo/5ujz7eAsGQvFed9qTLPUyhY=,PjJeziYOJ4zvDvbc86MvFTL9ZM8=
12,19,Ljo/5ujz7eAsGQvFed9qTLPUyhY=,PjJeziYOJ4zvDvbc86MvFTL9ZM8=
11,19,Ljo/5ujz7eAsGQvFed9qTLPUyhY=,PjJeziYOJ4zvDvbc86MvFTL9ZM8=
8,19,Ljo/5ujz7eAsGQvFed9qTLPUyhY=,PjJeziYOJ4zvDvbc86MvFTL9ZM8=
13,19,Ljo/5ujz7eAsGQvFed9qTLPUyhY=,PjJeziYOJ4zvDvbc86MvFTL9ZM8=
10,19,Ljo/5ujz7eAsGQvFed9qTLPUyhY=,PjJeziYOJ4zvDvbc86MvFTL9ZM8=
7,19,Ljo/5ujz7eAsGQvFed9qTLPUyhY=,PjJeziYOJ4zvDvbc86MvFTL9ZM8=
9,19,Ljo/5ujz7eAsGQvFed9qTLPUyhY=,PjJeziYOJ4zvDvbc86MvFTL9ZM8=
4,19,Ljo/5ujz7eAsGQvFed9qTLPUyhY=,PjJeziYOJ4zvDvbc86MvFTL9ZM8=
6,18,Ljo/5ujz7eAsGQvFed9qTLPUyhY=,PjJeziYOJ4zvDvbc86MvFTL9ZM8=
3,19,Ljo/5ujz7eAsGQvFed9qTLPUyhY=,PjJeziYOJ4zvDvbc86MvFTL9ZM8=
6,19,Ljo/5ujz7eAsGQvFed9qTLPUyhY=,PjJeziYOJ4zvDvbc86MvFTL9ZM8=
5,19,Ljo/5ujz7eAsGQvFed9qTLPUyhY=,PjJeziYOJ4zvDvbc86MvFTL9ZM8=
2,19,Ljo/5ujz7eAsGQvFed9qTLPUyhY=,PjJeziYOJ4zvDvbc86MvFTL9ZM8=
2,20,Ljo/5ujz7eAsGQvFed9qTLPUyhY=,PjJeziYOJ4zvDvbc86MvFTL9ZM8=
7,18,Ljo/5ujz7eAsGQvFed9qTLPUyhY=,PjJeziYOJ4zvDvbc86MvFTL9ZM8=
1,19,Ljo/5ujz7eAsGQvFed9qTLPUyhY=,PjJeziYOJ4zvDvbc86MvFTL9ZM8=
15,18,Ljo/5ujz7eAsGQvFed9qTLPUyhY=,PjJeziYOJ4zvDvbc86MvFTL9ZM8=
2,16,Ljo/5ujz7eAsGQvFed9qTLPUyhY=,PjJeziYOJ4zvDvbc86MvFTL9ZM8=
10,18,Ljo/5ujz7eAsGQvFed9qTLPUyhY=,PjJeziYOJ4zvDvbc86MvFTL9ZM8=
8,18,Ljo/5ujz7eAsGQvFed9qTLPUyhY=,PjJeziYOJ4zvDvbc86MvFTL9ZM8=
9,18,Ljo/5ujz7eAsGQvFed9qTLPUyhY=,PjJeziYOJ4zvDvbc86MvFTL9ZM8=
13,18,Ljo/5ujz7eAsGQvFed9qTLPUyhY=,PjJeziYOJ4zvDvbc86MvFTL9ZM8=
14,18,Ljo/5ujz7eAsGQvFed9qTLPUyhY=,PjJeziYOJ4zvDvbc86MvFTL9ZM8=
0,19,Ljo/5ujz7eAsGQvFed9qTLPUyhY=,PjJeziYOJ4zvDvbc86MvFTL9ZM8=
11,18,Ljo/5ujz7eAsGQvFed9qTLPUyhY=,PjJeziYOJ4zvDvbc86MvFTL9ZM8=
12,18,Ljo/5ujz7eAsGQvFed9qTLPUyhY=,PjJeziYOJ4zvDvbc86MvFTL9ZM8=
6,30,Ljo/5ujz7eAsGQvFed9qTLPUyhY=,PjJeziYOJ4zvDvbc86MvFTL9ZM8=
5,30,Ljo/5ujz7eAsGQvFed9qTLPUyhY=,PjJeziYOJ4zvDvbc86MvFTL9ZM8=
31,31,M6DEwqDqaUJK/eLr7lihByXO39c=,PjJeziYOJ4zvDvbc86MvFTL9ZM8=
31,16,M6DEwqDqaUJK/eLr7lihByXO39c=,PjJeziYOJ4zvDvbc86MvFTL9ZM8=
29,16,M6DEwqDqaUJK/eLr7lihByXO39c=,PjJeziYOJ4zvDvbc86MvFTL9ZM8=
28,16,M6DEwqDqaUJK/eLr7lihByXO39c=,PjJeziYOJ4zvDvbc86MvFTL9ZM8=
30,16,M6DEwqDqaUJK/eLr7lihByXO39c=,PjJeziYOJ4zvDvbc86MvFTL9ZM8=
26,16,M6DEwqDqaUJK/eLr7lihByXO39c=,PjJeziYOJ4zvDvbc86MvFTL9ZM8=
30,31,M6DEwqDqaUJK/eLr7lihByXO39c=,PjJeziYOJ4zvDvbc86MvFTL9ZM8=
25,16,M6DEwqDqaUJK/eLr7lihByXO39c=,PjJeziYOJ4zvDvbc86MvFTL9ZM8=
16,17,M6DEwqDqaUJK/eLr7lihByXO39c=,PjJeziYOJ4zvDvbc86MvFTL9ZM8=
17,17,M6DEwqDqaUJK/eLr7lihByXO39c=,PjJeziYOJ4zvDvbc86MvFTL9ZM8=
20,16,M6DEwqDqaUJK/eLr7lihByXO39c=,PjJeziYOJ4zvDvbc86MvFTL9ZM8=
24,16,M6DEwqDqaUJK/eLr7lihByXO39c=,PjJeziYOJ4zvDvbc86MvFTL9ZM8=
21,16,M6DEwqDqaUJK/eLr7lihByXO39c=,PjJeziYOJ4zvDvbc86MvFTL9ZM8=
27,16,M6DEwqDqaUJK/eLr7lihByXO39c=,PjJeziYOJ4zvDvbc86MvFTL9ZM8=
22,16,M6DEwqDqaUJK/eLr7lihByXO39c=,PjJeziYOJ4zvDvbc86MvFTL9ZM8=
23,16,M6DEwqDqaUJK/eLr7lihByXO39c=,PjJeziYOJ4zvDvbc86MvFTL9ZM8=
18,16,M6DEwqDqaUJK/eLr7lihByXO39c=,PjJeziYOJ4zvDvbc86MvFTL9ZM8=
28,31,M6DEwqDqaUJK/eLr7lihByXO39c=,PjJeziYOJ4zvDvbc86MvFTL9ZM8=
27,31,M6DEwqDqaUJK/eLr7lihByXO39c=,PjJeziYOJ4zvDvbc86MvFTL9ZM8=
29,31,M6DEwqDqaUJK/eLr7lihByXO39c=,PjJeziYOJ4zvDvbc86MvFTL9ZM8=
25,31,M6DEwqDqaUJK/eLr7lihByXO39c=,PjJeziYOJ4zvDvbc86MvFTL9ZM8=
26,31,M6DEwqDqaUJK/eLr7lihByXO39c=,PjJeziYOJ4zvDvbc86MvFTL9ZM8=
23,31,M6DEwqDqaUJK/eLr7lihByXO39c=,PjJeziYOJ4zvDvbc86MvFTL9ZM8=
24,31,M6DEwqDqaUJK/eLr7lihByXO39c=,PjJeziYOJ4zvDvbc86MvFTL9ZM8=
22,31,M6DEwqDqaUJK/eLr7lihByXO39c=,PjJeziYOJ4zvDvbc86MvFTL9ZM8=
21,31,M6DEwqDqaUJK/eLr7lihByXO39c=,PjJeziYOJ4zvDvbc86MvFTL9ZM8=
20,31,M6DEwqDqaUJK/eLr7lihByXO39c=,PjJeziYOJ4zvDvbc86MvFTL9ZM8=
18,31,M6DEwqDqaUJK/eLr7lihByXO39c=,PjJeziYOJ4zvDvbc86MvFTL9ZM8=
19,31,M6DEwqDqaUJK/eLr7lihByXO39c=,PjJeziYOJ4zvDvbc86MvFTL9ZM8=
17,31,M6DEwqDqaUJK/eLr7lihByXO39c=,PjJeziYOJ4zvDvbc86MvFTL9ZM8=
31,30,M6DEwqDqaUJK/eLr7lihByXO39c=,PjJeziYOJ4zvDvbc86MvFTL9ZM8=
17,16,M6DEwqDqaUJK/eLr7lihByXO39c=,PjJeziYOJ4zvDvbc86MvFTL9ZM8=
18,17,M6DEwqDqaUJK/eLr7lihByXO39c=,PjJeziYOJ4zvDvbc86MvFTL9ZM8=
16,31,M6DEwqDqaUJK/eLr7lihByXO39c=,PjJeziYOJ4zvDvbc86MvFTL9ZM8=
29,30,M6DEwqDqaUJK/eLr7lihByXO39c=,PjJeziYOJ4zvDvbc86MvFTL9ZM8=
28,30,M6DEwqDqaUJK/eLr7lihByXO39c=,PjJeziYOJ4zvDvbc86MvFTL9ZM8=
26,30,M6DEwqDqaUJK/eLr7lihByXO39c=,PjJeziYOJ4zvDvbc86MvFTL9ZM8=
27,30,M6DEwqDqaUJK/eLr7lihByXO39c=,PjJeziYOJ4zvDvbc86MvFTL9ZM8=
25,30,M6DEwqDqaUJK/eLr7lihByXO39c=,PjJeziYOJ4zvDvbc86MvFTL9ZM8=
24,30,M6DEwqDqaUJK/eLr7lihByXO39c=,PjJeziYOJ4zvDvbc86MvFTL9ZM8=
22,30,M6DEwqDqaUJK/eLr7lihByXO39c=,PjJeziYOJ4zvDvbc86MvFTL9ZM8=
23,30,M6DEwqDqaUJK/eLr7lihByXO39c=,PjJeziYOJ4zvDvbc86MvFTL9ZM8=
19,16,M6DEwqDqaUJK/eLr7lihByXO39c=,PjJeziYOJ4zvDvbc86MvFTL9ZM8=
21,30,M6DEwqDqaUJK/eLr7lihByXO39c=,PjJeziYOJ4zvDvbc86MvFTL9ZM8=
19,30,M6DEwqDqaUJK/eLr7lihByXO39c=,PjJeziYOJ4zvDvbc86MvFTL9ZM8=
20,30,M6DEwqDqaUJK/eLr7lihByXO39c=,PjJeziYOJ4zvDvbc86MvFTL9ZM8=
18,30,M6DEwqDqaUJK/eLr7lihByXO39c=,PjJeziYOJ4zvDvbc86MvFTL9ZM8=
17,30,M6DEwqDqaUJK/eLr7lihByXO39c=,PjJeziYOJ4zvDvbc86MvFTL9ZM8=
16,30,M6DEwqDqaUJK/eLr7lihByXO39c=,PjJeziYOJ4zvDvbc86MvFTL9ZM8=
31,29,M6DEwqDqaUJK/eLr7lihByXO39c=,PjJeziYOJ4zvDvbc86MvFTL9ZM8=
27,29,M6DEwqDqaUJK/eLr7lihByXO39c=,PjJeziYOJ4zvDvbc86MvFTL9ZM8=
30,29,M6DEwqDqaUJK/eLr7lihByXO39c=,PjJeziYOJ4zvDvbc86MvFTL9ZM8=
26,29,M6DEwqDqaUJK/eLr7lihByXO39c=,PjJeziYOJ4zvDvbc86MvFTL9ZM8=
28,29,M6DEwqDqaUJK/eLr7lihByXO39c=,PjJeziYOJ4zvDvbc86MvFTL9ZM8=
29,29,M6DEwqDqaUJK/eLr7lihByXO39c=,PjJeziYOJ4zvDvbc86MvFTL9ZM8=
25,29,M6DEwqDqaUJK/eLr7lihByXO39c=,PjJeziYOJ4zvDvbc86MvFTL9ZM8=
22,29,M6DEwqDqaUJK/eLr7lihByXO39c=,PjJeziYOJ4zvDvbc86MvFTL9ZM8=
24,29,M6DEwqDqaUJK/eLr7lihByXO39c=,PjJeziYOJ4zvDvbc86MvFTL9ZM8=
23,29,M6DEwqDqaUJK/eLr7lihByXO39c=,PjJeziYOJ4zvDvbc86MvFTL9ZM8=
20,29,M6DEwqDqaUJK/eLr7lihByXO39c=,PjJeziYOJ4zvDvbc86MvFTL9ZM8=
19,29,M6DEwqDqaUJK/eLr7lihByXO39c=,PjJeziYOJ4zvDvbc86MvFTL9ZM8=
21,29,M6DEwqDqaUJK/eLr7lihByXO39c=,PjJeziYOJ4zvDvbc86MvFTL9ZM8=
18,29,M6DEwqDqaUJK/eLr7lihByXO39c=,PjJeziYOJ4zvDvbc86MvFTL9ZM8=
17,29,M6DEwqDqaUJK/eLr7lihByXO39c=,PjJeziYOJ4zvDvbc86MvFTL9ZM8=
16,29,M6DEwqDqaUJK/eLr7lihByXO39c=,PjJeziYOJ4zvDvbc86MvFTL9ZM8=
31,28,M6DEwqDqaUJK/eLr7lihByXO39c=,PjJeziYOJ4zvDvbc86MvFTL9ZM8=
24,28,M6DEwqDqaUJK/eLr7lihByXO39c=,PjJeziYOJ4zvDvbc86MvFTL9ZM8=
22,28,M6DEwqDqaUJK/eLr7lihByXO39c=,PjJeziYOJ4zvDvbc86MvFTL9ZM8=
30,28,M6DEwqDqaUJK/eLr7lihByXO39c=,PjJeziYOJ4zvDvbc86MvFTL9ZM8=
23,28,M6DEwqDqaUJK/eLr7lihByXO39c=,PjJeziYOJ4zvDvbc86MvFTL9ZM8=
20,28,M6DEwqDqaUJK/eLr7lihByXO39c=,PjJeziYOJ4zvDvbc86MvFTL9ZM8=
16,16,M6DEwqDqaUJK/eLr7lihByXO39c=,PjJeziYOJ4zvDvbc86MvFTL9ZM8=
19,28,M6DEwqDqaUJK/eLr7lihByXO39c=,PjJeziYOJ4zvDvbc86MvFTL9ZM8=
18,28,M6DEwqDqaUJK/eLr7lihByXO39c=,PjJeziYOJ4zvDvbc86MvFTL9ZM8=
17,28,M6DEwqDqaUJK/eLr7lihByXO39c=,PjJeziYOJ4zvDvbc86MvFTL9ZM8=
31,27,M6DEwqDqaUJK/eLr7lihByXO39c=,PjJeziYOJ4zvDvbc86MvFTL9ZM8=
30,27,M6DEwqDqaUJK/eLr7lihByXO39c=,PjJeziYOJ4zvDvbc86MvFTL9ZM8=
29,28,M6DEwqDqaUJK/eLr7lihByXO39c=,PjJeziYOJ4zvDvbc86MvFTL9ZM8=
29,27,M6DEwqDqaUJK/eLr7lihByXO39c=,PjJeziYOJ4zvDvbc86MvFTL9ZM8=
19,17,M6DEwqDqaUJK/eLr7lihByXO39c=,PjJeziYOJ4zvDvbc86MvFTL9ZM8=
16,28,M6DEwqDqaUJK/eLr7lihByXO39c=,PjJeziYOJ4zvDvbc86MvFTL9ZM8=
28,27,M6DEwqDqaUJK/eLr7lihByXO39c=,PjJeziYOJ4zvDvbc86MvFTL9ZM8=
27,27,M6DEwqDqaUJK/eLr7lihByXO39c=,PjJeziYOJ4zvDvbc86MvFTL9ZM8=
25,27,M6DEwqDqaUJK/eLr7lihByXO39c=,PjJeziYOJ4zvDvbc86MvFTL9ZM8=
26,27,M6DEwqDqaUJK/eLr7lihByXO39c=,PjJeziYOJ4zvDvbc86MvFTL9ZM8=
23,27,M6DEwqDqaUJK/eLr7lihByXO39c=,PjJeziYOJ4zvDvbc86MvFTL9ZM8=
24,27,M6DEwqDqaUJK/eLr7lihByXO39c=,PjJeziYOJ4zvDvbc86MvFTL9ZM8=
19,27,M6DEwqDqaUJK/eLr7lihByXO39c=,PjJeziYOJ4zvDvbc86MvFTL9ZM8=
20,27,M6DEwqDqaUJK/eLr7lihByXO39c=,PjJeziYOJ4zvDvbc86MvFTL9ZM8=
18,27,M6DEwqDqaUJK/eLr7lihByXO39c=,PjJeziYOJ4zvDvbc86MvFTL9ZM8=
17,27,M6DEwqDqaUJK/eLr7lihByXO39c=,PjJeziYOJ4zvDvbc86MvFTL9ZM8=
22,27,M6DEwqDqaUJK/eLr7lihByXO39c=,PjJeziYOJ4zvDvbc86MvFTL9ZM8=
28,26,M6DEwqDqaUJK/eLr7lihByXO39c=,PjJeziYOJ4zvDvbc86MvFTL9ZM8=
31,26,M6DEwqDqaUJK/eLr7lihByXO39c=,PjJeziYOJ4zvDvbc86MvFTL9ZM8=
29,26,M6DEwqDqaUJK/eLr7lihByXO39c=,PjJeziYOJ4zvDvbc86MvFTL9ZM8=
26,26,M6DEwqDqaUJK/eLr7lihByXO39c=,PjJeziYOJ4zvDvbc86MvFTL9ZM8=
27,26,M6DEwqDqaUJK/eLr7lihByXO39c=,PjJeziYOJ4zvDvbc86MvFTL9ZM8=
25,26,M6DEwqDqaUJK/eLr7lihByXO39c=,PjJeziYOJ4zvDvbc86MvFTL9ZM8=
28,28,M6DEwqDqaUJK/eLr7lihByXO39c=,PjJeziYOJ4zvDvbc86MvFTL9ZM8=
24,26,M6DEwqDqaUJK/eLr7lihByXO39c=,PjJeziYOJ4zvDvbc86MvFTL9ZM8=
16,27,M6DEwqDqaUJK/eLr7lihByXO39c=,PjJeziYOJ4zvDvbc86MvFTL9ZM8=
30,26,M6DEwqDqaUJK/eLr7lihByXO39c=,PjJeziYOJ4zvDvbc86MvFTL9ZM8=
23,26,M6DEwqDqaUJK/eLr7lihByXO39c=,PjJeziYOJ4zvDvbc86MvFTL9ZM8=
19,26,M6DEwqDqaUJK/eLr7lihByXO39c=,PjJeziYOJ4zvDvbc86MvFTL9ZM8=
20,26,M6DEwqDqaUJK/eLr7lihByXO39c=,PjJeziYOJ4zvDvbc86MvFTL9ZM8=
18,26,M6DEwqDqaUJK/eLr7lihByXO39c=,PjJeziYOJ4zvDvbc86MvFTL9ZM8=
17,26,M6DEwqDqaUJK/eLr7lihByXO39c=,PjJeziYOJ4zvDvbc86MvFTL9ZM8=
21,27,M6DEwqDqaUJK/eLr7lihByXO39c=,PjJeziYOJ4zvDvbc86MvFTL9ZM8=
16,26,M6DEwqDqaUJK/eLr7lihByXO39c=,PjJeziYOJ4zvDvbc86MvFTL9ZM8=
30,25,M6DEwqDqaUJK/eLr7lihByXO39c=,PjJeziYOJ4zvDvbc86MvFTL9ZM8=
29,25,M6DEwqDqaUJK/eLr7lihByXO39c=,PjJeziYOJ4zvDvbc86MvFTL9ZM8=
28,25,M6DEwqDqaUJK/eLr7lihByXO39c=,PjJeziYOJ4zvDvbc86MvFTL9ZM8=
27,25,M6DEwqDqaUJK/eLr7lihByXO39c=,PjJeziYOJ4zvDvbc86MvFTL9ZM8=
26,25,M6DEwqDqaUJK/eLr7lihByXO39c=,PjJeziYOJ4zvDvbc86MvFTL9ZM8=
21,26,M6DEwqDqaUJK/eLr7lihByXO39c=,PjJeziYOJ4zvDvbc86MvFTL9ZM8=
25,25,M6DEwqDqaUJK/eLr7lihByXO39c=,PjJeziYOJ4zvDvbc86MvFTL9ZM8=
24,25,M6DEwqDqaUJK/eLr7lihByXO39c=,PjJeziYOJ4zvDvbc86MvFTL9ZM8=
31,25,M6DEwqDqaUJK/eLr7lihByXO39c=,PjJeziYOJ4zvDvbc86MvFTL9ZM8=
20,25,M6DEwqDqaUJK/eLr7lihByXO39c=,PjJeziYOJ4zvDvbc86MvFTL9ZM8=
21,25,M6DEwqDqaUJK/eLr7lihByXO39c=,PjJeziYOJ4zvDvbc86MvFTL9ZM8=
19,25,M6DEwqDqaUJK/eLr7lihByXO39c=,PjJeziYOJ4zvDvbc86MvFTL9ZM8=
18,25,M6DEwqDqaUJK/eLr7lihByXO39c=,PjJeziYOJ4zvDvbc86MvFTL9ZM8=
16,25,M6DEwqDqaUJK/eLr7lihByXO39c=,PjJeziYOJ4zvDvbc86MvFTL9ZM8=
31,24,M6DEwqDqaUJK/eLr7lihByXO39c=,PjJeziYOJ4zvDvbc86MvFTL9ZM8=
17,25,M6DEwqDqaUJK/eLr7lihByXO39c=,PjJeziYOJ4zvDvbc86MvFTL9ZM8=
22,26,M6DEwqDqaUJK/eLr7lihByXO39c=,PjJeziYOJ4zvDvbc86MvFTL9ZM8=
30,24,M6DEwqDqaUJK/eLr7lihByXO39c=,PjJeziYOJ4zvDvbc86MvFTL9ZM8=
29,24,M6DEwqDqaUJK/eLr7lihByXO39c=,PjJeziYOJ4zvDvbc86MvFTL9ZM8=
28,24,M6DEwqDqaUJK/eLr7lihByXO39c=,PjJeziYOJ4zvDvbc86MvFTL9ZM8=
22,25,M6DEwqDqaUJK/eLr7lihByXO39c=,PjJeziYOJ4zvDvbc86MvFTL9ZM8=
27,24,M6DEwqDqaUJK/eLr7lihByXO39c=,PjJeziYOJ4zvDvbc86MvFTL9ZM8=
26,24,M6DEwqDqaUJK/eLr7lihByXO39c=,PjJeziYOJ4zvDvbc86MvFTL9ZM8=
23,25,M6DEwqDqaUJK/eLr7lihByXO39c=,PjJeziYOJ4zvDvbc86MvFTL9ZM8=
25,24,M6DEwqDqaUJK/eLr7lihByXO39c=,PjJeziYOJ4zvDvbc86MvFTL9ZM8=
24,24,M6DEwqDqaUJK/eLr7lihByXO39c=,PjJeziYOJ4zvDvbc86MvFTL9ZM8=
20,17,M6DEwqDqaUJK/eLr7lihByXO39c=,PjJeziYOJ4zvDvbc86MvFTL9ZM8=
22,24,M6DEwqDqaUJK/eLr7lihByXO39c=,PjJeziYOJ4zvDvbc86MvFTL9ZM8=
18,24,M6DEwqDqaUJK/eLr7lihByXO39c=,PjJeziYOJ4zvDvbc86MvFTL9ZM8=
23,24,M6DEwqDqaUJK/eLr7lihByXO39c=,PjJeziYOJ4zvDvbc86MvFTL9ZM8=
31,23,M6DEwqDqaUJK/eLr7lihByXO39c=,PjJeziYOJ4zvDvbc86MvFTL9ZM8=
19,24,M6DEwqDqaUJK/eLr7lihByXO39c=,PjJeziYOJ4zvDvbc86MvFTL9ZM8=
30,23,M6DEwqDqaUJK/eLr7lihByXO39c=,PjJeziYOJ4zvDvbc86MvFTL9ZM8=
29,23,M6DEwqDqaUJK/eLr7lihByXO39c=,PjJeziYOJ4zvDvbc86MvFTL9ZM8=
28,23,M6DEwqDqaUJK/eLr7lihByXO39c=,PjJeziYOJ4zvDvbc86MvFTL9ZM8=
27,23,M6DEwqDqaUJK/eLr7lihByXO39c=,PjJeziYOJ4zvDvbc86MvFTL9ZM8=
26,23,M6DEwqDqaUJK/eLr7lihByXO39c=,PjJeziYOJ4zvDvbc86MvFTL9ZM8=
25,23,M6DEwqDqaUJK/eLr7lihByXO39c=,PjJeziYOJ4zvDvbc86MvFTL9ZM8=
17,24,M6DEwqDqaUJK/eLr7lihByXO39c=,PjJeziYOJ4zvDvbc86MvFTL9ZM8=
20,24,M6DEwqDqaUJK/eLr7lihByXO39c=,PjJeziYOJ4zvDvbc86MvFTL9ZM8=
21,24,M6DEwqDqaUJK/eLr7lihByXO39c=,PjJeziYOJ4zvDvbc86MvFTL9ZM8=
16,24,M6DEwqDqaUJK/eLr7lihByXO39c=,PjJeziYOJ4zvDvbc86MvFTL9ZM8=
21,17,M6DEwqDqaUJK/eLr7lihByXO39c=,PjJeziYOJ4zvDvbc86MvFTL9ZM8=
24,23,M6DEwqDqaUJK/eLr7lihByXO39c=,PjJeziYOJ4zvDvbc86MvFTL9ZM8=
22,23,M6DEwqDqaUJK/eLr7lihByXO39c=,PjJeziYOJ4zvDvbc86MvFTL9ZM8=
19,23,M6DEwqDqaUJK/eLr7lihByXO39c=,PjJeziYOJ4zvDvbc86MvFTL9ZM8=
23,23,M6DEwqDqaUJK/eLr7lihByXO39c=,PjJeziYOJ4zvDvbc86MvFTL9ZM8=
31,22,M6DEwqDqaUJK/eLr7lihByXO39c=,PjJeziYOJ4zvDvbc86MvFTL9ZM8=
21,23,M6DEwqDqaUJK/eLr7lihByXO39c=,PjJeziYOJ4zvDvbc86MvFTL9ZM8=
29,22,M6DEwqDqaUJK/eLr7lihByXO39c=,PjJeziYOJ4zvDvbc86MvFTL9ZM8=
28,22,M6DEwqDqaUJK/eLr7lihByXO39c=,PjJeziYOJ4zvDvbc86MvFTL9ZM8=
30,22,M6DEwqDqaUJK/eLr7lihByXO39c=,PjJeziYOJ4zvDvbc86MvFTL9ZM8=
27,22,M6DEwqDqaUJK/eLr7lihByXO39c=,PjJeziYOJ4zvDvbc86MvFTL9ZM8=
26,22,M6DEwqDqaUJK/eLr7lihByXO39c=,PjJeziYOJ4zvDvbc86MvFTL9ZM8=
20,23,M6DEwqDqaUJK/eLr7lihByXO39c=,PjJeziYOJ4zvDvbc86MvFTL9ZM8=
25,22,M6DEwqDqaUJK/eLr7lihByXO39c=,PjJeziYOJ4zvDvbc86MvFTL9ZM8=
22,17,M6DEwqDqaUJK/eLr7lihByXO39c=,PjJeziYOJ4zvDvbc86MvFTL9ZM8=
18,23,M6DEwqDqaUJK/eLr7lihByXO39c=,PjJeziYOJ4zvDvbc86MvFTL9ZM8=
23,17,M6DEwqDqaUJK/eLr7lihByXO39c=,PjJeziYOJ4zvDvbc86MvFTL9ZM8=
17,23,M6DEwqDqaUJK/eLr7lihByXO39c=,PjJeziYOJ4zvDvbc86MvFTL9ZM8=
23,22,M6DEwqDqaUJK/eLr7lihByXO39c=,PjJeziYOJ4zvDvbc86MvFTL9ZM8=
24,17,M6DEwqDqaUJK/eLr7lihByXO39c=,PjJeziYOJ4zvDvbc86MvFTL9ZM8=
16,23,M6DEwqDqaUJK/eLr7lihByXO39c=,PjJeziYOJ4zvDvbc86MvFTL9ZM8=
24,22,M6DEwqDqaUJK/eLr7lihByXO39c=,PjJeziYOJ4zvDvbc86MvFTL9ZM8=
22,22,M6DEwqDqaUJK/eLr7lihByXO39c=,PjJeziYOJ4zvDvbc86MvFTL9ZM8=
25,17,M6DEwqDqaUJK/eLr7lihByXO39c=,PjJeziYOJ4zvDvbc86MvFTL9ZM8=
21,22,M6DEwqDqaUJK/eLr7lihByXO39c=,PjJeziYOJ4zvDvbc86MvFTL9ZM8=
19,22,M6DEwqDqaUJK/eLr7lihByXO39c=,PjJeziYOJ4zvDvbc86MvFTL9ZM8=
30,21,M6DEwqDqaUJK/eLr7lihByXO39c=,PjJeziYOJ4zvDvbc86MvFTL9ZM8=
31,21,M6DEwqDqaUJK/eLr7lihByXO39c=,PjJeziYOJ4zvDvbc86MvFTL9ZM8=
29,21,M6DEwqDqaUJK/eLr7lihByXO39c=,PjJeziYOJ4zvDvbc86MvFTL9ZM8=
28,21,M6DEwqDqaUJK/eLr7lihByXO39c=,PjJeziYOJ4zvDvbc86MvFTL9ZM8=
27,21,M6DEwqDqaUJK/eLr7lihByXO39c=,PjJeziYOJ4zvDvbc86MvFTL9ZM8=
26,21,M6DEwqDqaUJK/eLr7lihByXO39c=,PjJeziYOJ4zvDvbc86MvFTL9ZM8=
18,22,M6DEwqDqaUJK/eLr7lihByXO39c=,PjJeziYOJ4zvDvbc86MvFTL9ZM8=
26,17,M6DEwqDqaUJK/eLr7lihByXO39c=,PjJeziYOJ4zvDvbc86MvFTL9ZM8=
17,22,M6DEwqDqaUJK/eLr7lihByXO39c=,PjJeziYOJ4zvDvbc86MvFTL9ZM8=
20,22,M6DEwqDqaUJK/eLr7lihByXO39c=,PjJeziYOJ4zvDvbc86MvFTL9ZM8=
25,21,M6DEwqDqaUJK/eLr7lihByXO39c=,PjJeziYOJ4zvDvbc86MvFTL9ZM8=
16,22,M6DEwqDqaUJK/eLr7lihByXO39c=,PjJeziYOJ4zvDvbc86MvFTL9ZM8=
24,21,M6DEwqDqaUJK/eLr7lihByXO39c=,PjJeziYOJ4zvDvbc86MvFTL9ZM8=
23,21,M6DEwqDqaUJK/eLr7lihByXO39c=,PjJeziYOJ4zvDvbc86MvFTL9ZM8=
18,21,M6DEwqDqaUJK/eLr7lihByXO39c=,PjJeziYOJ4zvDvbc86MvFTL9ZM8=
27,17,M6DEwqDqaUJK/eLr7lihByXO39c=,PjJeziYOJ4zvDvbc86MvFTL9ZM8=
20,21,M6DEwqDqaUJK/eLr7lihByXO39c=,PjJeziYOJ4zvDvbc86MvFTL9ZM8=
22,21,M6DEwqDqaUJK/eLr7lihByXO39c=,PjJeziYOJ4zvDvbc86MvFTL9ZM8=
28,17,M6DEwqDqaUJK/eLr7lihByXO39c=,PjJeziYOJ4zvDvbc86MvFTL9ZM8=
30,20,M6DEwqDqaUJK/eLr7lihByXO39c=,PjJeziYOJ4zvDvbc86MvFTL9ZM8=
21,21,M6DEwqDqaUJK/eLr7lihByXO39c=,PjJeziYOJ4zvDvbc86MvFTL9ZM8=
28,20,M6DEwqDqaUJK/eLr7lihByXO39c=,PjJeziYOJ4zvDvbc86MvFTL9ZM8=
29,20,M6DEwqDqaUJK/eLr7lihByXO39c=,PjJeziYOJ4zvDvbc86MvFTL9ZM8=
26,20,M6DEwqDqaUJK/eLr7lihByXO39c=,PjJeziYOJ4zvDvbc86MvFTL9ZM8=
27,20,M6DEwqDqaUJK/eLr7lihByXO39c=,PjJeziYOJ4zvDvbc86MvFTL9ZM8=
17,21,M6DEwqDqaUJK/eLr7lihByXO39c=,PjJeziYOJ4zvDvbc86MvFTL9ZM8=
31,20,M6DEwqDqaUJK/eLr7lihByXO39c=,PjJeziYOJ4zvDvbc86MvFTL9ZM8=
19,21,M6DEwqDqaUJK/eLr7lihByXO39c=,PjJeziYOJ4zvDvbc86MvFTL9ZM8=
16,21,M6DEwqDqaUJK/eLr7lihByXO39c=,PjJeziYOJ4zvDvbc86MvFTL9ZM8=
29,17,M6DEwqDqaUJK/eLr7lihByXO39c=,PjJeziYOJ4zvDvbc86MvFTL9ZM8=
30,17,M6DEwqDqaUJK/eLr7lihByXO39c=,PjJeziYOJ4zvDvbc86MvFTL9ZM8=
25,20,M6DEwqDqaUJK/eLr7lihByXO39c=,PjJeziYOJ4zvDvbc86MvFTL9ZM8=
19,20,M6DEwqDqaUJK/eLr7lihByXO39c=,PjJeziYOJ4zvDvbc86MvFTL9ZM8=
24,20,M6DEwqDqaUJK/eLr7lihByXO39c=,PjJeziYOJ4zvDvbc86MvFTL9ZM8=
22,20,M6DEwqDqaUJK/eLr7lihByXO39c=,PjJeziYOJ4zvDvbc86MvFTL9ZM8=
23,20,M6DEwqDqaUJK/eLr7lihByXO39c=,PjJeziYOJ4zvDvbc86MvFTL9ZM8=
21,20,M6DEwqDqaUJK/eLr7lihByXO39c=,PjJeziYOJ4zvDvbc86MvFTL9ZM8=
18,20,M6DEwqDqaUJK/eLr7lihByXO39c=,PjJeziYOJ4zvDvbc86MvFTL9ZM8=
31,17,M6DEwqDqaUJK/eLr7lihByXO39c=,PjJeziYOJ4zvDvbc86MvFTL9ZM8=
20,20,M6DEwqDqaUJK/eLr7lihByXO39c=,PjJeziYOJ4zvDvbc86MvFTL9ZM8=
28,19,M6DEwqDqaUJK/eLr7lihByXO39c=,PjJeziYOJ4zvDvbc86MvFTL9ZM8=
27,19,M6DEwqDqaUJK/eLr7lihByXO39c=,PjJeziYOJ4zvDvbc86MvFTL9ZM8=
30,19,M6DEwqDqaUJK/eLr7lihByXO39c=,PjJeziYOJ4zvDvbc86MvFTL9ZM8=
17,20,M6DEwqDqaUJK/eLr7lihByXO39c=,PjJeziYOJ4zvDvbc86MvFTL9ZM8=
26,19,M6DEwqDqaUJK/eLr7lihByXO39c=,PjJeziYOJ4zvDvbc86MvFTL9ZM8=
29,19,M6DEwqDqaUJK/eLr7lihByXO39c=,PjJeziYOJ4zvDvbc86MvFTL9ZM8=
25,19,M6DEwqDqaUJK/eLr7lihByXO39c=,PjJeziYOJ4zvDvbc86MvFTL9ZM8=
16,20,M6DEwqDqaUJK/eLr7lihByXO39c=,PjJeziYOJ4zvDvbc86MvFTL9ZM8=
21,19,M6DEwqDqaUJK/eLr7lihByXO39c=,PjJeziYOJ4zvDvbc86MvFTL9ZM8=
16,18,M6DEwqDqaUJK/eLr7lihByXO39c=,PjJeziYOJ4zvDvbc86MvFTL9ZM8=
31,19,M6DEwqDqaUJK/eLr7lihByXO39c=,PjJeziYOJ4zvDvbc86MvFTL9ZM8=
24,19,M6DEwqDqaUJK/eLr7lihByXO39c=,PjJeziYOJ4zvDvbc86MvFTL9ZM8=
20,19,M6DEwqDqaUJK/eLr7lihByXO39c=,PjJeziYOJ4zvDvbc86MvFTL9ZM8=
22,19,M6DEwqDqaUJK/eLr7lihByXO39c=,PjJeziYOJ4zvDvbc86MvFTL9ZM8=
19,19,M6DEwqDqaUJK/eLr7lihByXO39c=,PjJeziYOJ4zvDvbc86MvFTL9ZM8=
16,19,M6DEwqDqaUJK/eLr7lihByXO39c=,PjJeziYOJ4zvDvbc86MvFTL9ZM8=
23,19,M6DEwqDqaUJK/eLr7lihByXO39c=,PjJeziYOJ4zvDvbc86MvFTL9ZM8=
18,19,M6DEwqDqaUJK/eLr7lihByXO39c=,PjJeziYOJ4zvDvbc86MvFTL9ZM8=
17,19,M6DEwqDqaUJK/eLr7lihByXO39c=,PjJeziYOJ4zvDvbc86MvFTL9ZM8=
17,18,M6DEwqDqaUJK/eLr7lihByXO39c=,PjJeziYOJ4zvDvbc86MvFTL9ZM8=
27,18,M6DEwqDqaUJK/eLr7lihByXO39c=,PjJeziYOJ4zvDvbc86MvFTL9ZM8=
28,18,M6DEwqDqaUJK/eLr7lihByXO39c=,PjJeziYOJ4zvDvbc86MvFTL9ZM8=
26,18,M6DEwqDqaUJK/eLr7lihByXO39c=,PjJeziYOJ4zvDvbc86MvFTL9ZM8=
30,18,M6DEwqDqaUJK/eLr7lihByXO39c=,PjJeziYOJ4zvDvbc86MvFTL9ZM8=
18,18,M6DEwqDqaUJK/eLr7lihByXO39c=,PjJeziYOJ4zvDvbc86MvFTL9ZM8=
31,18,M6DEwqDqaUJK/eLr7lihByXO39c=,PjJeziYOJ4zvDvbc86MvFTL9ZM8=
23,18,M6DEwqDqaUJK/eLr7lihByXO39c=,PjJeziYOJ4zvDvbc86MvFTL9ZM8=
24,18,M6DEwqDqaUJK/eLr7lihByXO39c=,PjJeziYOJ4zvDvbc86MvFTL9ZM8=
25,18,M6DEwqDqaUJK/eLr7lihByXO39c=,PjJeziYOJ4zvDvbc86MvFTL9ZM8=
29,18,M6DEwqDqaUJK/eLr7lihByXO39c=,PjJeziYOJ4zvDvbc86MvFTL9ZM8=
19,18,M6DEwqDqaUJK/eLr7lihByXO39c=,PjJeziYOJ4zvDvbc86MvFTL9ZM8=
20,18,M6DEwqDqaUJK/eLr7lihByXO39c=,PjJeziYOJ4zvDvbc86MvFTL9ZM8=
21,18,M6DEwqDqaUJK/eLr7lihByXO39c=,PjJeziYOJ4zvDvbc86MvFTL9ZM8=
22,18,M6DEwqDqaUJK/eLr7lihByXO39c=,PjJeziYOJ4zvDvbc86MvFTL9ZM8=
21,28,M6DEwqDqaUJK/eLr7lihByXO39c=,PjJeziYOJ4zvDvbc86MvFTL9ZM8=
30,30,M6DEwqDqaUJK/eLr7lihByXO39c=,PjJeziYOJ4zvDvbc86MvFTL9ZM8=
27,28,M6DEwqDqaUJK/eLr7lihByXO39c=,PjJeziYOJ4zvDvbc86MvFTL9ZM8=
25,28,M6DEwqDqaUJK/eLr7lihByXO39c=,PjJeziYOJ4zvDvbc86MvFTL9ZM8=
26,28,M6DEwqDqaUJK/eLr7lihByXO39c=,PjJeziYOJ4zvDvbc86MvFTL9ZM8=
