168,-81,IomlQXxtgqKiAlqWvUX+azepApg=,917B4wDMAIQk6hkXKA/QcQ+rpcU=
163,-96,VoqN54vDYDeY7ZDjsJl4ee4UP3s=,917B4wDMAIQk6hkXKA/QcQ+rpcU=
164,-81,6bzrBLfDx8d1pj/M8BWz2LH1N30=,917B4wDMAIQk6hkXKA/QcQ+rpcU=
163,-81,IomlQXxtgqKiAlqWvUX+azepApg=,917B4wDMAIQk6hkXKA/QcQ+rpcU=
173,-81,IomlQXxtgqKiAlqWvUX+azepApg=,917B4wDMAIQk6hkXKA/QcQ+rpcU=
165,-81,IomlQXxtgqKiAlqWvUX+azepApg=,917B4wDMAIQk6hkXKA/QcQ+rpcU=
167,-81,IomlQXxtgqKiAlqWvUX+azepApg=,917B4wDMAIQk6hkXKA/QcQ+rpcU=
174,-81,IomlQXxtgqKiAlqWvUX+azepApg=,917B4wDMAIQk6hkXKA/QcQ+rpcU=
162,-96,IomlQXxtgqKiAlqWvUX+azepApg=,917B4wDMAIQk6hkXKA/QcQ+rpcU=
166,-81,IomlQXxtgqKiAlqWvUX+azepApg=,917B4wDMAIQk6hkXKA/QcQ+rpcU=
160,-96,IomlQXxtgqKiAlqWvUX+azepApg=,917B4wDMAIQk6hkXKA/QcQ+rpcU=
173,-82,IomlQXxtgqKiAlqWvUX+azepApg=,917B4wDMAIQk6hkXKA/QcQ+rpcU=
174,-82,IomlQXxtgqKiAlqWvUX+azepApg=,917B4wDMAIQk6hkXKA/QcQ+rpcU=
169,-81,IomlQXxtgqKiAlqWvUX+azepApg=,917B4wDMAIQk6hkXKA/QcQ+rpcU=
170,-81,IomlQXxtgqKiAlqWvUX+azepApg=,917B4wDMAIQk6hkXKA/QcQ+rpcU=
172,-82,IomlQXxtgqKiAlqWvUX+azepApg=,917B4wDMAIQk6hkXKA/QcQ+rpcU=
165,-82,IomlQXxtgqKiAlqWvUX+azepApg=,917B4wDMAIQk6hkXKA/QcQ+rpcU=
168,-82,IomlQXxtgqKiAlqWvUX+azepApg=,917B4wDMAIQk6hkXKA/QcQ+rpcU=
171,-81,IomlQXxtgqKiAlqWvUX+azepApg=,917B4wDMAIQk6hkXKA/QcQ+rpcU=
161,-81,IomlQXxtgqKiAlqWvUX+azepApg=,917B4wDMAIQk6hkXKA/QcQ+rpcU=
169,-82,IomlQXxtgqKiAlqWvUX+azepApg=,917B4wDMAIQk6hkXKA/QcQ+rpcU=
164,-82,IomlQXxtgqKiAlqWvUX+azepApg=,917B4wDMAIQk6hkXKA/QcQ+rpcU=
161,-96,IomlQXxtgqKiAlqWvUX+azepApg=,917B4wDMAIQk6hkXKA/QcQ+rpcU=
174,-83,IomlQXxtgqKiAlqWvUX+azepApg=,917B4wDMAIQk6hkXKA/QcQ+rpcU=
175,-82,IomlQXxtgqKiAlqWvUX+azepApg=,917B4wDMAIQk6hkXKA/QcQ+rpcU=
167,-82,IomlQXxtgqKiAlqWvUX+azepApg=,917B4wDMAIQk6hkXKA/QcQ+rpcU=
169,-83,IomlQXxtgqKiAlqWvUX+azepApg=,917B4wDMAIQk6hkXKA/QcQ+rpcU=
164,-96,IomlQXxtgqKiAlqWvUX+azepApg=,917B4wDMAIQk6hkXKA/QcQ+rpcU=
167,-83,IomlQXxtgqKiAlqWvUX+azepApg=,917B4wDMAIQk6hkXKA/QcQ+rpcU=
166,-82,IomlQXxtgqKiAlqWvUX+azepApg=,917B4wDMAIQk6hkXKA/QcQ+rpcU=
172,-81,IomlQXxtgqKiAlqWvUX+azepApg=,917B4wDMAIQk6hkXKA/QcQ+rpcU=
166,-83,IomlQXxtgqKiAlqWvUX+azepApg=,917B4wDMAIQk6hkXKA/QcQ+rpcU=
160,-82,IomlQXxtgqKiAlqWvUX+azepApg=,917B4wDMAIQk6hkXKA/QcQ+rpcU=
162,-81,IomlQXxtgqKiAlqWvUX+azepApg=,917B4wDMAIQk6hkXKA/QcQ+rpcU=
162,-83,IomlQXxtgqKiAlqWvUX+azepApg=,917B4wDMAIQk6hkXKA/QcQ+rpcU=
172,-83,IomlQXxtgqKiAlqWvUX+azepApg=,917B4wDMAIQk6hkXKA/QcQ+rpcU=
164,-83,IomlQXxtgqKiAlqWvUX+azepApg=,917B4wDMAIQk6hkXKA/QcQ+rpcU=
163,-83,IomlQXxtgqKiAlqWvUX+azepApg=,917B4wDMAIQk6hkXKA/QcQ+rpcU=
160,-81,IomlQXxtgqKiAlqWvUX+azepApg=,917B4wDMAIQk6hkXKA/QcQ+rpcU=
170,-82,IomlQXxtgqKiAlqWvUX+azepApg=,917B4wDMAIQk6hkXKA/QcQ+rpcU=
168,-83,IomlQXxtgqKiAlqWvUX+azepApg=,917B4wDMAIQk6hkXKA/QcQ+rpcU=
163,-82,IomlQXxtgqKiAlqWvUX+azepApg=,917B4wDMAIQk6hkXKA/QcQ+rpcU=
162,-82,IomlQXxtgqKiAlqWvUX+azepApg=,917B4wDMAIQk6hkXKA/QcQ+rpcU=
173,-83,IomlQXxtgqKiAlqWvUX+azepApg=,917B4wDMAIQk6hkXKA/QcQ+rpcU=
174,-84,IomlQXxtgqKiAlqWvUX+azepApg=,917B4wDMAIQk6hkXKA/QcQ+rpcU=
161,-82,IomlQXxtgqKiAlqWvUX+azepApg=,917B4wDMAIQk6hkXKA/QcQ+rpcU=
175,-81,IomlQXxtgqKiAlqWvUX+azepApg=,917B4wDMAIQk6hkXKA/QcQ+rpcU=
165,-83,IomlQXxtgqKiAlqWvUX+azepApg=,917B4wDMAIQk6hkXKA/QcQ+rpcU=
165,-84,IomlQXxtgqKiAlqWvUX+azepApg=,917B4wDMAIQk6hkXKA/QcQ+rpcU=
175,-84,IomlQXxtgqKiAlqWvUX+azepApg=,917B4wDMAIQk6hkXKA/QcQ+rpcU=
160,-83,IomlQXxtgqKiAlqWvUX+azepApg=,917B4wDMAIQk6hkXKA/QcQ+rpcU=
173,-84,IomlQXxtgqKiAlqWvUX+azepApg=,917B4wDMAIQk6hkXKA/QcQ+rpcU=
161,-83,IomlQXxtgqKiAlqWvUX+azepApg=,917B4wDMAIQk6hkXKA/QcQ+rpcU=
166,-84,IomlQXxtgqKiAlqWvUX+azepApg=,917B4wDMAIQk6hkXKA/QcQ+rpcU=
162,-84,IomlQXxtgqKiAlqWvUX+azepApg=,917B4wDMAIQk6hkXKA/QcQ+rpcU=
172,-84,IomlQXxtgqKiAlqWvUX+azepApg=,917B4wDMAIQk6hkXKA/QcQ+rpcU=
165,-85,IomlQXxtgqKiAlqWvUX+azepApg=,917B4wDMAIQk6hkXKA/QcQ+rpcU=
164,-85,IomlQXxtgqKiAlqWvUX+azepApg=,917B4wDMAIQk6hkXKA/QcQ+rpcU=
164,-84,IomlQXxtgqKiAlqWvUX+azepApg=,917B4wDMAIQk6hkXKA/QcQ+rpcU=
167,-84,IomlQXxtgqKiAlqWvUX+azepApg=,917B4wDMAIQk6hkXKA/QcQ+rpcU=
173,-85,IomlQXxtgqKiAlqWvUX+azepApg=,917B4wDMAIQk6hkXKA/QcQ+rpcU=
162,-85,IomlQXxtgqKiAlqWvUX+azepApg=,917B4wDMAIQk6hkXKA/QcQ+rpcU=
165,-96,IomlQXxtgqKiAlqWvUX+azepApg=,917B4wDMAIQk6hkXKA/QcQ+rpcU=
163,-84,IomlQXxtgqKiAlqWvUX+azepApg=,917B4wDMAIQk6hkXKA/QcQ+rpcU=
163,-85,IomlQXxtgqKiAlqWvUX+azepApg=,917B4wDMAIQk6hkXKA/QcQ+rpcU=
175,-83,IomlQXxtgqKiAlqWvUX+azepApg=,917B4wDMAIQk6hkXKA/QcQ+rpcU=
172,-85,IomlQXxtgqKiAlqWvUX+azepApg=,917B4wDMAIQk6hkXKA/QcQ+rpcU=
170,-84,IomlQXxtgqKiAlqWvUX+azepApg=,917B4wDMAIQk6hkXKA/QcQ+rpcU=
174,-86,IomlQXxtgqKiAlqWvUX+azepApg=,917B4wDMAIQk6hkXKA/QcQ+rpcU=
175,-86,IomlQXxtgqKiAlqWvUX+azepApg=,917B4wDMAIQk6hkXKA/QcQ+rpcU=
166,-85,IomlQXxtgqKiAlqWvUX+azepApg=,917B4wDMAIQk6hkXKA/QcQ+rpcU=
160,-84,IomlQXxtgqKiAlqWvUX+azepApg=,917B4wDMAIQk6hkXKA/QcQ+rpcU=
171,-82,IomlQXxtgqKiAlqWvUX+azepApg=,917B4wDMAIQk6hkXKA/QcQ+rpcU=
161,-84,IomlQXxtgqKiAlqWvUX+azepApg=,917B4wDMAIQk6hkXKA/QcQ+rpcU=
160,-85,IomlQXxtgqKiAlqWvUX+azepApg=,917B4wDMAIQk6hkXKA/QcQ+rpcU=
164,-86,IomlQXxtgqKiAlqWvUX+azepApg=,917B4wDMAIQk6hkXKA/QcQ+rpcU=
169,-85,IomlQXxtgqKiAlqWvUX+azepApg=,917B4wDMAIQk6hkXKA/QcQ+rpcU=
166,-86,IomlQXxtgqKiAlqWvUX+azepApg=,917B4wDMAIQk6hkXKA/QcQ+rpcU=
168,-85,IomlQXxtgqKiAlqWvUX+azepApg=,917B4wDMAIQk6hkXKA/QcQ+rpcU=
175,-85,IomlQXxtgqKiAlqWvUX+azepApg=,917B4wDMAIQk6hkXKA/QcQ+rpcU=
169,-84,IomlQXxtgqKiAlqWvUX+azepApg=,917B4wDMAIQk6hkXKA/QcQ+rpcU=
167,-85,IomlQXxtgqKiAlqWvUX+azepApg=,917B4wDMAIQk6hkXKA/QcQ+rpcU=
168,-84,IomlQXxtgqKiAlqWvUX+azepApg=,917B4wDMAIQk6hkXKA/QcQ+rpcU=
161,-85,IomlQXxtgqKiAlqWvUX+azepApg=,917B4wDMAIQk6hkXKA/QcQ+rpcU=
167,-86,IomlQXxtgqKiAlqWvUX+azepApg=,917B4wDMAIQk6hkXKA/QcQ+rpcU=
174,-85,IomlQXxtgqKiAlqWvUX+azepApg=,917B4wDMAIQk6hkXKA/QcQ+rpcU=
165,-86,IomlQXxtgqKiAlqWvUX+azepApg=,917B4wDMAIQk6hkXKA/QcQ+rpcU=
174,-87,IomlQXxtgqKiAlqWvUX+azepApg=,917B4wDMAIQk6hkXKA/QcQ+rpcU=
171,-83,IomlQXxtgqKiAlqWvUX+azepApg=,917B4wDMAIQk6hkXKA/QcQ+rpcU=
175,-87,IomlQXxtgqKiAlqWvUX+azepApg=,917B4wDMAIQk6hkXKA/QcQ+rpcU=
171,-84,IomlQXxtgqKiAlqWvUX+azepApg=,917B4wDMAIQk6hkXKA/QcQ+rpcU=
162,-86,IomlQXxtgqKiAlqWvUX+azepApg=,917B4wDMAIQk6hkXKA/QcQ+rpcU=
172,-86,IomlQXxtgqKiAlqWvUX+azepApg=,917B4wDMAIQk6hkXKA/QcQ+rpcU=
173,-86,IomlQXxtgqKiAlqWvUX+azepApg=,917B4wDMAIQk6hkXKA/QcQ+rpcU=
166,-87,IomlQXxtgqKiAlqWvUX+azepApg=,917B4wDMAIQk6hkXKA/QcQ+rpcU=
173,-87,IomlQXxtgqKiAlqWvUX+azepApg=,917B4wDMAIQk6hkXKA/QcQ+rpcU=
166,-96,IomlQXxtgqKiAlqWvUX+azepApg=,917B4wDMAIQk6hkXKA/QcQ+rpcU=
168,-86,IomlQXxtgqKiAlqWvUX+azepApg=,917B4wDMAIQk6hkXKA/QcQ+rpcU=
170,-83,IomlQXxtgqKiAlqWvUX+azepApg=,917B4wDMAIQk6hkXKA/QcQ+rpcU=
167,-87,IomlQXxtgqKiAlqWvUX+azepApg=,917B4wDMAIQk6hkXKA/QcQ+rpcU=
164,-87,IomlQXxtgqKiAlqWvUX+azepApg=,917B4wDMAIQk6hkXKA/QcQ+rpcU=
160,-86,IomlQXxtgqKiAlqWvUX+azepApg=,917B4wDMAIQk6hkXKA/QcQ+rpcU=
165,-87,IomlQXxtgqKiAlqWvUX+azepApg=,917B4wDMAIQk6hkXKA/QcQ+rpcU=
170,-85,IomlQXxtgqKiAlqWvUX+azepApg=,917B4wDMAIQk6hkXKA/QcQ+rpcU=
170,-87,IomlQXxtgqKiAlqWvUX+azepApg=,917B4wDMAIQk6hkXKA/QcQ+rpcU=
169,-88,IomlQXxtgqKiAlqWvUX+azepApg=,917B4wDMAIQk6hkXKA/QcQ+rpcU=
163,-87,IomlQXxtgqKiAlqWvUX+azepApg=,917B4wDMAIQk6hkXKA/QcQ+rpcU=
173,-88,IomlQXxtgqKiAlqWvUX+azepApg=,917B4wDMAIQk6hkXKA/QcQ+rpcU=
166,-88,IomlQXxtgqKiAlqWvUX+azepApg=,917B4wDMAIQk6hkXKA/QcQ+rpcU=
161,-87,IomlQXxtgqKiAlqWvUX+azepApg=,917B4wDMAIQk6hkXKA/QcQ+rpcU=
175,-88,IomlQXxtgqKiAlqWvUX+azepApg=,917B4wDMAIQk6hkXKA/QcQ+rpcU=
161,-86,IomlQXxtgqKiAlqWvUX+azepApg=,917B4wDMAIQk6hkXKA/QcQ+rpcU=
169,-86,IomlQXxtgqKiAlqWvUX+azepApg=,917B4wDMAIQk6hkXKA/QcQ+rpcU=
174,-88,IomlQXxtgqKiAlqWvUX+azepApg=,917B4wDMAIQk6hkXKA/QcQ+rpcU=
171,-85,IomlQXxtgqKiAlqWvUX+azepApg=,917B4wDMAIQk6hkXKA/QcQ+rpcU=
168,-87,IomlQXxtgqKiAlqWvUX+azepApg=,917B4wDMAIQk6hkXKA/QcQ+rpcU=
170,-88,IomlQXxtgqKiAlqWvUX+azepApg=,917B4wDMAIQk6hkXKA/QcQ+rpcU=
167,-88,IomlQXxtgqKiAlqWvUX+azepApg=,917B4wDMAIQk6hkXKA/QcQ+rpcU=
168,-88,IomlQXxtgqKiAlqWvUX+azepApg=,917B4wDMAIQk6hkXKA/QcQ+rpcU=
167,-96,IomlQXxtgqKiAlqWvUX+azepApg=,917B4wDMAIQk6hkXKA/QcQ+rpcU=
161,-88,IomlQXxtgqKiAlqWvUX+azepApg=,917B4wDMAIQk6hkXKA/QcQ+rpcU=
171,-87,IomlQXxtgqKiAlqWvUX+azepApg=,917B4wDMAIQk6hkXKA/QcQ+rpcU=
167,-89,IomlQXxtgqKiAlqWvUX+azepApg=,917B4wDMAIQk6hkXKA/QcQ+rpcU=
169,-87,IomlQXxtgqKiAlqWvUX+azepApg=,917B4wDMAIQk6hkXKA/QcQ+rpcU=
174,-89,IomlQXxtgqKiAlqWvUX+azepApg=,917B4wDMAIQk6hkXKA/QcQ+rpcU=
160,-87,IomlQXxtgqKiAlqWvUX+azepApg=,917B4wDMAIQk6hkXKA/QcQ+rpcU=
163,-88,IomlQXxtgqKiAlqWvUX+azepApg=,917B4wDMAIQk6hkXKA/QcQ+rpcU=
160,-88,IomlQXxtgqKiAlqWvUX+azepApg=,917B4wDMAIQk6hkXKA/QcQ+rpcU=
164,-88,IomlQXxtgqKiAlqWvUX+azepApg=,917B4wDMAIQk6hkXKA/QcQ+rpcU=
166,-89,IomlQXxtgqKiAlqWvUX+azepApg=,917B4wDMAIQk6hkXKA/QcQ+rpcU=
168,-89,IomlQXxtgqKiAlqWvUX+azepApg=,917B4wDMAIQk6hkXKA/QcQ+rpcU=
165,-88,IomlQXxtgqKiAlqWvUX+azepApg=,917B4wDMAIQk6hkXKA/QcQ+rpcU=
165,-89,IomlQXxtgqKiAlqWvUX+azepApg=,917B4wDMAIQk6hkXKA/QcQ+rpcU=
168,-96,IomlQXxtgqKiAlqWvUX+azepApg=,917B4wDMAIQk6hkXKA/QcQ+rpcU=
172,-88,IomlQXxtgqKiAlqWvUX+azepApg=,917B4wDMAIQk6hkXKA/QcQ+rpcU=
175,-89,IomlQXxtgqKiAlqWvUX+azepApg=,917B4wDMAIQk6hkXKA/QcQ+rpcU=
164,-89,IomlQXxtgqKiAlqWvUX+azepApg=,917B4wDMAIQk6hkXKA/QcQ+rpcU=
168,-90,IomlQXxtgqKiAlqWvUX+azepApg=,917B4wDMAIQk6hkXKA/QcQ+rpcU=
167,-90,IomlQXxtgqKiAlqWvUX+azepApg=,917B4wDMAIQk6hkXKA/QcQ+rpcU=
163,-86,IomlQXxtgqKiAlqWvUX+azepApg=,917B4wDMAIQk6hkXKA/QcQ+rpcU=
162,-88,IomlQXxtgqKiAlqWvUX+azepApg=,917B4wDMAIQk6hkXKA/QcQ+rpcU=
173,-89,IomlQXxtgqKiAlqWvUX+azepApg=,917B4wDMAIQk6hkXKA/QcQ+rpcU=
161,-89,IomlQXxtgqKiAlqWvUX+azepApg=,917B4wDMAIQk6hkXKA/QcQ+rpcU=
174,-90,IomlQXxtgqKiAlqWvUX+azepApg=,917B4wDMAIQk6hkXKA/QcQ+rpcU=
173,-90,IomlQXxtgqKiAlqWvUX+azepApg=,917B4wDMAIQk6hkXKA/QcQ+rpcU=
170,-86,IomlQXxtgqKiAlqWvUX+azepApg=,917B4wDMAIQk6hkXKA/QcQ+rpcU=
173,-91,IomlQXxtgqKiAlqWvUX+azepApg=,917B4wDMAIQk6hkXKA/QcQ+rpcU=
162,-89,IomlQXxtgqKiAlqWvUX+azepApg=,917B4wDMAIQk6hkXKA/QcQ+rpcU=
162,-87,IomlQXxtgqKiAlqWvUX+azepApg=,917B4wDMAIQk6hkXKA/QcQ+rpcU=
166,-90,IomlQXxtgqKiAlqWvUX+azepApg=,917B4wDMAIQk6hkXKA/QcQ+rpcU=
165,-90,IomlQXxtgqKiAlqWvUX+azepApg=,917B4wDMAIQk6hkXKA/QcQ+rpcU=
160,-90,IomlQXxtgqKiAlqWvUX+azepApg=,917B4wDMAIQk6hkXKA/QcQ+rpcU=
160,-89,IomlQXxtgqKiAlqWvUX+azepApg=,917B4wDMAIQk6hkXKA/QcQ+rpcU=
170,-89,IomlQXxtgqKiAlqWvUX+azepApg=,917B4wDMAIQk6hkXKA/QcQ+rpcU=
171,-90,IomlQXxtgqKiAlqWvUX+azepApg=,917B4wDMAIQk6hkXKA/QcQ+rpcU=
168,-91,IomlQXxtgqKiAlqWvUX+azepApg=,917B4wDMAIQk6hkXKA/QcQ+rpcU=
163,-89,IomlQXxtgqKiAlqWvUX+azepApg=,917B4wDMAIQk6hkXKA/QcQ+rpcU=
169,-89,IomlQXxtgqKiAlqWvUX+azepApg=,917B4wDMAIQk6hkXKA/QcQ+rpcU=
170,-90,IomlQXxtgqKiAlqWvUX+azepApg=,917B4wDMAIQk6hkXKA/QcQ+rpcU=
174,-91,IomlQXxtgqKiAlqWvUX+azepApg=,917B4wDMAIQk6hkXKA/QcQ+rpcU=
171,-91,IomlQXxtgqKiAlqWvUX+azepApg=,917B4wDMAIQk6hkXKA/QcQ+rpcU=
162,-91,IomlQXxtgqKiAlqWvUX+azepApg=,917B4wDMAIQk6hkXKA/QcQ+rpcU=
162,-90,IomlQXxtgqKiAlqWvUX+azepApg=,917B4wDMAIQk6hkXKA/QcQ+rpcU=
175,-90,IomlQXxtgqKiAlqWvUX+azepApg=,917B4wDMAIQk6hkXKA/QcQ+rpcU=
174,-92,IomlQXxtgqKiAlqWvUX+azepApg=,917B4wDMAIQk6hkXKA/QcQ+rpcU=
172,-89,IomlQXxtgqKiAlqWvUX+azepApg=,917B4wDMAIQk6hkXKA/QcQ+rpcU=
167,-91,IomlQXxtgqKiAlqWvUX+azepApg=,917B4wDMAIQk6hkXKA/QcQ+rpcU=
172,-91,IomlQXxtgqKiAlqWvUX+azepApg=,917B4wDMAIQk6hkXKA/QcQ+rpcU=
160,-91,IomlQXxtgqKiAlqWvUX+azepApg=,917B4wDMAIQk6hkXKA/QcQ+rpcU=
161,-90,IomlQXxtgqKiAlqWvUX+azepApg=,917B4wDMAIQk6hkXKA/QcQ+rpcU=
162,-92,IomlQXxtgqKiAlqWvUX+azepApg=,917B4wDMAIQk6hkXKA/QcQ+rpcU=
171,-89,IomlQXxtgqKiAlqWvUX+azepApg=,917B4wDMAIQk6hkXKA/QcQ+rpcU=
163,-92,IomlQXxtgqKiAlqWvUX+azepApg=,917B4wDMAIQk6hkXKA/QcQ+rpcU=
170,-92,IomlQXxtgqKiAlqWvUX+azepApg=,917B4wDMAIQk6hkXKA/QcQ+rpcU=
172,-87,IomlQXxtgqKiAlqWvUX+azepApg=,917B4wDMAIQk6hkXKA/QcQ+rpcU=
170,-91,IomlQXxtgqKiAlqWvUX+azepApg=,917B4wDMAIQk6hkXKA/QcQ+rpcU=
171,-88,IomlQXxtgqKiAlqWvUX+azepApg=,917B4wDMAIQk6hkXKA/QcQ+rpcU=
167,-92,IomlQXxtgqKiAlqWvUX+azepApg=,917B4wDMAIQk6hkXKA/QcQ+rpcU=
161,-91,IomlQXxtgqKiAlqWvUX+azepApg=,917B4wDMAIQk6hkXKA/QcQ+rpcU=
169,-91,IomlQXxtgqKiAlqWvUX+azepApg=,917B4wDMAIQk6hkXKA/QcQ+rpcU=
175,-91,IomlQXxtgqKiAlqWvUX+azepApg=,917B4wDMAIQk6hkXKA/QcQ+rpcU=
175,-92,IomlQXxtgqKiAlqWvUX+azepApg=,917B4wDMAIQk6hkXKA/QcQ+rpcU=
164,-90,IomlQXxtgqKiAlqWvUX+azepApg=,917B4wDMAIQk6hkXKA/QcQ+rpcU=
161,-92,IomlQXxtgqKiAlqWvUX+azepApg=,917B4wDMAIQk6hkXKA/QcQ+rpcU=
165,-91,IomlQXxtgqKiAlqWvUX+azepApg=,917B4wDMAIQk6hkXKA/QcQ+rpcU=
160,-92,IomlQXxtgqKiAlqWvUX+azepApg=,917B4wDMAIQk6hkXKA/QcQ+rpcU=
174,-93,IomlQXxtgqKiAlqWvUX+azepApg=,917B4wDMAIQk6hkXKA/QcQ+rpcU=
169,-96,IomlQXxtgqKiAlqWvUX+azepApg=,917B4wDMAIQk6hkXKA/QcQ+rpcU=
168,-92,IomlQXxtgqKiAlqWvUX+azepApg=,917B4wDMAIQk6hkXKA/QcQ+rpcU=
164,-92,IomlQXxtgqKiAlqWvUX+azepApg=,917B4wDMAIQk6hkXKA/QcQ+rpcU=
164,-91,IomlQXxtgqKiAlqWvUX+azepApg=,917B4wDMAIQk6hkXKA/QcQ+rpcU=
168,-93,IomlQXxtgqKiAlqWvUX+azepApg=,917B4wDMAIQk6hkXKA/QcQ+rpcU=
172,-93,IomlQXxtgqKiAlqWvUX+azepApg=,917B4wDMAIQk6hkXKA/QcQ+rpcU=
172,-90,IomlQXxtgqKiAlqWvUX+azepApg=,917B4wDMAIQk6hkXKA/QcQ+rpcU=
171,-92,IomlQXxtgqKiAlqWvUX+azepApg=,917B4wDMAIQk6hkXKA/QcQ+rpcU=
175,-93,IomlQXxtgqKiAlqWvUX+azepApg=,917B4wDMAIQk6hkXKA/QcQ+rpcU=
172,-92,IomlQXxtgqKiAlqWvUX+azepApg=,917B4wDMAIQk6hkXKA/QcQ+rpcU=
173,-92,IomlQXxtgqKiAlqWvUX+azepApg=,917B4wDMAIQk6hkXKA/QcQ+rpcU=
170,-93,IomlQXxtgqKiAlqWvUX+azepApg=,917B4wDMAIQk6hkXKA/QcQ+rpcU=
173,-94,IomlQXxtgqKiAlqWvUX+azepApg=,917B4wDMAIQk6hkXKA/QcQ+rpcU=
162,-93,IomlQXxtgqKiAlqWvUX+azepApg=,917B4wDMAIQk6hkXKA/QcQ+rpcU=
164,-93,IomlQXxtgqKiAlqWvUX+azepApg=,917B4wDMAIQk6hkXKA/QcQ+rpcU=
172,-94,IomlQXxtgqKiAlqWvUX+azepApg=,917B4wDMAIQk6hkXKA/QcQ+rpcU=
173,-93,IomlQXxtgqKiAlqWvUX+azepApg=,917B4wDMAIQk6hkXKA/QcQ+rpcU=
166,-91,IomlQXxtgqKiAlqWvUX+azepApg=,917B4wDMAIQk6hkXKA/QcQ+rpcU=
160,-93,IomlQXxtgqKiAlqWvUX+azepApg=,917B4wDMAIQk6hkXKA/QcQ+rpcU=
171,-86,IomlQXxtgqKiAlqWvUX+azepApg=,917B4wDMAIQk6hkXKA/QcQ+rpcU=
169,-92,IomlQXxtgqKiAlqWvUX+azepApg=,917B4wDMAIQk6hkXKA/QcQ+rpcU=
164,-94,IomlQXxtgqKiAlqWvUX+azepApg=,917B4wDMAIQk6hkXKA/QcQ+rpcU=
161,-93,IomlQXxtgqKiAlqWvUX+azepApg=,917B4wDMAIQk6hkXKA/QcQ+rpcU=
171,-93,IomlQXxtgqKiAlqWvUX+azepApg=,917B4wDMAIQk6hkXKA/QcQ+rpcU=
163,-94,IomlQXxtgqKiAlqWvUX+azepApg=,917B4wDMAIQk6hkXKA/QcQ+rpcU=
171,-94,IomlQXxtgqKiAlqWvUX+azepApg=,917B4wDMAIQk6hkXKA/QcQ+rpcU=
163,-93,IomlQXxtgqKiAlqWvUX+azepApg=,917B4wDMAIQk6hkXKA/QcQ+rpcU=
163,-91,IomlQXxtgqKiAlqWvUX+azepApg=,917B4wDMAIQk6hkXKA/QcQ+rpcU=
173,-95,IomlQXxtgqKiAlqWvUX+azepApg=,917B4wDMAIQk6hkXKA/QcQ+rpcU=
172,-95,IomlQXxtgqKiAlqWvUX+azepApg=,917B4wDMAIQk6hkXKA/QcQ+rpcU=
174,-95,IomlQXxtgqKiAlqWvUX+azepApg=,917B4wDMAIQk6hkXKA/QcQ+rpcU=
170,-96,IomlQXxtgqKiAlqWvUX+azepApg=,917B4wDMAIQk6hkXKA/QcQ+rpcU=
174,-94,IomlQXxtgqKiAlqWvUX+azepApg=,917B4wDMAIQk6hkXKA/QcQ+rpcU=
162,-94,IomlQXxtgqKiAlqWvUX+azepApg=,917B4wDMAIQk6hkXKA/QcQ+rpcU=
163,-90,IomlQXxtgqKiAlqWvUX+azepApg=,917B4wDMAIQk6hkXKA/QcQ+rpcU=
170,-94,IomlQXxtgqKiAlqWvUX+azepApg=,917B4wDMAIQk6hkXKA/QcQ+rpcU=
171,-95,IomlQXxtgqKiAlqWvUX+azepApg=,917B4wDMAIQk6hkXKA/QcQ+rpcU=
160,-94,IomlQXxtgqKiAlqWvUX+azepApg=,917B4wDMAIQk6hkXKA/QcQ+rpcU=
165,-92,IomlQXxtgqKiAlqWvUX+azepApg=,917B4wDMAIQk6hkXKA/QcQ+rpcU=
164,-95,IomlQXxtgqKiAlqWvUX+azepApg=,917B4wDMAIQk6hkXKA/QcQ+rpcU=
175,-94,IomlQXxtgqKiAlqWvUX+azepApg=,917B4wDMAIQk6hkXKA/QcQ+rpcU=
165,-93,IomlQXxtgqKiAlqWvUX+azepApg=,917B4wDMAIQk6hkXKA/QcQ+rpcU=
169,-90,IomlQXxtgqKiAlqWvUX+azepApg=,917B4wDMAIQk6hkXKA/QcQ+rpcU=
166,-92,IomlQXxtgqKiAlqWvUX+azepApg=,917B4wDMAIQk6hkXKA/QcQ+rpcU=
172,-96,IomlQXxtgqKiAlqWvUX+azepApg=,917B4wDMAIQk6hkXKA/QcQ+rpcU=
175,-96,IomlQXxtgqKiAlqWvUX+azepApg=,917B4wDMAIQk6hkXKA/QcQ+rpcU=
169,-94,IomlQXxtgqKiAlqWvUX+azepApg=,917B4wDMAIQk6hkXKA/QcQ+rpcU=
173,-96,IomlQXxtgqKiAlqWvUX+azepApg=,917B4wDMAIQk6hkXKA/QcQ+rpcU=
167,-93,IomlQXxtgqKiAlqWvUX+azepApg=,917B4wDMAIQk6hkXKA/QcQ+rpcU=
165,-95,IomlQXxtgqKiAlqWvUX+azepApg=,917B4wDMAIQk6hkXKA/QcQ+rpcU=
174,-96,IomlQXxtgqKiAlqWvUX+azepApg=,917B4wDMAIQk6hkXKA/QcQ+rpcU=
168,-94,IomlQXxtgqKiAlqWvUX+azepApg=,917B4wDMAIQk6hkXKA/QcQ+rpcU=
165,-94,IomlQXxtgqKiAlqWvUX+azepApg=,917B4wDMAIQk6hkXKA/QcQ+rpcU=
167,-95,IomlQXxtgqKiAlqWvUX+azepApg=,917B4wDMAIQk6hkXKA/QcQ+rpcU=
170,-95,IomlQXxtgqKiAlqWvUX+azepApg=,917B4wDMAIQk6hkXKA/QcQ+rpcU=
169,-95,IomlQXxtgqKiAlqWvUX+azepApg=,917B4wDMAIQk6hkXKA/QcQ+rpcU=
163,-95,IomlQXxtgqKiAlqWvUX+azepApg=,917B4wDMAIQk6hkXKA/QcQ+rpcU=
166,-93,IomlQXxtgqKiAlqWvUX+azepApg=,917B4wDMAIQk6hkXKA/QcQ+rpcU=
175,-95,IomlQXxtgqKiAlqWvUX+azepApg=,917B4wDMAIQk6hkXKA/QcQ+rpcU=
171,-96,IomlQXxtgqKiAlqWvUX+azepApg=,917B4wDMAIQk6hkXKA/QcQ+rpcU=
160,-95,IomlQXxtgqKiAlqWvUX+azepApg=,917B4wDMAIQk6hkXKA/QcQ+rpcU=
167,-94,IomlQXxtgqKiAlqWvUX+azepApg=,917B4wDMAIQk6hkXKA/QcQ+rpcU=
169,-93,IomlQXxtgqKiAlqWvUX+azepApg=,917B4wDMAIQk6hkXKA/QcQ+rpcU=
162,-95,IomlQXxtgqKiAlqWvUX+azepApg=,917B4wDMAIQk6hkXKA/QcQ+rpcU=
161,-94,IomlQXxtgqKiAlqWvUX+azepApg=,917B4wDMAIQk6hkXKA/QcQ+rpcU=
166,-95,IomlQXxtgqKiAlqWvUX+azepApg=,917B4wDMAIQk6hkXKA/QcQ+rpcU=
168,-95,IomlQXxtgqKiAlqWvUX+azepApg=,917B4wDMAIQk6hkXKA/QcQ+rpcU=
161,-95,IomlQXxtgqKiAlqWvUX+azepApg=,917B4wDMAIQk6hkXKA/QcQ+rpcU=
166,-94,IomlQXxtgqKiAlqWvUX+azepApg=,917B4wDMAIQk6hkXKA/QcQ+rpcU=
176,-96,/WSan2styM/SZSmTvRXZw3tMUUs=,917B4wDMAIQk6hkXKA/QcQ+rpcU=
181,-81,/WSan2styM/SZSmTvRXZw3tMUUs=,917B4wDMAIQk6hkXKA/QcQ+rpcU=
178,-81,/WSan2styM/SZSmTvRXZw3tMUUs=,917B4wDMAIQk6hkXKA/QcQ+rpcU=
180,-81,/WSan2styM/SZSmTvRXZw3tMUUs=,917B4wDMAIQk6hkXKA/QcQ+rpcU=
179,-81,/WSan2styM/SZSmTvRXZw3tMUUs=,917B4wDMAIQk6hkXKA/QcQ+rpcU=
190,-82,/WSan2styM/SZSmTvRXZw3tMUUs=,917B4wDMAIQk6hkXKA/QcQ+rpcU=
189,-82,/WSan2styM/SZSmTvRXZw3tMUUs=,917B4wDMAIQk6hkXKA/QcQ+rpcU=
186,-81,/WSan2styM/SZSmTvRXZw3tMUUs=,917B4wDMAIQk6hkXKA/QcQ+rpcU=
183,-81,/WSan2styM/SZSmTvRXZw3tMUUs=,917B4wDMAIQk6hkXKA/QcQ+rpcU=
191,-81,/WSan2styM/SZSmTvRXZw3tMUUs=,917B4wDMAIQk6hkXKA/QcQ+rpcU=
180,-82,/WSan2styM/SZSmTvRXZw3tMUUs=,917B4wDMAIQk6hkXKA/QcQ+rpcU=
191,-82,/WSan2styM/SZSmTvRXZw3tMUUs=,917B4wDMAIQk6hkXKA/QcQ+rpcU=
181,-82,/WSan2styM/SZSmTvRXZw3tMUUs=,917B4wDMAIQk6hkXKA/QcQ+rpcU=
187,-82,/WSan2styM/SZSmTvRXZw3tMUUs=,917B4wDMAIQk6hkXKA/QcQ+rpcU=
182,-81,/WSan2styM/SZSmTvRXZw3tMUUs=,917B4wDMAIQk6hkXKA/QcQ+rpcU=
185,-81,/WSan2styM/SZSmTvRXZw3tMUUs=,917B4wDMAIQk6hkXKA/QcQ+rpcU=
188,-81,/WSan2styM/SZSmTvRXZw3tMUUs=,917B4wDMAIQk6hkXKA/QcQ+rpcU=
180,-83,/WSan2styM/SZSmTvRXZw3tMUUs=,917B4wDMAIQk6hkXKA/QcQ+rpcU=
176,-82,/WSan2styM/SZSmTvRXZw3tMUUs=,917B4wDMAIQk6hkXKA/QcQ+rpcU=
188,-82,/WSan2styM/SZSmTvRXZw3tMUUs=,917B4wDMAIQk6hkXKA/QcQ+rpcU=
190,-81,/WSan2styM/SZSmTvRXZw3tMUUs=,917B4wDMAIQk6hkXKA/QcQ+rpcU=
179,-82,/WSan2styM/SZSmTvRXZw3tMUUs=,917B4wDMAIQk6hkXKA/QcQ+rpcU=
177,-81,/WSan2styM/SZSmTvRXZw3tMUUs=,917B4wDMAIQk6hkXKA/QcQ+rpcU=
183,-82,/WSan2styM/SZSmTvRXZw3tMUUs=,917B4wDMAIQk6hkXKA/QcQ+rpcU=
189,-81,/WSan2styM/SZSmTvRXZw3tMUUs=,917B4wDMAIQk6hkXKA/QcQ+rpcU=
187,-81,/WSan2styM/SZSmTvRXZw3tMUUs=,917B4wDMAIQk6hkXKA/QcQ+rpcU=
178,-82,/WSan2styM/SZSmTvRXZw3tMUUs=,917B4wDMAIQk6hkXKA/QcQ+rpcU=
177,-82,/WSan2styM/SZSmTvRXZw3tMUUs=,917B4wDMAIQk6hkXKA/QcQ+rpcU=
181,-83,/WSan2styM/SZSmTvRXZw3tMUUs=,917B4wDMAIQk6hkXKA/QcQ+rpcU=
191,-83,/WSan2styM/SZSmTvRXZw3tMUUs=,917B4wDMAIQk6hkXKA/QcQ+rpcU=
182,-82,/WSan2styM/SZSmTvRXZw3tMUUs=,917B4wDMAIQk6hkXKA/QcQ+rpcU=
187,-83,/WSan2styM/SZSmTvRXZw3tMUUs=,917B4wDMAIQk6hkXKA/QcQ+rpcU=
177,-83,/WSan2styM/SZSmTvRXZw3tMUUs=,917B4wDMAIQk6hkXKA/QcQ+rpcU=
184,-81,/WSan2styM/SZSmTvRXZw3tMUUs=,917B4wDMAIQk6hkXKA/QcQ+rpcU=
186,-83,/WSan2styM/SZSmTvRXZw3tMUUs=,917B4wDMAIQk6hkXKA/QcQ+rpcU=
184,-82,/WSan2styM/SZSmTvRXZw3tMUUs=,917B4wDMAIQk6hkXKA/QcQ+rpcU=
181,-84,/WSan2styM/SZSmTvRXZw3tMUUs=,917B4wDMAIQk6hkXKA/QcQ+rpcU=
176,-83,/WSan2styM/SZSmTvRXZw3tMUUs=,917B4wDMAIQk6hkXKA/QcQ+rpcU=
185,-82,/WSan2styM/SZSmTvRXZw3tMUUs=,917B4wDMAIQk6hkXKA/QcQ+rpcU=
182,-83,/WSan2styM/SZSmTvRXZw3tMUUs=,917B4wDMAIQk6hkXKA/QcQ+rpcU=
179,-84,/WSan2styM/SZSmTvRXZw3tMUUs=,917B4wDMAIQk6hkXKA/QcQ+rpcU=
186,-82,/WSan2styM/SZSmTvRXZw3tMUUs=,917B4wDMAIQk6hkXKA/QcQ+rpcU=
180,-84,/WSan2styM/SZSmTvRXZw3tMUUs=,917B4wDMAIQk6hkXKA/QcQ+rpcU=
188,-83,/WSan2styM/SZSmTvRXZw3tMUUs=,917B4wDMAIQk6hkXKA/QcQ+rpcU=
179,-83,/WSan2styM/SZSmTvRXZw3tMUUs=,917B4wDMAIQk6hkXKA/QcQ+rpcU=
178,-83,/WSan2styM/SZSmTvRXZw3tMUUs=,917B4wDMAIQk6hkXKA/QcQ+rpcU=
190,-83,/WSan2styM/SZSmTvRXZw3tMUUs=,917B4wDMAIQk6hkXKA/QcQ+rpcU=
188,-84,/WSan2styM/SZSmTvRXZw3tMUUs=,917B4wDMAIQk6hkXKA/QcQ+rpcU=
176,-85,/WSan2styM/SZSmTvRXZw3tMUUs=,917B4wDMAIQk6hkXKA/QcQ+rpcU=
179,-85,/WSan2styM/SZSmTvRXZw3tMUUs=,917B4wDMAIQk6hkXKA/QcQ+rpcU=
177,-85,/WSan2styM/SZSmTvRXZw3tMUUs=,917B4wDMAIQk6hkXKA/QcQ+rpcU=
178,-84,/WSan2styM/SZSmTvRXZw3tMUUs=,917B4wDMAIQk6hkXKA/QcQ+rpcU=
191,-84,/WSan2styM/SZSmTvRXZw3tMUUs=,917B4wDMAIQk6hkXKA/QcQ+rpcU=
176,-84,/WSan2styM/SZSmTvRXZw3tMUUs=,917B4wDMAIQk6hkXKA/QcQ+rpcU=
184,-84,/WSan2styM/SZSmTvRXZw3tMUUs=,917B4wDMAIQk6hkXKA/QcQ+rpcU=
176,-81,/WSan2styM/SZSmTvRXZw3tMUUs=,917B4wDMAIQk6hkXKA/QcQ+rpcU=
185,-84,/WSan2styM/SZSmTvRXZw3tMUUs=,917B4wDMAIQk6hkXKA/QcQ+rpcU=
185,-83,/WSan2styM/SZSmTvRXZw3tMUUs=,917B4wDMAIQk6hkXKA/QcQ+rpcU=
178,-85,/WSan2styM/SZSmTvRXZw3tMUUs=,917B4wDMAIQk6hkXKA/QcQ+rpcU=
187,-84,/WSan2styM/SZSmTvRXZw3tMUUs=,917B4wDMAIQk6hkXKA/QcQ+rpcU=
182,-84,/WSan2styM/SZSmTvRXZw3tMUUs=,917B4wDMAIQk6hkXKA/QcQ+rpcU=
177,-84,/WSan2styM/SZSmTvRXZw3tMUUs=,917B4wDMAIQk6hkXKA/QcQ+rpcU=
189,-84,/WSan2styM/SZSmTvRXZw3tMUUs=,917B4wDMAIQk6hkXKA/QcQ+rpcU=
176,-86,/WSan2styM/SZSmTvRXZw3tMUUs=,917B4wDMAIQk6hkXKA/QcQ+rpcU=
177,-86,/WSan2styM/SZSmTvRXZw3tMUUs=,917B4wDMAIQk6hkXKA/QcQ+rpcU=
178,-86,/WSan2styM/SZSmTvRXZw3tMUUs=,917B4wDMAIQk6hkXKA/QcQ+rpcU=
182,-85,/WSan2styM/SZSmTvRXZw3tMUUs=,917B4wDMAIQk6hkXKA/QcQ+rpcU=
187,-86,/WSan2styM/SZSmTvRXZw3tMUUs=,917B4wDMAIQk6hkXKA/QcQ+rpcU=
189,-83,/WSan2styM/SZSmTvRXZw3tMUUs=,917B4wDMAIQk6hkXKA/QcQ+rpcU=
183,-83,/WSan2styM/SZSmTvRXZw3tMUUs=,917B4wDMAIQk6hkXKA/QcQ+rpcU=
180,-85,/WSan2styM/SZSmTvRXZw3tMUUs=,917B4wDMAIQk6hkXKA/QcQ+rpcU=
188,-86,/WSan2styM/SZSmTvRXZw3tMUUs=,917B4wDMAIQk6hkXKA/QcQ+rpcU=
190,-85,/WSan2styM/SZSmTvRXZw3tMUUs=,917B4wDMAIQk6hkXKA/QcQ+rpcU=
191,-86,/WSan2styM/SZSmTvRXZw3tMUUs=,917B4wDMAIQk6hkXKA/QcQ+rpcU=
179,-86,/WSan2styM/SZSmTvRXZw3tMUUs=,917B4wDMAIQk6hkXKA/QcQ+rpcU=
183,-84,/WSan2styM/SZSmTvRXZw3tMUUs=,917B4wDMAIQk6hkXKA/QcQ+rpcU=
186,-84,/WSan2styM/SZSmTvRXZw3tMUUs=,917B4wDMAIQk6hkXKA/QcQ+rpcU=
190,-86,/WSan2styM/SZSmTvRXZw3tMUUs=,917B4wDMAIQk6hkXKA/QcQ+rpcU=
189,-85,/WSan2styM/SZSmTvRXZw3tMUUs=,917B4wDMAIQk6hkXKA/QcQ+rpcU=
184,-86,/WSan2styM/SZSmTvRXZw3tMUUs=,917B4wDMAIQk6hkXKA/QcQ+rpcU=
184,-83,/WSan2styM/SZSmTvRXZw3tMUUs=,917B4wDMAIQk6hkXKA/QcQ+rpcU=
191,-85,/WSan2styM/SZSmTvRXZw3tMUUs=,917B4wDMAIQk6hkXKA/QcQ+rpcU=
184,-85,/WSan2styM/SZSmTvRXZw3tMUUs=,917B4wDMAIQk6hkXKA/QcQ+rpcU=
186,-85,/WSan2styM/SZSmTvRXZw3tMUUs=,917B4wDMAIQk6hkXKA/QcQ+rpcU=
177,-96,/WSan2styM/SZSmTvRXZw3tMUUs=,917B4wDMAIQk6hkXKA/QcQ+rpcU=
179,-96,ejs4mLyfV9HqKW0rVK4868U4KHw=,917B4wDMAIQk6hkXKA/QcQ+rpcU=
180,-96,3u22AhHFDE0QNt+b0t867CX5AXI=,917B4wDMAIQk6hkXKA/QcQ+rpcU=
188,-85,/WSan2styM/SZSmTvRXZw3tMUUs=,917B4wDMAIQk6hkXKA/QcQ+rpcU=
185,-85,/WSan2styM/SZSmTvRXZw3tMUUs=,917B4wDMAIQk6hkXKA/QcQ+rpcU=
190,-84,/WSan2styM/SZSmTvRXZw3tMUUs=,917B4wDMAIQk6hkXKA/QcQ+rpcU=
186,-86,/WSan2styM/SZSmTvRXZw3tMUUs=,917B4wDMAIQk6hkXKA/QcQ+rpcU=
183,-85,/WSan2styM/SZSmTvRXZw3tMUUs=,917B4wDMAIQk6hkXKA/QcQ+rpcU=
182,-86,/WSan2styM/SZSmTvRXZw3tMUUs=,917B4wDMAIQk6hkXKA/QcQ+rpcU=
181,-85,/WSan2styM/SZSmTvRXZw3tMUUs=,917B4wDMAIQk6hkXKA/QcQ+rpcU=
178,-96,nQ/Z+j8Gyr5uwd/n9shaCcdkc+w=,917B4wDMAIQk6hkXKA/QcQ+rpcU=
180,-95,/WSan2styM/SZSmTvRXZw3tMUUs=,917B4wDMAIQk6hkXKA/QcQ+rpcU=
181,-96,/WSan2styM/SZSmTvRXZw3tMUUs=,917B4wDMAIQk6hkXKA/QcQ+rpcU=
180,-86,/WSan2styM/SZSmTvRXZw3tMUUs=,917B4wDMAIQk6hkXKA/QcQ+rpcU=
185,-86,/WSan2styM/SZSmTvRXZw3tMUUs=,917B4wDMAIQk6hkXKA/QcQ+rpcU=
176,-95,/WSan2styM/SZSmTvRXZw3tMUUs=,917B4wDMAIQk6hkXKA/QcQ+rpcU=
179,-95,/WSan2styM/SZSmTvRXZw3tMUUs=,917B4wDMAIQk6hkXKA/QcQ+rpcU=
187,-85,/WSan2styM/SZSmTvRXZw3tMUUs=,917B4wDMAIQk6hkXKA/QcQ+rpcU=
178,-95,/WSan2styM/SZSmTvRXZw3tMUUs=,917B4wDMAIQk6hkXKA/QcQ+rpcU=
177,-95,/WSan2styM/SZSmTvRXZw3tMUUs=,917B4wDMAIQk6hkXKA/QcQ+rpcU=
182,-95,/WSan2styM/SZSmTvRXZw3tMUUs=,917B4wDMAIQk6hkXKA/QcQ+rpcU=
191,-87,/WSan2styM/SZSmTvRXZw3tMUUs=,917B4wDMAIQk6hkXKA/QcQ+rpcU=
188,-96,/WSan2styM/SZSmTvRXZw3tMUUs=,917B4wDMAIQk6hkXKA/QcQ+rpcU=
190,-87,/WSan2styM/SZSmTvRXZw3tMUUs=,917B4wDMAIQk6hkXKA/QcQ+rpcU=
189,-86,/WSan2styM/SZSmTvRXZw3tMUUs=,917B4wDMAIQk6hkXKA/QcQ+rpcU=
177,-94,/WSan2styM/SZSmTvRXZw3tMUUs=,917B4wDMAIQk6hkXKA/QcQ+rpcU=
182,-96,/WSan2styM/SZSmTvRXZw3tMUUs=,917B4wDMAIQk6hkXKA/QcQ+rpcU=
178,-94,/WSan2styM/SZSmTvRXZw3tMUUs=,917B4wDMAIQk6hkXKA/QcQ+rpcU=
183,-86,/WSan2styM/SZSmTvRXZw3tMUUs=,917B4wDMAIQk6hkXKA/QcQ+rpcU=
181,-95,/WSan2styM/SZSmTvRXZw3tMUUs=,917B4wDMAIQk6hkXKA/QcQ+rpcU=
176,-94,/WSan2styM/SZSmTvRXZw3tMUUs=,917B4wDMAIQk6hkXKA/QcQ+rpcU=
187,-96,/WSan2styM/SZSmTvRXZw3tMUUs=,917B4wDMAIQk6hkXKA/QcQ+rpcU=
184,-96,/WSan2styM/SZSmTvRXZw3tMUUs=,917B4wDMAIQk6hkXKA/QcQ+rpcU=
191,-96,/WSan2styM/SZSmTvRXZw3tMUUs=,917B4wDMAIQk6hkXKA/QcQ+rpcU=
186,-96,/WSan2styM/SZSmTvRXZw3tMUUs=,917B4wDMAIQk6hkXKA/QcQ+rpcU=
181,-86,/WSan2styM/SZSmTvRXZw3tMUUs=,917B4wDMAIQk6hkXKA/QcQ+rpcU=
189,-87,/WSan2styM/SZSmTvRXZw3tMUUs=,917B4wDMAIQk6hkXKA/QcQ+rpcU=
183,-96,/WSan2styM/SZSmTvRXZw3tMUUs=,917B4wDMAIQk6hkXKA/QcQ+rpcU=
190,-96,/WSan2styM/SZSmTvRXZw3tMUUs=,917B4wDMAIQk6hkXKA/QcQ+rpcU=
186,-95,/WSan2styM/SZSmTvRXZw3tMUUs=,917B4wDMAIQk6hkXKA/QcQ+rpcU=
182,-94,/WSan2styM/SZSmTvRXZw3tMUUs=,917B4wDMAIQk6hkXKA/QcQ+rpcU=
180,-94,/WSan2styM/SZSmTvRXZw3tMUUs=,917B4wDMAIQk6hkXKA/QcQ+rpcU=
188,-95,/WSan2styM/SZSmTvRXZw3tMUUs=,917B4wDMAIQk6hkXKA/QcQ+rpcU=
179,-94,/WSan2styM/SZSmTvRXZw3tMUUs=,917B4wDMAIQk6hkXKA/QcQ+rpcU=
187,-95,/WSan2styM/SZSmTvRXZw3tMUUs=,917B4wDMAIQk6hkXKA/QcQ+rpcU=
181,-94,/WSan2styM/SZSmTvRXZw3tMUUs=,917B4wDMAIQk6hkXKA/QcQ+rpcU=
189,-96,/WSan2styM/SZSmTvRXZw3tMUUs=,917B4wDMAIQk6hkXKA/QcQ+rpcU=
183,-94,/WSan2styM/SZSmTvRXZw3tMUUs=,917B4wDMAIQk6hkXKA/QcQ+rpcU=
178,-93,/WSan2styM/SZSmTvRXZw3tMUUs=,917B4wDMAIQk6hkXKA/QcQ+rpcU=
185,-94,/WSan2styM/SZSmTvRXZw3tMUUs=,917B4wDMAIQk6hkXKA/QcQ+rpcU=
176,-93,/WSan2styM/SZSmTvRXZw3tMUUs=,917B4wDMAIQk6hkXKA/QcQ+rpcU=
179,-93,/WSan2styM/SZSmTvRXZw3tMUUs=,917B4wDMAIQk6hkXKA/QcQ+rpcU=
190,-94,/WSan2styM/SZSmTvRXZw3tMUUs=,917B4wDMAIQk6hkXKA/QcQ+rpcU=
191,-95,/WSan2styM/SZSmTvRXZw3tMUUs=,917B4wDMAIQk6hkXKA/QcQ+rpcU=
185,-96,/WSan2styM/SZSmTvRXZw3tMUUs=,917B4wDMAIQk6hkXKA/QcQ+rpcU=
184,-95,/WSan2styM/SZSmTvRXZw3tMUUs=,917B4wDMAIQk6hkXKA/QcQ+rpcU=
189,-95,/WSan2styM/SZSmTvRXZw3tMUUs=,917B4wDMAIQk6hkXKA/QcQ+rpcU=
186,-94,/WSan2styM/SZSmTvRXZw3tMUUs=,917B4wDMAIQk6hkXKA/QcQ+rpcU=
185,-95,/WSan2styM/SZSmTvRXZw3tMUUs=,917B4wDMAIQk6hkXKA/QcQ+rpcU=
176,-92,/WSan2styM/SZSmTvRXZw3tMUUs=,917B4wDMAIQk6hkXKA/QcQ+rpcU=
188,-94,/WSan2styM/SZSmTvRXZw3tMUUs=,917B4wDMAIQk6hkXKA/QcQ+rpcU=
177,-92,/WSan2styM/SZSmTvRXZw3tMUUs=,917B4wDMAIQk6hkXKA/QcQ+rpcU=
178,-92,/WSan2styM/SZSmTvRXZw3tMUUs=,917B4wDMAIQk6hkXKA/QcQ+rpcU=
187,-93,/WSan2styM/SZSmTvRXZw3tMUUs=,917B4wDMAIQk6hkXKA/QcQ+rpcU=
183,-95,/WSan2styM/SZSmTvRXZw3tMUUs=,917B4wDMAIQk6hkXKA/QcQ+rpcU=
187,-94,/WSan2styM/SZSmTvRXZw3tMUUs=,917B4wDMAIQk6hkXKA/QcQ+rpcU=
177,-93,/WSan2styM/SZSmTvRXZw3tMUUs=,917B4wDMAIQk6hkXKA/QcQ+rpcU=
186,-93,/WSan2styM/SZSmTvRXZw3tMUUs=,917B4wDMAIQk6hkXKA/QcQ+rpcU=
185,-93,/WSan2styM/SZSmTvRXZw3tMUUs=,917B4wDMAIQk6hkXKA/QcQ+rpcU=
188,-93,/WSan2styM/SZSmTvRXZw3tMUUs=,917B4wDMAIQk6hkXKA/QcQ+rpcU=
191,-94,/WSan2styM/SZSmTvRXZw3tMUUs=,917B4wDMAIQk6hkXKA/QcQ+rpcU=
190,-93,/WSan2styM/SZSmTvRXZw3tMUUs=,917B4wDMAIQk6hkXKA/QcQ+rpcU=
189,-94,/WSan2styM/SZSmTvRXZw3tMUUs=,917B4wDMAIQk6hkXKA/QcQ+rpcU=
182,-93,/WSan2styM/SZSmTvRXZw3tMUUs=,917B4wDMAIQk6hkXKA/QcQ+rpcU=
176,-91,/WSan2styM/SZSmTvRXZw3tMUUs=,917B4wDMAIQk6hkXKA/QcQ+rpcU=
179,-91,/WSan2styM/SZSmTvRXZw3tMUUs=,917B4wDMAIQk6hkXKA/QcQ+rpcU=
177,-91,/WSan2styM/SZSmTvRXZw3tMUUs=,917B4wDMAIQk6hkXKA/QcQ+rpcU=
190,-95,/WSan2styM/SZSmTvRXZw3tMUUs=,917B4wDMAIQk6hkXKA/QcQ+rpcU=
179,-92,/WSan2styM/SZSmTvRXZw3tMUUs=,917B4wDMAIQk6hkXKA/QcQ+rpcU=
184,-94,/WSan2styM/SZSmTvRXZw3tMUUs=,917B4wDMAIQk6hkXKA/QcQ+rpcU=
183,-92,/WSan2styM/SZSmTvRXZw3tMUUs=,917B4wDMAIQk6hkXKA/QcQ+rpcU=
178,-91,/WSan2styM/SZSmTvRXZw3tMUUs=,917B4wDMAIQk6hkXKA/QcQ+rpcU=
182,-92,/WSan2styM/SZSmTvRXZw3tMUUs=,917B4wDMAIQk6hkXKA/QcQ+rpcU=
191,-93,/WSan2styM/SZSmTvRXZw3tMUUs=,917B4wDMAIQk6hkXKA/QcQ+rpcU=
183,-93,/WSan2styM/SZSmTvRXZw3tMUUs=,917B4wDMAIQk6hkXKA/QcQ+rpcU=
191,-92,/WSan2styM/SZSmTvRXZw3tMUUs=,917B4wDMAIQk6hkXKA/QcQ+rpcU=
184,-93,/WSan2styM/SZSmTvRXZw3tMUUs=,917B4wDMAIQk6hkXKA/QcQ+rpcU=
188,-92,/WSan2styM/SZSmTvRXZw3tMUUs=,917B4wDMAIQk6hkXKA/QcQ+rpcU=
185,-92,/WSan2styM/SZSmTvRXZw3tMUUs=,917B4wDMAIQk6hkXKA/QcQ+rpcU=
181,-93,/WSan2styM/SZSmTvRXZw3tMUUs=,917B4wDMAIQk6hkXKA/QcQ+rpcU=
189,-93,/WSan2styM/SZSmTvRXZw3tMUUs=,917B4wDMAIQk6hkXKA/QcQ+rpcU=
180,-93,/WSan2styM/SZSmTvRXZw3tMUUs=,917B4wDMAIQk6hkXKA/QcQ+rpcU=
176,-90,/WSan2styM/SZSmTvRXZw3tMUUs=,917B4wDMAIQk6hkXKA/QcQ+rpcU=
177,-90,/WSan2styM/SZSmTvRXZw3tMUUs=,917B4wDMAIQk6hkXKA/QcQ+rpcU=
178,-90,/WSan2styM/SZSmTvRXZw3tMUUs=,917B4wDMAIQk6hkXKA/QcQ+rpcU=
189,-91,/WSan2styM/SZSmTvRXZw3tMUUs=,917B4wDMAIQk6hkXKA/QcQ+rpcU=
179,-90,/WSan2styM/SZSmTvRXZw3tMUUs=,917B4wDMAIQk6hkXKA/QcQ+rpcU=
180,-91,/WSan2styM/SZSmTvRXZw3tMUUs=,917B4wDMAIQk6hkXKA/QcQ+rpcU=
181,-91,/WSan2styM/SZSmTvRXZw3tMUUs=,917B4wDMAIQk6hkXKA/QcQ+rpcU=
183,-91,/WSan2styM/SZSmTvRXZw3tMUUs=,917B4wDMAIQk6hkXKA/QcQ+rpcU=
187,-92,/WSan2styM/SZSmTvRXZw3tMUUs=,917B4wDMAIQk6hkXKA/QcQ+rpcU=
187,-91,/WSan2styM/SZSmTvRXZw3tMUUs=,917B4wDMAIQk6hkXKA/QcQ+rpcU=
184,-92,/WSan2styM/SZSmTvRXZw3tMUUs=,917B4wDMAIQk6hkXKA/QcQ+rpcU=
181,-92,/WSan2styM/SZSmTvRXZw3tMUUs=,917B4wDMAIQk6hkXKA/QcQ+rpcU=
190,-92,/WSan2styM/SZSmTvRXZw3tMUUs=,917B4wDMAIQk6hkXKA/QcQ+rpcU=
186,-92,/WSan2styM/SZSmTvRXZw3tMUUs=,917B4wDMAIQk6hkXKA/QcQ+rpcU=
176,-89,/WSan2styM/SZSmTvRXZw3tMUUs=,917B4wDMAIQk6hkXKA/QcQ+rpcU=
180,-90,/WSan2styM/SZSmTvRXZw3tMUUs=,917B4wDMAIQk6hkXKA/QcQ+rpcU=
179,-89,/WSan2styM/SZSmTvRXZw3tMUUs=,917B4wDMAIQk6hkXKA/QcQ+rpcU=
178,-89,/WSan2styM/SZSmTvRXZw3tMUUs=,917B4wDMAIQk6hkXKA/QcQ+rpcU=
187,-90,/WSan2styM/SZSmTvRXZw3tMUUs=,917B4wDMAIQk6hkXKA/QcQ+rpcU=
181,-90,/WSan2styM/SZSmTvRXZw3tMUUs=,917B4wDMAIQk6hkXKA/QcQ+rpcU=
186,-91,/WSan2styM/SZSmTvRXZw3tMUUs=,917B4wDMAIQk6hkXKA/QcQ+rpcU=
177,-89,/WSan2styM/SZSmTvRXZw3tMUUs=,917B4wDMAIQk6hkXKA/QcQ+rpcU=
182,-91,/WSan2styM/SZSmTvRXZw3tMUUs=,917B4wDMAIQk6hkXKA/QcQ+rpcU=
189,-90,/WSan2styM/SZSmTvRXZw3tMUUs=,917B4wDMAIQk6hkXKA/QcQ+rpcU=
188,-91,/WSan2styM/SZSmTvRXZw3tMUUs=,917B4wDMAIQk6hkXKA/QcQ+rpcU=
182,-90,/WSan2styM/SZSmTvRXZw3tMUUs=,917B4wDMAIQk6hkXKA/QcQ+rpcU=
190,-91,/WSan2styM/SZSmTvRXZw3tMUUs=,917B4wDMAIQk6hkXKA/QcQ+rpcU=
180,-92,/WSan2styM/SZSmTvRXZw3tMUUs=,917B4wDMAIQk6hkXKA/QcQ+rpcU=
191,-91,/WSan2styM/SZSmTvRXZw3tMUUs=,917B4wDMAIQk6hkXKA/QcQ+rpcU=
183,-89,/WSan2styM/SZSmTvRXZw3tMUUs=,917B4wDMAIQk6hkXKA/QcQ+rpcU=
190,-90,/WSan2styM/SZSmTvRXZw3tMUUs=,917B4wDMAIQk6hkXKA/QcQ+rpcU=
177,-88,/WSan2styM/SZSmTvRXZw3tMUUs=,917B4wDMAIQk6hkXKA/QcQ+rpcU=
178,-88,/WSan2styM/SZSmTvRXZw3tMUUs=,917B4wDMAIQk6hkXKA/QcQ+rpcU=
176,-88,/WSan2styM/SZSmTvRXZw3tMUUs=,917B4wDMAIQk6hkXKA/QcQ+rpcU=
179,-88,/WSan2styM/SZSmTvRXZw3tMUUs=,917B4wDMAIQk6hkXKA/QcQ+rpcU=
188,-90,/WSan2styM/SZSmTvRXZw3tMUUs=,917B4wDMAIQk6hkXKA/QcQ+rpcU=
182,-89,/WSan2styM/SZSmTvRXZw3tMUUs=,917B4wDMAIQk6hkXKA/QcQ+rpcU=
189,-92,/WSan2styM/SZSmTvRXZw3tMUUs=,917B4wDMAIQk6hkXKA/QcQ+rpcU=
185,-91,/WSan2styM/SZSmTvRXZw3tMUUs=,917B4wDMAIQk6hkXKA/QcQ+rpcU=
185,-90,/WSan2styM/SZSmTvRXZw3tMUUs=,917B4wDMAIQk6hkXKA/QcQ+rpcU=
186,-90,/WSan2styM/SZSmTvRXZw3tMUUs=,917B4wDMAIQk6hkXKA/QcQ+rpcU=
180,-88,/WSan2styM/SZSmTvRXZw3tMUUs=,917B4wDMAIQk6hkXKA/QcQ+rpcU=
191,-90,/WSan2styM/SZSmTvRXZw3tMUUs=,917B4wDMAIQk6hkXKA/QcQ+rpcU=
184,-89,/WSan2styM/SZSmTvRXZw3tMUUs=,917B4wDMAIQk6hkXKA/QcQ+rpcU=
191,-89,/WSan2styM/SZSmTvRXZw3tMUUs=,917B4wDMAIQk6hkXKA/QcQ+rpcU=
183,-90,/WSan2styM/SZSmTvRXZw3tMUUs=,917B4wDMAIQk6hkXKA/QcQ+rpcU=
187,-89,/WSan2styM/SZSmTvRXZw3tMUUs=,917B4wDMAIQk6hkXKA/QcQ+rpcU=
180,-89,/WSan2styM/SZSmTvRXZw3tMUUs=,917B4wDMAIQk6hkXKA/QcQ+rpcU=
185,-89,/WSan2styM/SZSmTvRXZw3tMUUs=,917B4wDMAIQk6hkXKA/QcQ+rpcU=
179,-87,/WSan2styM/SZSmTvRXZw3tMUUs=,917B4wDMAIQk6hkXKA/QcQ+rpcU=
186,-88,/WSan2styM/SZSmTvRXZw3tMUUs=,917B4wDMAIQk6hkXKA/QcQ+rpcU=
178,-87,/WSan2styM/SZSmTvRXZw3tMUUs=,917B4wDMAIQk6hkXKA/QcQ+rpcU=
186,-89,/WSan2styM/SZSmTvRXZw3tMUUs=,917B4wDMAIQk6hkXKA/QcQ+rpcU=
180,-87,/WSan2styM/SZSmTvRXZw3tMUUs=,917B4wDMAIQk6hkXKA/QcQ+rpcU=
190,-89,/WSan2styM/SZSmTvRXZw3tMUUs=,917B4wDMAIQk6hkXKA/QcQ+rpcU=
181,-89,/WSan2styM/SZSmTvRXZw3tMUUs=,917B4wDMAIQk6hkXKA/QcQ+rpcU=
177,-87,/WSan2styM/SZSmTvRXZw3tMUUs=,917B4wDMAIQk6hkXKA/QcQ+rpcU=
189,-89,/WSan2styM/SZSmTvRXZw3tMUUs=,917B4wDMAIQk6hkXKA/QcQ+rpcU=
184,-90,/WSan2styM/SZSmTvRXZw3tMUUs=,917B4wDMAIQk6hkXKA/QcQ+rpcU=
182,-88,/WSan2styM/SZSmTvRXZw3tMUUs=,917B4wDMAIQk6hkXKA/QcQ+rpcU=
191,-88,/WSan2styM/SZSmTvRXZw3tMUUs=,917B4wDMAIQk6hkXKA/QcQ+rpcU=
176,-87,/WSan2styM/SZSmTvRXZw3tMUUs=,917B4wDMAIQk6hkXKA/QcQ+rpcU=
183,-88,/WSan2styM/SZSmTvRXZw3tMUUs=,917B4wDMAIQk6hkXKA/QcQ+rpcU=
188,-89,/WSan2styM/SZSmTvRXZw3tMUUs=,917B4wDMAIQk6hkXKA/QcQ+rpcU=
185,-88,/WSan2styM/SZSmTvRXZw3tMUUs=,917B4wDMAIQk6hkXKA/QcQ+rpcU=
190,-88,/WSan2styM/SZSmTvRXZw3tMUUs=,917B4wDMAIQk6hkXKA/QcQ+rpcU=
183,-87,/WSan2styM/SZSmTvRXZw3tMUUs=,917B4wDMAIQk6hkXKA/QcQ+rpcU=
185,-87,/WSan2styM/SZSmTvRXZw3tMUUs=,917B4wDMAIQk6hkXKA/QcQ+rpcU=
189,-88,/WSan2styM/SZSmTvRXZw3tMUUs=,917B4wDMAIQk6hkXKA/QcQ+rpcU=
184,-91,/WSan2styM/SZSmTvRXZw3tMUUs=,917B4wDMAIQk6hkXKA/QcQ+rpcU=
186,-87,/WSan2styM/SZSmTvRXZw3tMUUs=,917B4wDMAIQk6hkXKA/QcQ+rpcU=
184,-87,/WSan2styM/SZSmTvRXZw3tMUUs=,917B4wDMAIQk6hkXKA/QcQ+rpcU=
181,-88,/WSan2styM/SZSmTvRXZw3tMUUs=,917B4wDMAIQk6hkXKA/QcQ+rpcU=
187,-87,/WSan2styM/SZSmTvRXZw3tMUUs=,917B4wDMAIQk6hkXKA/QcQ+rpcU=
188,-88,/WSan2styM/SZSmTvRXZw3tMUUs=,917B4wDMAIQk6hkXKA/QcQ+rpcU=
184,-88,/WSan2styM/SZSmTvRXZw3tMUUs=,917B4wDMAIQk6hkXKA/QcQ+rpcU=
181,-87,/WSan2styM/SZSmTvRXZw3tMUUs=,917B4wDMAIQk6hkXKA/QcQ+rpcU=
182,-87,/WSan2styM/SZSmTvRXZw3tMUUs=,917B4wDMAIQk6hkXKA/QcQ+rpcU=
188,-87,/WSan2styM/SZSmTvRXZw3tMUUs=,917B4wDMAIQk6hkXKA/QcQ+rpcU=
187,-88,/WSan2styM/SZSmTvRXZw3tMUUs=,917B4wDMAIQk6hkXKA/QcQ+rpcU=
169,-65,zN2Kn6lsd4323wIO99rMTgYdSqc=,917B4wDMAIQk6hkXKA/QcQ+rpcU=
168,-65,NeiiswokemYvTy+ACftbexhaGec=,917B4wDMAIQk6hkXKA/QcQ+rpcU=
167,-65,zN2Kn6lsd4323wIO99rMTgYdSqc=,917B4wDMAIQk6hkXKA/QcQ+rpcU=
166,-65,zN2Kn6lsd4323wIO99rMTgYdSqc=,917B4wDMAIQk6hkXKA/QcQ+rpcU=
163,-65,zN2Kn6lsd4323wIO99rMTgYdSqc=,917B4wDMAIQk6hkXKA/QcQ+rpcU=
165,-65,pTusby3Yt9Ta0YUpw5KNbBJXONE=,917B4wDMAIQk6hkXKA/QcQ+rpcU=
170,-66,zN2Kn6lsd4323wIO99rMTgYdSqc=,917B4wDMAIQk6hkXKA/QcQ+rpcU=
164,-65,zN2Kn6lsd4323wIO99rMTgYdSqc=,917B4wDMAIQk6hkXKA/QcQ+rpcU=
168,-66,zN2Kn6lsd4323wIO99rMTgYdSqc=,917B4wDMAIQk6hkXKA/QcQ+rpcU=
165,-66,zN2Kn6lsd4323wIO99rMTgYdSqc=,917B4wDMAIQk6hkXKA/QcQ+rpcU=
162,-65,zN2Kn6lsd4323wIO99rMTgYdSqc=,917B4wDMAIQk6hkXKA/QcQ+rpcU=
169,-66,zN2Kn6lsd4323wIO99rMTgYdSqc=,917B4wDMAIQk6hkXKA/QcQ+rpcU=
164,-66,zN2Kn6lsd4323wIO99rMTgYdSqc=,917B4wDMAIQk6hkXKA/QcQ+rpcU=
166,-66,zN2Kn6lsd4323wIO99rMTgYdSqc=,917B4wDMAIQk6hkXKA/QcQ+rpcU=
171,-66,zN2Kn6lsd4323wIO99rMTgYdSqc=,917B4wDMAIQk6hkXKA/QcQ+rpcU=
167,-66,zN2Kn6lsd4323wIO99rMTgYdSqc=,917B4wDMAIQk6hkXKA/QcQ+rpcU=
170,-65,zN2Kn6lsd4323wIO99rMTgYdSqc=,917B4wDMAIQk6hkXKA/QcQ+rpcU=
163,-66,zN2Kn6lsd4323wIO99rMTgYdSqc=,917B4wDMAIQk6hkXKA/QcQ+rpcU=
172,-66,zN2Kn6lsd4323wIO99rMTgYdSqc=,917B4wDMAIQk6hkXKA/QcQ+rpcU=
173,-65,zN2Kn6lsd4323wIO99rMTgYdSqc=,917B4wDMAIQk6hkXKA/QcQ+rpcU=
172,-67,zN2Kn6lsd4323wIO99rMTgYdSqc=,917B4wDMAIQk6hkXKA/QcQ+rpcU=
171,-67,zN2Kn6lsd4323wIO99rMTgYdSqc=,917B4wDMAIQk6hkXKA/QcQ+rpcU=
162,-66,zN2Kn6lsd4323wIO99rMTgYdSqc=,917B4wDMAIQk6hkXKA/QcQ+rpcU=
161,-66,zN2Kn6lsd4323wIO99rMTgYdSqc=,917B4wDMAIQk6hkXKA/QcQ+rpcU=
170,-67,zN2Kn6lsd4323wIO99rMTgYdSqc=,917B4wDMAIQk6hkXKA/QcQ+rpcU=
169,-67,zN2Kn6lsd4323wIO99rMTgYdSqc=,917B4wDMAIQk6hkXKA/QcQ+rpcU=
160,-66,zN2Kn6lsd4323wIO99rMTgYdSqc=,917B4wDMAIQk6hkXKA/QcQ+rpcU=
161,-65,zN2Kn6lsd4323wIO99rMTgYdSqc=,917B4wDMAIQk6hkXKA/QcQ+rpcU=
168,-67,zN2Kn6lsd4323wIO99rMTgYdSqc=,917B4wDMAIQk6hkXKA/QcQ+rpcU=
165,-67,zN2Kn6lsd4323wIO99rMTgYdSqc=,917B4wDMAIQk6hkXKA/QcQ+rpcU=
167,-67,zN2Kn6lsd4323wIO99rMTgYdSqc=,917B4wDMAIQk6hkXKA/QcQ+rpcU=
162,-67,zN2Kn6lsd4323wIO99rMTgYdSqc=,917B4wDMAIQk6hkXKA/QcQ+rpcU=
160,-65,zN2Kn6lsd4323wIO99rMTgYdSqc=,917B4wDMAIQk6hkXKA/QcQ+rpcU=
166,-67,zN2Kn6lsd4323wIO99rMTgYdSqc=,917B4wDMAIQk6hkXKA/QcQ+rpcU=
164,-67,zN2Kn6lsd4323wIO99rMTgYdSqc=,917B4wDMAIQk6hkXKA/QcQ+rpcU=
163,-67,zN2Kn6lsd4323wIO99rMTgYdSqc=,917B4wDMAIQk6hkXKA/QcQ+rpcU=
161,-67,zN2Kn6lsd4323wIO99rMTgYdSqc=,917B4wDMAIQk6hkXKA/QcQ+rpcU=
160,-67,zN2Kn6lsd4323wIO99rMTgYdSqc=,917B4wDMAIQk6hkXKA/QcQ+rpcU=
172,-68,zN2Kn6lsd4323wIO99rMTgYdSqc=,917B4wDMAIQk6hkXKA/QcQ+rpcU=
172,-65,zN2Kn6lsd4323wIO99rMTgYdSqc=,917B4wDMAIQk6hkXKA/QcQ+rpcU=
173,-68,zN2Kn6lsd4323wIO99rMTgYdSqc=,917B4wDMAIQk6hkXKA/QcQ+rpcU=
174,-66,zN2Kn6lsd4323wIO99rMTgYdSqc=,917B4wDMAIQk6hkXKA/QcQ+rpcU=
167,-68,zN2Kn6lsd4323wIO99rMTgYdSqc=,917B4wDMAIQk6hkXKA/QcQ+rpcU=
170,-68,zN2Kn6lsd4323wIO99rMTgYdSqc=,917B4wDMAIQk6hkXKA/QcQ+rpcU=
171,-65,zN2Kn6lsd4323wIO99rMTgYdSqc=,917B4wDMAIQk6hkXKA/QcQ+rpcU=
175,-65,zN2Kn6lsd4323wIO99rMTgYdSqc=,917B4wDMAIQk6hkXKA/QcQ+rpcU=
166,-68,zN2Kn6lsd4323wIO99rMTgYdSqc=,917B4wDMAIQk6hkXKA/QcQ+rpcU=
164,-68,zN2Kn6lsd4323wIO99rMTgYdSqc=,917B4wDMAIQk6hkXKA/QcQ+rpcU=
171,-68,zN2Kn6lsd4323wIO99rMTgYdSqc=,917B4wDMAIQk6hkXKA/QcQ+rpcU=
173,-67,zN2Kn6lsd4323wIO99rMTgYdSqc=,917B4wDMAIQk6hkXKA/QcQ+rpcU=
168,-68,zN2Kn6lsd4323wIO99rMTgYdSqc=,917B4wDMAIQk6hkXKA/QcQ+rpcU=
169,-68,zN2Kn6lsd4323wIO99rMTgYdSqc=,917B4wDMAIQk6hkXKA/QcQ+rpcU=
174,-65,zN2Kn6lsd4323wIO99rMTgYdSqc=,917B4wDMAIQk6hkXKA/QcQ+rpcU=
165,-68,zN2Kn6lsd4323wIO99rMTgYdSqc=,917B4wDMAIQk6hkXKA/QcQ+rpcU=
160,-68,zN2Kn6lsd4323wIO99rMTgYdSqc=,917B4wDMAIQk6hkXKA/QcQ+rpcU=
173,-66,zN2Kn6lsd4323wIO99rMTgYdSqc=,917B4wDMAIQk6hkXKA/QcQ+rpcU=
163,-68,zN2Kn6lsd4323wIO99rMTgYdSqc=,917B4wDMAIQk6hkXKA/QcQ+rpcU=
167,-69,zN2Kn6lsd4323wIO99rMTgYdSqc=,917B4wDMAIQk6hkXKA/QcQ+rpcU=
162,-80,zN2Kn6lsd4323wIO99rMTgYdSqc=,917B4wDMAIQk6hkXKA/QcQ+rpcU=
171,-69,zN2Kn6lsd4323wIO99rMTgYdSqc=,917B4wDMAIQk6hkXKA/QcQ+rpcU=
169,-69,zN2Kn6lsd4323wIO99rMTgYdSqc=,917B4wDMAIQk6hkXKA/QcQ+rpcU=
172,-69,zN2Kn6lsd4323wIO99rMTgYdSqc=,917B4wDMAIQk6hkXKA/QcQ+rpcU=
175,-66,zN2Kn6lsd4323wIO99rMTgYdSqc=,917B4wDMAIQk6hkXKA/QcQ+rpcU=
168,-69,zN2Kn6lsd4323wIO99rMTgYdSqc=,917B4wDMAIQk6hkXKA/QcQ+rpcU=
170,-69,zN2Kn6lsd4323wIO99rMTgYdSqc=,917B4wDMAIQk6hkXKA/QcQ+rpcU=
161,-68,zN2Kn6lsd4323wIO99rMTgYdSqc=,917B4wDMAIQk6hkXKA/QcQ+rpcU=
166,-69,zN2Kn6lsd4323wIO99rMTgYdSqc=,917B4wDMAIQk6hkXKA/QcQ+rpcU=
175,-67,zN2Kn6lsd4323wIO99rMTgYdSqc=,917B4wDMAIQk6hkXKA/QcQ+rpcU=
174,-67,zN2Kn6lsd4323wIO99rMTgYdSqc=,917B4wDMAIQk6hkXKA/QcQ+rpcU=
162,-68,zN2Kn6lsd4323wIO99rMTgYdSqc=,917B4wDMAIQk6hkXKA/QcQ+rpcU=
164,-69,zN2Kn6lsd4323wIO99rMTgYdSqc=,917B4wDMAIQk6hkXKA/QcQ+rpcU=
165,-69,zN2Kn6lsd4323wIO99rMTgYdSqc=,917B4wDMAIQk6hkXKA/QcQ+rpcU=
170,-70,zN2Kn6lsd4323wIO99rMTgYdSqc=,917B4wDMAIQk6hkXKA/QcQ+rpcU=
173,-69,zN2Kn6lsd4323wIO99rMTgYdSqc=,917B4wDMAIQk6hkXKA/QcQ+rpcU=
169,-70,zN2Kn6lsd4323wIO99rMTgYdSqc=,917B4wDMAIQk6hkXKA/QcQ+rpcU=
163,-69,zN2Kn6lsd4323wIO99rMTgYdSqc=,917B4wDMAIQk6hkXKA/QcQ+rpcU=
161,-69,zN2Kn6lsd4323wIO99rMTgYdSqc=,917B4wDMAIQk6hkXKA/QcQ+rpcU=
164,-70,zN2Kn6lsd4323wIO99rMTgYdSqc=,917B4wDMAIQk6hkXKA/QcQ+rpcU=
162,-69,zN2Kn6lsd4323wIO99rMTgYdSqc=,917B4wDMAIQk6hkXKA/QcQ+rpcU=
174,-68,zN2Kn6lsd4323wIO99rMTgYdSqc=,917B4wDMAIQk6hkXKA/QcQ+rpcU=
163,-80,zN2Kn6lsd4323wIO99rMTgYdSqc=,917B4wDMAIQk6hkXKA/QcQ+rpcU=
162,-70,zN2Kn6lsd4323wIO99rMTgYdSqc=,917B4wDMAIQk6hkXKA/QcQ+rpcU=
161,-70,zN2Kn6lsd4323wIO99rMTgYdSqc=,917B4wDMAIQk6hkXKA/QcQ+rpcU=
160,-80,zN2Kn6lsd4323wIO99rMTgYdSqc=,917B4wDMAIQk6hkXKA/QcQ+rpcU=
163,-70,zN2Kn6lsd4323wIO99rMTgYdSqc=,917B4wDMAIQk6hkXKA/QcQ+rpcU=
160,-69,zN2Kn6lsd4323wIO99rMTgYdSqc=,917B4wDMAIQk6hkXKA/QcQ+rpcU=
169,-71,zN2Kn6lsd4323wIO99rMTgYdSqc=,917B4wDMAIQk6hkXKA/QcQ+rpcU=
166,-70,zN2Kn6lsd4323wIO99rMTgYdSqc=,917B4wDMAIQk6hkXKA/QcQ+rpcU=
170,-71,zN2Kn6lsd4323wIO99rMTgYdSqc=,917B4wDMAIQk6hkXKA/QcQ+rpcU=
175,-68,zN2Kn6lsd4323wIO99rMTgYdSqc=,917B4wDMAIQk6hkXKA/QcQ+rpcU=
164,-80,zN2Kn6lsd4323wIO99rMTgYdSqc=,917B4wDMAIQk6hkXKA/QcQ+rpcU=
165,-70,zN2Kn6lsd4323wIO99rMTgYdSqc=,917B4wDMAIQk6hkXKA/QcQ+rpcU=
167,-70,zN2Kn6lsd4323wIO99rMTgYdSqc=,917B4wDMAIQk6hkXKA/QcQ+rpcU=
160,-70,zN2Kn6lsd4323wIO99rMTgYdSqc=,917B4wDMAIQk6hkXKA/QcQ+rpcU=
174,-69,zN2Kn6lsd4323wIO99rMTgYdSqc=,917B4wDMAIQk6hkXKA/QcQ+rpcU=
171,-71,zN2Kn6lsd4323wIO99rMTgYdSqc=,917B4wDMAIQk6hkXKA/QcQ+rpcU=
160,-71,zN2Kn6lsd4323wIO99rMTgYdSqc=,917B4wDMAIQk6hkXKA/QcQ+rpcU=
171,-70,zN2Kn6lsd4323wIO99rMTgYdSqc=,917B4wDMAIQk6hkXKA/QcQ+rpcU=
173,-70,zN2Kn6lsd4323wIO99rMTgYdSqc=,917B4wDMAIQk6hkXKA/QcQ+rpcU=
175,-71,zN2Kn6lsd4323wIO99rMTgYdSqc=,917B4wDMAIQk6hkXKA/QcQ+rpcU=
174,-71,zN2Kn6lsd4323wIO99rMTgYdSqc=,917B4wDMAIQk6hkXKA/QcQ+rpcU=
161,-80,zN2Kn6lsd4323wIO99rMTgYdSqc=,917B4wDMAIQk6hkXKA/QcQ+rpcU=
161,-71,zN2Kn6lsd4323wIO99rMTgYdSqc=,917B4wDMAIQk6hkXKA/QcQ+rpcU=
168,-70,zN2Kn6lsd4323wIO99rMTgYdSqc=,917B4wDMAIQk6hkXKA/QcQ+rpcU=
174,-70,zN2Kn6lsd4323wIO99rMTgYdSqc=,917B4wDMAIQk6hkXKA/QcQ+rpcU=
173,-71,zN2Kn6lsd4323wIO99rMTgYdSqc=,917B4wDMAIQk6hkXKA/QcQ+rpcU=
165,-80,zN2Kn6lsd4323wIO99rMTgYdSqc=,917B4wDMAIQk6hkXKA/QcQ+rpcU=
165,-71,zN2Kn6lsd4323wIO99rMTgYdSqc=,917B4wDMAIQk6hkXKA/QcQ+rpcU=
162,-71,zN2Kn6lsd4323wIO99rMTgYdSqc=,917B4wDMAIQk6hkXKA/QcQ+rpcU=
167,-71,zN2Kn6lsd4323wIO99rMTgYdSqc=,917B4wDMAIQk6hkXKA/QcQ+rpcU=
172,-71,zN2Kn6lsd4323wIO99rMTgYdSqc=,917B4wDMAIQk6hkXKA/QcQ+rpcU=
174,-72,zN2Kn6lsd4323wIO99rMTgYdSqc=,917B4wDMAIQk6hkXKA/QcQ+rpcU=
175,-72,zN2Kn6lsd4323wIO99rMTgYdSqc=,917B4wDMAIQk6hkXKA/QcQ+rpcU=
172,-70,zN2Kn6lsd4323wIO99rMTgYdSqc=,917B4wDMAIQk6hkXKA/QcQ+rpcU=
175,-70,zN2Kn6lsd4323wIO99rMTgYdSqc=,917B4wDMAIQk6hkXKA/QcQ+rpcU=
166,-71,zN2Kn6lsd4323wIO99rMTgYdSqc=,917B4wDMAIQk6hkXKA/QcQ+rpcU=
173,-72,zN2Kn6lsd4323wIO99rMTgYdSqc=,917B4wDMAIQk6hkXKA/QcQ+rpcU=
169,-72,zN2Kn6lsd4323wIO99rMTgYdSqc=,917B4wDMAIQk6hkXKA/QcQ+rpcU=
175,-73,zN2Kn6lsd4323wIO99rMTgYdSqc=,917B4wDMAIQk6hkXKA/QcQ+rpcU=
168,-72,zN2Kn6lsd4323wIO99rMTgYdSqc=,917B4wDMAIQk6hkXKA/QcQ+rpcU=
171,-72,zN2Kn6lsd4323wIO99rMTgYdSqc=,917B4wDMAIQk6hkXKA/QcQ+rpcU=
168,-71,zN2Kn6lsd4323wIO99rMTgYdSqc=,917B4wDMAIQk6hkXKA/QcQ+rpcU=
170,-72,zN2Kn6lsd4323wIO99rMTgYdSqc=,917B4wDMAIQk6hkXKA/QcQ+rpcU=
175,-69,zN2Kn6lsd4323wIO99rMTgYdSqc=,917B4wDMAIQk6hkXKA/QcQ+rpcU=
160,-72,zN2Kn6lsd4323wIO99rMTgYdSqc=,917B4wDMAIQk6hkXKA/QcQ+rpcU=
166,-80,zN2Kn6lsd4323wIO99rMTgYdSqc=,917B4wDMAIQk6hkXKA/QcQ+rpcU=
161,-72,zN2Kn6lsd4323wIO99rMTgYdSqc=,917B4wDMAIQk6hkXKA/QcQ+rpcU=
165,-72,zN2Kn6lsd4323wIO99rMTgYdSqc=,917B4wDMAIQk6hkXKA/QcQ+rpcU=
163,-72,zN2Kn6lsd4323wIO99rMTgYdSqc=,917B4wDMAIQk6hkXKA/QcQ+rpcU=
164,-72,zN2Kn6lsd4323wIO99rMTgYdSqc=,917B4wDMAIQk6hkXKA/QcQ+rpcU=
163,-71,zN2Kn6lsd4323wIO99rMTgYdSqc=,917B4wDMAIQk6hkXKA/QcQ+rpcU=
169,-73,zN2Kn6lsd4323wIO99rMTgYdSqc=,917B4wDMAIQk6hkXKA/QcQ+rpcU=
174,-73,zN2Kn6lsd4323wIO99rMTgYdSqc=,917B4wDMAIQk6hkXKA/QcQ+rpcU=
167,-80,zN2Kn6lsd4323wIO99rMTgYdSqc=,917B4wDMAIQk6hkXKA/QcQ+rpcU=
167,-73,zN2Kn6lsd4323wIO99rMTgYdSqc=,917B4wDMAIQk6hkXKA/QcQ+rpcU=
164,-71,zN2Kn6lsd4323wIO99rMTgYdSqc=,917B4wDMAIQk6hkXKA/QcQ+rpcU=
167,-72,zN2Kn6lsd4323wIO99rMTgYdSqc=,917B4wDMAIQk6hkXKA/QcQ+rpcU=
166,-73,zN2Kn6lsd4323wIO99rMTgYdSqc=,917B4wDMAIQk6hkXKA/QcQ+rpcU=
173,-74,zN2Kn6lsd4323wIO99rMTgYdSqc=,917B4wDMAIQk6hkXKA/QcQ+rpcU=
175,-74,zN2Kn6lsd4323wIO99rMTgYdSqc=,917B4wDMAIQk6hkXKA/QcQ+rpcU=
172,-73,zN2Kn6lsd4323wIO99rMTgYdSqc=,917B4wDMAIQk6hkXKA/QcQ+rpcU=
162,-73,zN2Kn6lsd4323wIO99rMTgYdSqc=,917B4wDMAIQk6hkXKA/QcQ+rpcU=
168,-80,zN2Kn6lsd4323wIO99rMTgYdSqc=,917B4wDMAIQk6hkXKA/QcQ+rpcU=
171,-73,zN2Kn6lsd4323wIO99rMTgYdSqc=,917B4wDMAIQk6hkXKA/QcQ+rpcU=
172,-72,zN2Kn6lsd4323wIO99rMTgYdSqc=,917B4wDMAIQk6hkXKA/QcQ+rpcU=
163,-73,zN2Kn6lsd4323wIO99rMTgYdSqc=,917B4wDMAIQk6hkXKA/QcQ+rpcU=
171,-74,zN2Kn6lsd4323wIO99rMTgYdSqc=,917B4wDMAIQk6hkXKA/QcQ+rpcU=
172,-74,zN2Kn6lsd4323wIO99rMTgYdSqc=,917B4wDMAIQk6hkXKA/QcQ+rpcU=
166,-72,zN2Kn6lsd4323wIO99rMTgYdSqc=,917B4wDMAIQk6hkXKA/QcQ+rpcU=
160,-73,zN2Kn6lsd4323wIO99rMTgYdSqc=,917B4wDMAIQk6hkXKA/QcQ+rpcU=
169,-80,zN2Kn6lsd4323wIO99rMTgYdSqc=,917B4wDMAIQk6hkXKA/QcQ+rpcU=
168,-73,zN2Kn6lsd4323wIO99rMTgYdSqc=,917B4wDMAIQk6hkXKA/QcQ+rpcU=
174,-74,zN2Kn6lsd4323wIO99rMTgYdSqc=,917B4wDMAIQk6hkXKA/QcQ+rpcU=
173,-73,zN2Kn6lsd4323wIO99rMTgYdSqc=,917B4wDMAIQk6hkXKA/QcQ+rpcU=
173,-75,zN2Kn6lsd4323wIO99rMTgYdSqc=,917B4wDMAIQk6hkXKA/QcQ+rpcU=
162,-72,zN2Kn6lsd4323wIO99rMTgYdSqc=,917B4wDMAIQk6hkXKA/QcQ+rpcU=
161,-74,zN2Kn6lsd4323wIO99rMTgYdSqc=,917B4wDMAIQk6hkXKA/QcQ+rpcU=
161,-73,zN2Kn6lsd4323wIO99rMTgYdSqc=,917B4wDMAIQk6hkXKA/QcQ+rpcU=
167,-74,zN2Kn6lsd4323wIO99rMTgYdSqc=,917B4wDMAIQk6hkXKA/QcQ+rpcU=
170,-80,zN2Kn6lsd4323wIO99rMTgYdSqc=,917B4wDMAIQk6hkXKA/QcQ+rpcU=
171,-75,zN2Kn6lsd4323wIO99rMTgYdSqc=,917B4wDMAIQk6hkXKA/QcQ+rpcU=
160,-74,zN2Kn6lsd4323wIO99rMTgYdSqc=,917B4wDMAIQk6hkXKA/QcQ+rpcU=
170,-73,zN2Kn6lsd4323wIO99rMTgYdSqc=,917B4wDMAIQk6hkXKA/QcQ+rpcU=
166,-74,zN2Kn6lsd4323wIO99rMTgYdSqc=,917B4wDMAIQk6hkXKA/QcQ+rpcU=
165,-73,zN2Kn6lsd4323wIO99rMTgYdSqc=,917B4wDMAIQk6hkXKA/QcQ+rpcU=
175,-75,zN2Kn6lsd4323wIO99rMTgYdSqc=,917B4wDMAIQk6hkXKA/QcQ+rpcU=
174,-75,zN2Kn6lsd4323wIO99rMTgYdSqc=,917B4wDMAIQk6hkXKA/QcQ+rpcU=
164,-74,zN2Kn6lsd4323wIO99rMTgYdSqc=,917B4wDMAIQk6hkXKA/QcQ+rpcU=
170,-75,zN2Kn6lsd4323wIO99rMTgYdSqc=,917B4wDMAIQk6hkXKA/QcQ+rpcU=
163,-75,zN2Kn6lsd4323wIO99rMTgYdSqc=,917B4wDMAIQk6hkXKA/QcQ+rpcU=
169,-75,zN2Kn6lsd4323wIO99rMTgYdSqc=,917B4wDMAIQk6hkXKA/QcQ+rpcU=
171,-80,zN2Kn6lsd4323wIO99rMTgYdSqc=,917B4wDMAIQk6hkXKA/QcQ+rpcU=
173,-76,zN2Kn6lsd4323wIO99rMTgYdSqc=,917B4wDMAIQk6hkXKA/QcQ+rpcU=
172,-75,zN2Kn6lsd4323wIO99rMTgYdSqc=,917B4wDMAIQk6hkXKA/QcQ+rpcU=
169,-76,zN2Kn6lsd4323wIO99rMTgYdSqc=,917B4wDMAIQk6hkXKA/QcQ+rpcU=
165,-74,zN2Kn6lsd4323wIO99rMTgYdSqc=,917B4wDMAIQk6hkXKA/QcQ+rpcU=
175,-76,zN2Kn6lsd4323wIO99rMTgYdSqc=,917B4wDMAIQk6hkXKA/QcQ+rpcU=
162,-75,zN2Kn6lsd4323wIO99rMTgYdSqc=,917B4wDMAIQk6hkXKA/QcQ+rpcU=
172,-80,zN2Kn6lsd4323wIO99rMTgYdSqc=,917B4wDMAIQk6hkXKA/QcQ+rpcU=
170,-74,zN2Kn6lsd4323wIO99rMTgYdSqc=,917B4wDMAIQk6hkXKA/QcQ+rpcU=
164,-73,zN2Kn6lsd4323wIO99rMTgYdSqc=,917B4wDMAIQk6hkXKA/QcQ+rpcU=
164,-75,zN2Kn6lsd4323wIO99rMTgYdSqc=,917B4wDMAIQk6hkXKA/QcQ+rpcU=
167,-76,zN2Kn6lsd4323wIO99rMTgYdSqc=,917B4wDMAIQk6hkXKA/QcQ+rpcU=
165,-75,zN2Kn6lsd4323wIO99rMTgYdSqc=,917B4wDMAIQk6hkXKA/QcQ+rpcU=
170,-76,zN2Kn6lsd4323wIO99rMTgYdSqc=,917B4wDMAIQk6hkXKA/QcQ+rpcU=
174,-76,zN2Kn6lsd4323wIO99rMTgYdSqc=,917B4wDMAIQk6hkXKA/QcQ+rpcU=
162,-74,zN2Kn6lsd4323wIO99rMTgYdSqc=,917B4wDMAIQk6hkXKA/QcQ+rpcU=
163,-74,zN2Kn6lsd4323wIO99rMTgYdSqc=,917B4wDMAIQk6hkXKA/QcQ+rpcU=
171,-76,zN2Kn6lsd4323wIO99rMTgYdSqc=,917B4wDMAIQk6hkXKA/QcQ+rpcU=
169,-74,zN2Kn6lsd4323wIO99rMTgYdSqc=,917B4wDMAIQk6hkXKA/QcQ+rpcU=
166,-75,zN2Kn6lsd4323wIO99rMTgYdSqc=,917B4wDMAIQk6hkXKA/QcQ+rpcU=
168,-76,zN2Kn6lsd4323wIO99rMTgYdSqc=,917B4wDMAIQk6hkXKA/QcQ+rpcU=
168,-74,zN2Kn6lsd4323wIO99rMTgYdSqc=,917B4wDMAIQk6hkXKA/QcQ+rpcU=
169,-77,zN2Kn6lsd4323wIO99rMTgYdSqc=,917B4wDMAIQk6hkXKA/QcQ+rpcU=
166,-76,zN2Kn6lsd4323wIO99rMTgYdSqc=,917B4wDMAIQk6hkXKA/QcQ+rpcU=
160,-75,zN2Kn6lsd4323wIO99rMTgYdSqc=,917B4wDMAIQk6hkXKA/QcQ+rpcU=
161,-76,zN2Kn6lsd4323wIO99rMTgYdSqc=,917B4wDMAIQk6hkXKA/QcQ+rpcU=
163,-76,zN2Kn6lsd4323wIO99rMTgYdSqc=,917B4wDMAIQk6hkXKA/QcQ+rpcU=
172,-76,zN2Kn6lsd4323wIO99rMTgYdSqc=,917B4wDMAIQk6hkXKA/QcQ+rpcU=
174,-77,zN2Kn6lsd4323wIO99rMTgYdSqc=,917B4wDMAIQk6hkXKA/QcQ+rpcU=
175,-77,zN2Kn6lsd4323wIO99rMTgYdSqc=,917B4wDMAIQk6hkXKA/QcQ+rpcU=
161,-75,zN2Kn6lsd4323wIO99rMTgYdSqc=,917B4wDMAIQk6hkXKA/QcQ+rpcU=
170,-77,zN2Kn6lsd4323wIO99rMTgYdSqc=,917B4wDMAIQk6hkXKA/QcQ+rpcU=
168,-75,zN2Kn6lsd4323wIO99rMTgYdSqc=,917B4wDMAIQk6hkXKA/QcQ+rpcU=
173,-77,zN2Kn6lsd4323wIO99rMTgYdSqc=,917B4wDMAIQk6hkXKA/QcQ+rpcU=
167,-75,zN2Kn6lsd4323wIO99rMTgYdSqc=,917B4wDMAIQk6hkXKA/QcQ+rpcU=
163,-77,zN2Kn6lsd4323wIO99rMTgYdSqc=,917B4wDMAIQk6hkXKA/QcQ+rpcU=
168,-77,zN2Kn6lsd4323wIO99rMTgYdSqc=,917B4wDMAIQk6hkXKA/QcQ+rpcU=
164,-77,zN2Kn6lsd4323wIO99rMTgYdSqc=,917B4wDMAIQk6hkXKA/QcQ+rpcU=
172,-77,zN2Kn6lsd4323wIO99rMTgYdSqc=,917B4wDMAIQk6hkXKA/QcQ+rpcU=
171,-77,zN2Kn6lsd4323wIO99rMTgYdSqc=,917B4wDMAIQk6hkXKA/QcQ+rpcU=
167,-77,zN2Kn6lsd4323wIO99rMTgYdSqc=,917B4wDMAIQk6hkXKA/QcQ+rpcU=
164,-76,zN2Kn6lsd4323wIO99rMTgYdSqc=,917B4wDMAIQk6hkXKA/QcQ+rpcU=
166,-78,zN2Kn6lsd4323wIO99rMTgYdSqc=,917B4wDMAIQk6hkXKA/QcQ+rpcU=
169,-78,zN2Kn6lsd4323wIO99rMTgYdSqc=,917B4wDMAIQk6hkXKA/QcQ+rpcU=
174,-78,zN2Kn6lsd4323wIO99rMTgYdSqc=,917B4wDMAIQk6hkXKA/QcQ+rpcU=
165,-77,zN2Kn6lsd4323wIO99rMTgYdSqc=,917B4wDMAIQk6hkXKA/QcQ+rpcU=
167,-78,zN2Kn6lsd4323wIO99rMTgYdSqc=,917B4wDMAIQk6hkXKA/QcQ+rpcU=
160,-76,zN2Kn6lsd4323wIO99rMTgYdSqc=,917B4wDMAIQk6hkXKA/QcQ+rpcU=
161,-77,zN2Kn6lsd4323wIO99rMTgYdSqc=,917B4wDMAIQk6hkXKA/QcQ+rpcU=
162,-76,zN2Kn6lsd4323wIO99rMTgYdSqc=,917B4wDMAIQk6hkXKA/QcQ+rpcU=
170,-78,zN2Kn6lsd4323wIO99rMTgYdSqc=,917B4wDMAIQk6hkXKA/QcQ+rpcU=
165,-76,zN2Kn6lsd4323wIO99rMTgYdSqc=,917B4wDMAIQk6hkXKA/QcQ+rpcU=
168,-78,zN2Kn6lsd4323wIO99rMTgYdSqc=,917B4wDMAIQk6hkXKA/QcQ+rpcU=
166,-77,zN2Kn6lsd4323wIO99rMTgYdSqc=,917B4wDMAIQk6hkXKA/QcQ+rpcU=
167,-79,zN2Kn6lsd4323wIO99rMTgYdSqc=,917B4wDMAIQk6hkXKA/QcQ+rpcU=
171,-78,zN2Kn6lsd4323wIO99rMTgYdSqc=,917B4wDMAIQk6hkXKA/QcQ+rpcU=
170,-79,zN2Kn6lsd4323wIO99rMTgYdSqc=,917B4wDMAIQk6hkXKA/QcQ+rpcU=
174,-79,zN2Kn6lsd4323wIO99rMTgYdSqc=,917B4wDMAIQk6hkXKA/QcQ+rpcU=
173,-80,zN2Kn6lsd4323wIO99rMTgYdSqc=,917B4wDMAIQk6hkXKA/QcQ+rpcU=
166,-79,zN2Kn6lsd4323wIO99rMTgYdSqc=,917B4wDMAIQk6hkXKA/QcQ+rpcU=
162,-77,zN2Kn6lsd4323wIO99rMTgYdSqc=,917B4wDMAIQk6hkXKA/QcQ+rpcU=
168,-79,zN2Kn6lsd4323wIO99rMTgYdSqc=,917B4wDMAIQk6hkXKA/QcQ+rpcU=
165,-79,zN2Kn6lsd4323wIO99rMTgYdSqc=,917B4wDMAIQk6hkXKA/QcQ+rpcU=
173,-78,zN2Kn6lsd4323wIO99rMTgYdSqc=,917B4wDMAIQk6hkXKA/QcQ+rpcU=
172,-78,zN2Kn6lsd4323wIO99rMTgYdSqc=,917B4wDMAIQk6hkXKA/QcQ+rpcU=
171,-79,zN2Kn6lsd4323wIO99rMTgYdSqc=,917B4wDMAIQk6hkXKA/QcQ+rpcU=
161,-78,zN2Kn6lsd4323wIO99rMTgYdSqc=,917B4wDMAIQk6hkXKA/QcQ+rpcU=
169,-79,zN2Kn6lsd4323wIO99rMTgYdSqc=,917B4wDMAIQk6hkXKA/QcQ+rpcU=
164,-78,zN2Kn6lsd4323wIO99rMTgYdSqc=,917B4wDMAIQk6hkXKA/QcQ+rpcU=
162,-78,zN2Kn6lsd4323wIO99rMTgYdSqc=,917B4wDMAIQk6hkXKA/QcQ+rpcU=
175,-78,zN2Kn6lsd4323wIO99rMTgYdSqc=,917B4wDMAIQk6hkXKA/QcQ+rpcU=
175,-79,zN2Kn6lsd4323wIO99rMTgYdSqc=,917B4wDMAIQk6hkXKA/QcQ+rpcU=
162,-79,zN2Kn6lsd4323wIO99rMTgYdSqc=,917B4wDMAIQk6hkXKA/QcQ+rpcU=
160,-78,zN2Kn6lsd4323wIO99rMTgYdSqc=,917B4wDMAIQk6hkXKA/QcQ+rpcU=
163,-78,zN2Kn6lsd4323wIO99rMTgYdSqc=,917B4wDMAIQk6hkXKA/QcQ+rpcU=
160,-79,zN2Kn6lsd4323wIO99rMTgYdSqc=,917B4wDMAIQk6hkXKA/QcQ+rpcU=
160,-77,zN2Kn6lsd4323wIO99rMTgYdSqc=,917B4wDMAIQk6hkXKA/QcQ+rpcU=
165,-78,zN2Kn6lsd4323wIO99rMTgYdSqc=,917B4wDMAIQk6hkXKA/QcQ+rpcU=
174,-80,zN2Kn6lsd4323wIO99rMTgYdSqc=,917B4wDMAIQk6hkXKA/QcQ+rpcU=
173,-79,zN2Kn6lsd4323wIO99rMTgYdSqc=,917B4wDMAIQk6hkXKA/QcQ+rpcU=
163,-79,zN2Kn6lsd4323wIO99rMTgYdSqc=,917B4wDMAIQk6hkXKA/QcQ+rpcU=
164,-79,zN2Kn6lsd4323wIO99rMTgYdSqc=,917B4wDMAIQk6hkXKA/QcQ+rpcU=
172,-79,zN2Kn6lsd4323wIO99rMTgYdSqc=,917B4wDMAIQk6hkXKA/QcQ+rpcU=
161,-79,zN2Kn6lsd4323wIO99rMTgYdSqc=,917B4wDMAIQk6hkXKA/QcQ+rpcU=
175,-80,zN2Kn6lsd4323wIO99rMTgYdSqc=,917B4wDMAIQk6hkXKA/QcQ+rpcU=
179,-79,JPwgHQlvgXJG1nYYdzZpOJfyEOY=,917B4wDMAIQk6hkXKA/QcQ+rpcU=
178,-80,JPwgHQlvgXJG1nYYdzZpOJfyEOY=,917B4wDMAIQk6hkXKA/QcQ+rpcU=
179,-80,JPwgHQlvgXJG1nYYdzZpOJfyEOY=,917B4wDMAIQk6hkXKA/QcQ+rpcU=
182,-65,5F63DSupMN/D0dSLZu+VBboFZwY=,917B4wDMAIQk6hkXKA/QcQ+rpcU=
180,-79,JPwgHQlvgXJG1nYYdzZpOJfyEOY=,917B4wDMAIQk6hkXKA/QcQ+rpcU=
181,-80,JPwgHQlvgXJG1nYYdzZpOJfyEOY=,917B4wDMAIQk6hkXKA/QcQ+rpcU=
177,-80,JPwgHQlvgXJG1nYYdzZpOJfyEOY=,917B4wDMAIQk6hkXKA/QcQ+rpcU=
183,-65,JPwgHQlvgXJG1nYYdzZpOJfyEOY=,917B4wDMAIQk6hkXKA/QcQ+rpcU=
180,-80,JPwgHQlvgXJG1nYYdzZpOJfyEOY=,917B4wDMAIQk6hkXKA/QcQ+rpcU=
182,-80,JPwgHQlvgXJG1nYYdzZpOJfyEOY=,917B4wDMAIQk6hkXKA/QcQ+rpcU=
181,-65,oSZ1izOA3MVcCWQkT0zCaTEZ4AI=,917B4wDMAIQk6hkXKA/QcQ+rpcU=
181,-79,JPwgHQlvgXJG1nYYdzZpOJfyEOY=,917B4wDMAIQk6hkXKA/QcQ+rpcU=
180,-65,JPwgHQlvgXJG1nYYdzZpOJfyEOY=,917B4wDMAIQk6hkXKA/QcQ+rpcU=
177,-79,JPwgHQlvgXJG1nYYdzZpOJfyEOY=,917B4wDMAIQk6hkXKA/QcQ+rpcU=
178,-79,JPwgHQlvgXJG1nYYdzZpOJfyEOY=,917B4wDMAIQk6hkXKA/QcQ+rpcU=
182,-79,JPwgHQlvgXJG1nYYdzZpOJfyEOY=,917B4wDMAIQk6hkXKA/QcQ+rpcU=
176,-80,JPwgHQlvgXJG1nYYdzZpOJfyEOY=,917B4wDMAIQk6hkXKA/QcQ+rpcU=
188,-80,JPwgHQlvgXJG1nYYdzZpOJfyEOY=,917B4wDMAIQk6hkXKA/QcQ+rpcU=
190,-65,JPwgHQlvgXJG1nYYdzZpOJfyEOY=,917B4wDMAIQk6hkXKA/QcQ+rpcU=
184,-65,JPwgHQlvgXJG1nYYdzZpOJfyEOY=,917B4wDMAIQk6hkXKA/QcQ+rpcU=
186,-80,JPwgHQlvgXJG1nYYdzZpOJfyEOY=,917B4wDMAIQk6hkXKA/QcQ+rpcU=
179,-65,JPwgHQlvgXJG1nYYdzZpOJfyEOY=,917B4wDMAIQk6hkXKA/QcQ+rpcU=
185,-65,JPwgHQlvgXJG1nYYdzZpOJfyEOY=,917B4wDMAIQk6hkXKA/QcQ+rpcU=
177,-65,hDI1FzyCn2nGX8jllhIOrghxpYs=,917B4wDMAIQk6hkXKA/QcQ+rpcU=
176,-65,JPwgHQlvgXJG1nYYdzZpOJfyEOY=,917B4wDMAIQk6hkXKA/QcQ+rpcU=
178,-65,JPwgHQlvgXJG1nYYdzZpOJfyEOY=,917B4wDMAIQk6hkXKA/QcQ+rpcU=
188,-65,JPwgHQlvgXJG1nYYdzZpOJfyEOY=,917B4wDMAIQk6hkXKA/QcQ+rpcU=
176,-79,JPwgHQlvgXJG1nYYdzZpOJfyEOY=,917B4wDMAIQk6hkXKA/QcQ+rpcU=
183,-79,JPwgHQlvgXJG1nYYdzZpOJfyEOY=,917B4wDMAIQk6hkXKA/QcQ+rpcU=
182,-66,JPwgHQlvgXJG1nYYdzZpOJfyEOY=,917B4wDMAIQk6hkXKA/QcQ+rpcU=
183,-80,JPwgHQlvgXJG1nYYdzZpOJfyEOY=,917B4wDMAIQk6hkXKA/QcQ+rpcU=
183,-66,JPwgHQlvgXJG1nYYdzZpOJfyEOY=,917B4wDMAIQk6hkXKA/QcQ+rpcU=
181,-66,JPwgHQlvgXJG1nYYdzZpOJfyEOY=,917B4wDMAIQk6hkXKA/QcQ+rpcU=
184,-80,JPwgHQlvgXJG1nYYdzZpOJfyEOY=,917B4wDMAIQk6hkXKA/QcQ+rpcU=
185,-80,JPwgHQlvgXJG1nYYdzZpOJfyEOY=,917B4wDMAIQk6hkXKA/QcQ+rpcU=
190,-66,JPwgHQlvgXJG1nYYdzZpOJfyEOY=,917B4wDMAIQk6hkXKA/QcQ+rpcU=
189,-80,JPwgHQlvgXJG1nYYdzZpOJfyEOY=,917B4wDMAIQk6hkXKA/QcQ+rpcU=
189,-65,JPwgHQlvgXJG1nYYdzZpOJfyEOY=,917B4wDMAIQk6hkXKA/QcQ+rpcU=
187,-65,JPwgHQlvgXJG1nYYdzZpOJfyEOY=,917B4wDMAIQk6hkXKA/QcQ+rpcU=
176,-66,JPwgHQlvgXJG1nYYdzZpOJfyEOY=,917B4wDMAIQk6hkXKA/QcQ+rpcU=
177,-66,JPwgHQlvgXJG1nYYdzZpOJfyEOY=,917B4wDMAIQk6hkXKA/QcQ+rpcU=
180,-66,JPwgHQlvgXJG1nYYdzZpOJfyEOY=,917B4wDMAIQk6hkXKA/QcQ+rpcU=
179,-66,JPwgHQlvgXJG1nYYdzZpOJfyEOY=,917B4wDMAIQk6hkXKA/QcQ+rpcU=
191,-65,JPwgHQlvgXJG1nYYdzZpOJfyEOY=,917B4wDMAIQk6hkXKA/QcQ+rpcU=
184,-66,JPwgHQlvgXJG1nYYdzZpOJfyEOY=,917B4wDMAIQk6hkXKA/QcQ+rpcU=
191,-66,JPwgHQlvgXJG1nYYdzZpOJfyEOY=,917B4wDMAIQk6hkXKA/QcQ+rpcU=
190,-67,JPwgHQlvgXJG1nYYdzZpOJfyEOY=,917B4wDMAIQk6hkXKA/QcQ+rpcU=
183,-67,JPwgHQlvgXJG1nYYdzZpOJfyEOY=,917B4wDMAIQk6hkXKA/QcQ+rpcU=
187,-80,JPwgHQlvgXJG1nYYdzZpOJfyEOY=,917B4wDMAIQk6hkXKA/QcQ+rpcU=
184,-67,JPwgHQlvgXJG1nYYdzZpOJfyEOY=,917B4wDMAIQk6hkXKA/QcQ+rpcU=
182,-67,JPwgHQlvgXJG1nYYdzZpOJfyEOY=,917B4wDMAIQk6hkXKA/QcQ+rpcU=
178,-66,JPwgHQlvgXJG1nYYdzZpOJfyEOY=,917B4wDMAIQk6hkXKA/QcQ+rpcU=
180,-67,JPwgHQlvgXJG1nYYdzZpOJfyEOY=,917B4wDMAIQk6hkXKA/QcQ+rpcU=
181,-67,JPwgHQlvgXJG1nYYdzZpOJfyEOY=,917B4wDMAIQk6hkXKA/QcQ+rpcU=
185,-66,JPwgHQlvgXJG1nYYdzZpOJfyEOY=,917B4wDMAIQk6hkXKA/QcQ+rpcU=
191,-80,JPwgHQlvgXJG1nYYdzZpOJfyEOY=,917B4wDMAIQk6hkXKA/QcQ+rpcU=
186,-65,JPwgHQlvgXJG1nYYdzZpOJfyEOY=,917B4wDMAIQk6hkXKA/QcQ+rpcU=
190,-80,JPwgHQlvgXJG1nYYdzZpOJfyEOY=,917B4wDMAIQk6hkXKA/QcQ+rpcU=
191,-68,JPwgHQlvgXJG1nYYdzZpOJfyEOY=,917B4wDMAIQk6hkXKA/QcQ+rpcU=
186,-66,JPwgHQlvgXJG1nYYdzZpOJfyEOY=,917B4wDMAIQk6hkXKA/QcQ+rpcU=
177,-67,JPwgHQlvgXJG1nYYdzZpOJfyEOY=,917B4wDMAIQk6hkXKA/QcQ+rpcU=
184,-68,JPwgHQlvgXJG1nYYdzZpOJfyEOY=,917B4wDMAIQk6hkXKA/QcQ+rpcU=
184,-79,JPwgHQlvgXJG1nYYdzZpOJfyEOY=,917B4wDMAIQk6hkXKA/QcQ+rpcU=
190,-68,JPwgHQlvgXJG1nYYdzZpOJfyEOY=,917B4wDMAIQk6hkXKA/QcQ+rpcU=
185,-67,JPwgHQlvgXJG1nYYdzZpOJfyEOY=,917B4wDMAIQk6hkXKA/QcQ+rpcU=
182,-68,JPwgHQlvgXJG1nYYdzZpOJfyEOY=,917B4wDMAIQk6hkXKA/QcQ+rpcU=
179,-67,JPwgHQlvgXJG1nYYdzZpOJfyEOY=,917B4wDMAIQk6hkXKA/QcQ+rpcU=
178,-67,JPwgHQlvgXJG1nYYdzZpOJfyEOY=,917B4wDMAIQk6hkXKA/QcQ+rpcU=
189,-66,JPwgHQlvgXJG1nYYdzZpOJfyEOY=,917B4wDMAIQk6hkXKA/QcQ+rpcU=
181,-68,JPwgHQlvgXJG1nYYdzZpOJfyEOY=,917B4wDMAIQk6hkXKA/QcQ+rpcU=
188,-68,JPwgHQlvgXJG1nYYdzZpOJfyEOY=,917B4wDMAIQk6hkXKA/QcQ+rpcU=
191,-67,JPwgHQlvgXJG1nYYdzZpOJfyEOY=,917B4wDMAIQk6hkXKA/QcQ+rpcU=
183,-68,JPwgHQlvgXJG1nYYdzZpOJfyEOY=,917B4wDMAIQk6hkXKA/QcQ+rpcU=
185,-68,JPwgHQlvgXJG1nYYdzZpOJfyEOY=,917B4wDMAIQk6hkXKA/QcQ+rpcU=
180,-68,JPwgHQlvgXJG1nYYdzZpOJfyEOY=,917B4wDMAIQk6hkXKA/QcQ+rpcU=
187,-66,JPwgHQlvgXJG1nYYdzZpOJfyEOY=,917B4wDMAIQk6hkXKA/QcQ+rpcU=
187,-67,JPwgHQlvgXJG1nYYdzZpOJfyEOY=,917B4wDMAIQk6hkXKA/QcQ+rpcU=
177,-68,JPwgHQlvgXJG1nYYdzZpOJfyEOY=,917B4wDMAIQk6hkXKA/QcQ+rpcU=
191,-69,JPwgHQlvgXJG1nYYdzZpOJfyEOY=,917B4wDMAIQk6hkXKA/QcQ+rpcU=
189,-67,JPwgHQlvgXJG1nYYdzZpOJfyEOY=,917B4wDMAIQk6hkXKA/QcQ+rpcU=
186,-68,JPwgHQlvgXJG1nYYdzZpOJfyEOY=,917B4wDMAIQk6hkXKA/QcQ+rpcU=
176,-67,JPwgHQlvgXJG1nYYdzZpOJfyEOY=,917B4wDMAIQk6hkXKA/QcQ+rpcU=
186,-67,JPwgHQlvgXJG1nYYdzZpOJfyEOY=,917B4wDMAIQk6hkXKA/QcQ+rpcU=
188,-66,JPwgHQlvgXJG1nYYdzZpOJfyEOY=,917B4wDMAIQk6hkXKA/QcQ+rpcU=
176,-68,JPwgHQlvgXJG1nYYdzZpOJfyEOY=,917B4wDMAIQk6hkXKA/QcQ+rpcU=
189,-69,JPwgHQlvgXJG1nYYdzZpOJfyEOY=,917B4wDMAIQk6hkXKA/QcQ+rpcU=
182,-69,JPwgHQlvgXJG1nYYdzZpOJfyEOY=,917B4wDMAIQk6hkXKA/QcQ+rpcU=
178,-68,JPwgHQlvgXJG1nYYdzZpOJfyEOY=,917B4wDMAIQk6hkXKA/QcQ+rpcU=
181,-69,JPwgHQlvgXJG1nYYdzZpOJfyEOY=,917B4wDMAIQk6hkXKA/QcQ+rpcU=
180,-69,JPwgHQlvgXJG1nYYdzZpOJfyEOY=,917B4wDMAIQk6hkXKA/QcQ+rpcU=
188,-67,JPwgHQlvgXJG1nYYdzZpOJfyEOY=,917B4wDMAIQk6hkXKA/QcQ+rpcU=
178,-69,JPwgHQlvgXJG1nYYdzZpOJfyEOY=,917B4wDMAIQk6hkXKA/QcQ+rpcU=
176,-69,JPwgHQlvgXJG1nYYdzZpOJfyEOY=,917B4wDMAIQk6hkXKA/QcQ+rpcU=
177,-69,JPwgHQlvgXJG1nYYdzZpOJfyEOY=,917B4wDMAIQk6hkXKA/QcQ+rpcU=
187,-68,JPwgHQlvgXJG1nYYdzZpOJfyEOY=,917B4wDMAIQk6hkXKA/QcQ+rpcU=
183,-69,JPwgHQlvgXJG1nYYdzZpOJfyEOY=,917B4wDMAIQk6hkXKA/QcQ+rpcU=
190,-70,JPwgHQlvgXJG1nYYdzZpOJfyEOY=,917B4wDMAIQk6hkXKA/QcQ+rpcU=
190,-69,JPwgHQlvgXJG1nYYdzZpOJfyEOY=,917B4wDMAIQk6hkXKA/QcQ+rpcU=
188,-69,JPwgHQlvgXJG1nYYdzZpOJfyEOY=,917B4wDMAIQk6hkXKA/QcQ+rpcU=
180,-70,JPwgHQlvgXJG1nYYdzZpOJfyEOY=,917B4wDMAIQk6hkXKA/QcQ+rpcU=
183,-70,JPwgHQlvgXJG1nYYdzZpOJfyEOY=,917B4wDMAIQk6hkXKA/QcQ+rpcU=
189,-68,JPwgHQlvgXJG1nYYdzZpOJfyEOY=,917B4wDMAIQk6hkXKA/QcQ+rpcU=
182,-70,JPwgHQlvgXJG1nYYdzZpOJfyEOY=,917B4wDMAIQk6hkXKA/QcQ+rpcU=
185,-79,JPwgHQlvgXJG1nYYdzZpOJfyEOY=,917B4wDMAIQk6hkXKA/QcQ+rpcU=
179,-69,JPwgHQlvgXJG1nYYdzZpOJfyEOY=,917B4wDMAIQk6hkXKA/QcQ+rpcU=
185,-69,JPwgHQlvgXJG1nYYdzZpOJfyEOY=,917B4wDMAIQk6hkXKA/QcQ+rpcU=
179,-70,JPwgHQlvgXJG1nYYdzZpOJfyEOY=,917B4wDMAIQk6hkXKA/QcQ+rpcU=
191,-70,JPwgHQlvgXJG1nYYdzZpOJfyEOY=,917B4wDMAIQk6hkXKA/QcQ+rpcU=
181,-70,JPwgHQlvgXJG1nYYdzZpOJfyEOY=,917B4wDMAIQk6hkXKA/QcQ+rpcU=
189,-70,JPwgHQlvgXJG1nYYdzZpOJfyEOY=,917B4wDMAIQk6hkXKA/QcQ+rpcU=
186,-70,JPwgHQlvgXJG1nYYdzZpOJfyEOY=,917B4wDMAIQk6hkXKA/QcQ+rpcU=
185,-71,JPwgHQlvgXJG1nYYdzZpOJfyEOY=,917B4wDMAIQk6hkXKA/QcQ+rpcU=
183,-71,JPwgHQlvgXJG1nYYdzZpOJfyEOY=,917B4wDMAIQk6hkXKA/QcQ+rpcU=
191,-71,JPwgHQlvgXJG1nYYdzZpOJfyEOY=,917B4wDMAIQk6hkXKA/QcQ+rpcU=
180,-71,JPwgHQlvgXJG1nYYdzZpOJfyEOY=,917B4wDMAIQk6hkXKA/QcQ+rpcU=
178,-70,JPwgHQlvgXJG1nYYdzZpOJfyEOY=,917B4wDMAIQk6hkXKA/QcQ+rpcU=
184,-71,JPwgHQlvgXJG1nYYdzZpOJfyEOY=,917B4wDMAIQk6hkXKA/QcQ+rpcU=
179,-71,JPwgHQlvgXJG1nYYdzZpOJfyEOY=,917B4wDMAIQk6hkXKA/QcQ+rpcU=
186,-69,JPwgHQlvgXJG1nYYdzZpOJfyEOY=,917B4wDMAIQk6hkXKA/QcQ+rpcU=
181,-71,JPwgHQlvgXJG1nYYdzZpOJfyEOY=,917B4wDMAIQk6hkXKA/QcQ+rpcU=
187,-69,JPwgHQlvgXJG1nYYdzZpOJfyEOY=,917B4wDMAIQk6hkXKA/QcQ+rpcU=
184,-69,JPwgHQlvgXJG1nYYdzZpOJfyEOY=,917B4wDMAIQk6hkXKA/QcQ+rpcU=
177,-70,JPwgHQlvgXJG1nYYdzZpOJfyEOY=,917B4wDMAIQk6hkXKA/QcQ+rpcU=
182,-71,JPwgHQlvgXJG1nYYdzZpOJfyEOY=,917B4wDMAIQk6hkXKA/QcQ+rpcU=
177,-71,JPwgHQlvgXJG1nYYdzZpOJfyEOY=,917B4wDMAIQk6hkXKA/QcQ+rpcU=
183,-72,JPwgHQlvgXJG1nYYdzZpOJfyEOY=,917B4wDMAIQk6hkXKA/QcQ+rpcU=
179,-68,JPwgHQlvgXJG1nYYdzZpOJfyEOY=,917B4wDMAIQk6hkXKA/QcQ+rpcU=
187,-71,JPwgHQlvgXJG1nYYdzZpOJfyEOY=,917B4wDMAIQk6hkXKA/QcQ+rpcU=
176,-71,JPwgHQlvgXJG1nYYdzZpOJfyEOY=,917B4wDMAIQk6hkXKA/QcQ+rpcU=
180,-72,JPwgHQlvgXJG1nYYdzZpOJfyEOY=,917B4wDMAIQk6hkXKA/QcQ+rpcU=
185,-72,JPwgHQlvgXJG1nYYdzZpOJfyEOY=,917B4wDMAIQk6hkXKA/QcQ+rpcU=
184,-72,JPwgHQlvgXJG1nYYdzZpOJfyEOY=,917B4wDMAIQk6hkXKA/QcQ+rpcU=
188,-70,JPwgHQlvgXJG1nYYdzZpOJfyEOY=,917B4wDMAIQk6hkXKA/QcQ+rpcU=
181,-72,JPwgHQlvgXJG1nYYdzZpOJfyEOY=,917B4wDMAIQk6hkXKA/QcQ+rpcU=
185,-70,JPwgHQlvgXJG1nYYdzZpOJfyEOY=,917B4wDMAIQk6hkXKA/QcQ+rpcU=
191,-72,JPwgHQlvgXJG1nYYdzZpOJfyEOY=,917B4wDMAIQk6hkXKA/QcQ+rpcU=
190,-72,JPwgHQlvgXJG1nYYdzZpOJfyEOY=,917B4wDMAIQk6hkXKA/QcQ+rpcU=
190,-71,JPwgHQlvgXJG1nYYdzZpOJfyEOY=,917B4wDMAIQk6hkXKA/QcQ+rpcU=
184,-70,JPwgHQlvgXJG1nYYdzZpOJfyEOY=,917B4wDMAIQk6hkXKA/QcQ+rpcU=
182,-72,JPwgHQlvgXJG1nYYdzZpOJfyEOY=,917B4wDMAIQk6hkXKA/QcQ+rpcU=
187,-70,JPwgHQlvgXJG1nYYdzZpOJfyEOY=,917B4wDMAIQk6hkXKA/QcQ+rpcU=
186,-72,JPwgHQlvgXJG1nYYdzZpOJfyEOY=,917B4wDMAIQk6hkXKA/QcQ+rpcU=
187,-72,JPwgHQlvgXJG1nYYdzZpOJfyEOY=,917B4wDMAIQk6hkXKA/QcQ+rpcU=
186,-71,JPwgHQlvgXJG1nYYdzZpOJfyEOY=,917B4wDMAIQk6hkXKA/QcQ+rpcU=
188,-71,JPwgHQlvgXJG1nYYdzZpOJfyEOY=,917B4wDMAIQk6hkXKA/QcQ+rpcU=
189,-71,JPwgHQlvgXJG1nYYdzZpOJfyEOY=,917B4wDMAIQk6hkXKA/QcQ+rpcU=
184,-73,JPwgHQlvgXJG1nYYdzZpOJfyEOY=,917B4wDMAIQk6hkXKA/QcQ+rpcU=
179,-72,JPwgHQlvgXJG1nYYdzZpOJfyEOY=,917B4wDMAIQk6hkXKA/QcQ+rpcU=
178,-71,JPwgHQlvgXJG1nYYdzZpOJfyEOY=,917B4wDMAIQk6hkXKA/QcQ+rpcU=
183,-73,JPwgHQlvgXJG1nYYdzZpOJfyEOY=,917B4wDMAIQk6hkXKA/QcQ+rpcU=
186,-79,JPwgHQlvgXJG1nYYdzZpOJfyEOY=,917B4wDMAIQk6hkXKA/QcQ+rpcU=
188,-72,JPwgHQlvgXJG1nYYdzZpOJfyEOY=,917B4wDMAIQk6hkXKA/QcQ+rpcU=
179,-73,JPwgHQlvgXJG1nYYdzZpOJfyEOY=,917B4wDMAIQk6hkXKA/QcQ+rpcU=
189,-72,JPwgHQlvgXJG1nYYdzZpOJfyEOY=,917B4wDMAIQk6hkXKA/QcQ+rpcU=
182,-73,JPwgHQlvgXJG1nYYdzZpOJfyEOY=,917B4wDMAIQk6hkXKA/QcQ+rpcU=
180,-73,JPwgHQlvgXJG1nYYdzZpOJfyEOY=,917B4wDMAIQk6hkXKA/QcQ+rpcU=
178,-73,JPwgHQlvgXJG1nYYdzZpOJfyEOY=,917B4wDMAIQk6hkXKA/QcQ+rpcU=
181,-73,JPwgHQlvgXJG1nYYdzZpOJfyEOY=,917B4wDMAIQk6hkXKA/QcQ+rpcU=
176,-70,JPwgHQlvgXJG1nYYdzZpOJfyEOY=,917B4wDMAIQk6hkXKA/QcQ+rpcU=
178,-72,JPwgHQlvgXJG1nYYdzZpOJfyEOY=,917B4wDMAIQk6hkXKA/QcQ+rpcU=
176,-73,JPwgHQlvgXJG1nYYdzZpOJfyEOY=,917B4wDMAIQk6hkXKA/QcQ+rpcU=
190,-73,JPwgHQlvgXJG1nYYdzZpOJfyEOY=,917B4wDMAIQk6hkXKA/QcQ+rpcU=
184,-74,JPwgHQlvgXJG1nYYdzZpOJfyEOY=,917B4wDMAIQk6hkXKA/QcQ+rpcU=
185,-73,JPwgHQlvgXJG1nYYdzZpOJfyEOY=,917B4wDMAIQk6hkXKA/QcQ+rpcU=
177,-73,JPwgHQlvgXJG1nYYdzZpOJfyEOY=,917B4wDMAIQk6hkXKA/QcQ+rpcU=
179,-74,JPwgHQlvgXJG1nYYdzZpOJfyEOY=,917B4wDMAIQk6hkXKA/QcQ+rpcU=
181,-74,JPwgHQlvgXJG1nYYdzZpOJfyEOY=,917B4wDMAIQk6hkXKA/QcQ+rpcU=
180,-74,JPwgHQlvgXJG1nYYdzZpOJfyEOY=,917B4wDMAIQk6hkXKA/QcQ+rpcU=
177,-72,JPwgHQlvgXJG1nYYdzZpOJfyEOY=,917B4wDMAIQk6hkXKA/QcQ+rpcU=
183,-74,JPwgHQlvgXJG1nYYdzZpOJfyEOY=,917B4wDMAIQk6hkXKA/QcQ+rpcU=
188,-73,JPwgHQlvgXJG1nYYdzZpOJfyEOY=,917B4wDMAIQk6hkXKA/QcQ+rpcU=
178,-74,JPwgHQlvgXJG1nYYdzZpOJfyEOY=,917B4wDMAIQk6hkXKA/QcQ+rpcU=
176,-72,JPwgHQlvgXJG1nYYdzZpOJfyEOY=,917B4wDMAIQk6hkXKA/QcQ+rpcU=
189,-73,JPwgHQlvgXJG1nYYdzZpOJfyEOY=,917B4wDMAIQk6hkXKA/QcQ+rpcU=
177,-74,JPwgHQlvgXJG1nYYdzZpOJfyEOY=,917B4wDMAIQk6hkXKA/QcQ+rpcU=
185,-74,JPwgHQlvgXJG1nYYdzZpOJfyEOY=,917B4wDMAIQk6hkXKA/QcQ+rpcU=
187,-74,JPwgHQlvgXJG1nYYdzZpOJfyEOY=,917B4wDMAIQk6hkXKA/QcQ+rpcU=
184,-75,JPwgHQlvgXJG1nYYdzZpOJfyEOY=,917B4wDMAIQk6hkXKA/QcQ+rpcU=
188,-74,JPwgHQlvgXJG1nYYdzZpOJfyEOY=,917B4wDMAIQk6hkXKA/QcQ+rpcU=
191,-74,JPwgHQlvgXJG1nYYdzZpOJfyEOY=,917B4wDMAIQk6hkXKA/QcQ+rpcU=
182,-74,JPwgHQlvgXJG1nYYdzZpOJfyEOY=,917B4wDMAIQk6hkXKA/QcQ+rpcU=
176,-74,JPwgHQlvgXJG1nYYdzZpOJfyEOY=,917B4wDMAIQk6hkXKA/QcQ+rpcU=
179,-75,JPwgHQlvgXJG1nYYdzZpOJfyEOY=,917B4wDMAIQk6hkXKA/QcQ+rpcU=
189,-74,JPwgHQlvgXJG1nYYdzZpOJfyEOY=,917B4wDMAIQk6hkXKA/QcQ+rpcU=
183,-75,JPwgHQlvgXJG1nYYdzZpOJfyEOY=,917B4wDMAIQk6hkXKA/QcQ+rpcU=
181,-75,JPwgHQlvgXJG1nYYdzZpOJfyEOY=,917B4wDMAIQk6hkXKA/QcQ+rpcU=
187,-73,JPwgHQlvgXJG1nYYdzZpOJfyEOY=,917B4wDMAIQk6hkXKA/QcQ+rpcU=
190,-74,JPwgHQlvgXJG1nYYdzZpOJfyEOY=,917B4wDMAIQk6hkXKA/QcQ+rpcU=
191,-75,JPwgHQlvgXJG1nYYdzZpOJfyEOY=,917B4wDMAIQk6hkXKA/QcQ+rpcU=
182,-75,JPwgHQlvgXJG1nYYdzZpOJfyEOY=,917B4wDMAIQk6hkXKA/QcQ+rpcU=
191,-73,JPwgHQlvgXJG1nYYdzZpOJfyEOY=,917B4wDMAIQk6hkXKA/QcQ+rpcU=
187,-79,JPwgHQlvgXJG1nYYdzZpOJfyEOY=,917B4wDMAIQk6hkXKA/QcQ+rpcU=
186,-73,JPwgHQlvgXJG1nYYdzZpOJfyEOY=,917B4wDMAIQk6hkXKA/QcQ+rpcU=
189,-75,JPwgHQlvgXJG1nYYdzZpOJfyEOY=,917B4wDMAIQk6hkXKA/QcQ+rpcU=
178,-75,JPwgHQlvgXJG1nYYdzZpOJfyEOY=,917B4wDMAIQk6hkXKA/QcQ+rpcU=
184,-76,JPwgHQlvgXJG1nYYdzZpOJfyEOY=,917B4wDMAIQk6hkXKA/QcQ+rpcU=
180,-75,JPwgHQlvgXJG1nYYdzZpOJfyEOY=,917B4wDMAIQk6hkXKA/QcQ+rpcU=
183,-76,JPwgHQlvgXJG1nYYdzZpOJfyEOY=,917B4wDMAIQk6hkXKA/QcQ+rpcU=
177,-75,JPwgHQlvgXJG1nYYdzZpOJfyEOY=,917B4wDMAIQk6hkXKA/QcQ+rpcU=
191,-76,JPwgHQlvgXJG1nYYdzZpOJfyEOY=,917B4wDMAIQk6hkXKA/QcQ+rpcU=
182,-76,JPwgHQlvgXJG1nYYdzZpOJfyEOY=,917B4wDMAIQk6hkXKA/QcQ+rpcU=
180,-76,JPwgHQlvgXJG1nYYdzZpOJfyEOY=,917B4wDMAIQk6hkXKA/QcQ+rpcU=
177,-76,JPwgHQlvgXJG1nYYdzZpOJfyEOY=,917B4wDMAIQk6hkXKA/QcQ+rpcU=
189,-76,JPwgHQlvgXJG1nYYdzZpOJfyEOY=,917B4wDMAIQk6hkXKA/QcQ+rpcU=
181,-76,JPwgHQlvgXJG1nYYdzZpOJfyEOY=,917B4wDMAIQk6hkXKA/QcQ+rpcU=
176,-75,JPwgHQlvgXJG1nYYdzZpOJfyEOY=,917B4wDMAIQk6hkXKA/QcQ+rpcU=
178,-76,JPwgHQlvgXJG1nYYdzZpOJfyEOY=,917B4wDMAIQk6hkXKA/QcQ+rpcU=
186,-74,JPwgHQlvgXJG1nYYdzZpOJfyEOY=,917B4wDMAIQk6hkXKA/QcQ+rpcU=
188,-76,JPwgHQlvgXJG1nYYdzZpOJfyEOY=,917B4wDMAIQk6hkXKA/QcQ+rpcU=
186,-75,JPwgHQlvgXJG1nYYdzZpOJfyEOY=,917B4wDMAIQk6hkXKA/QcQ+rpcU=
176,-76,JPwgHQlvgXJG1nYYdzZpOJfyEOY=,917B4wDMAIQk6hkXKA/QcQ+rpcU=
187,-76,JPwgHQlvgXJG1nYYdzZpOJfyEOY=,917B4wDMAIQk6hkXKA/QcQ+rpcU=
188,-75,JPwgHQlvgXJG1nYYdzZpOJfyEOY=,917B4wDMAIQk6hkXKA/QcQ+rpcU=
179,-76,JPwgHQlvgXJG1nYYdzZpOJfyEOY=,917B4wDMAIQk6hkXKA/QcQ+rpcU=
180,-77,JPwgHQlvgXJG1nYYdzZpOJfyEOY=,917B4wDMAIQk6hkXKA/QcQ+rpcU=
183,-77,JPwgHQlvgXJG1nYYdzZpOJfyEOY=,917B4wDMAIQk6hkXKA/QcQ+rpcU=
179,-77,JPwgHQlvgXJG1nYYdzZpOJfyEOY=,917B4wDMAIQk6hkXKA/QcQ+rpcU=
185,-75,JPwgHQlvgXJG1nYYdzZpOJfyEOY=,917B4wDMAIQk6hkXKA/QcQ+rpcU=
190,-76,JPwgHQlvgXJG1nYYdzZpOJfyEOY=,917B4wDMAIQk6hkXKA/QcQ+rpcU=
187,-75,JPwgHQlvgXJG1nYYdzZpOJfyEOY=,917B4wDMAIQk6hkXKA/QcQ+rpcU=
182,-77,JPwgHQlvgXJG1nYYdzZpOJfyEOY=,917B4wDMAIQk6hkXKA/QcQ+rpcU=
181,-77,JPwgHQlvgXJG1nYYdzZpOJfyEOY=,917B4wDMAIQk6hkXKA/QcQ+rpcU=
184,-77,JPwgHQlvgXJG1nYYdzZpOJfyEOY=,917B4wDMAIQk6hkXKA/QcQ+rpcU=
178,-77,JPwgHQlvgXJG1nYYdzZpOJfyEOY=,917B4wDMAIQk6hkXKA/QcQ+rpcU=
177,-77,JPwgHQlvgXJG1nYYdzZpOJfyEOY=,917B4wDMAIQk6hkXKA/QcQ+rpcU=
182,-78,JPwgHQlvgXJG1nYYdzZpOJfyEOY=,917B4wDMAIQk6hkXKA/QcQ+rpcU=
183,-78,JPwgHQlvgXJG1nYYdzZpOJfyEOY=,917B4wDMAIQk6hkXKA/QcQ+rpcU=
188,-77,JPwgHQlvgXJG1nYYdzZpOJfyEOY=,917B4wDMAIQk6hkXKA/QcQ+rpcU=
179,-78,JPwgHQlvgXJG1nYYdzZpOJfyEOY=,917B4wDMAIQk6hkXKA/QcQ+rpcU=
189,-77,JPwgHQlvgXJG1nYYdzZpOJfyEOY=,917B4wDMAIQk6hkXKA/QcQ+rpcU=
176,-77,JPwgHQlvgXJG1nYYdzZpOJfyEOY=,917B4wDMAIQk6hkXKA/QcQ+rpcU=
178,-78,JPwgHQlvgXJG1nYYdzZpOJfyEOY=,917B4wDMAIQk6hkXKA/QcQ+rpcU=
180,-78,JPwgHQlvgXJG1nYYdzZpOJfyEOY=,917B4wDMAIQk6hkXKA/QcQ+rpcU=
185,-77,JPwgHQlvgXJG1nYYdzZpOJfyEOY=,917B4wDMAIQk6hkXKA/QcQ+rpcU=
190,-75,JPwgHQlvgXJG1nYYdzZpOJfyEOY=,917B4wDMAIQk6hkXKA/QcQ+rpcU=
185,-76,JPwgHQlvgXJG1nYYdzZpOJfyEOY=,917B4wDMAIQk6hkXKA/QcQ+rpcU=
190,-78,JPwgHQlvgXJG1nYYdzZpOJfyEOY=,917B4wDMAIQk6hkXKA/QcQ+rpcU=
181,-78,JPwgHQlvgXJG1nYYdzZpOJfyEOY=,917B4wDMAIQk6hkXKA/QcQ+rpcU=
191,-77,JPwgHQlvgXJG1nYYdzZpOJfyEOY=,917B4wDMAIQk6hkXKA/QcQ+rpcU=
177,-78,JPwgHQlvgXJG1nYYdzZpOJfyEOY=,917B4wDMAIQk6hkXKA/QcQ+rpcU=
185,-78,JPwgHQlvgXJG1nYYdzZpOJfyEOY=,917B4wDMAIQk6hkXKA/QcQ+rpcU=
188,-79,JPwgHQlvgXJG1nYYdzZpOJfyEOY=,917B4wDMAIQk6hkXKA/QcQ+rpcU=
186,-76,JPwgHQlvgXJG1nYYdzZpOJfyEOY=,917B4wDMAIQk6hkXKA/QcQ+rpcU=
186,-77,JPwgHQlvgXJG1nYYdzZpOJfyEOY=,917B4wDMAIQk6hkXKA/QcQ+rpcU=
190,-77,JPwgHQlvgXJG1nYYdzZpOJfyEOY=,917B4wDMAIQk6hkXKA/QcQ+rpcU=
186,-78,JPwgHQlvgXJG1nYYdzZpOJfyEOY=,917B4wDMAIQk6hkXKA/QcQ+rpcU=
184,-78,JPwgHQlvgXJG1nYYdzZpOJfyEOY=,917B4wDMAIQk6hkXKA/QcQ+rpcU=
189,-78,JPwgHQlvgXJG1nYYdzZpOJfyEOY=,917B4wDMAIQk6hkXKA/QcQ+rpcU=
191,-78,JPwgHQlvgXJG1nYYdzZpOJfyEOY=,917B4wDMAIQk6hkXKA/QcQ+rpcU=
188,-78,JPwgHQlvgXJG1nYYdzZpOJfyEOY=,917B4wDMAIQk6hkXKA/QcQ+rpcU=
187,-77,JPwgHQlvgXJG1nYYdzZpOJfyEOY=,917B4wDMAIQk6hkXKA/QcQ+rpcU=
187,-78,JPwgHQlvgXJG1nYYdzZpOJfyEOY=,917B4wDMAIQk6hkXKA/QcQ+rpcU=
190,-79,JPwgHQlvgXJG1nYYdzZpOJfyEOY=,917B4wDMAIQk6hkXKA/QcQ+rpcU=
176,-78,JPwgHQlvgXJG1nYYdzZpOJfyEOY=,917B4wDMAIQk6hkXKA/QcQ+rpcU=
189,-79,JPwgHQlvgXJG1nYYdzZpOJfyEOY=,917B4wDMAIQk6hkXKA/QcQ+rpcU=
191,-79,JPwgHQlvgXJG1nYYdzZpOJfyEOY=,917B4wDMAIQk6hkXKA/QcQ+rpcU=
