-32,-128,4UrlS+Gmppjyxr/dwISZyMgtz68=,n5W0FO/Lz04+F1TMNArltQ/gsp4=
-17,-127,4UrlS+Gmppjyxr/dwISZyMgtz68=,n5W0FO/Lz04+F1TMNArltQ/gsp4=
-31,-126,4UrlS+Gmppjyxr/dwISZyMgtz68=,n5W0FO/Lz04+F1TMNArltQ/gsp4=
-32,-126,4UrlS+Gmppjyxr/dwISZyMgtz68=,n5W0FO/Lz04+F1TMNArltQ/gsp4=
-30,-126,4UrlS+Gmppjyxr/dwISZyMgtz68=,n5W0FO/Lz04+F1TMNArltQ/gsp4=
-17,-128,4UrlS+Gmppjyxr/dwISZyMgtz68=,n5W0FO/Lz04+F1TMNArltQ/gsp4=
-28,-126,4UrlS+Gmppjyxr/dwISZyMgtz68=,n5W0FO/Lz04+F1TMNArltQ/gsp4=
-29,-126,4UrlS+Gmppjyxr/dwISZyMgtz68=,n5W0FO/Lz04+F1TMNArltQ/gsp4=
-18,-127,4UrlS+Gmppjyxr/dwISZyMgtz68=,n5W0FO/Lz04+F1TMNArltQ/gsp4=
-26,-126,4UrlS+Gmppjyxr/dwISZyMgtz68=,n5W0FO/Lz04+F1TMNArltQ/gsp4=
-27,-126,4UrlS+Gmppjyxr/dwISZyMgtz68=,n5W0FO/Lz04+F1TMNArltQ/gsp4=
-24,-126,4UrlS+Gmppjyxr/dwISZyMgtz68=,n5W0FO/Lz04+F1TMNArltQ/gsp4=
-25,-126,4UrlS+Gmppjyxr/dwISZyMgtz68=,n5W0FO/Lz04+F1TMNArltQ/gsp4=
-17,-113,4UrlS+Gmppjyxr/dwISZyMgtz68=,n5W0FO/Lz04+F1TMNArltQ/gsp4=
-18,-113,4UrlS+Gmppjyxr/dwISZyMgtz68=,n5W0FO/Lz04+F1TMNArltQ/gsp4=
-19,-113,4UrlS+Gmppjyxr/dwISZyMgtz68=,n5W0FO/Lz04+F1TMNArltQ/gsp4=
-22,-126,4UrlS+Gmppjyxr/dwISZyMgtz68=,n5W0FO/Lz04+F1TMNArltQ/gsp4=
-20,-113,4UrlS+Gmppjyxr/dwISZyMgtz68=,n5W0FO/Lz04+F1TMNArltQ/gsp4=
-23,-126,4UrlS+Gmppjyxr/dwISZyMgtz68=,n5W0FO/Lz04+F1TMNArltQ/gsp4=
-21,-113,4UrlS+Gmppjyxr/dwISZyMgtz68=,n5W0FO/Lz04+F1TMNArltQ/gsp4=
-20,-126,4UrlS+Gmppjyxr/dwISZyMgtz68=,n5W0FO/Lz04+F1TMNArltQ/gsp4=
-22,-113,4UrlS+Gmppjyxr/dwISZyMgtz68=,n5W0FO/Lz04+F1TMNArltQ/gsp4=
-25,-113,4UrlS+Gmppjyxr/dwISZyMgtz68=,n5W0FO/Lz04+F1TMNArltQ/gsp4=
-19,-126,4UrlS+Gmppjyxr/dwISZyMgtz68=,n5W0FO/Lz04+F1TMNArltQ/gsp4=
-24,-113,4UrlS+Gmppjyxr/dwISZyMgtz68=,n5W0FO/Lz04+F1TMNArltQ/gsp4=
-21,-126,4UrlS+Gmppjyxr/dwISZyMgtz68=,n5W0FO/Lz04+F1TMNArltQ/gsp4=
-32,-127,4UrlS+Gmppjyxr/dwISZyMgtz68=,n5W0FO/Lz04+F1TMNArltQ/gsp4=
-26,-113,4UrlS+Gmppjyxr/dwISZyMgtz68=,n5W0FO/Lz04+F1TMNArltQ/gsp4=
-27,-113,4UrlS+Gmppjyxr/dwISZyMgtz68=,n5W0FO/Lz04+F1TMNArltQ/gsp4=
-28,-113,4UrlS+Gmppjyxr/dwISZyMgtz68=,n5W0FO/Lz04+F1TMNArltQ/gsp4=
-18,-126,4UrlS+Gmppjyxr/dwISZyMgtz68=,n5W0FO/Lz04+F1TMNArltQ/gsp4=
-17,-126,4UrlS+Gmppjyxr/dwISZyMgtz68=,n5W0FO/Lz04+F1TMNArltQ/gsp4=
-29,-113,4UrlS+Gmppjyxr/dwISZyMgtz68=,n5W0FO/Lz04+F1TMNArltQ/gsp4=
-23,-113,4UrlS+Gmppjyxr/dwISZyMgtz68=,n5W0FO/Lz04+F1TMNArltQ/gsp4=
-32,-125,4UrlS+Gmppjyxr/dwISZyMgtz68=,n5W0FO/Lz04+F1TMNArltQ/gsp4=
-30,-113,4UrlS+Gmppjyxr/dwISZyMgtz68=,n5W0FO/Lz04+F1TMNArltQ/gsp4=
-18,-128,4UrlS+Gmppjyxr/dwISZyMgtz68=,n5W0FO/Lz04+F1TMNArltQ/gsp4=
-31,-125,4UrlS+Gmppjyxr/dwISZyMgtz68=,n5W0FO/Lz04+F1TMNArltQ/gsp4=
-30,-125,4UrlS+Gmppjyxr/dwISZyMgtz68=,n5W0FO/Lz04+F1TMNArltQ/gsp4=
-22,-128,4UrlS+Gmppjyxr/dwISZyMgtz68=,n5W0FO/Lz04+F1TMNArltQ/gsp4=
-19,-128,4UrlS+Gmppjyxr/dwISZyMgtz68=,n5W0FO/Lz04+F1TMNArltQ/gsp4=
-31,-113,4UrlS+Gmppjyxr/dwISZyMgtz68=,n5W0FO/Lz04+F1TMNArltQ/gsp4=
-24,-128,4UrlS+Gmppjyxr/dwISZyMgtz68=,n5W0FO/Lz04+F1TMNArltQ/gsp4=
-21,-128,4UrlS+Gmppjyxr/dwISZyMgtz68=,n5W0FO/Lz04+F1TMNArltQ/gsp4=
-25,-128,4UrlS+Gmppjyxr/dwISZyMgtz68=,n5W0FO/Lz04+F1TMNArltQ/gsp4=
-29,-125,4UrlS+Gmppjyxr/dwISZyMgtz68=,n5W0FO/Lz04+F1TMNArltQ/gsp4=
-20,-128,4UrlS+Gmppjyxr/dwISZyMgtz68=,n5W0FO/Lz04+F1TMNArltQ/gsp4=
-23,-128,4UrlS+Gmppjyxr/dwISZyMgtz68=,n5W0FO/Lz04+F1TMNArltQ/gsp4=
-28,-125,4UrlS+Gmppjyxr/dwISZyMgtz68=,n5W0FO/Lz04+F1TMNArltQ/gsp4=
-28,-128,4UrlS+Gmppjyxr/dwISZyMgtz68=,n5W0FO/Lz04+F1TMNArltQ/gsp4=
-26,-128,4UrlS+Gmppjyxr/dwISZyMgtz68=,n5W0FO/Lz04+F1TMNArltQ/gsp4=
-27,-128,4UrlS+Gmppjyxr/dwISZyMgtz68=,n5W0FO/Lz04+F1TMNArltQ/gsp4=
-27,-125,4UrlS+Gmppjyxr/dwISZyMgtz68=,n5W0FO/Lz04+F1TMNArltQ/gsp4=
-30,-128,4UrlS+Gmppjyxr/dwISZyMgtz68=,n5W0FO/Lz04+F1TMNArltQ/gsp4=
-29,-128,4UrlS+Gmppjyxr/dwISZyMgtz68=,n5W0FO/Lz04+F1TMNArltQ/gsp4=
-31,-128,4UrlS+Gmppjyxr/dwISZyMgtz68=,n5W0FO/Lz04+F1TMNArltQ/gsp4=
-19,-127,4UrlS+Gmppjyxr/dwISZyMgtz68=,n5W0FO/Lz04+F1TMNArltQ/gsp4=
-26,-125,4UrlS+Gmppjyxr/dwISZyMgtz68=,n5W0FO/Lz04+F1TMNArltQ/gsp4=
-32,-113,4UrlS+Gmppjyxr/dwISZyMgtz68=,n5W0FO/Lz04+F1TMNArltQ/gsp4=
-17,-114,4UrlS+Gmppjyxr/dwISZyMgtz68=,n5W0FO/Lz04+F1TMNArltQ/gsp4=
-21,-114,4UrlS+Gmppjyxr/dwISZyMgtz68=,n5W0FO/Lz04+F1TMNArltQ/gsp4=
-18,-114,4UrlS+Gmppjyxr/dwISZyMgtz68=,n5W0FO/Lz04+F1TMNArltQ/gsp4=
-25,-125,4UrlS+Gmppjyxr/dwISZyMgtz68=,n5W0FO/Lz04+F1TMNArltQ/gsp4=
-20,-114,4UrlS+Gmppjyxr/dwISZyMgtz68=,n5W0FO/Lz04+F1TMNArltQ/gsp4=
-24,-125,4UrlS+Gmppjyxr/dwISZyMgtz68=,n5W0FO/Lz04+F1TMNArltQ/gsp4=
-22,-114,4UrlS+Gmppjyxr/dwISZyMgtz68=,n5W0FO/Lz04+F1TMNArltQ/gsp4=
-23,-114,4UrlS+Gmppjyxr/dwISZyMgtz68=,n5W0FO/Lz04+F1TMNArltQ/gsp4=
-25,-114,4UrlS+Gmppjyxr/dwISZyMgtz68=,n5W0FO/Lz04+F1TMNArltQ/gsp4=
-23,-125,4UrlS+Gmppjyxr/dwISZyMgtz68=,n5W0FO/Lz04+F1TMNArltQ/gsp4=
-19,-114,4UrlS+Gmppjyxr/dwISZyMgtz68=,n5W0FO/Lz04+F1TMNArltQ/gsp4=
-24,-114,4UrlS+Gmppjyxr/dwISZyMgtz68=,n5W0FO/Lz04+F1TMNArltQ/gsp4=
-26,-114,4UrlS+Gmppjyxr/dwISZyMgtz68=,n5W0FO/Lz04+F1TMNArltQ/gsp4=
-29,-114,4UrlS+Gmppjyxr/dwISZyMgtz68=,n5W0FO/Lz04+F1TMNArltQ/gsp4=
-27,-114,4UrlS+Gmppjyxr/dwISZyMgtz68=,n5W0FO/Lz04+F1TMNArltQ/gsp4=
-22,-125,4UrlS+Gmppjyxr/dwISZyMgtz68=,n5W0FO/Lz04+F1TMNArltQ/gsp4=
-30,-114,4UrlS+Gmppjyxr/dwISZyMgtz68=,n5W0FO/Lz04+F1TMNArltQ/gsp4=
-20,-127,4UrlS+Gmppjyxr/dwISZyMgtz68=,n5W0FO/Lz04+F1TMNArltQ/gsp4=
-28,-114,4UrlS+Gmppjyxr/dwISZyMgtz68=,n5W0FO/Lz04+F1TMNArltQ/gsp4=
-21,-125,4UrlS+Gmppjyxr/dwISZyMgtz68=,n5W0FO/Lz04+F1TMNArltQ/gsp4=
-31,-114,4UrlS+Gmppjyxr/dwISZyMgtz68=,n5W0FO/Lz04+F1TMNArltQ/gsp4=
-32,-114,4UrlS+Gmppjyxr/dwISZyMgtz68=,n5W0FO/Lz04+F1TMNArltQ/gsp4=
-18,-115,4UrlS+Gmppjyxr/dwISZyMgtz68=,n5W0FO/Lz04+F1TMNArltQ/gsp4=
-17,-115,4UrlS+Gmppjyxr/dwISZyMgtz68=,n5W0FO/Lz04+F1TMNArltQ/gsp4=
-20,-125,4UrlS+Gmppjyxr/dwISZyMgtz68=,n5W0FO/Lz04+F1TMNArltQ/gsp4=
-21,-115,4UrlS+Gmppjyxr/dwISZyMgtz68=,n5W0FO/Lz04+F1TMNArltQ/gsp4=
-23,-115,4UrlS+Gmppjyxr/dwISZyMgtz68=,n5W0FO/Lz04+F1TMNArltQ/gsp4=
-24,-115,4UrlS+Gmppjyxr/dwISZyMgtz68=,n5W0FO/Lz04+F1TMNArltQ/gsp4=
-22,-115,4UrlS+Gmppjyxr/dwISZyMgtz68=,n5W0FO/Lz04+F1TMNArltQ/gsp4=
-19,-115,4UrlS+Gmppjyxr/dwISZyMgtz68=,n5W0FO/Lz04+F1TMNArltQ/gsp4=
-20,-115,4UrlS+Gmppjyxr/dwISZyMgtz68=,n5W0FO/Lz04+F1TMNArltQ/gsp4=
-27,-115,4UrlS+Gmppjyxr/dwISZyMgtz68=,n5W0FO/Lz04+F1TMNArltQ/gsp4=
-31,-127,4UrlS+Gmppjyxr/dwISZyMgtz68=,n5W0FO/Lz04+F1TMNArltQ/gsp4=
-26,-115,4UrlS+Gmppjyxr/dwISZyMgtz68=,n5W0FO/Lz04+F1TMNArltQ/gsp4=
-21,-127,4UrlS+Gmppjyxr/dwISZyMgtz68=,n5W0FO/Lz04+F1TMNArltQ/gsp4=
-29,-115,4UrlS+Gmppjyxr/dwISZyMgtz68=,n5W0FO/Lz04+F1TMNArltQ/gsp4=
-19,-125,4UrlS+Gmppjyxr/dwISZyMgtz68=,n5W0FO/Lz04+F1TMNArltQ/gsp4=
-25,-115,4UrlS+Gmppjyxr/dwISZyMgtz68=,n5W0FO/Lz04+F1TMNArltQ/gsp4=
-31,-115,4UrlS+Gmppjyxr/dwISZyMgtz68=,n5W0FO/Lz04+F1TMNArltQ/gsp4=
-17,-116,4UrlS+Gmppjyxr/dwISZyMgtz68=,n5W0FO/Lz04+F1TMNArltQ/gsp4=
-32,-115,4UrlS+Gmppjyxr/dwISZyMgtz68=,n5W0FO/Lz04+F1TMNArltQ/gsp4=
-30,-115,4UrlS+Gmppjyxr/dwISZyMgtz68=,n5W0FO/Lz04+F1TMNArltQ/gsp4=
-28,-115,4UrlS+Gmppjyxr/dwISZyMgtz68=,n5W0FO/Lz04+F1TMNArltQ/gsp4=
-18,-125,4UrlS+Gmppjyxr/dwISZyMgtz68=,n5W0FO/Lz04+F1TMNArltQ/gsp4=
-19,-116,4UrlS+Gmppjyxr/dwISZyMgtz68=,n5W0FO/Lz04+F1TMNArltQ/gsp4=
-18,-116,4UrlS+Gmppjyxr/dwISZyMgtz68=,n5W0FO/Lz04+F1TMNArltQ/gsp4=
-20,-116,4UrlS+Gmppjyxr/dwISZyMgtz68=,n5W0FO/Lz04+F1TMNArltQ/gsp4=
-26,-116,4UrlS+Gmppjyxr/dwISZyMgtz68=,n5W0FO/Lz04+F1TMNArltQ/gsp4=
-21,-116,4UrlS+Gmppjyxr/dwISZyMgtz68=,n5W0FO/Lz04+F1TMNArltQ/gsp4=
-24,-116,4UrlS+Gmppjyxr/dwISZyMgtz68=,n5W0FO/Lz04+F1TMNArltQ/gsp4=
-23,-116,4UrlS+Gmppjyxr/dwISZyMgtz68=,n5W0FO/Lz04+F1TMNArltQ/gsp4=
-25,-116,4UrlS+Gmppjyxr/dwISZyMgtz68=,n5W0FO/Lz04+F1TMNArltQ/gsp4=
-17,-125,4UrlS+Gmppjyxr/dwISZyMgtz68=,n5W0FO/Lz04+F1TMNArltQ/gsp4=
-27,-116,4UrlS+Gmppjyxr/dwISZyMgtz68=,n5W0FO/Lz04+F1TMNArltQ/gsp4=
-28,-116,4UrlS+Gmppjyxr/dwISZyMgtz68=,n5W0FO/Lz04+F1TMNArltQ/gsp4=
-22,-127,4UrlS+Gmppjyxr/dwISZyMgtz68=,n5W0FO/Lz04+F1TMNArltQ/gsp4=
-29,-116,4UrlS+Gmppjyxr/dwISZyMgtz68=,n5W0FO/Lz04+F1TMNArltQ/gsp4=
-22,-116,4UrlS+Gmppjyxr/dwISZyMgtz68=,n5W0FO/Lz04+F1TMNArltQ/gsp4=
-32,-124,4UrlS+Gmppjyxr/dwISZyMgtz68=,n5W0FO/Lz04+F1TMNArltQ/gsp4=
-30,-116,4UrlS+Gmppjyxr/dwISZyMgtz68=,n5W0FO/Lz04+F1TMNArltQ/gsp4=
-19,-117,4UrlS+Gmppjyxr/dwISZyMgtz68=,n5W0FO/Lz04+F1TMNArltQ/gsp4=
-20,-117,4UrlS+Gmppjyxr/dwISZyMgtz68=,n5W0FO/Lz04+F1TMNArltQ/gsp4=
-18,-117,4UrlS+Gmppjyxr/dwISZyMgtz68=,n5W0FO/Lz04+F1TMNArltQ/gsp4=
-17,-117,4UrlS+Gmppjyxr/dwISZyMgtz68=,n5W0FO/Lz04+F1TMNArltQ/gsp4=
-31,-116,4UrlS+Gmppjyxr/dwISZyMgtz68=,n5W0FO/Lz04+F1TMNArltQ/gsp4=
-31,-124,4UrlS+Gmppjyxr/dwISZyMgtz68=,n5W0FO/Lz04+F1TMNArltQ/gsp4=
-23,-117,4UrlS+Gmppjyxr/dwISZyMgtz68=,n5W0FO/Lz04+F1TMNArltQ/gsp4=
-22,-117,4UrlS+Gmppjyxr/dwISZyMgtz68=,n5W0FO/Lz04+F1TMNArltQ/gsp4=
-24,-117,4UrlS+Gmppjyxr/dwISZyMgtz68=,n5W0FO/Lz04+F1TMNArltQ/gsp4=
-25,-117,4UrlS+Gmppjyxr/dwISZyMgtz68=,n5W0FO/Lz04+F1TMNArltQ/gsp4=
-26,-117,4UrlS+Gmppjyxr/dwISZyMgtz68=,n5W0FO/Lz04+F1TMNArltQ/gsp4=
-21,-117,4UrlS+Gmppjyxr/dwISZyMgtz68=,n5W0FO/Lz04+F1TMNArltQ/gsp4=
-30,-124,4UrlS+Gmppjyxr/dwISZyMgtz68=,n5W0FO/Lz04+F1TMNArltQ/gsp4=
-28,-117,4UrlS+Gmppjyxr/dwISZyMgtz68=,n5W0FO/Lz04+F1TMNArltQ/gsp4=
-23,-127,4UrlS+Gmppjyxr/dwISZyMgtz68=,n5W0FO/Lz04+F1TMNArltQ/gsp4=
-30,-117,4UrlS+Gmppjyxr/dwISZyMgtz68=,n5W0FO/Lz04+F1TMNArltQ/gsp4=
-27,-117,4UrlS+Gmppjyxr/dwISZyMgtz68=,n5W0FO/Lz04+F1TMNArltQ/gsp4=
-29,-117,4UrlS+Gmppjyxr/dwISZyMgtz68=,n5W0FO/Lz04+F1TMNArltQ/gsp4=
-32,-116,4UrlS+Gmppjyxr/dwISZyMgtz68=,n5W0FO/Lz04+F1TMNArltQ/gsp4=
-31,-117,4UrlS+Gmppjyxr/dwISZyMgtz68=,n5W0FO/Lz04+F1TMNArltQ/gsp4=
-21,-118,4UrlS+Gmppjyxr/dwISZyMgtz68=,n5W0FO/Lz04+F1TMNArltQ/gsp4=
-20,-118,4UrlS+Gmppjyxr/dwISZyMgtz68=,n5W0FO/Lz04+F1TMNArltQ/gsp4=
-19,-118,4UrlS+Gmppjyxr/dwISZyMgtz68=,n5W0FO/Lz04+F1TMNArltQ/gsp4=
-25,-118,4UrlS+Gmppjyxr/dwISZyMgtz68=,n5W0FO/Lz04+F1TMNArltQ/gsp4=
-18,-118,4UrlS+Gmppjyxr/dwISZyMgtz68=,n5W0FO/Lz04+F1TMNArltQ/gsp4=
-22,-118,4UrlS+Gmppjyxr/dwISZyMgtz68=,n5W0FO/Lz04+F1TMNArltQ/gsp4=
-24,-118,4UrlS+Gmppjyxr/dwISZyMgtz68=,n5W0FO/Lz04+F1TMNArltQ/gsp4=
-26,-118,4UrlS+Gmppjyxr/dwISZyMgtz68=,n5W0FO/Lz04+F1TMNArltQ/gsp4=
-24,-127,4UrlS+Gmppjyxr/dwISZyMgtz68=,n5W0FO/Lz04+F1TMNArltQ/gsp4=
-27,-118,4UrlS+Gmppjyxr/dwISZyMgtz68=,n5W0FO/Lz04+F1TMNArltQ/gsp4=
-28,-118,4UrlS+Gmppjyxr/dwISZyMgtz68=,n5W0FO/Lz04+F1TMNArltQ/gsp4=
-32,-118,4UrlS+Gmppjyxr/dwISZyMgtz68=,n5W0FO/Lz04+F1TMNArltQ/gsp4=
-23,-118,4UrlS+Gmppjyxr/dwISZyMgtz68=,n5W0FO/Lz04+F1TMNArltQ/gsp4=
-31,-118,4UrlS+Gmppjyxr/dwISZyMgtz68=,n5W0FO/Lz04+F1TMNArltQ/gsp4=
-17,-119,4UrlS+Gmppjyxr/dwISZyMgtz68=,n5W0FO/Lz04+F1TMNArltQ/gsp4=
-19,-119,4UrlS+Gmppjyxr/dwISZyMgtz68=,n5W0FO/Lz04+F1TMNArltQ/gsp4=
-21,-119,4UrlS+Gmppjyxr/dwISZyMgtz68=,n5W0FO/Lz04+F1TMNArltQ/gsp4=
-23,-119,4UrlS+Gmppjyxr/dwISZyMgtz68=,n5W0FO/Lz04+F1TMNArltQ/gsp4=
-32,-117,4UrlS+Gmppjyxr/dwISZyMgtz68=,n5W0FO/Lz04+F1TMNArltQ/gsp4=
-30,-118,4UrlS+Gmppjyxr/dwISZyMgtz68=,n5W0FO/Lz04+F1TMNArltQ/gsp4=
-26,-119,4UrlS+Gmppjyxr/dwISZyMgtz68=,n5W0FO/Lz04+F1TMNArltQ/gsp4=
-25,-119,4UrlS+Gmppjyxr/dwISZyMgtz68=,n5W0FO/Lz04+F1TMNArltQ/gsp4=
-29,-124,4UrlS+Gmppjyxr/dwISZyMgtz68=,n5W0FO/Lz04+F1TMNArltQ/gsp4=
-32,-119,4UrlS+Gmppjyxr/dwISZyMgtz68=,n5W0FO/Lz04+F1TMNArltQ/gsp4=
-22,-119,4UrlS+Gmppjyxr/dwISZyMgtz68=,n5W0FO/Lz04+F1TMNArltQ/gsp4=
-20,-119,4UrlS+Gmppjyxr/dwISZyMgtz68=,n5W0FO/Lz04+F1TMNArltQ/gsp4=
-31,-119,4UrlS+Gmppjyxr/dwISZyMgtz68=,n5W0FO/Lz04+F1TMNArltQ/gsp4=
-17,-118,4UrlS+Gmppjyxr/dwISZyMgtz68=,n5W0FO/Lz04+F1TMNArltQ/gsp4=
-28,-119,4UrlS+Gmppjyxr/dwISZyMgtz68=,n5W0FO/Lz04+F1TMNArltQ/gsp4=
-24,-119,4UrlS+Gmppjyxr/dwISZyMgtz68=,n5W0FO/Lz04+F1TMNArltQ/gsp4=
-30,-119,4UrlS+Gmppjyxr/dwISZyMgtz68=,n5W0FO/Lz04+F1TMNArltQ/gsp4=
-29,-119,4UrlS+Gmppjyxr/dwISZyMgtz68=,n5W0FO/Lz04+F1TMNArltQ/gsp4=
-18,-119,4UrlS+Gmppjyxr/dwISZyMgtz68=,n5W0FO/Lz04+F1TMNArltQ/gsp4=
-29,-118,4UrlS+Gmppjyxr/dwISZyMgtz68=,n5W0FO/Lz04+F1TMNArltQ/gsp4=
-25,-127,4UrlS+Gmppjyxr/dwISZyMgtz68=,n5W0FO/Lz04+F1TMNArltQ/gsp4=
-18,-120,4UrlS+Gmppjyxr/dwISZyMgtz68=,n5W0FO/Lz04+F1TMNArltQ/gsp4=
-27,-119,4UrlS+Gmppjyxr/dwISZyMgtz68=,n5W0FO/Lz04+F1TMNArltQ/gsp4=
-28,-124,4UrlS+Gmppjyxr/dwISZyMgtz68=,n5W0FO/Lz04+F1TMNArltQ/gsp4=
-17,-120,4UrlS+Gmppjyxr/dwISZyMgtz68=,n5W0FO/Lz04+F1TMNArltQ/gsp4=
-26,-127,4UrlS+Gmppjyxr/dwISZyMgtz68=,n5W0FO/Lz04+F1TMNArltQ/gsp4=
-26,-120,4UrlS+Gmppjyxr/dwISZyMgtz68=,n5W0FO/Lz04+F1TMNArltQ/gsp4=
-20,-120,4UrlS+Gmppjyxr/dwISZyMgtz68=,n5W0FO/Lz04+F1TMNArltQ/gsp4=
-28,-120,4UrlS+Gmppjyxr/dwISZyMgtz68=,n5W0FO/Lz04+F1TMNArltQ/gsp4=
-21,-120,4UrlS+Gmppjyxr/dwISZyMgtz68=,n5W0FO/Lz04+F1TMNArltQ/gsp4=
-23,-120,4UrlS+Gmppjyxr/dwISZyMgtz68=,n5W0FO/Lz04+F1TMNArltQ/gsp4=
-24,-120,4UrlS+Gmppjyxr/dwISZyMgtz68=,n5W0FO/Lz04+F1TMNArltQ/gsp4=
-19,-121,4UrlS+Gmppjyxr/dwISZyMgtz68=,n5W0FO/Lz04+F1TMNArltQ/gsp4=
-25,-120,4UrlS+Gmppjyxr/dwISZyMgtz68=,n5W0FO/Lz04+F1TMNArltQ/gsp4=
-27,-120,4UrlS+Gmppjyxr/dwISZyMgtz68=,n5W0FO/Lz04+F1TMNArltQ/gsp4=
-22,-120,4UrlS+Gmppjyxr/dwISZyMgtz68=,n5W0FO/Lz04+F1TMNArltQ/gsp4=
-19,-120,4UrlS+Gmppjyxr/dwISZyMgtz68=,n5W0FO/Lz04+F1TMNArltQ/gsp4=
-17,-121,4UrlS+Gmppjyxr/dwISZyMgtz68=,n5W0FO/Lz04+F1TMNArltQ/gsp4=
-27,-127,4UrlS+Gmppjyxr/dwISZyMgtz68=,n5W0FO/Lz04+F1TMNArltQ/gsp4=
-20,-121,4UrlS+Gmppjyxr/dwISZyMgtz68=,n5W0FO/Lz04+F1TMNArltQ/gsp4=
-29,-120,4UrlS+Gmppjyxr/dwISZyMgtz68=,n5W0FO/Lz04+F1TMNArltQ/gsp4=
-22,-121,4UrlS+Gmppjyxr/dwISZyMgtz68=,n5W0FO/Lz04+F1TMNArltQ/gsp4=
-31,-120,4UrlS+Gmppjyxr/dwISZyMgtz68=,n5W0FO/Lz04+F1TMNArltQ/gsp4=
-27,-124,4UrlS+Gmppjyxr/dwISZyMgtz68=,n5W0FO/Lz04+F1TMNArltQ/gsp4=
-18,-121,4UrlS+Gmppjyxr/dwISZyMgtz68=,n5W0FO/Lz04+F1TMNArltQ/gsp4=
-29,-121,4UrlS+Gmppjyxr/dwISZyMgtz68=,n5W0FO/Lz04+F1TMNArltQ/gsp4=
-21,-121,4UrlS+Gmppjyxr/dwISZyMgtz68=,n5W0FO/Lz04+F1TMNArltQ/gsp4=
-30,-120,4UrlS+Gmppjyxr/dwISZyMgtz68=,n5W0FO/Lz04+F1TMNArltQ/gsp4=
-31,-121,4UrlS+Gmppjyxr/dwISZyMgtz68=,n5W0FO/Lz04+F1TMNArltQ/gsp4=
-27,-121,4UrlS+Gmppjyxr/dwISZyMgtz68=,n5W0FO/Lz04+F1TMNArltQ/gsp4=
-20,-122,4UrlS+Gmppjyxr/dwISZyMgtz68=,n5W0FO/Lz04+F1TMNArltQ/gsp4=
-25,-121,4UrlS+Gmppjyxr/dwISZyMgtz68=,n5W0FO/Lz04+F1TMNArltQ/gsp4=
-24,-121,4UrlS+Gmppjyxr/dwISZyMgtz68=,n5W0FO/Lz04+F1TMNArltQ/gsp4=
-30,-121,4UrlS+Gmppjyxr/dwISZyMgtz68=,n5W0FO/Lz04+F1TMNArltQ/gsp4=
-26,-124,4UrlS+Gmppjyxr/dwISZyMgtz68=,n5W0FO/Lz04+F1TMNArltQ/gsp4=
-24,-122,4UrlS+Gmppjyxr/dwISZyMgtz68=,n5W0FO/Lz04+F1TMNArltQ/gsp4=
-19,-122,4UrlS+Gmppjyxr/dwISZyMgtz68=,n5W0FO/Lz04+F1TMNArltQ/gsp4=
-28,-121,4UrlS+Gmppjyxr/dwISZyMgtz68=,n5W0FO/Lz04+F1TMNArltQ/gsp4=
-25,-122,4UrlS+Gmppjyxr/dwISZyMgtz68=,n5W0FO/Lz04+F1TMNArltQ/gsp4=
-31,-122,4UrlS+Gmppjyxr/dwISZyMgtz68=,n5W0FO/Lz04+F1TMNArltQ/gsp4=
-18,-122,4UrlS+Gmppjyxr/dwISZyMgtz68=,n5W0FO/Lz04+F1TMNArltQ/gsp4=
-32,-120,4UrlS+Gmppjyxr/dwISZyMgtz68=,n5W0FO/Lz04+F1TMNArltQ/gsp4=
-28,-122,4UrlS+Gmppjyxr/dwISZyMgtz68=,n5W0FO/Lz04+F1TMNArltQ/gsp4=
-26,-122,4UrlS+Gmppjyxr/dwISZyMgtz68=,n5W0FO/Lz04+F1TMNArltQ/gsp4=
-32,-121,4UrlS+Gmppjyxr/dwISZyMgtz68=,n5W0FO/Lz04+F1TMNArltQ/gsp4=
-32,-122,4UrlS+Gmppjyxr/dwISZyMgtz68=,n5W0FO/Lz04+F1TMNArltQ/gsp4=
-25,-124,4UrlS+Gmppjyxr/dwISZyMgtz68=,n5W0FO/Lz04+F1TMNArltQ/gsp4=
-21,-122,4UrlS+Gmppjyxr/dwISZyMgtz68=,n5W0FO/Lz04+F1TMNArltQ/gsp4=
-21,-123,4UrlS+Gmppjyxr/dwISZyMgtz68=,n5W0FO/Lz04+F1TMNArltQ/gsp4=
-17,-123,4UrlS+Gmppjyxr/dwISZyMgtz68=,n5W0FO/Lz04+F1TMNArltQ/gsp4=
-28,-127,4UrlS+Gmppjyxr/dwISZyMgtz68=,n5W0FO/Lz04+F1TMNArltQ/gsp4=
-30,-122,4UrlS+Gmppjyxr/dwISZyMgtz68=,n5W0FO/Lz04+F1TMNArltQ/gsp4=
-25,-123,4UrlS+Gmppjyxr/dwISZyMgtz68=,n5W0FO/Lz04+F1TMNArltQ/gsp4=
-22,-123,4UrlS+Gmppjyxr/dwISZyMgtz68=,n5W0FO/Lz04+F1TMNArltQ/gsp4=
-19,-123,4UrlS+Gmppjyxr/dwISZyMgtz68=,n5W0FO/Lz04+F1TMNArltQ/gsp4=
-24,-123,4UrlS+Gmppjyxr/dwISZyMgtz68=,n5W0FO/Lz04+F1TMNArltQ/gsp4=
-27,-123,4UrlS+Gmppjyxr/dwISZyMgtz68=,n5W0FO/Lz04+F1TMNArltQ/gsp4=
-18,-123,4UrlS+Gmppjyxr/dwISZyMgtz68=,n5W0FO/Lz04+F1TMNArltQ/gsp4=
-18,-124,4UrlS+Gmppjyxr/dwISZyMgtz68=,n5W0FO/Lz04+F1TMNArltQ/gsp4=
-20,-123,4UrlS+Gmppjyxr/dwISZyMgtz68=,n5W0FO/Lz04+F1TMNArltQ/gsp4=
-24,-124,4UrlS+Gmppjyxr/dwISZyMgtz68=,n5W0FO/Lz04+F1TMNArltQ/gsp4=
-29,-127,4UrlS+Gmppjyxr/dwISZyMgtz68=,n5W0FO/Lz04+F1TMNArltQ/gsp4=
-17,-124,4UrlS+Gmppjyxr/dwISZyMgtz68=,n5W0FO/Lz04+F1TMNArltQ/gsp4=
-26,-123,4UrlS+Gmppjyxr/dwISZyMgtz68=,n5W0FO/Lz04+F1TMNArltQ/gsp4=
-31,-123,4UrlS+Gmppjyxr/dwISZyMgtz68=,n5W0FO/Lz04+F1TMNArltQ/gsp4=
-32,-123,4UrlS+Gmppjyxr/dwISZyMgtz68=,n5W0FO/Lz04+F1TMNArltQ/gsp4=
-22,-124,4UrlS+Gmppjyxr/dwISZyMgtz68=,n5W0FO/Lz04+F1TMNArltQ/gsp4=
-19,-124,4UrlS+Gmppjyxr/dwISZyMgtz68=,n5W0FO/Lz04+F1TMNArltQ/gsp4=
-23,-123,4UrlS+Gmppjyxr/dwISZyMgtz68=,n5W0FO/Lz04+F1TMNArltQ/gsp4=
-23,-124,4UrlS+Gmppjyxr/dwISZyMgtz68=,n5W0FO/Lz04+F1TMNArltQ/gsp4=
-29,-122,4UrlS+Gmppjyxr/dwISZyMgtz68=,n5W0FO/Lz04+F1TMNArltQ/gsp4=
-23,-121,4UrlS+Gmppjyxr/dwISZyMgtz68=,n5W0FO/Lz04+F1TMNArltQ/gsp4=
-30,-127,4UrlS+Gmppjyxr/dwISZyMgtz68=,n5W0FO/Lz04+F1TMNArltQ/gsp4=
-23,-122,4UrlS+Gmppjyxr/dwISZyMgtz68=,n5W0FO/Lz04+F1TMNArltQ/gsp4=
-21,-124,4UrlS+Gmppjyxr/dwISZyMgtz68=,n5W0FO/Lz04+F1TMNArltQ/gsp4=
-26,-121,4UrlS+Gmppjyxr/dwISZyMgtz68=,n5W0FO/Lz04+F1TMNArltQ/gsp4=
-20,-124,4UrlS+Gmppjyxr/dwISZyMgtz68=,n5W0FO/Lz04+F1TMNArltQ/gsp4=
-22,-122,4UrlS+Gmppjyxr/dwISZyMgtz68=,n5W0FO/Lz04+F1TMNArltQ/gsp4=
-29,-123,4UrlS+Gmppjyxr/dwISZyMgtz68=,n5W0FO/Lz04+F1TMNArltQ/gsp4=
-30,-123,4UrlS+Gmppjyxr/dwISZyMgtz68=,n5W0FO/Lz04+F1TMNArltQ/gsp4=
-17,-122,4UrlS+Gmppjyxr/dwISZyMgtz68=,n5W0FO/Lz04+F1TMNArltQ/gsp4=
-27,-122,4UrlS+Gmppjyxr/dwISZyMgtz68=,n5W0FO/Lz04+F1TMNArltQ/gsp4=
-28,-123,4UrlS+Gmppjyxr/dwISZyMgtz68=,n5W0FO/Lz04+F1TMNArltQ/gsp4=
-1,-128,zBHNBWaCzcVKHhY8lEkvOY4Vb/4=,n5W0FO/Lz04+F1TMNArltQ/gsp4=
-1,-113,zBHNBWaCzcVKHhY8lEkvOY4Vb/4=,n5W0FO/Lz04+F1TMNArltQ/gsp4=
-2,-113,zBHNBWaCzcVKHhY8lEkvOY4Vb/4=,n5W0FO/Lz04+F1TMNArltQ/gsp4=
-4,-113,zBHNBWaCzcVKHhY8lEkvOY4Vb/4=,n5W0FO/Lz04+F1TMNArltQ/gsp4=
-3,-113,zBHNBWaCzcVKHhY8lEkvOY4Vb/4=,n5W0FO/Lz04+F1TMNArltQ/gsp4=
-6,-113,zBHNBWaCzcVKHhY8lEkvOY4Vb/4=,n5W0FO/Lz04+F1TMNArltQ/gsp4=
-8,-113,zBHNBWaCzcVKHhY8lEkvOY4Vb/4=,n5W0FO/Lz04+F1TMNArltQ/gsp4=
-5,-113,zBHNBWaCzcVKHhY8lEkvOY4Vb/4=,n5W0FO/Lz04+F1TMNArltQ/gsp4=
-10,-113,zBHNBWaCzcVKHhY8lEkvOY4Vb/4=,n5W0FO/Lz04+F1TMNArltQ/gsp4=
-7,-113,zBHNBWaCzcVKHhY8lEkvOY4Vb/4=,n5W0FO/Lz04+F1TMNArltQ/gsp4=
-9,-113,zBHNBWaCzcVKHhY8lEkvOY4Vb/4=,n5W0FO/Lz04+F1TMNArltQ/gsp4=
-11,-113,zBHNBWaCzcVKHhY8lEkvOY4Vb/4=,n5W0FO/Lz04+F1TMNArltQ/gsp4=
-12,-113,zBHNBWaCzcVKHhY8lEkvOY4Vb/4=,n5W0FO/Lz04+F1TMNArltQ/gsp4=
-16,-113,zBHNBWaCzcVKHhY8lEkvOY4Vb/4=,n5W0FO/Lz04+F1TMNArltQ/gsp4=
-13,-113,zBHNBWaCzcVKHhY8lEkvOY4Vb/4=,n5W0FO/Lz04+F1TMNArltQ/gsp4=
-16,-127,zBHNBWaCzcVKHhY8lEkvOY4Vb/4=,n5W0FO/Lz04+F1TMNArltQ/gsp4=
-15,-113,zBHNBWaCzcVKHhY8lEkvOY4Vb/4=,n5W0FO/Lz04+F1TMNArltQ/gsp4=
-14,-113,zBHNBWaCzcVKHhY8lEkvOY4Vb/4=,n5W0FO/Lz04+F1TMNArltQ/gsp4=
-2,-114,zBHNBWaCzcVKHhY8lEkvOY4Vb/4=,n5W0FO/Lz04+F1TMNArltQ/gsp4=
-1,-114,zBHNBWaCzcVKHhY8lEkvOY4Vb/4=,n5W0FO/Lz04+F1TMNArltQ/gsp4=
-16,-128,zBHNBWaCzcVKHhY8lEkvOY4Vb/4=,n5W0FO/Lz04+F1TMNArltQ/gsp4=
-3,-114,zBHNBWaCzcVKHhY8lEkvOY4Vb/4=,n5W0FO/Lz04+F1TMNArltQ/gsp4=
-5,-114,zBHNBWaCzcVKHhY8lEkvOY4Vb/4=,n5W0FO/Lz04+F1TMNArltQ/gsp4=
-6,-114,zBHNBWaCzcVKHhY8lEkvOY4Vb/4=,n5W0FO/Lz04+F1TMNArltQ/gsp4=
-7,-114,zBHNBWaCzcVKHhY8lEkvOY4Vb/4=,n5W0FO/Lz04+F1TMNArltQ/gsp4=
-4,-114,zBHNBWaCzcVKHhY8lEkvOY4Vb/4=,n5W0FO/Lz04+F1TMNArltQ/gsp4=
-15,-127,zBHNBWaCzcVKHhY8lEkvOY4Vb/4=,n5W0FO/Lz04+F1TMNArltQ/gsp4=
-8,-114,zBHNBWaCzcVKHhY8lEkvOY4Vb/4=,n5W0FO/Lz04+F1TMNArltQ/gsp4=
-9,-114,zBHNBWaCzcVKHhY8lEkvOY4Vb/4=,n5W0FO/Lz04+F1TMNArltQ/gsp4=
-10,-114,zBHNBWaCzcVKHhY8lEkvOY4Vb/4=,n5W0FO/Lz04+F1TMNArltQ/gsp4=
-14,-114,zBHNBWaCzcVKHhY8lEkvOY4Vb/4=,n5W0FO/Lz04+F1TMNArltQ/gsp4=
-11,-114,zBHNBWaCzcVKHhY8lEkvOY4Vb/4=,n5W0FO/Lz04+F1TMNArltQ/gsp4=
-14,-127,zBHNBWaCzcVKHhY8lEkvOY4Vb/4=,n5W0FO/Lz04+F1TMNArltQ/gsp4=
-13,-114,zBHNBWaCzcVKHhY8lEkvOY4Vb/4=,n5W0FO/Lz04+F1TMNArltQ/gsp4=
-2,-128,zBHNBWaCzcVKHhY8lEkvOY4Vb/4=,n5W0FO/Lz04+F1TMNArltQ/gsp4=
-13,-127,zBHNBWaCzcVKHhY8lEkvOY4Vb/4=,n5W0FO/Lz04+F1TMNArltQ/gsp4=
-1,-115,zBHNBWaCzcVKHhY8lEkvOY4Vb/4=,n5W0FO/Lz04+F1TMNArltQ/gsp4=
-12,-127,zBHNBWaCzcVKHhY8lEkvOY4Vb/4=,n5W0FO/Lz04+F1TMNArltQ/gsp4=
-12,-114,zBHNBWaCzcVKHhY8lEkvOY4Vb/4=,n5W0FO/Lz04+F1TMNArltQ/gsp4=
-2,-115,zBHNBWaCzcVKHhY8lEkvOY4Vb/4=,n5W0FO/Lz04+F1TMNArltQ/gsp4=
-11,-127,zBHNBWaCzcVKHhY8lEkvOY4Vb/4=,n5W0FO/Lz04+F1TMNArltQ/gsp4=
-3,-115,zBHNBWaCzcVKHhY8lEkvOY4Vb/4=,n5W0FO/Lz04+F1TMNArltQ/gsp4=
-15,-114,zBHNBWaCzcVKHhY8lEkvOY4Vb/4=,n5W0FO/Lz04+F1TMNArltQ/gsp4=
-10,-127,zBHNBWaCzcVKHhY8lEkvOY4Vb/4=,n5W0FO/Lz04+F1TMNArltQ/gsp4=
-6,-115,zBHNBWaCzcVKHhY8lEkvOY4Vb/4=,n5W0FO/Lz04+F1TMNArltQ/gsp4=
-5,-115,zBHNBWaCzcVKHhY8lEkvOY4Vb/4=,n5W0FO/Lz04+F1TMNArltQ/gsp4=
-7,-115,zBHNBWaCzcVKHhY8lEkvOY4Vb/4=,n5W0FO/Lz04+F1TMNArltQ/gsp4=
-9,-127,zBHNBWaCzcVKHhY8lEkvOY4Vb/4=,n5W0FO/Lz04+F1TMNArltQ/gsp4=
-8,-115,zBHNBWaCzcVKHhY8lEkvOY4Vb/4=,n5W0FO/Lz04+F1TMNArltQ/gsp4=
-16,-114,zBHNBWaCzcVKHhY8lEkvOY4Vb/4=,n5W0FO/Lz04+F1TMNArltQ/gsp4=
-9,-115,zBHNBWaCzcVKHhY8lEkvOY4Vb/4=,n5W0FO/Lz04+F1TMNArltQ/gsp4=
-4,-115,zBHNBWaCzcVKHhY8lEkvOY4Vb/4=,n5W0FO/Lz04+F1TMNArltQ/gsp4=
-12,-115,zBHNBWaCzcVKHhY8lEkvOY4Vb/4=,n5W0FO/Lz04+F1TMNArltQ/gsp4=
-11,-115,zBHNBWaCzcVKHhY8lEkvOY4Vb/4=,n5W0FO/Lz04+F1TMNArltQ/gsp4=
-8,-127,zBHNBWaCzcVKHhY8lEkvOY4Vb/4=,n5W0FO/Lz04+F1TMNArltQ/gsp4=
-10,-115,zBHNBWaCzcVKHhY8lEkvOY4Vb/4=,n5W0FO/Lz04+F1TMNArltQ/gsp4=
-15,-115,zBHNBWaCzcVKHhY8lEkvOY4Vb/4=,n5W0FO/Lz04+F1TMNArltQ/gsp4=
-13,-115,zBHNBWaCzcVKHhY8lEkvOY4Vb/4=,n5W0FO/Lz04+F1TMNArltQ/gsp4=
-7,-127,zBHNBWaCzcVKHhY8lEkvOY4Vb/4=,n5W0FO/Lz04+F1TMNArltQ/gsp4=
-3,-128,zBHNBWaCzcVKHhY8lEkvOY4Vb/4=,n5W0FO/Lz04+F1TMNArltQ/gsp4=
-16,-115,zBHNBWaCzcVKHhY8lEkvOY4Vb/4=,n5W0FO/Lz04+F1TMNArltQ/gsp4=
-1,-116,zBHNBWaCzcVKHhY8lEkvOY4Vb/4=,n5W0FO/Lz04+F1TMNArltQ/gsp4=
-3,-116,zBHNBWaCzcVKHhY8lEkvOY4Vb/4=,n5W0FO/Lz04+F1TMNArltQ/gsp4=
-6,-127,zBHNBWaCzcVKHhY8lEkvOY4Vb/4=,n5W0FO/Lz04+F1TMNArltQ/gsp4=
-2,-116,zBHNBWaCzcVKHhY8lEkvOY4Vb/4=,n5W0FO/Lz04+F1TMNArltQ/gsp4=
-4,-116,zBHNBWaCzcVKHhY8lEkvOY4Vb/4=,n5W0FO/Lz04+F1TMNArltQ/gsp4=
-6,-116,zBHNBWaCzcVKHhY8lEkvOY4Vb/4=,n5W0FO/Lz04+F1TMNArltQ/gsp4=
-5,-116,zBHNBWaCzcVKHhY8lEkvOY4Vb/4=,n5W0FO/Lz04+F1TMNArltQ/gsp4=
-10,-116,zBHNBWaCzcVKHhY8lEkvOY4Vb/4=,n5W0FO/Lz04+F1TMNArltQ/gsp4=
-5,-127,zBHNBWaCzcVKHhY8lEkvOY4Vb/4=,n5W0FO/Lz04+F1TMNArltQ/gsp4=
-8,-116,zBHNBWaCzcVKHhY8lEkvOY4Vb/4=,n5W0FO/Lz04+F1TMNArltQ/gsp4=
-9,-116,zBHNBWaCzcVKHhY8lEkvOY4Vb/4=,n5W0FO/Lz04+F1TMNArltQ/gsp4=
-7,-116,zBHNBWaCzcVKHhY8lEkvOY4Vb/4=,n5W0FO/Lz04+F1TMNArltQ/gsp4=
-11,-116,zBHNBWaCzcVKHhY8lEkvOY4Vb/4=,n5W0FO/Lz04+F1TMNArltQ/gsp4=
-13,-116,zBHNBWaCzcVKHhY8lEkvOY4Vb/4=,n5W0FO/Lz04+F1TMNArltQ/gsp4=
-14,-115,zBHNBWaCzcVKHhY8lEkvOY4Vb/4=,n5W0FO/Lz04+F1TMNArltQ/gsp4=
-12,-116,zBHNBWaCzcVKHhY8lEkvOY4Vb/4=,n5W0FO/Lz04+F1TMNArltQ/gsp4=
-14,-116,zBHNBWaCzcVKHhY8lEkvOY4Vb/4=,n5W0FO/Lz04+F1TMNArltQ/gsp4=
-4,-127,zBHNBWaCzcVKHhY8lEkvOY4Vb/4=,n5W0FO/Lz04+F1TMNArltQ/gsp4=
-15,-116,zBHNBWaCzcVKHhY8lEkvOY4Vb/4=,n5W0FO/Lz04+F1TMNArltQ/gsp4=
-4,-128,zBHNBWaCzcVKHhY8lEkvOY4Vb/4=,n5W0FO/Lz04+F1TMNArltQ/gsp4=
-5,-117,zBHNBWaCzcVKHhY8lEkvOY4Vb/4=,n5W0FO/Lz04+F1TMNArltQ/gsp4=
-3,-117,zBHNBWaCzcVKHhY8lEkvOY4Vb/4=,n5W0FO/Lz04+F1TMNArltQ/gsp4=
-4,-117,zBHNBWaCzcVKHhY8lEkvOY4Vb/4=,n5W0FO/Lz04+F1TMNArltQ/gsp4=
-3,-127,zBHNBWaCzcVKHhY8lEkvOY4Vb/4=,n5W0FO/Lz04+F1TMNArltQ/gsp4=
-7,-117,zBHNBWaCzcVKHhY8lEkvOY4Vb/4=,n5W0FO/Lz04+F1TMNArltQ/gsp4=
-6,-117,zBHNBWaCzcVKHhY8lEkvOY4Vb/4=,n5W0FO/Lz04+F1TMNArltQ/gsp4=
-2,-117,zBHNBWaCzcVKHhY8lEkvOY4Vb/4=,n5W0FO/Lz04+F1TMNArltQ/gsp4=
-9,-117,zBHNBWaCzcVKHhY8lEkvOY4Vb/4=,n5W0FO/Lz04+F1TMNArltQ/gsp4=
-8,-117,zBHNBWaCzcVKHhY8lEkvOY4Vb/4=,n5W0FO/Lz04+F1TMNArltQ/gsp4=
-1,-117,zBHNBWaCzcVKHhY8lEkvOY4Vb/4=,n5W0FO/Lz04+F1TMNArltQ/gsp4=
-10,-117,zBHNBWaCzcVKHhY8lEkvOY4Vb/4=,n5W0FO/Lz04+F1TMNArltQ/gsp4=
-16,-116,zBHNBWaCzcVKHhY8lEkvOY4Vb/4=,n5W0FO/Lz04+F1TMNArltQ/gsp4=
-15,-128,zBHNBWaCzcVKHhY8lEkvOY4Vb/4=,n5W0FO/Lz04+F1TMNArltQ/gsp4=
-11,-117,zBHNBWaCzcVKHhY8lEkvOY4Vb/4=,n5W0FO/Lz04+F1TMNArltQ/gsp4=
-12,-117,zBHNBWaCzcVKHhY8lEkvOY4Vb/4=,n5W0FO/Lz04+F1TMNArltQ/gsp4=
-14,-117,zBHNBWaCzcVKHhY8lEkvOY4Vb/4=,n5W0FO/Lz04+F1TMNArltQ/gsp4=
-13,-117,zBHNBWaCzcVKHhY8lEkvOY4Vb/4=,n5W0FO/Lz04+F1TMNArltQ/gsp4=
-5,-128,zBHNBWaCzcVKHhY8lEkvOY4Vb/4=,n5W0FO/Lz04+F1TMNArltQ/gsp4=
-16,-117,zBHNBWaCzcVKHhY8lEkvOY4Vb/4=,n5W0FO/Lz04+F1TMNArltQ/gsp4=
-2,-127,zBHNBWaCzcVKHhY8lEkvOY4Vb/4=,n5W0FO/Lz04+F1TMNArltQ/gsp4=
-15,-117,zBHNBWaCzcVKHhY8lEkvOY4Vb/4=,n5W0FO/Lz04+F1TMNArltQ/gsp4=
-1,-118,zBHNBWaCzcVKHhY8lEkvOY4Vb/4=,n5W0FO/Lz04+F1TMNArltQ/gsp4=
-3,-118,zBHNBWaCzcVKHhY8lEkvOY4Vb/4=,n5W0FO/Lz04+F1TMNArltQ/gsp4=
-1,-127,zBHNBWaCzcVKHhY8lEkvOY4Vb/4=,n5W0FO/Lz04+F1TMNArltQ/gsp4=
-6,-118,zBHNBWaCzcVKHhY8lEkvOY4Vb/4=,n5W0FO/Lz04+F1TMNArltQ/gsp4=
-5,-118,zBHNBWaCzcVKHhY8lEkvOY4Vb/4=,n5W0FO/Lz04+F1TMNArltQ/gsp4=
-4,-118,zBHNBWaCzcVKHhY8lEkvOY4Vb/4=,n5W0FO/Lz04+F1TMNArltQ/gsp4=
-8,-118,zBHNBWaCzcVKHhY8lEkvOY4Vb/4=,n5W0FO/Lz04+F1TMNArltQ/gsp4=
-7,-118,zBHNBWaCzcVKHhY8lEkvOY4Vb/4=,n5W0FO/Lz04+F1TMNArltQ/gsp4=
-9,-118,zBHNBWaCzcVKHhY8lEkvOY4Vb/4=,n5W0FO/Lz04+F1TMNArltQ/gsp4=
-14,-128,zBHNBWaCzcVKHhY8lEkvOY4Vb/4=,n5W0FO/Lz04+F1TMNArltQ/gsp4=
-11,-118,zBHNBWaCzcVKHhY8lEkvOY4Vb/4=,n5W0FO/Lz04+F1TMNArltQ/gsp4=
-10,-118,zBHNBWaCzcVKHhY8lEkvOY4Vb/4=,n5W0FO/Lz04+F1TMNArltQ/gsp4=
-12,-118,zBHNBWaCzcVKHhY8lEkvOY4Vb/4=,n5W0FO/Lz04+F1TMNArltQ/gsp4=
-13,-118,zBHNBWaCzcVKHhY8lEkvOY4Vb/4=,n5W0FO/Lz04+F1TMNArltQ/gsp4=
-15,-118,zBHNBWaCzcVKHhY8lEkvOY4Vb/4=,n5W0FO/Lz04+F1TMNArltQ/gsp4=
-14,-118,zBHNBWaCzcVKHhY8lEkvOY4Vb/4=,n5W0FO/Lz04+F1TMNArltQ/gsp4=
-6,-128,zBHNBWaCzcVKHhY8lEkvOY4Vb/4=,n5W0FO/Lz04+F1TMNArltQ/gsp4=
-1,-119,zBHNBWaCzcVKHhY8lEkvOY4Vb/4=,n5W0FO/Lz04+F1TMNArltQ/gsp4=
-16,-126,zBHNBWaCzcVKHhY8lEkvOY4Vb/4=,n5W0FO/Lz04+F1TMNArltQ/gsp4=
-2,-119,zBHNBWaCzcVKHhY8lEkvOY4Vb/4=,n5W0FO/Lz04+F1TMNArltQ/gsp4=
-3,-119,zBHNBWaCzcVKHhY8lEkvOY4Vb/4=,n5W0FO/Lz04+F1TMNArltQ/gsp4=
-16,-118,zBHNBWaCzcVKHhY8lEkvOY4Vb/4=,n5W0FO/Lz04+F1TMNArltQ/gsp4=
-5,-119,zBHNBWaCzcVKHhY8lEkvOY4Vb/4=,n5W0FO/Lz04+F1TMNArltQ/gsp4=
-15,-126,zBHNBWaCzcVKHhY8lEkvOY4Vb/4=,n5W0FO/Lz04+F1TMNArltQ/gsp4=
-4,-119,zBHNBWaCzcVKHhY8lEkvOY4Vb/4=,n5W0FO/Lz04+F1TMNArltQ/gsp4=
-7,-119,zBHNBWaCzcVKHhY8lEkvOY4Vb/4=,n5W0FO/Lz04+F1TMNArltQ/gsp4=
-2,-118,zBHNBWaCzcVKHhY8lEkvOY4Vb/4=,n5W0FO/Lz04+F1TMNArltQ/gsp4=
-6,-119,zBHNBWaCzcVKHhY8lEkvOY4Vb/4=,n5W0FO/Lz04+F1TMNArltQ/gsp4=
-9,-119,zBHNBWaCzcVKHhY8lEkvOY4Vb/4=,n5W0FO/Lz04+F1TMNArltQ/gsp4=
-8,-119,zBHNBWaCzcVKHhY8lEkvOY4Vb/4=,n5W0FO/Lz04+F1TMNArltQ/gsp4=
-10,-119,zBHNBWaCzcVKHhY8lEkvOY4Vb/4=,n5W0FO/Lz04+F1TMNArltQ/gsp4=
-11,-119,zBHNBWaCzcVKHhY8lEkvOY4Vb/4=,n5W0FO/Lz04+F1TMNArltQ/gsp4=
-12,-119,zBHNBWaCzcVKHhY8lEkvOY4Vb/4=,n5W0FO/Lz04+F1TMNArltQ/gsp4=
-14,-126,zBHNBWaCzcVKHhY8lEkvOY4Vb/4=,n5W0FO/Lz04+F1TMNArltQ/gsp4=
-13,-119,zBHNBWaCzcVKHhY8lEkvOY4Vb/4=,n5W0FO/Lz04+F1TMNArltQ/gsp4=
-2,-120,zBHNBWaCzcVKHhY8lEkvOY4Vb/4=,n5W0FO/Lz04+F1TMNArltQ/gsp4=
-7,-128,zBHNBWaCzcVKHhY8lEkvOY4Vb/4=,n5W0FO/Lz04+F1TMNArltQ/gsp4=
-16,-119,zBHNBWaCzcVKHhY8lEkvOY4Vb/4=,n5W0FO/Lz04+F1TMNArltQ/gsp4=
-15,-119,zBHNBWaCzcVKHhY8lEkvOY4Vb/4=,n5W0FO/Lz04+F1TMNArltQ/gsp4=
-1,-120,zBHNBWaCzcVKHhY8lEkvOY4Vb/4=,n5W0FO/Lz04+F1TMNArltQ/gsp4=
-14,-119,zBHNBWaCzcVKHhY8lEkvOY4Vb/4=,n5W0FO/Lz04+F1TMNArltQ/gsp4=
-13,-126,zBHNBWaCzcVKHhY8lEkvOY4Vb/4=,n5W0FO/Lz04+F1TMNArltQ/gsp4=
-3,-120,zBHNBWaCzcVKHhY8lEkvOY4Vb/4=,n5W0FO/Lz04+F1TMNArltQ/gsp4=
-5,-120,zBHNBWaCzcVKHhY8lEkvOY4Vb/4=,n5W0FO/Lz04+F1TMNArltQ/gsp4=
-12,-120,zBHNBWaCzcVKHhY8lEkvOY4Vb/4=,n5W0FO/Lz04+F1TMNArltQ/gsp4=
-7,-120,zBHNBWaCzcVKHhY8lEkvOY4Vb/4=,n5W0FO/Lz04+F1TMNArltQ/gsp4=
-6,-120,zBHNBWaCzcVKHhY8lEkvOY4Vb/4=,n5W0FO/Lz04+F1TMNArltQ/gsp4=
-9,-120,zBHNBWaCzcVKHhY8lEkvOY4Vb/4=,n5W0FO/Lz04+F1TMNArltQ/gsp4=
-4,-120,zBHNBWaCzcVKHhY8lEkvOY4Vb/4=,n5W0FO/Lz04+F1TMNArltQ/gsp4=
-14,-120,zBHNBWaCzcVKHhY8lEkvOY4Vb/4=,n5W0FO/Lz04+F1TMNArltQ/gsp4=
-8,-120,zBHNBWaCzcVKHhY8lEkvOY4Vb/4=,n5W0FO/Lz04+F1TMNArltQ/gsp4=
-16,-120,zBHNBWaCzcVKHhY8lEkvOY4Vb/4=,n5W0FO/Lz04+F1TMNArltQ/gsp4=
-11,-120,zBHNBWaCzcVKHhY8lEkvOY4Vb/4=,n5W0FO/Lz04+F1TMNArltQ/gsp4=
-10,-120,zBHNBWaCzcVKHhY8lEkvOY4Vb/4=,n5W0FO/Lz04+F1TMNArltQ/gsp4=
-3,-121,zBHNBWaCzcVKHhY8lEkvOY4Vb/4=,n5W0FO/Lz04+F1TMNArltQ/gsp4=
-13,-120,zBHNBWaCzcVKHhY8lEkvOY4Vb/4=,n5W0FO/Lz04+F1TMNArltQ/gsp4=
-6,-121,zBHNBWaCzcVKHhY8lEkvOY4Vb/4=,n5W0FO/Lz04+F1TMNArltQ/gsp4=
-4,-121,zBHNBWaCzcVKHhY8lEkvOY4Vb/4=,n5W0FO/Lz04+F1TMNArltQ/gsp4=
-5,-121,zBHNBWaCzcVKHhY8lEkvOY4Vb/4=,n5W0FO/Lz04+F1TMNArltQ/gsp4=
-15,-120,zBHNBWaCzcVKHhY8lEkvOY4Vb/4=,n5W0FO/Lz04+F1TMNArltQ/gsp4=
-11,-121,zBHNBWaCzcVKHhY8lEkvOY4Vb/4=,n5W0FO/Lz04+F1TMNArltQ/gsp4=
-2,-121,zBHNBWaCzcVKHhY8lEkvOY4Vb/4=,n5W0FO/Lz04+F1TMNArltQ/gsp4=
-7,-121,zBHNBWaCzcVKHhY8lEkvOY4Vb/4=,n5W0FO/Lz04+F1TMNArltQ/gsp4=
-1,-121,zBHNBWaCzcVKHhY8lEkvOY4Vb/4=,n5W0FO/Lz04+F1TMNArltQ/gsp4=
-13,-121,zBHNBWaCzcVKHhY8lEkvOY4Vb/4=,n5W0FO/Lz04+F1TMNArltQ/gsp4=
-14,-121,zBHNBWaCzcVKHhY8lEkvOY4Vb/4=,n5W0FO/Lz04+F1TMNArltQ/gsp4=
-10,-121,zBHNBWaCzcVKHhY8lEkvOY4Vb/4=,n5W0FO/Lz04+F1TMNArltQ/gsp4=
-8,-128,zBHNBWaCzcVKHhY8lEkvOY4Vb/4=,n5W0FO/Lz04+F1TMNArltQ/gsp4=
-9,-128,zBHNBWaCzcVKHhY8lEkvOY4Vb/4=,n5W0FO/Lz04+F1TMNArltQ/gsp4=
-8,-121,zBHNBWaCzcVKHhY8lEkvOY4Vb/4=,n5W0FO/Lz04+F1TMNArltQ/gsp4=
-9,-121,zBHNBWaCzcVKHhY8lEkvOY4Vb/4=,n5W0FO/Lz04+F1TMNArltQ/gsp4=
-12,-126,zBHNBWaCzcVKHhY8lEkvOY4Vb/4=,n5W0FO/Lz04+F1TMNArltQ/gsp4=
-1,-122,zBHNBWaCzcVKHhY8lEkvOY4Vb/4=,n5W0FO/Lz04+F1TMNArltQ/gsp4=
-4,-122,zBHNBWaCzcVKHhY8lEkvOY4Vb/4=,n5W0FO/Lz04+F1TMNArltQ/gsp4=
-6,-122,zBHNBWaCzcVKHhY8lEkvOY4Vb/4=,n5W0FO/Lz04+F1TMNArltQ/gsp4=
-12,-121,zBHNBWaCzcVKHhY8lEkvOY4Vb/4=,n5W0FO/Lz04+F1TMNArltQ/gsp4=
-16,-121,zBHNBWaCzcVKHhY8lEkvOY4Vb/4=,n5W0FO/Lz04+F1TMNArltQ/gsp4=
-2,-122,zBHNBWaCzcVKHhY8lEkvOY4Vb/4=,n5W0FO/Lz04+F1TMNArltQ/gsp4=
-7,-122,zBHNBWaCzcVKHhY8lEkvOY4Vb/4=,n5W0FO/Lz04+F1TMNArltQ/gsp4=
-3,-122,zBHNBWaCzcVKHhY8lEkvOY4Vb/4=,n5W0FO/Lz04+F1TMNArltQ/gsp4=
-9,-122,zBHNBWaCzcVKHhY8lEkvOY4Vb/4=,n5W0FO/Lz04+F1TMNArltQ/gsp4=
-8,-122,zBHNBWaCzcVKHhY8lEkvOY4Vb/4=,n5W0FO/Lz04+F1TMNArltQ/gsp4=
-5,-122,zBHNBWaCzcVKHhY8lEkvOY4Vb/4=,n5W0FO/Lz04+F1TMNArltQ/gsp4=
-10,-122,zBHNBWaCzcVKHhY8lEkvOY4Vb/4=,n5W0FO/Lz04+F1TMNArltQ/gsp4=
-16,-122,zBHNBWaCzcVKHhY8lEkvOY4Vb/4=,n5W0FO/Lz04+F1TMNArltQ/gsp4=
-15,-121,zBHNBWaCzcVKHhY8lEkvOY4Vb/4=,n5W0FO/Lz04+F1TMNArltQ/gsp4=
-12,-122,zBHNBWaCzcVKHhY8lEkvOY4Vb/4=,n5W0FO/Lz04+F1TMNArltQ/gsp4=
-11,-126,zBHNBWaCzcVKHhY8lEkvOY4Vb/4=,n5W0FO/Lz04+F1TMNArltQ/gsp4=
-13,-122,zBHNBWaCzcVKHhY8lEkvOY4Vb/4=,n5W0FO/Lz04+F1TMNArltQ/gsp4=
-10,-128,zBHNBWaCzcVKHhY8lEkvOY4Vb/4=,n5W0FO/Lz04+F1TMNArltQ/gsp4=
-14,-122,zBHNBWaCzcVKHhY8lEkvOY4Vb/4=,n5W0FO/Lz04+F1TMNArltQ/gsp4=
-15,-122,zBHNBWaCzcVKHhY8lEkvOY4Vb/4=,n5W0FO/Lz04+F1TMNArltQ/gsp4=
-1,-123,zBHNBWaCzcVKHhY8lEkvOY4Vb/4=,n5W0FO/Lz04+F1TMNArltQ/gsp4=
-8,-123,zBHNBWaCzcVKHhY8lEkvOY4Vb/4=,n5W0FO/Lz04+F1TMNArltQ/gsp4=
-2,-123,zBHNBWaCzcVKHhY8lEkvOY4Vb/4=,n5W0FO/Lz04+F1TMNArltQ/gsp4=
-4,-123,zBHNBWaCzcVKHhY8lEkvOY4Vb/4=,n5W0FO/Lz04+F1TMNArltQ/gsp4=
-7,-123,zBHNBWaCzcVKHhY8lEkvOY4Vb/4=,n5W0FO/Lz04+F1TMNArltQ/gsp4=
-10,-123,zBHNBWaCzcVKHhY8lEkvOY4Vb/4=,n5W0FO/Lz04+F1TMNArltQ/gsp4=
-5,-123,zBHNBWaCzcVKHhY8lEkvOY4Vb/4=,n5W0FO/Lz04+F1TMNArltQ/gsp4=
-3,-123,zBHNBWaCzcVKHhY8lEkvOY4Vb/4=,n5W0FO/Lz04+F1TMNArltQ/gsp4=
-11,-123,zBHNBWaCzcVKHhY8lEkvOY4Vb/4=,n5W0FO/Lz04+F1TMNArltQ/gsp4=
-10,-126,zBHNBWaCzcVKHhY8lEkvOY4Vb/4=,n5W0FO/Lz04+F1TMNArltQ/gsp4=
-14,-123,zBHNBWaCzcVKHhY8lEkvOY4Vb/4=,n5W0FO/Lz04+F1TMNArltQ/gsp4=
-6,-123,zBHNBWaCzcVKHhY8lEkvOY4Vb/4=,n5W0FO/Lz04+F1TMNArltQ/gsp4=
-9,-123,zBHNBWaCzcVKHhY8lEkvOY4Vb/4=,n5W0FO/Lz04+F1TMNArltQ/gsp4=
-2,-124,zBHNBWaCzcVKHhY8lEkvOY4Vb/4=,n5W0FO/Lz04+F1TMNArltQ/gsp4=
-1,-124,zBHNBWaCzcVKHhY8lEkvOY4Vb/4=,n5W0FO/Lz04+F1TMNArltQ/gsp4=
-4,-124,zBHNBWaCzcVKHhY8lEkvOY4Vb/4=,n5W0FO/Lz04+F1TMNArltQ/gsp4=
-16,-123,zBHNBWaCzcVKHhY8lEkvOY4Vb/4=,n5W0FO/Lz04+F1TMNArltQ/gsp4=
-11,-124,zBHNBWaCzcVKHhY8lEkvOY4Vb/4=,n5W0FO/Lz04+F1TMNArltQ/gsp4=
-11,-122,zBHNBWaCzcVKHhY8lEkvOY4Vb/4=,n5W0FO/Lz04+F1TMNArltQ/gsp4=
-11,-128,zBHNBWaCzcVKHhY8lEkvOY4Vb/4=,n5W0FO/Lz04+F1TMNArltQ/gsp4=
-12,-123,zBHNBWaCzcVKHhY8lEkvOY4Vb/4=,n5W0FO/Lz04+F1TMNArltQ/gsp4=
-13,-124,zBHNBWaCzcVKHhY8lEkvOY4Vb/4=,n5W0FO/Lz04+F1TMNArltQ/gsp4=
-12,-124,zBHNBWaCzcVKHhY8lEkvOY4Vb/4=,n5W0FO/Lz04+F1TMNArltQ/gsp4=
-8,-124,zBHNBWaCzcVKHhY8lEkvOY4Vb/4=,n5W0FO/Lz04+F1TMNArltQ/gsp4=
-9,-124,zBHNBWaCzcVKHhY8lEkvOY4Vb/4=,n5W0FO/Lz04+F1TMNArltQ/gsp4=
-13,-123,zBHNBWaCzcVKHhY8lEkvOY4Vb/4=,n5W0FO/Lz04+F1TMNArltQ/gsp4=
-3,-124,zBHNBWaCzcVKHhY8lEkvOY4Vb/4=,n5W0FO/Lz04+F1TMNArltQ/gsp4=
-15,-124,zBHNBWaCzcVKHhY8lEkvOY4Vb/4=,n5W0FO/Lz04+F1TMNArltQ/gsp4=
-16,-124,zBHNBWaCzcVKHhY8lEkvOY4Vb/4=,n5W0FO/Lz04+F1TMNArltQ/gsp4=
-4,-125,zBHNBWaCzcVKHhY8lEkvOY4Vb/4=,n5W0FO/Lz04+F1TMNArltQ/gsp4=
-2,-125,zBHNBWaCzcVKHhY8lEkvOY4Vb/4=,n5W0FO/Lz04+F1TMNArltQ/gsp4=
-12,-128,zBHNBWaCzcVKHhY8lEkvOY4Vb/4=,n5W0FO/Lz04+F1TMNArltQ/gsp4=
-6,-124,zBHNBWaCzcVKHhY8lEkvOY4Vb/4=,n5W0FO/Lz04+F1TMNArltQ/gsp4=
-15,-123,zBHNBWaCzcVKHhY8lEkvOY4Vb/4=,n5W0FO/Lz04+F1TMNArltQ/gsp4=
-9,-126,zBHNBWaCzcVKHhY8lEkvOY4Vb/4=,n5W0FO/Lz04+F1TMNArltQ/gsp4=
-3,-125,zBHNBWaCzcVKHhY8lEkvOY4Vb/4=,n5W0FO/Lz04+F1TMNArltQ/gsp4=
-9,-125,zBHNBWaCzcVKHhY8lEkvOY4Vb/4=,n5W0FO/Lz04+F1TMNArltQ/gsp4=
-10,-124,zBHNBWaCzcVKHhY8lEkvOY4Vb/4=,n5W0FO/Lz04+F1TMNArltQ/gsp4=
-14,-124,zBHNBWaCzcVKHhY8lEkvOY4Vb/4=,n5W0FO/Lz04+F1TMNArltQ/gsp4=
-10,-125,zBHNBWaCzcVKHhY8lEkvOY4Vb/4=,n5W0FO/Lz04+F1TMNArltQ/gsp4=
-5,-124,zBHNBWaCzcVKHhY8lEkvOY4Vb/4=,n5W0FO/Lz04+F1TMNArltQ/gsp4=
-11,-125,zBHNBWaCzcVKHhY8lEkvOY4Vb/4=,n5W0FO/Lz04+F1TMNArltQ/gsp4=
-16,-125,zBHNBWaCzcVKHhY8lEkvOY4Vb/4=,n5W0FO/Lz04+F1TMNArltQ/gsp4=
-1,-125,zBHNBWaCzcVKHhY8lEkvOY4Vb/4=,n5W0FO/Lz04+F1TMNArltQ/gsp4=
-15,-125,zBHNBWaCzcVKHhY8lEkvOY4Vb/4=,n5W0FO/Lz04+F1TMNArltQ/gsp4=
-3,-126,zBHNBWaCzcVKHhY8lEkvOY4Vb/4=,n5W0FO/Lz04+F1TMNArltQ/gsp4=
-7,-124,zBHNBWaCzcVKHhY8lEkvOY4Vb/4=,n5W0FO/Lz04+F1TMNArltQ/gsp4=
-5,-125,zBHNBWaCzcVKHhY8lEkvOY4Vb/4=,n5W0FO/Lz04+F1TMNArltQ/gsp4=
-2,-126,zBHNBWaCzcVKHhY8lEkvOY4Vb/4=,n5W0FO/Lz04+F1TMNArltQ/gsp4=
-6,-125,zBHNBWaCzcVKHhY8lEkvOY4Vb/4=,n5W0FO/Lz04+F1TMNArltQ/gsp4=
-6,-126,zBHNBWaCzcVKHhY8lEkvOY4Vb/4=,n5W0FO/Lz04+F1TMNArltQ/gsp4=
-8,-125,zBHNBWaCzcVKHhY8lEkvOY4Vb/4=,n5W0FO/Lz04+F1TMNArltQ/gsp4=
-7,-125,zBHNBWaCzcVKHhY8lEkvOY4Vb/4=,n5W0FO/Lz04+F1TMNArltQ/gsp4=
-7,-126,zBHNBWaCzcVKHhY8lEkvOY4Vb/4=,n5W0FO/Lz04+F1TMNArltQ/gsp4=
-8,-126,zBHNBWaCzcVKHhY8lEkvOY4Vb/4=,n5W0FO/Lz04+F1TMNArltQ/gsp4=
-13,-128,zBHNBWaCzcVKHhY8lEkvOY4Vb/4=,n5W0FO/Lz04+F1TMNArltQ/gsp4=
-12,-125,zBHNBWaCzcVKHhY8lEkvOY4Vb/4=,n5W0FO/Lz04+F1TMNArltQ/gsp4=
-5,-126,zBHNBWaCzcVKHhY8lEkvOY4Vb/4=,n5W0FO/Lz04+F1TMNArltQ/gsp4=
-13,-125,zBHNBWaCzcVKHhY8lEkvOY4Vb/4=,n5W0FO/Lz04+F1TMNArltQ/gsp4=
-1,-126,zBHNBWaCzcVKHhY8lEkvOY4Vb/4=,n5W0FO/Lz04+F1TMNArltQ/gsp4=
-14,-125,zBHNBWaCzcVKHhY8lEkvOY4Vb/4=,n5W0FO/Lz04+F1TMNArltQ/gsp4=
-4,-126,zBHNBWaCzcVKHhY8lEkvOY4Vb/4=,n5W0FO/Lz04+F1TMNArltQ/gsp4=
-32,-112,e+jtggxV2qA2xOQenG8osyIekgU=,n5W0FO/Lz04+F1TMNArltQ/gsp4=
-17,-112,e+jtggxV2qA2xOQenG8osyIekgU=,n5W0FO/Lz04+F1TMNArltQ/gsp4=
-17,-97,e+jtggxV2qA2xOQenG8osyIekgU=,n5W0FO/Lz04+F1TMNArltQ/gsp4=
-18,-97,e+jtggxV2qA2xOQenG8osyIekgU=,n5W0FO/Lz04+F1TMNArltQ/gsp4=
-19,-97,e+jtggxV2qA2xOQenG8osyIekgU=,n5W0FO/Lz04+F1TMNArltQ/gsp4=
-21,-97,e+jtggxV2qA2xOQenG8osyIekgU=,n5W0FO/Lz04+F1TMNArltQ/gsp4=
-20,-97,e+jtggxV2qA2xOQenG8osyIekgU=,n5W0FO/Lz04+F1TMNArltQ/gsp4=
-23,-97,e+jtggxV2qA2xOQenG8osyIekgU=,n5W0FO/Lz04+F1TMNArltQ/gsp4=
-24,-97,e+jtggxV2qA2xOQenG8osyIekgU=,n5W0FO/Lz04+F1TMNArltQ/gsp4=
-25,-97,e+jtggxV2qA2xOQenG8osyIekgU=,n5W0FO/Lz04+F1TMNArltQ/gsp4=
-26,-97,e+jtggxV2qA2xOQenG8osyIekgU=,n5W0FO/Lz04+F1TMNArltQ/gsp4=
-32,-111,e+jtggxV2qA2xOQenG8osyIekgU=,n5W0FO/Lz04+F1TMNArltQ/gsp4=
-29,-97,e+jtggxV2qA2xOQenG8osyIekgU=,n5W0FO/Lz04+F1TMNArltQ/gsp4=
-22,-97,e+jtggxV2qA2xOQenG8osyIekgU=,n5W0FO/Lz04+F1TMNArltQ/gsp4=
-31,-111,e+jtggxV2qA2xOQenG8osyIekgU=,n5W0FO/Lz04+F1TMNArltQ/gsp4=
-30,-97,e+jtggxV2qA2xOQenG8osyIekgU=,n5W0FO/Lz04+F1TMNArltQ/gsp4=
-29,-111,e+jtggxV2qA2xOQenG8osyIekgU=,n5W0FO/Lz04+F1TMNArltQ/gsp4=
-28,-111,e+jtggxV2qA2xOQenG8osyIekgU=,n5W0FO/Lz04+F1TMNArltQ/gsp4=
-30,-111,e+jtggxV2qA2xOQenG8osyIekgU=,n5W0FO/Lz04+F1TMNArltQ/gsp4=
-27,-111,e+jtggxV2qA2xOQenG8osyIekgU=,n5W0FO/Lz04+F1TMNArltQ/gsp4=
-18,-112,e+jtggxV2qA2xOQenG8osyIekgU=,n5W0FO/Lz04+F1TMNArltQ/gsp4=
-26,-111,e+jtggxV2qA2xOQenG8osyIekgU=,n5W0FO/Lz04+F1TMNArltQ/gsp4=
-18,-98,e+jtggxV2qA2xOQenG8osyIekgU=,n5W0FO/Lz04+F1TMNArltQ/gsp4=
-25,-111,e+jtggxV2qA2xOQenG8osyIekgU=,n5W0FO/Lz04+F1TMNArltQ/gsp4=
-17,-98,e+jtggxV2qA2xOQenG8osyIekgU=,n5W0FO/Lz04+F1TMNArltQ/gsp4=
-19,-98,e+jtggxV2qA2xOQenG8osyIekgU=,n5W0FO/Lz04+F1TMNArltQ/gsp4=
-24,-111,e+jtggxV2qA2xOQenG8osyIekgU=,n5W0FO/Lz04+F1TMNArltQ/gsp4=
-20,-98,e+jtggxV2qA2xOQenG8osyIekgU=,n5W0FO/Lz04+F1TMNArltQ/gsp4=
-23,-111,e+jtggxV2qA2xOQenG8osyIekgU=,n5W0FO/Lz04+F1TMNArltQ/gsp4=
-21,-98,e+jtggxV2qA2xOQenG8osyIekgU=,n5W0FO/Lz04+F1TMNArltQ/gsp4=
-22,-111,e+jtggxV2qA2xOQenG8osyIekgU=,n5W0FO/Lz04+F1TMNArltQ/gsp4=
-22,-98,e+jtggxV2qA2xOQenG8osyIekgU=,n5W0FO/Lz04+F1TMNArltQ/gsp4=
-23,-98,e+jtggxV2qA2xOQenG8osyIekgU=,n5W0FO/Lz04+F1TMNArltQ/gsp4=
-21,-111,e+jtggxV2qA2xOQenG8osyIekgU=,n5W0FO/Lz04+F1TMNArltQ/gsp4=
-25,-98,e+jtggxV2qA2xOQenG8osyIekgU=,n5W0FO/Lz04+F1TMNArltQ/gsp4=
-20,-111,e+jtggxV2qA2xOQenG8osyIekgU=,n5W0FO/Lz04+F1TMNArltQ/gsp4=
-26,-98,e+jtggxV2qA2xOQenG8osyIekgU=,n5W0FO/Lz04+F1TMNArltQ/gsp4=
-24,-98,e+jtggxV2qA2xOQenG8osyIekgU=,n5W0FO/Lz04+F1TMNArltQ/gsp4=
-19,-111,e+jtggxV2qA2xOQenG8osyIekgU=,n5W0FO/Lz04+F1TMNArltQ/gsp4=
-29,-98,e+jtggxV2qA2xOQenG8osyIekgU=,n5W0FO/Lz04+F1TMNArltQ/gsp4=
-27,-98,e+jtggxV2qA2xOQenG8osyIekgU=,n5W0FO/Lz04+F1TMNArltQ/gsp4=
-17,-111,e+jtggxV2qA2xOQenG8osyIekgU=,n5W0FO/Lz04+F1TMNArltQ/gsp4=
-18,-111,e+jtggxV2qA2xOQenG8osyIekgU=,n5W0FO/Lz04+F1TMNArltQ/gsp4=
-32,-110,e+jtggxV2qA2xOQenG8osyIekgU=,n5W0FO/Lz04+F1TMNArltQ/gsp4=
-31,-112,e+jtggxV2qA2xOQenG8osyIekgU=,n5W0FO/Lz04+F1TMNArltQ/gsp4=
-31,-110,e+jtggxV2qA2xOQenG8osyIekgU=,n5W0FO/Lz04+F1TMNArltQ/gsp4=
-30,-110,e+jtggxV2qA2xOQenG8osyIekgU=,n5W0FO/Lz04+F1TMNArltQ/gsp4=
-29,-110,e+jtggxV2qA2xOQenG8osyIekgU=,n5W0FO/Lz04+F1TMNArltQ/gsp4=
-28,-110,e+jtggxV2qA2xOQenG8osyIekgU=,n5W0FO/Lz04+F1TMNArltQ/gsp4=
-27,-110,e+jtggxV2qA2xOQenG8osyIekgU=,n5W0FO/Lz04+F1TMNArltQ/gsp4=
-25,-110,e+jtggxV2qA2xOQenG8osyIekgU=,n5W0FO/Lz04+F1TMNArltQ/gsp4=
-19,-112,e+jtggxV2qA2xOQenG8osyIekgU=,n5W0FO/Lz04+F1TMNArltQ/gsp4=
-26,-110,e+jtggxV2qA2xOQenG8osyIekgU=,n5W0FO/Lz04+F1TMNArltQ/gsp4=
-22,-110,e+jtggxV2qA2xOQenG8osyIekgU=,n5W0FO/Lz04+F1TMNArltQ/gsp4=
-24,-110,e+jtggxV2qA2xOQenG8osyIekgU=,n5W0FO/Lz04+F1TMNArltQ/gsp4=
-23,-110,e+jtggxV2qA2xOQenG8osyIekgU=,n5W0FO/Lz04+F1TMNArltQ/gsp4=
-21,-110,e+jtggxV2qA2xOQenG8osyIekgU=,n5W0FO/Lz04+F1TMNArltQ/gsp4=
-19,-110,e+jtggxV2qA2xOQenG8osyIekgU=,n5W0FO/Lz04+F1TMNArltQ/gsp4=
-20,-110,e+jtggxV2qA2xOQenG8osyIekgU=,n5W0FO/Lz04+F1TMNArltQ/gsp4=
-18,-110,e+jtggxV2qA2xOQenG8osyIekgU=,n5W0FO/Lz04+F1TMNArltQ/gsp4=
-17,-110,e+jtggxV2qA2xOQenG8osyIekgU=,n5W0FO/Lz04+F1TMNArltQ/gsp4=
-17,-99,e+jtggxV2qA2xOQenG8osyIekgU=,n5W0FO/Lz04+F1TMNArltQ/gsp4=
-18,-99,e+jtggxV2qA2xOQenG8osyIekgU=,n5W0FO/Lz04+F1TMNArltQ/gsp4=
-32,-109,e+jtggxV2qA2xOQenG8osyIekgU=,n5W0FO/Lz04+F1TMNArltQ/gsp4=
-30,-112,e+jtggxV2qA2xOQenG8osyIekgU=,n5W0FO/Lz04+F1TMNArltQ/gsp4=
-19,-99,e+jtggxV2qA2xOQenG8osyIekgU=,n5W0FO/Lz04+F1TMNArltQ/gsp4=
-20,-99,e+jtggxV2qA2xOQenG8osyIekgU=,n5W0FO/Lz04+F1TMNArltQ/gsp4=
-31,-109,e+jtggxV2qA2xOQenG8osyIekgU=,n5W0FO/Lz04+F1TMNArltQ/gsp4=
-23,-99,e+jtggxV2qA2xOQenG8osyIekgU=,n5W0FO/Lz04+F1TMNArltQ/gsp4=
-30,-109,e+jtggxV2qA2xOQenG8osyIekgU=,n5W0FO/Lz04+F1TMNArltQ/gsp4=
-22,-99,e+jtggxV2qA2xOQenG8osyIekgU=,n5W0FO/Lz04+F1TMNArltQ/gsp4=
-21,-99,e+jtggxV2qA2xOQenG8osyIekgU=,n5W0FO/Lz04+F1TMNArltQ/gsp4=
-25,-99,e+jtggxV2qA2xOQenG8osyIekgU=,n5W0FO/Lz04+F1TMNArltQ/gsp4=
-29,-109,e+jtggxV2qA2xOQenG8osyIekgU=,n5W0FO/Lz04+F1TMNArltQ/gsp4=
-26,-99,e+jtggxV2qA2xOQenG8osyIekgU=,n5W0FO/Lz04+F1TMNArltQ/gsp4=
-28,-109,e+jtggxV2qA2xOQenG8osyIekgU=,n5W0FO/Lz04+F1TMNArltQ/gsp4=
-27,-99,e+jtggxV2qA2xOQenG8osyIekgU=,n5W0FO/Lz04+F1TMNArltQ/gsp4=
-28,-99,e+jtggxV2qA2xOQenG8osyIekgU=,n5W0FO/Lz04+F1TMNArltQ/gsp4=
-27,-109,e+jtggxV2qA2xOQenG8osyIekgU=,n5W0FO/Lz04+F1TMNArltQ/gsp4=
-30,-99,e+jtggxV2qA2xOQenG8osyIekgU=,n5W0FO/Lz04+F1TMNArltQ/gsp4=
-24,-99,e+jtggxV2qA2xOQenG8osyIekgU=,n5W0FO/Lz04+F1TMNArltQ/gsp4=
-25,-109,e+jtggxV2qA2xOQenG8osyIekgU=,n5W0FO/Lz04+F1TMNArltQ/gsp4=
-26,-109,e+jtggxV2qA2xOQenG8osyIekgU=,n5W0FO/Lz04+F1TMNArltQ/gsp4=
-23,-109,e+jtggxV2qA2xOQenG8osyIekgU=,n5W0FO/Lz04+F1TMNArltQ/gsp4=
-24,-109,e+jtggxV2qA2xOQenG8osyIekgU=,n5W0FO/Lz04+F1TMNArltQ/gsp4=
-20,-112,e+jtggxV2qA2xOQenG8osyIekgU=,n5W0FO/Lz04+F1TMNArltQ/gsp4=
-22,-109,e+jtggxV2qA2xOQenG8osyIekgU=,n5W0FO/Lz04+F1TMNArltQ/gsp4=
-21,-109,e+jtggxV2qA2xOQenG8osyIekgU=,n5W0FO/Lz04+F1TMNArltQ/gsp4=
-18,-109,e+jtggxV2qA2xOQenG8osyIekgU=,n5W0FO/Lz04+F1TMNArltQ/gsp4=
-20,-109,e+jtggxV2qA2xOQenG8osyIekgU=,n5W0FO/Lz04+F1TMNArltQ/gsp4=
-19,-109,e+jtggxV2qA2xOQenG8osyIekgU=,n5W0FO/Lz04+F1TMNArltQ/gsp4=
-17,-109,e+jtggxV2qA2xOQenG8osyIekgU=,n5W0FO/Lz04+F1TMNArltQ/gsp4=
-32,-108,e+jtggxV2qA2xOQenG8osyIekgU=,n5W0FO/Lz04+F1TMNArltQ/gsp4=
-17,-100,e+jtggxV2qA2xOQenG8osyIekgU=,n5W0FO/Lz04+F1TMNArltQ/gsp4=
-18,-100,e+jtggxV2qA2xOQenG8osyIekgU=,n5W0FO/Lz04+F1TMNArltQ/gsp4=
-20,-100,e+jtggxV2qA2xOQenG8osyIekgU=,n5W0FO/Lz04+F1TMNArltQ/gsp4=
-29,-112,e+jtggxV2qA2xOQenG8osyIekgU=,n5W0FO/Lz04+F1TMNArltQ/gsp4=
-21,-100,e+jtggxV2qA2xOQenG8osyIekgU=,n5W0FO/Lz04+F1TMNArltQ/gsp4=
-19,-100,e+jtggxV2qA2xOQenG8osyIekgU=,n5W0FO/Lz04+F1TMNArltQ/gsp4=
-31,-108,e+jtggxV2qA2xOQenG8osyIekgU=,n5W0FO/Lz04+F1TMNArltQ/gsp4=
-22,-100,e+jtggxV2qA2xOQenG8osyIekgU=,n5W0FO/Lz04+F1TMNArltQ/gsp4=
-24,-100,e+jtggxV2qA2xOQenG8osyIekgU=,n5W0FO/Lz04+F1TMNArltQ/gsp4=
-23,-100,e+jtggxV2qA2xOQenG8osyIekgU=,n5W0FO/Lz04+F1TMNArltQ/gsp4=
-26,-100,e+jtggxV2qA2xOQenG8osyIekgU=,n5W0FO/Lz04+F1TMNArltQ/gsp4=
-30,-108,e+jtggxV2qA2xOQenG8osyIekgU=,n5W0FO/Lz04+F1TMNArltQ/gsp4=
-29,-108,e+jtggxV2qA2xOQenG8osyIekgU=,n5W0FO/Lz04+F1TMNArltQ/gsp4=
-25,-100,e+jtggxV2qA2xOQenG8osyIekgU=,n5W0FO/Lz04+F1TMNArltQ/gsp4=
-27,-100,e+jtggxV2qA2xOQenG8osyIekgU=,n5W0FO/Lz04+F1TMNArltQ/gsp4=
-28,-108,e+jtggxV2qA2xOQenG8osyIekgU=,n5W0FO/Lz04+F1TMNArltQ/gsp4=
-28,-100,e+jtggxV2qA2xOQenG8osyIekgU=,n5W0FO/Lz04+F1TMNArltQ/gsp4=
-27,-108,e+jtggxV2qA2xOQenG8osyIekgU=,n5W0FO/Lz04+F1TMNArltQ/gsp4=
-29,-100,e+jtggxV2qA2xOQenG8osyIekgU=,n5W0FO/Lz04+F1TMNArltQ/gsp4=
-21,-112,e+jtggxV2qA2xOQenG8osyIekgU=,n5W0FO/Lz04+F1TMNArltQ/gsp4=
-31,-100,e+jtggxV2qA2xOQenG8osyIekgU=,n5W0FO/Lz04+F1TMNArltQ/gsp4=
-26,-108,e+jtggxV2qA2xOQenG8osyIekgU=,n5W0FO/Lz04+F1TMNArltQ/gsp4=
-25,-108,e+jtggxV2qA2xOQenG8osyIekgU=,n5W0FO/Lz04+F1TMNArltQ/gsp4=
-17,-101,e+jtggxV2qA2xOQenG8osyIekgU=,n5W0FO/Lz04+F1TMNArltQ/gsp4=
-18,-101,e+jtggxV2qA2xOQenG8osyIekgU=,n5W0FO/Lz04+F1TMNArltQ/gsp4=
-30,-100,e+jtggxV2qA2xOQenG8osyIekgU=,n5W0FO/Lz04+F1TMNArltQ/gsp4=
-23,-108,e+jtggxV2qA2xOQenG8osyIekgU=,n5W0FO/Lz04+F1TMNArltQ/gsp4=
-19,-101,e+jtggxV2qA2xOQenG8osyIekgU=,n5W0FO/Lz04+F1TMNArltQ/gsp4=
-24,-108,e+jtggxV2qA2xOQenG8osyIekgU=,n5W0FO/Lz04+F1TMNArltQ/gsp4=
-20,-101,e+jtggxV2qA2xOQenG8osyIekgU=,n5W0FO/Lz04+F1TMNArltQ/gsp4=
-22,-108,e+jtggxV2qA2xOQenG8osyIekgU=,n5W0FO/Lz04+F1TMNArltQ/gsp4=
-22,-101,e+jtggxV2qA2xOQenG8osyIekgU=,n5W0FO/Lz04+F1TMNArltQ/gsp4=
-21,-101,e+jtggxV2qA2xOQenG8osyIekgU=,n5W0FO/Lz04+F1TMNArltQ/gsp4=
-24,-101,e+jtggxV2qA2xOQenG8osyIekgU=,n5W0FO/Lz04+F1TMNArltQ/gsp4=
-23,-101,e+jtggxV2qA2xOQenG8osyIekgU=,n5W0FO/Lz04+F1TMNArltQ/gsp4=
-21,-108,e+jtggxV2qA2xOQenG8osyIekgU=,n5W0FO/Lz04+F1TMNArltQ/gsp4=
-26,-101,e+jtggxV2qA2xOQenG8osyIekgU=,n5W0FO/Lz04+F1TMNArltQ/gsp4=
-20,-108,e+jtggxV2qA2xOQenG8osyIekgU=,n5W0FO/Lz04+F1TMNArltQ/gsp4=
-25,-101,e+jtggxV2qA2xOQenG8osyIekgU=,n5W0FO/Lz04+F1TMNArltQ/gsp4=
-28,-101,e+jtggxV2qA2xOQenG8osyIekgU=,n5W0FO/Lz04+F1TMNArltQ/gsp4=
-29,-101,e+jtggxV2qA2xOQenG8osyIekgU=,n5W0FO/Lz04+F1TMNArltQ/gsp4=
-19,-108,e+jtggxV2qA2xOQenG8osyIekgU=,n5W0FO/Lz04+F1TMNArltQ/gsp4=
-27,-101,e+jtggxV2qA2xOQenG8osyIekgU=,n5W0FO/Lz04+F1TMNArltQ/gsp4=
-17,-108,e+jtggxV2qA2xOQenG8osyIekgU=,n5W0FO/Lz04+F1TMNArltQ/gsp4=
-18,-108,e+jtggxV2qA2xOQenG8osyIekgU=,n5W0FO/Lz04+F1TMNArltQ/gsp4=
-32,-107,e+jtggxV2qA2xOQenG8osyIekgU=,n5W0FO/Lz04+F1TMNArltQ/gsp4=
-22,-112,e+jtggxV2qA2xOQenG8osyIekgU=,n5W0FO/Lz04+F1TMNArltQ/gsp4=
-28,-112,e+jtggxV2qA2xOQenG8osyIekgU=,n5W0FO/Lz04+F1TMNArltQ/gsp4=
-32,-101,e+jtggxV2qA2xOQenG8osyIekgU=,n5W0FO/Lz04+F1TMNArltQ/gsp4=
-17,-102,e+jtggxV2qA2xOQenG8osyIekgU=,n5W0FO/Lz04+F1TMNArltQ/gsp4=
-31,-107,e+jtggxV2qA2xOQenG8osyIekgU=,n5W0FO/Lz04+F1TMNArltQ/gsp4=
-18,-102,e+jtggxV2qA2xOQenG8osyIekgU=,n5W0FO/Lz04+F1TMNArltQ/gsp4=
-19,-102,e+jtggxV2qA2xOQenG8osyIekgU=,n5W0FO/Lz04+F1TMNArltQ/gsp4=
-30,-107,e+jtggxV2qA2xOQenG8osyIekgU=,n5W0FO/Lz04+F1TMNArltQ/gsp4=
-21,-102,e+jtggxV2qA2xOQenG8osyIekgU=,n5W0FO/Lz04+F1TMNArltQ/gsp4=
-22,-102,e+jtggxV2qA2xOQenG8osyIekgU=,n5W0FO/Lz04+F1TMNArltQ/gsp4=
-29,-107,e+jtggxV2qA2xOQenG8osyIekgU=,n5W0FO/Lz04+F1TMNArltQ/gsp4=
-23,-102,e+jtggxV2qA2xOQenG8osyIekgU=,n5W0FO/Lz04+F1TMNArltQ/gsp4=
-24,-102,e+jtggxV2qA2xOQenG8osyIekgU=,n5W0FO/Lz04+F1TMNArltQ/gsp4=
-28,-107,e+jtggxV2qA2xOQenG8osyIekgU=,n5W0FO/Lz04+F1TMNArltQ/gsp4=
-25,-102,e+jtggxV2qA2xOQenG8osyIekgU=,n5W0FO/Lz04+F1TMNArltQ/gsp4=
-27,-107,e+jtggxV2qA2xOQenG8osyIekgU=,n5W0FO/Lz04+F1TMNArltQ/gsp4=
-20,-102,e+jtggxV2qA2xOQenG8osyIekgU=,n5W0FO/Lz04+F1TMNArltQ/gsp4=
-27,-102,e+jtggxV2qA2xOQenG8osyIekgU=,n5W0FO/Lz04+F1TMNArltQ/gsp4=
-26,-107,e+jtggxV2qA2xOQenG8osyIekgU=,n5W0FO/Lz04+F1TMNArltQ/gsp4=
-25,-107,e+jtggxV2qA2xOQenG8osyIekgU=,n5W0FO/Lz04+F1TMNArltQ/gsp4=
-29,-102,e+jtggxV2qA2xOQenG8osyIekgU=,n5W0FO/Lz04+F1TMNArltQ/gsp4=
-26,-102,e+jtggxV2qA2xOQenG8osyIekgU=,n5W0FO/Lz04+F1TMNArltQ/gsp4=
-30,-102,e+jtggxV2qA2xOQenG8osyIekgU=,n5W0FO/Lz04+F1TMNArltQ/gsp4=
-31,-102,e+jtggxV2qA2xOQenG8osyIekgU=,n5W0FO/Lz04+F1TMNArltQ/gsp4=
-28,-102,e+jtggxV2qA2xOQenG8osyIekgU=,n5W0FO/Lz04+F1TMNArltQ/gsp4=
-24,-107,e+jtggxV2qA2xOQenG8osyIekgU=,n5W0FO/Lz04+F1TMNArltQ/gsp4=
-32,-102,e+jtggxV2qA2xOQenG8osyIekgU=,n5W0FO/Lz04+F1TMNArltQ/gsp4=
-23,-112,e+jtggxV2qA2xOQenG8osyIekgU=,n5W0FO/Lz04+F1TMNArltQ/gsp4=
-19,-103,e+jtggxV2qA2xOQenG8osyIekgU=,n5W0FO/Lz04+F1TMNArltQ/gsp4=
-18,-103,e+jtggxV2qA2xOQenG8osyIekgU=,n5W0FO/Lz04+F1TMNArltQ/gsp4=
-20,-103,e+jtggxV2qA2xOQenG8osyIekgU=,n5W0FO/Lz04+F1TMNArltQ/gsp4=
-23,-103,e+jtggxV2qA2xOQenG8osyIekgU=,n5W0FO/Lz04+F1TMNArltQ/gsp4=
-21,-103,e+jtggxV2qA2xOQenG8osyIekgU=,n5W0FO/Lz04+F1TMNArltQ/gsp4=
-23,-107,e+jtggxV2qA2xOQenG8osyIekgU=,n5W0FO/Lz04+F1TMNArltQ/gsp4=
-17,-103,e+jtggxV2qA2xOQenG8osyIekgU=,n5W0FO/Lz04+F1TMNArltQ/gsp4=
-25,-103,e+jtggxV2qA2xOQenG8osyIekgU=,n5W0FO/Lz04+F1TMNArltQ/gsp4=
-24,-103,e+jtggxV2qA2xOQenG8osyIekgU=,n5W0FO/Lz04+F1TMNArltQ/gsp4=
-22,-103,e+jtggxV2qA2xOQenG8osyIekgU=,n5W0FO/Lz04+F1TMNArltQ/gsp4=
-22,-107,e+jtggxV2qA2xOQenG8osyIekgU=,n5W0FO/Lz04+F1TMNArltQ/gsp4=
-26,-103,e+jtggxV2qA2xOQenG8osyIekgU=,n5W0FO/Lz04+F1TMNArltQ/gsp4=
-28,-103,e+jtggxV2qA2xOQenG8osyIekgU=,n5W0FO/Lz04+F1TMNArltQ/gsp4=
-27,-103,e+jtggxV2qA2xOQenG8osyIekgU=,n5W0FO/Lz04+F1TMNArltQ/gsp4=
-21,-107,e+jtggxV2qA2xOQenG8osyIekgU=,n5W0FO/Lz04+F1TMNArltQ/gsp4=
-30,-103,e+jtggxV2qA2xOQenG8osyIekgU=,n5W0FO/Lz04+F1TMNArltQ/gsp4=
-31,-103,e+jtggxV2qA2xOQenG8osyIekgU=,n5W0FO/Lz04+F1TMNArltQ/gsp4=
-29,-103,e+jtggxV2qA2xOQenG8osyIekgU=,n5W0FO/Lz04+F1TMNArltQ/gsp4=
-17,-104,e+jtggxV2qA2xOQenG8osyIekgU=,n5W0FO/Lz04+F1TMNArltQ/gsp4=
-18,-104,e+jtggxV2qA2xOQenG8osyIekgU=,n5W0FO/Lz04+F1TMNArltQ/gsp4=
-19,-104,e+jtggxV2qA2xOQenG8osyIekgU=,n5W0FO/Lz04+F1TMNArltQ/gsp4=
-20,-107,e+jtggxV2qA2xOQenG8osyIekgU=,n5W0FO/Lz04+F1TMNArltQ/gsp4=
-20,-104,e+jtggxV2qA2xOQenG8osyIekgU=,n5W0FO/Lz04+F1TMNArltQ/gsp4=
-21,-104,e+jtggxV2qA2xOQenG8osyIekgU=,n5W0FO/Lz04+F1TMNArltQ/gsp4=
-22,-104,e+jtggxV2qA2xOQenG8osyIekgU=,n5W0FO/Lz04+F1TMNArltQ/gsp4=
-19,-107,e+jtggxV2qA2xOQenG8osyIekgU=,n5W0FO/Lz04+F1TMNArltQ/gsp4=
-24,-104,e+jtggxV2qA2xOQenG8osyIekgU=,n5W0FO/Lz04+F1TMNArltQ/gsp4=
-25,-104,e+jtggxV2qA2xOQenG8osyIekgU=,n5W0FO/Lz04+F1TMNArltQ/gsp4=
-26,-104,e+jtggxV2qA2xOQenG8osyIekgU=,n5W0FO/Lz04+F1TMNArltQ/gsp4=
-28,-104,e+jtggxV2qA2xOQenG8osyIekgU=,n5W0FO/Lz04+F1TMNArltQ/gsp4=
-23,-104,e+jtggxV2qA2xOQenG8osyIekgU=,n5W0FO/Lz04+F1TMNArltQ/gsp4=
-31,-104,e+jtggxV2qA2xOQenG8osyIekgU=,n5W0FO/Lz04+F1TMNArltQ/gsp4=
-29,-104,e+jtggxV2qA2xOQenG8osyIekgU=,n5W0FO/Lz04+F1TMNArltQ/gsp4=
-17,-105,e+jtggxV2qA2xOQenG8osyIekgU=,n5W0FO/Lz04+F1TMNArltQ/gsp4=
-21,-105,e+jtggxV2qA2xOQenG8osyIekgU=,n5W0FO/Lz04+F1TMNArltQ/gsp4=
-18,-105,e+jtggxV2qA2xOQenG8osyIekgU=,n5W0FO/Lz04+F1TMNArltQ/gsp4=
-19,-105,e+jtggxV2qA2xOQenG8osyIekgU=,n5W0FO/Lz04+F1TMNArltQ/gsp4=
-22,-105,e+jtggxV2qA2xOQenG8osyIekgU=,n5W0FO/Lz04+F1TMNArltQ/gsp4=
-23,-105,e+jtggxV2qA2xOQenG8osyIekgU=,n5W0FO/Lz04+F1TMNArltQ/gsp4=
-26,-105,e+jtggxV2qA2xOQenG8osyIekgU=,n5W0FO/Lz04+F1TMNArltQ/gsp4=
-27,-105,e+jtggxV2qA2xOQenG8osyIekgU=,n5W0FO/Lz04+F1TMNArltQ/gsp4=
-24,-105,e+jtggxV2qA2xOQenG8osyIekgU=,n5W0FO/Lz04+F1TMNArltQ/gsp4=
-25,-105,e+jtggxV2qA2xOQenG8osyIekgU=,n5W0FO/Lz04+F1TMNArltQ/gsp4=
-29,-105,e+jtggxV2qA2xOQenG8osyIekgU=,n5W0FO/Lz04+F1TMNArltQ/gsp4=
-30,-104,e+jtggxV2qA2xOQenG8osyIekgU=,n5W0FO/Lz04+F1TMNArltQ/gsp4=
-28,-105,e+jtggxV2qA2xOQenG8osyIekgU=,n5W0FO/Lz04+F1TMNArltQ/gsp4=
-31,-105,e+jtggxV2qA2xOQenG8osyIekgU=,n5W0FO/Lz04+F1TMNArltQ/gsp4=
-26,-112,e+jtggxV2qA2xOQenG8osyIekgU=,n5W0FO/Lz04+F1TMNArltQ/gsp4=
-32,-105,e+jtggxV2qA2xOQenG8osyIekgU=,n5W0FO/Lz04+F1TMNArltQ/gsp4=
-30,-105,e+jtggxV2qA2xOQenG8osyIekgU=,n5W0FO/Lz04+F1TMNArltQ/gsp4=
-17,-106,e+jtggxV2qA2xOQenG8osyIekgU=,n5W0FO/Lz04+F1TMNArltQ/gsp4=
-18,-106,e+jtggxV2qA2xOQenG8osyIekgU=,n5W0FO/Lz04+F1TMNArltQ/gsp4=
-19,-106,e+jtggxV2qA2xOQenG8osyIekgU=,n5W0FO/Lz04+F1TMNArltQ/gsp4=
-20,-106,e+jtggxV2qA2xOQenG8osyIekgU=,n5W0FO/Lz04+F1TMNArltQ/gsp4=
-22,-106,e+jtggxV2qA2xOQenG8osyIekgU=,n5W0FO/Lz04+F1TMNArltQ/gsp4=
-24,-106,e+jtggxV2qA2xOQenG8osyIekgU=,n5W0FO/Lz04+F1TMNArltQ/gsp4=
-21,-106,e+jtggxV2qA2xOQenG8osyIekgU=,n5W0FO/Lz04+F1TMNArltQ/gsp4=
-25,-106,e+jtggxV2qA2xOQenG8osyIekgU=,n5W0FO/Lz04+F1TMNArltQ/gsp4=
-25,-112,e+jtggxV2qA2xOQenG8osyIekgU=,n5W0FO/Lz04+F1TMNArltQ/gsp4=
-26,-106,e+jtggxV2qA2xOQenG8osyIekgU=,n5W0FO/Lz04+F1TMNArltQ/gsp4=
-29,-106,e+jtggxV2qA2xOQenG8osyIekgU=,n5W0FO/Lz04+F1TMNArltQ/gsp4=
-28,-106,e+jtggxV2qA2xOQenG8osyIekgU=,n5W0FO/Lz04+F1TMNArltQ/gsp4=
-30,-106,e+jtggxV2qA2xOQenG8osyIekgU=,n5W0FO/Lz04+F1TMNArltQ/gsp4=
-27,-106,e+jtggxV2qA2xOQenG8osyIekgU=,n5W0FO/Lz04+F1TMNArltQ/gsp4=
-17,-107,e+jtggxV2qA2xOQenG8osyIekgU=,n5W0FO/Lz04+F1TMNArltQ/gsp4=
-27,-112,e+jtggxV2qA2xOQenG8osyIekgU=,n5W0FO/Lz04+F1TMNArltQ/gsp4=
-31,-106,e+jtggxV2qA2xOQenG8osyIekgU=,n5W0FO/Lz04+F1TMNArltQ/gsp4=
-32,-106,e+jtggxV2qA2xOQenG8osyIekgU=,n5W0FO/Lz04+F1TMNArltQ/gsp4=
-18,-107,e+jtggxV2qA2xOQenG8osyIekgU=,n5W0FO/Lz04+F1TMNArltQ/gsp4=
-24,-112,e+jtggxV2qA2xOQenG8osyIekgU=,n5W0FO/Lz04+F1TMNArltQ/gsp4=
-23,-106,e+jtggxV2qA2xOQenG8osyIekgU=,n5W0FO/Lz04+F1TMNArltQ/gsp4=
-20,-105,e+jtggxV2qA2xOQenG8osyIekgU=,n5W0FO/Lz04+F1TMNArltQ/gsp4=
-32,-104,e+jtggxV2qA2xOQenG8osyIekgU=,n5W0FO/Lz04+F1TMNArltQ/gsp4=
-27,-104,e+jtggxV2qA2xOQenG8osyIekgU=,n5W0FO/Lz04+F1TMNArltQ/gsp4=
-32,-103,e+jtggxV2qA2xOQenG8osyIekgU=,n5W0FO/Lz04+F1TMNArltQ/gsp4=
-31,-98,e+jtggxV2qA2xOQenG8osyIekgU=,n5W0FO/Lz04+F1TMNArltQ/gsp4=
-32,-99,e+jtggxV2qA2xOQenG8osyIekgU=,n5W0FO/Lz04+F1TMNArltQ/gsp4=
-27,-97,e+jtggxV2qA2xOQenG8osyIekgU=,n5W0FO/Lz04+F1TMNArltQ/gsp4=
-28,-98,e+jtggxV2qA2xOQenG8osyIekgU=,n5W0FO/Lz04+F1TMNArltQ/gsp4=
-30,-98,e+jtggxV2qA2xOQenG8osyIekgU=,n5W0FO/Lz04+F1TMNArltQ/gsp4=
-31,-97,e+jtggxV2qA2xOQenG8osyIekgU=,n5W0FO/Lz04+F1TMNArltQ/gsp4=
-31,-99,e+jtggxV2qA2xOQenG8osyIekgU=,n5W0FO/Lz04+F1TMNArltQ/gsp4=
-28,-97,e+jtggxV2qA2xOQenG8osyIekgU=,n5W0FO/Lz04+F1TMNArltQ/gsp4=
-32,-100,e+jtggxV2qA2xOQenG8osyIekgU=,n5W0FO/Lz04+F1TMNArltQ/gsp4=
-32,-97,e+jtggxV2qA2xOQenG8osyIekgU=,n5W0FO/Lz04+F1TMNArltQ/gsp4=
-32,-98,e+jtggxV2qA2xOQenG8osyIekgU=,n5W0FO/Lz04+F1TMNArltQ/gsp4=
-29,-99,e+jtggxV2qA2xOQenG8osyIekgU=,n5W0FO/Lz04+F1TMNArltQ/gsp4=
-30,-101,e+jtggxV2qA2xOQenG8osyIekgU=,n5W0FO/Lz04+F1TMNArltQ/gsp4=
-31,-101,e+jtggxV2qA2xOQenG8osyIekgU=,n5W0FO/Lz04+F1TMNArltQ/gsp4=
-1,-97,xoj3HuMNW2pcwGKV7ZXTcJPEtWE=,n5W0FO/Lz04+F1TMNArltQ/gsp4=
-2,-97,xoj3HuMNW2pcwGKV7ZXTcJPEtWE=,n5W0FO/Lz04+F1TMNArltQ/gsp4=
-1,-112,xoj3HuMNW2pcwGKV7ZXTcJPEtWE=,n5W0FO/Lz04+F1TMNArltQ/gsp4=
-2,-112,xoj3HuMNW2pcwGKV7ZXTcJPEtWE=,n5W0FO/Lz04+F1TMNArltQ/gsp4=
-5,-112,xoj3HuMNW2pcwGKV7ZXTcJPEtWE=,n5W0FO/Lz04+F1TMNArltQ/gsp4=
-6,-112,xoj3HuMNW2pcwGKV7ZXTcJPEtWE=,n5W0FO/Lz04+F1TMNArltQ/gsp4=
-4,-112,xoj3HuMNW2pcwGKV7ZXTcJPEtWE=,n5W0FO/Lz04+F1TMNArltQ/gsp4=
-7,-112,xoj3HuMNW2pcwGKV7ZXTcJPEtWE=,n5W0FO/Lz04+F1TMNArltQ/gsp4=
-3,-112,xoj3HuMNW2pcwGKV7ZXTcJPEtWE=,n5W0FO/Lz04+F1TMNArltQ/gsp4=
-10,-112,xoj3HuMNW2pcwGKV7ZXTcJPEtWE=,n5W0FO/Lz04+F1TMNArltQ/gsp4=
-11,-112,xoj3HuMNW2pcwGKV7ZXTcJPEtWE=,n5W0FO/Lz04+F1TMNArltQ/gsp4=
-9,-112,xoj3HuMNW2pcwGKV7ZXTcJPEtWE=,n5W0FO/Lz04+F1TMNArltQ/gsp4=
-12,-112,xoj3HuMNW2pcwGKV7ZXTcJPEtWE=,n5W0FO/Lz04+F1TMNArltQ/gsp4=
-8,-112,xoj3HuMNW2pcwGKV7ZXTcJPEtWE=,n5W0FO/Lz04+F1TMNArltQ/gsp4=
-16,-111,xoj3HuMNW2pcwGKV7ZXTcJPEtWE=,n5W0FO/Lz04+F1TMNArltQ/gsp4=
-13,-112,xoj3HuMNW2pcwGKV7ZXTcJPEtWE=,n5W0FO/Lz04+F1TMNArltQ/gsp4=
-15,-111,xoj3HuMNW2pcwGKV7ZXTcJPEtWE=,n5W0FO/Lz04+F1TMNArltQ/gsp4=
-3,-97,xoj3HuMNW2pcwGKV7ZXTcJPEtWE=,n5W0FO/Lz04+F1TMNArltQ/gsp4=
-15,-112,xoj3HuMNW2pcwGKV7ZXTcJPEtWE=,n5W0FO/Lz04+F1TMNArltQ/gsp4=
-14,-112,xoj3HuMNW2pcwGKV7ZXTcJPEtWE=,n5W0FO/Lz04+F1TMNArltQ/gsp4=
-16,-112,xoj3HuMNW2pcwGKV7ZXTcJPEtWE=,n5W0FO/Lz04+F1TMNArltQ/gsp4=
-6,-97,xoj3HuMNW2pcwGKV7ZXTcJPEtWE=,n5W0FO/Lz04+F1TMNArltQ/gsp4=
-14,-111,xoj3HuMNW2pcwGKV7ZXTcJPEtWE=,n5W0FO/Lz04+F1TMNArltQ/gsp4=
-4,-97,xoj3HuMNW2pcwGKV7ZXTcJPEtWE=,n5W0FO/Lz04+F1TMNArltQ/gsp4=
-5,-97,xoj3HuMNW2pcwGKV7ZXTcJPEtWE=,n5W0FO/Lz04+F1TMNArltQ/gsp4=
-7,-97,xoj3HuMNW2pcwGKV7ZXTcJPEtWE=,n5W0FO/Lz04+F1TMNArltQ/gsp4=
-13,-111,xoj3HuMNW2pcwGKV7ZXTcJPEtWE=,n5W0FO/Lz04+F1TMNArltQ/gsp4=
-8,-97,xoj3HuMNW2pcwGKV7ZXTcJPEtWE=,n5W0FO/Lz04+F1TMNArltQ/gsp4=
-10,-97,xoj3HuMNW2pcwGKV7ZXTcJPEtWE=,n5W0FO/Lz04+F1TMNArltQ/gsp4=
-9,-97,xoj3HuMNW2pcwGKV7ZXTcJPEtWE=,n5W0FO/Lz04+F1TMNArltQ/gsp4=
-11,-97,xoj3HuMNW2pcwGKV7ZXTcJPEtWE=,n5W0FO/Lz04+F1TMNArltQ/gsp4=
-13,-97,xoj3HuMNW2pcwGKV7ZXTcJPEtWE=,n5W0FO/Lz04+F1TMNArltQ/gsp4=
-12,-97,xoj3HuMNW2pcwGKV7ZXTcJPEtWE=,n5W0FO/Lz04+F1TMNArltQ/gsp4=
-12,-111,xoj3HuMNW2pcwGKV7ZXTcJPEtWE=,n5W0FO/Lz04+F1TMNArltQ/gsp4=
-15,-97,xoj3HuMNW2pcwGKV7ZXTcJPEtWE=,n5W0FO/Lz04+F1TMNArltQ/gsp4=
-16,-97,xoj3HuMNW2pcwGKV7ZXTcJPEtWE=,n5W0FO/Lz04+F1TMNArltQ/gsp4=
-14,-97,xoj3HuMNW2pcwGKV7ZXTcJPEtWE=,n5W0FO/Lz04+F1TMNArltQ/gsp4=
-11,-111,xoj3HuMNW2pcwGKV7ZXTcJPEtWE=,n5W0FO/Lz04+F1TMNArltQ/gsp4=
-2,-98,xoj3HuMNW2pcwGKV7ZXTcJPEtWE=,n5W0FO/Lz04+F1TMNArltQ/gsp4=
-1,-98,xoj3HuMNW2pcwGKV7ZXTcJPEtWE=,n5W0FO/Lz04+F1TMNArltQ/gsp4=
-3,-98,xoj3HuMNW2pcwGKV7ZXTcJPEtWE=,n5W0FO/Lz04+F1TMNArltQ/gsp4=
-5,-98,xoj3HuMNW2pcwGKV7ZXTcJPEtWE=,n5W0FO/Lz04+F1TMNArltQ/gsp4=
-6,-98,xoj3HuMNW2pcwGKV7ZXTcJPEtWE=,n5W0FO/Lz04+F1TMNArltQ/gsp4=
-10,-111,xoj3HuMNW2pcwGKV7ZXTcJPEtWE=,n5W0FO/Lz04+F1TMNArltQ/gsp4=
-8,-98,xoj3HuMNW2pcwGKV7ZXTcJPEtWE=,n5W0FO/Lz04+F1TMNArltQ/gsp4=
-7,-98,xoj3HuMNW2pcwGKV7ZXTcJPEtWE=,n5W0FO/Lz04+F1TMNArltQ/gsp4=
-9,-111,xoj3HuMNW2pcwGKV7ZXTcJPEtWE=,n5W0FO/Lz04+F1TMNArltQ/gsp4=
-10,-98,xoj3HuMNW2pcwGKV7ZXTcJPEtWE=,n5W0FO/Lz04+F1TMNArltQ/gsp4=
-9,-98,xoj3HuMNW2pcwGKV7ZXTcJPEtWE=,n5W0FO/Lz04+F1TMNArltQ/gsp4=
-11,-98,xoj3HuMNW2pcwGKV7ZXTcJPEtWE=,n5W0FO/Lz04+F1TMNArltQ/gsp4=
-8,-111,xoj3HuMNW2pcwGKV7ZXTcJPEtWE=,n5W0FO/Lz04+F1TMNArltQ/gsp4=
-12,-98,xoj3HuMNW2pcwGKV7ZXTcJPEtWE=,n5W0FO/Lz04+F1TMNArltQ/gsp4=
-13,-98,xoj3HuMNW2pcwGKV7ZXTcJPEtWE=,n5W0FO/Lz04+F1TMNArltQ/gsp4=
-7,-111,xoj3HuMNW2pcwGKV7ZXTcJPEtWE=,n5W0FO/Lz04+F1TMNArltQ/gsp4=
-15,-98,xoj3HuMNW2pcwGKV7ZXTcJPEtWE=,n5W0FO/Lz04+F1TMNArltQ/gsp4=
-14,-98,xoj3HuMNW2pcwGKV7ZXTcJPEtWE=,n5W0FO/Lz04+F1TMNArltQ/gsp4=
-4,-98,xoj3HuMNW2pcwGKV7ZXTcJPEtWE=,n5W0FO/Lz04+F1TMNArltQ/gsp4=
-16,-98,xoj3HuMNW2pcwGKV7ZXTcJPEtWE=,n5W0FO/Lz04+F1TMNArltQ/gsp4=
-4,-99,xoj3HuMNW2pcwGKV7ZXTcJPEtWE=,n5W0FO/Lz04+F1TMNArltQ/gsp4=
-6,-111,xoj3HuMNW2pcwGKV7ZXTcJPEtWE=,n5W0FO/Lz04+F1TMNArltQ/gsp4=
-3,-99,xoj3HuMNW2pcwGKV7ZXTcJPEtWE=,n5W0FO/Lz04+F1TMNArltQ/gsp4=
-5,-111,xoj3HuMNW2pcwGKV7ZXTcJPEtWE=,n5W0FO/Lz04+F1TMNArltQ/gsp4=
-6,-99,xoj3HuMNW2pcwGKV7ZXTcJPEtWE=,n5W0FO/Lz04+F1TMNArltQ/gsp4=
-1,-99,xoj3HuMNW2pcwGKV7ZXTcJPEtWE=,n5W0FO/Lz04+F1TMNArltQ/gsp4=
-2,-99,xoj3HuMNW2pcwGKV7ZXTcJPEtWE=,n5W0FO/Lz04+F1TMNArltQ/gsp4=
-7,-99,xoj3HuMNW2pcwGKV7ZXTcJPEtWE=,n5W0FO/Lz04+F1TMNArltQ/gsp4=
-4,-111,xoj3HuMNW2pcwGKV7ZXTcJPEtWE=,n5W0FO/Lz04+F1TMNArltQ/gsp4=
-9,-99,xoj3HuMNW2pcwGKV7ZXTcJPEtWE=,n5W0FO/Lz04+F1TMNArltQ/gsp4=
-10,-99,xoj3HuMNW2pcwGKV7ZXTcJPEtWE=,n5W0FO/Lz04+F1TMNArltQ/gsp4=
-5,-99,xoj3HuMNW2pcwGKV7ZXTcJPEtWE=,n5W0FO/Lz04+F1TMNArltQ/gsp4=
-3,-111,xoj3HuMNW2pcwGKV7ZXTcJPEtWE=,n5W0FO/Lz04+F1TMNArltQ/gsp4=
-12,-99,xoj3HuMNW2pcwGKV7ZXTcJPEtWE=,n5W0FO/Lz04+F1TMNArltQ/gsp4=
-8,-99,xoj3HuMNW2pcwGKV7ZXTcJPEtWE=,n5W0FO/Lz04+F1TMNArltQ/gsp4=
-15,-99,xoj3HuMNW2pcwGKV7ZXTcJPEtWE=,n5W0FO/Lz04+F1TMNArltQ/gsp4=
-13,-99,xoj3HuMNW2pcwGKV7ZXTcJPEtWE=,n5W0FO/Lz04+F1TMNArltQ/gsp4=
-14,-99,xoj3HuMNW2pcwGKV7ZXTcJPEtWE=,n5W0FO/Lz04+F1TMNArltQ/gsp4=
-1,-100,xoj3HuMNW2pcwGKV7ZXTcJPEtWE=,n5W0FO/Lz04+F1TMNArltQ/gsp4=
-16,-99,xoj3HuMNW2pcwGKV7ZXTcJPEtWE=,n5W0FO/Lz04+F1TMNArltQ/gsp4=
-11,-99,xoj3HuMNW2pcwGKV7ZXTcJPEtWE=,n5W0FO/Lz04+F1TMNArltQ/gsp4=
-2,-100,xoj3HuMNW2pcwGKV7ZXTcJPEtWE=,n5W0FO/Lz04+F1TMNArltQ/gsp4=
-4,-100,xoj3HuMNW2pcwGKV7ZXTcJPEtWE=,n5W0FO/Lz04+F1TMNArltQ/gsp4=
-6,-100,xoj3HuMNW2pcwGKV7ZXTcJPEtWE=,n5W0FO/Lz04+F1TMNArltQ/gsp4=
-3,-100,xoj3HuMNW2pcwGKV7ZXTcJPEtWE=,n5W0FO/Lz04+F1TMNArltQ/gsp4=
-7,-100,xoj3HuMNW2pcwGKV7ZXTcJPEtWE=,n5W0FO/Lz04+F1TMNArltQ/gsp4=
-8,-100,xoj3HuMNW2pcwGKV7ZXTcJPEtWE=,n5W0FO/Lz04+F1TMNArltQ/gsp4=
-2,-111,xoj3HuMNW2pcwGKV7ZXTcJPEtWE=,n5W0FO/Lz04+F1TMNArltQ/gsp4=
-11,-100,xoj3HuMNW2pcwGKV7ZXTcJPEtWE=,n5W0FO/Lz04+F1TMNArltQ/gsp4=
-9,-100,xoj3HuMNW2pcwGKV7ZXTcJPEtWE=,n5W0FO/Lz04+F1TMNArltQ/gsp4=
-10,-100,xoj3HuMNW2pcwGKV7ZXTcJPEtWE=,n5W0FO/Lz04+F1TMNArltQ/gsp4=
-12,-100,xoj3HuMNW2pcwGKV7ZXTcJPEtWE=,n5W0FO/Lz04+F1TMNArltQ/gsp4=
-14,-100,xoj3HuMNW2pcwGKV7ZXTcJPEtWE=,n5W0FO/Lz04+F1TMNArltQ/gsp4=
-5,-100,xoj3HuMNW2pcwGKV7ZXTcJPEtWE=,n5W0FO/Lz04+F1TMNArltQ/gsp4=
-1,-111,xoj3HuMNW2pcwGKV7ZXTcJPEtWE=,n5W0FO/Lz04+F1TMNArltQ/gsp4=
-15,-100,xoj3HuMNW2pcwGKV7ZXTcJPEtWE=,n5W0FO/Lz04+F1TMNArltQ/gsp4=
-16,-110,xoj3HuMNW2pcwGKV7ZXTcJPEtWE=,n5W0FO/Lz04+F1TMNArltQ/gsp4=
-13,-100,xoj3HuMNW2pcwGKV7ZXTcJPEtWE=,n5W0FO/Lz04+F1TMNArltQ/gsp4=
-2,-101,xoj3HuMNW2pcwGKV7ZXTcJPEtWE=,n5W0FO/Lz04+F1TMNArltQ/gsp4=
-16,-100,xoj3HuMNW2pcwGKV7ZXTcJPEtWE=,n5W0FO/Lz04+F1TMNArltQ/gsp4=
-4,-101,xoj3HuMNW2pcwGKV7ZXTcJPEtWE=,n5W0FO/Lz04+F1TMNArltQ/gsp4=
-5,-101,xoj3HuMNW2pcwGKV7ZXTcJPEtWE=,n5W0FO/Lz04+F1TMNArltQ/gsp4=
-7,-101,xoj3HuMNW2pcwGKV7ZXTcJPEtWE=,n5W0FO/Lz04+F1TMNArltQ/gsp4=
-15,-110,xoj3HuMNW2pcwGKV7ZXTcJPEtWE=,n5W0FO/Lz04+F1TMNArltQ/gsp4=
-1,-101,xoj3HuMNW2pcwGKV7ZXTcJPEtWE=,n5W0FO/Lz04+F1TMNArltQ/gsp4=
-9,-101,xoj3HuMNW2pcwGKV7ZXTcJPEtWE=,n5W0FO/Lz04+F1TMNArltQ/gsp4=
-3,-101,xoj3HuMNW2pcwGKV7ZXTcJPEtWE=,n5W0FO/Lz04+F1TMNArltQ/gsp4=
-10,-101,xoj3HuMNW2pcwGKV7ZXTcJPEtWE=,n5W0FO/Lz04+F1TMNArltQ/gsp4=
-12,-101,xoj3HuMNW2pcwGKV7ZXTcJPEtWE=,n5W0FO/Lz04+F1TMNArltQ/gsp4=
-8,-101,xoj3HuMNW2pcwGKV7ZXTcJPEtWE=,n5W0FO/Lz04+F1TMNArltQ/gsp4=
-13,-101,xoj3HuMNW2pcwGKV7ZXTcJPEtWE=,n5W0FO/Lz04+F1TMNArltQ/gsp4=
-14,-110,xoj3HuMNW2pcwGKV7ZXTcJPEtWE=,n5W0FO/Lz04+F1TMNArltQ/gsp4=
-11,-101,xoj3HuMNW2pcwGKV7ZXTcJPEtWE=,n5W0FO/Lz04+F1TMNArltQ/gsp4=
-6,-101,xoj3HuMNW2pcwGKV7ZXTcJPEtWE=,n5W0FO/Lz04+F1TMNArltQ/gsp4=
-14,-101,xoj3HuMNW2pcwGKV7ZXTcJPEtWE=,n5W0FO/Lz04+F1TMNArltQ/gsp4=
-15,-101,xoj3HuMNW2pcwGKV7ZXTcJPEtWE=,n5W0FO/Lz04+F1TMNArltQ/gsp4=
-3,-102,xoj3HuMNW2pcwGKV7ZXTcJPEtWE=,n5W0FO/Lz04+F1TMNArltQ/gsp4=
-2,-102,xoj3HuMNW2pcwGKV7ZXTcJPEtWE=,n5W0FO/Lz04+F1TMNArltQ/gsp4=
-7,-102,xoj3HuMNW2pcwGKV7ZXTcJPEtWE=,n5W0FO/Lz04+F1TMNArltQ/gsp4=
-13,-110,xoj3HuMNW2pcwGKV7ZXTcJPEtWE=,n5W0FO/Lz04+F1TMNArltQ/gsp4=
-16,-101,xoj3HuMNW2pcwGKV7ZXTcJPEtWE=,n5W0FO/Lz04+F1TMNArltQ/gsp4=
-5,-102,xoj3HuMNW2pcwGKV7ZXTcJPEtWE=,n5W0FO/Lz04+F1TMNArltQ/gsp4=
-11,-102,xoj3HuMNW2pcwGKV7ZXTcJPEtWE=,n5W0FO/Lz04+F1TMNArltQ/gsp4=
-4,-102,xoj3HuMNW2pcwGKV7ZXTcJPEtWE=,n5W0FO/Lz04+F1TMNArltQ/gsp4=
-12,-110,xoj3HuMNW2pcwGKV7ZXTcJPEtWE=,n5W0FO/Lz04+F1TMNArltQ/gsp4=
-9,-102,xoj3HuMNW2pcwGKV7ZXTcJPEtWE=,n5W0FO/Lz04+F1TMNArltQ/gsp4=
-6,-102,xoj3HuMNW2pcwGKV7ZXTcJPEtWE=,n5W0FO/Lz04+F1TMNArltQ/gsp4=
-8,-102,xoj3HuMNW2pcwGKV7ZXTcJPEtWE=,n5W0FO/Lz04+F1TMNArltQ/gsp4=
-14,-102,xoj3HuMNW2pcwGKV7ZXTcJPEtWE=,n5W0FO/Lz04+F1TMNArltQ/gsp4=
-13,-102,xoj3HuMNW2pcwGKV7ZXTcJPEtWE=,n5W0FO/Lz04+F1TMNArltQ/gsp4=
-16,-102,xoj3HuMNW2pcwGKV7ZXTcJPEtWE=,n5W0FO/Lz04+F1TMNArltQ/gsp4=
-12,-102,xoj3HuMNW2pcwGKV7ZXTcJPEtWE=,n5W0FO/Lz04+F1TMNArltQ/gsp4=
-11,-110,xoj3HuMNW2pcwGKV7ZXTcJPEtWE=,n5W0FO/Lz04+F1TMNArltQ/gsp4=
-4,-103,xoj3HuMNW2pcwGKV7ZXTcJPEtWE=,n5W0FO/Lz04+F1TMNArltQ/gsp4=
-1,-103,xoj3HuMNW2pcwGKV7ZXTcJPEtWE=,n5W0FO/Lz04+F1TMNArltQ/gsp4=
-2,-103,xoj3HuMNW2pcwGKV7ZXTcJPEtWE=,n5W0FO/Lz04+F1TMNArltQ/gsp4=
-15,-102,xoj3HuMNW2pcwGKV7ZXTcJPEtWE=,n5W0FO/Lz04+F1TMNArltQ/gsp4=
-5,-103,xoj3HuMNW2pcwGKV7ZXTcJPEtWE=,n5W0FO/Lz04+F1TMNArltQ/gsp4=
-1,-102,xoj3HuMNW2pcwGKV7ZXTcJPEtWE=,n5W0FO/Lz04+F1TMNArltQ/gsp4=
-3,-103,xoj3HuMNW2pcwGKV7ZXTcJPEtWE=,n5W0FO/Lz04+F1TMNArltQ/gsp4=
-10,-102,xoj3HuMNW2pcwGKV7ZXTcJPEtWE=,n5W0FO/Lz04+F1TMNArltQ/gsp4=
-9,-103,xoj3HuMNW2pcwGKV7ZXTcJPEtWE=,n5W0FO/Lz04+F1TMNArltQ/gsp4=
-7,-103,xoj3HuMNW2pcwGKV7ZXTcJPEtWE=,n5W0FO/Lz04+F1TMNArltQ/gsp4=
-8,-103,xoj3HuMNW2pcwGKV7ZXTcJPEtWE=,n5W0FO/Lz04+F1TMNArltQ/gsp4=
-13,-103,xoj3HuMNW2pcwGKV7ZXTcJPEtWE=,n5W0FO/Lz04+F1TMNArltQ/gsp4=
-6,-103,xoj3HuMNW2pcwGKV7ZXTcJPEtWE=,n5W0FO/Lz04+F1TMNArltQ/gsp4=
-12,-103,xoj3HuMNW2pcwGKV7ZXTcJPEtWE=,n5W0FO/Lz04+F1TMNArltQ/gsp4=
-10,-110,xoj3HuMNW2pcwGKV7ZXTcJPEtWE=,n5W0FO/Lz04+F1TMNArltQ/gsp4=
-11,-103,xoj3HuMNW2pcwGKV7ZXTcJPEtWE=,n5W0FO/Lz04+F1TMNArltQ/gsp4=
-14,-103,xoj3HuMNW2pcwGKV7ZXTcJPEtWE=,n5W0FO/Lz04+F1TMNArltQ/gsp4=
-1,-104,xoj3HuMNW2pcwGKV7ZXTcJPEtWE=,n5W0FO/Lz04+F1TMNArltQ/gsp4=
-2,-104,xoj3HuMNW2pcwGKV7ZXTcJPEtWE=,n5W0FO/Lz04+F1TMNArltQ/gsp4=
-15,-103,xoj3HuMNW2pcwGKV7ZXTcJPEtWE=,n5W0FO/Lz04+F1TMNArltQ/gsp4=
-16,-103,xoj3HuMNW2pcwGKV7ZXTcJPEtWE=,n5W0FO/Lz04+F1TMNArltQ/gsp4=
-4,-104,xoj3HuMNW2pcwGKV7ZXTcJPEtWE=,n5W0FO/Lz04+F1TMNArltQ/gsp4=
-10,-103,xoj3HuMNW2pcwGKV7ZXTcJPEtWE=,n5W0FO/Lz04+F1TMNArltQ/gsp4=
-9,-110,xoj3HuMNW2pcwGKV7ZXTcJPEtWE=,n5W0FO/Lz04+F1TMNArltQ/gsp4=
-3,-104,xoj3HuMNW2pcwGKV7ZXTcJPEtWE=,n5W0FO/Lz04+F1TMNArltQ/gsp4=
-5,-104,xoj3HuMNW2pcwGKV7ZXTcJPEtWE=,n5W0FO/Lz04+F1TMNArltQ/gsp4=
-6,-104,xoj3HuMNW2pcwGKV7ZXTcJPEtWE=,n5W0FO/Lz04+F1TMNArltQ/gsp4=
-7,-104,xoj3HuMNW2pcwGKV7ZXTcJPEtWE=,n5W0FO/Lz04+F1TMNArltQ/gsp4=
-9,-104,xoj3HuMNW2pcwGKV7ZXTcJPEtWE=,n5W0FO/Lz04+F1TMNArltQ/gsp4=
-12,-104,xoj3HuMNW2pcwGKV7ZXTcJPEtWE=,n5W0FO/Lz04+F1TMNArltQ/gsp4=
-8,-110,xoj3HuMNW2pcwGKV7ZXTcJPEtWE=,n5W0FO/Lz04+F1TMNArltQ/gsp4=
-10,-104,xoj3HuMNW2pcwGKV7ZXTcJPEtWE=,n5W0FO/Lz04+F1TMNArltQ/gsp4=
-11,-104,xoj3HuMNW2pcwGKV7ZXTcJPEtWE=,n5W0FO/Lz04+F1TMNArltQ/gsp4=
-8,-104,xoj3HuMNW2pcwGKV7ZXTcJPEtWE=,n5W0FO/Lz04+F1TMNArltQ/gsp4=
-15,-104,xoj3HuMNW2pcwGKV7ZXTcJPEtWE=,n5W0FO/Lz04+F1TMNArltQ/gsp4=
-14,-104,xoj3HuMNW2pcwGKV7ZXTcJPEtWE=,n5W0FO/Lz04+F1TMNArltQ/gsp4=
-4,-105,xoj3HuMNW2pcwGKV7ZXTcJPEtWE=,n5W0FO/Lz04+F1TMNArltQ/gsp4=
-1,-105,xoj3HuMNW2pcwGKV7ZXTcJPEtWE=,n5W0FO/Lz04+F1TMNArltQ/gsp4=
-2,-105,xoj3HuMNW2pcwGKV7ZXTcJPEtWE=,n5W0FO/Lz04+F1TMNArltQ/gsp4=
-16,-104,xoj3HuMNW2pcwGKV7ZXTcJPEtWE=,n5W0FO/Lz04+F1TMNArltQ/gsp4=
-13,-104,xoj3HuMNW2pcwGKV7ZXTcJPEtWE=,n5W0FO/Lz04+F1TMNArltQ/gsp4=
-8,-105,xoj3HuMNW2pcwGKV7ZXTcJPEtWE=,n5W0FO/Lz04+F1TMNArltQ/gsp4=
-3,-105,xoj3HuMNW2pcwGKV7ZXTcJPEtWE=,n5W0FO/Lz04+F1TMNArltQ/gsp4=
-7,-105,xoj3HuMNW2pcwGKV7ZXTcJPEtWE=,n5W0FO/Lz04+F1TMNArltQ/gsp4=
-6,-105,xoj3HuMNW2pcwGKV7ZXTcJPEtWE=,n5W0FO/Lz04+F1TMNArltQ/gsp4=
-11,-105,xoj3HuMNW2pcwGKV7ZXTcJPEtWE=,n5W0FO/Lz04+F1TMNArltQ/gsp4=
-2,-106,xoj3HuMNW2pcwGKV7ZXTcJPEtWE=,n5W0FO/Lz04+F1TMNArltQ/gsp4=
-10,-105,xoj3HuMNW2pcwGKV7ZXTcJPEtWE=,n5W0FO/Lz04+F1TMNArltQ/gsp4=
-16,-105,xoj3HuMNW2pcwGKV7ZXTcJPEtWE=,n5W0FO/Lz04+F1TMNArltQ/gsp4=
-9,-105,xoj3HuMNW2pcwGKV7ZXTcJPEtWE=,n5W0FO/Lz04+F1TMNArltQ/gsp4=
-3,-106,xoj3HuMNW2pcwGKV7ZXTcJPEtWE=,n5W0FO/Lz04+F1TMNArltQ/gsp4=
-14,-105,xoj3HuMNW2pcwGKV7ZXTcJPEtWE=,n5W0FO/Lz04+F1TMNArltQ/gsp4=
-1,-106,xoj3HuMNW2pcwGKV7ZXTcJPEtWE=,n5W0FO/Lz04+F1TMNArltQ/gsp4=
-12,-105,xoj3HuMNW2pcwGKV7ZXTcJPEtWE=,n5W0FO/Lz04+F1TMNArltQ/gsp4=
-5,-106,xoj3HuMNW2pcwGKV7ZXTcJPEtWE=,n5W0FO/Lz04+F1TMNArltQ/gsp4=
-7,-106,xoj3HuMNW2pcwGKV7ZXTcJPEtWE=,n5W0FO/Lz04+F1TMNArltQ/gsp4=
-6,-106,xoj3HuMNW2pcwGKV7ZXTcJPEtWE=,n5W0FO/Lz04+F1TMNArltQ/gsp4=
-15,-105,xoj3HuMNW2pcwGKV7ZXTcJPEtWE=,n5W0FO/Lz04+F1TMNArltQ/gsp4=
-9,-106,xoj3HuMNW2pcwGKV7ZXTcJPEtWE=,n5W0FO/Lz04+F1TMNArltQ/gsp4=
-11,-106,xoj3HuMNW2pcwGKV7ZXTcJPEtWE=,n5W0FO/Lz04+F1TMNArltQ/gsp4=
-8,-106,xoj3HuMNW2pcwGKV7ZXTcJPEtWE=,n5W0FO/Lz04+F1TMNArltQ/gsp4=
-13,-106,xoj3HuMNW2pcwGKV7ZXTcJPEtWE=,n5W0FO/Lz04+F1TMNArltQ/gsp4=
-5,-105,xoj3HuMNW2pcwGKV7ZXTcJPEtWE=,n5W0FO/Lz04+F1TMNArltQ/gsp4=
-16,-106,xoj3HuMNW2pcwGKV7ZXTcJPEtWE=,n5W0FO/Lz04+F1TMNArltQ/gsp4=
-3,-107,xoj3HuMNW2pcwGKV7ZXTcJPEtWE=,n5W0FO/Lz04+F1TMNArltQ/gsp4=
-4,-107,xoj3HuMNW2pcwGKV7ZXTcJPEtWE=,n5W0FO/Lz04+F1TMNArltQ/gsp4=
-1,-107,xoj3HuMNW2pcwGKV7ZXTcJPEtWE=,n5W0FO/Lz04+F1TMNArltQ/gsp4=
-7,-107,xoj3HuMNW2pcwGKV7ZXTcJPEtWE=,n5W0FO/Lz04+F1TMNArltQ/gsp4=
-6,-107,xoj3HuMNW2pcwGKV7ZXTcJPEtWE=,n5W0FO/Lz04+F1TMNArltQ/gsp4=
-9,-107,xoj3HuMNW2pcwGKV7ZXTcJPEtWE=,n5W0FO/Lz04+F1TMNArltQ/gsp4=
-8,-107,xoj3HuMNW2pcwGKV7ZXTcJPEtWE=,n5W0FO/Lz04+F1TMNArltQ/gsp4=
-2,-107,xoj3HuMNW2pcwGKV7ZXTcJPEtWE=,n5W0FO/Lz04+F1TMNArltQ/gsp4=
-11,-107,xoj3HuMNW2pcwGKV7ZXTcJPEtWE=,n5W0FO/Lz04+F1TMNArltQ/gsp4=
-10,-107,xoj3HuMNW2pcwGKV7ZXTcJPEtWE=,n5W0FO/Lz04+F1TMNArltQ/gsp4=
-15,-107,xoj3HuMNW2pcwGKV7ZXTcJPEtWE=,n5W0FO/Lz04+F1TMNArltQ/gsp4=
-7,-110,xoj3HuMNW2pcwGKV7ZXTcJPEtWE=,n5W0FO/Lz04+F1TMNArltQ/gsp4=
-14,-107,xoj3HuMNW2pcwGKV7ZXTcJPEtWE=,n5W0FO/Lz04+F1TMNArltQ/gsp4=
-2,-108,xoj3HuMNW2pcwGKV7ZXTcJPEtWE=,n5W0FO/Lz04+F1TMNArltQ/gsp4=
-13,-107,xoj3HuMNW2pcwGKV7ZXTcJPEtWE=,n5W0FO/Lz04+F1TMNArltQ/gsp4=
-12,-106,xoj3HuMNW2pcwGKV7ZXTcJPEtWE=,n5W0FO/Lz04+F1TMNArltQ/gsp4=
-1,-108,xoj3HuMNW2pcwGKV7ZXTcJPEtWE=,n5W0FO/Lz04+F1TMNArltQ/gsp4=
-5,-107,xoj3HuMNW2pcwGKV7ZXTcJPEtWE=,n5W0FO/Lz04+F1TMNArltQ/gsp4=
-16,-107,xoj3HuMNW2pcwGKV7ZXTcJPEtWE=,n5W0FO/Lz04+F1TMNArltQ/gsp4=
-12,-107,xoj3HuMNW2pcwGKV7ZXTcJPEtWE=,n5W0FO/Lz04+F1TMNArltQ/gsp4=
-5,-108,xoj3HuMNW2pcwGKV7ZXTcJPEtWE=,n5W0FO/Lz04+F1TMNArltQ/gsp4=
-3,-108,xoj3HuMNW2pcwGKV7ZXTcJPEtWE=,n5W0FO/Lz04+F1TMNArltQ/gsp4=
-4,-108,xoj3HuMNW2pcwGKV7ZXTcJPEtWE=,n5W0FO/Lz04+F1TMNArltQ/gsp4=
-7,-108,xoj3HuMNW2pcwGKV7ZXTcJPEtWE=,n5W0FO/Lz04+F1TMNArltQ/gsp4=
-10,-108,xoj3HuMNW2pcwGKV7ZXTcJPEtWE=,n5W0FO/Lz04+F1TMNArltQ/gsp4=
-4,-106,xoj3HuMNW2pcwGKV7ZXTcJPEtWE=,n5W0FO/Lz04+F1TMNArltQ/gsp4=
-9,-108,xoj3HuMNW2pcwGKV7ZXTcJPEtWE=,n5W0FO/Lz04+F1TMNArltQ/gsp4=
-6,-108,xoj3HuMNW2pcwGKV7ZXTcJPEtWE=,n5W0FO/Lz04+F1TMNArltQ/gsp4=
-13,-108,xoj3HuMNW2pcwGKV7ZXTcJPEtWE=,n5W0FO/Lz04+F1TMNArltQ/gsp4=
-8,-108,xoj3HuMNW2pcwGKV7ZXTcJPEtWE=,n5W0FO/Lz04+F1TMNArltQ/gsp4=
-14,-106,xoj3HuMNW2pcwGKV7ZXTcJPEtWE=,n5W0FO/Lz04+F1TMNArltQ/gsp4=
-12,-108,xoj3HuMNW2pcwGKV7ZXTcJPEtWE=,n5W0FO/Lz04+F1TMNArltQ/gsp4=
-14,-108,xoj3HuMNW2pcwGKV7ZXTcJPEtWE=,n5W0FO/Lz04+F1TMNArltQ/gsp4=
-11,-108,xoj3HuMNW2pcwGKV7ZXTcJPEtWE=,n5W0FO/Lz04+F1TMNArltQ/gsp4=
-10,-106,xoj3HuMNW2pcwGKV7ZXTcJPEtWE=,n5W0FO/Lz04+F1TMNArltQ/gsp4=
-1,-109,xoj3HuMNW2pcwGKV7ZXTcJPEtWE=,n5W0FO/Lz04+F1TMNArltQ/gsp4=
-16,-108,xoj3HuMNW2pcwGKV7ZXTcJPEtWE=,n5W0FO/Lz04+F1TMNArltQ/gsp4=
-3,-109,xoj3HuMNW2pcwGKV7ZXTcJPEtWE=,n5W0FO/Lz04+F1TMNArltQ/gsp4=
-13,-105,xoj3HuMNW2pcwGKV7ZXTcJPEtWE=,n5W0FO/Lz04+F1TMNArltQ/gsp4=
-6,-110,xoj3HuMNW2pcwGKV7ZXTcJPEtWE=,n5W0FO/Lz04+F1TMNArltQ/gsp4=
-4,-109,xoj3HuMNW2pcwGKV7ZXTcJPEtWE=,n5W0FO/Lz04+F1TMNArltQ/gsp4=
-7,-109,xoj3HuMNW2pcwGKV7ZXTcJPEtWE=,n5W0FO/Lz04+F1TMNArltQ/gsp4=
-2,-109,xoj3HuMNW2pcwGKV7ZXTcJPEtWE=,n5W0FO/Lz04+F1TMNArltQ/gsp4=
-5,-109,xoj3HuMNW2pcwGKV7ZXTcJPEtWE=,n5W0FO/Lz04+F1TMNArltQ/gsp4=
-15,-108,xoj3HuMNW2pcwGKV7ZXTcJPEtWE=,n5W0FO/Lz04+F1TMNArltQ/gsp4=
-10,-109,xoj3HuMNW2pcwGKV7ZXTcJPEtWE=,n5W0FO/Lz04+F1TMNArltQ/gsp4=
-9,-109,xoj3HuMNW2pcwGKV7ZXTcJPEtWE=,n5W0FO/Lz04+F1TMNArltQ/gsp4=
-6,-109,xoj3HuMNW2pcwGKV7ZXTcJPEtWE=,n5W0FO/Lz04+F1TMNArltQ/gsp4=
-13,-109,xoj3HuMNW2pcwGKV7ZXTcJPEtWE=,n5W0FO/Lz04+F1TMNArltQ/gsp4=
-15,-109,xoj3HuMNW2pcwGKV7ZXTcJPEtWE=,n5W0FO/Lz04+F1TMNArltQ/gsp4=
-8,-109,xoj3HuMNW2pcwGKV7ZXTcJPEtWE=,n5W0FO/Lz04+F1TMNArltQ/gsp4=
-5,-110,xoj3HuMNW2pcwGKV7ZXTcJPEtWE=,n5W0FO/Lz04+F1TMNArltQ/gsp4=
-14,-109,xoj3HuMNW2pcwGKV7ZXTcJPEtWE=,n5W0FO/Lz04+F1TMNArltQ/gsp4=
-12,-109,xoj3HuMNW2pcwGKV7ZXTcJPEtWE=,n5W0FO/Lz04+F1TMNArltQ/gsp4=
-11,-109,xoj3HuMNW2pcwGKV7ZXTcJPEtWE=,n5W0FO/Lz04+F1TMNArltQ/gsp4=
-15,-106,xoj3HuMNW2pcwGKV7ZXTcJPEtWE=,n5W0FO/Lz04+F1TMNArltQ/gsp4=
-1,-110,xoj3HuMNW2pcwGKV7ZXTcJPEtWE=,n5W0FO/Lz04+F1TMNArltQ/gsp4=
-16,-109,xoj3HuMNW2pcwGKV7ZXTcJPEtWE=,n5W0FO/Lz04+F1TMNArltQ/gsp4=
-2,-110,xoj3HuMNW2pcwGKV7ZXTcJPEtWE=,n5W0FO/Lz04+F1TMNArltQ/gsp4=
-3,-110,xoj3HuMNW2pcwGKV7ZXTcJPEtWE=,n5W0FO/Lz04+F1TMNArltQ/gsp4=
-4,-110,xoj3HuMNW2pcwGKV7ZXTcJPEtWE=,n5W0FO/Lz04+F1TMNArltQ/gsp4=
