-113,79,1wB1oEfp7Bv+JxY5x5US3GMbPKE=,HKSBjPaEipmR3kXwB8rWqot3XVw=
-114,79,1wB1oEfp7Bv+JxY5x5US3GMbPKE=,HKSBjPaEipmR3kXwB8rWqot3XVw=
-115,79,1wB1oEfp7Bv+JxY5x5US3GMbPKE=,HKSBjPaEipmR3kXwB8rWqot3XVw=
-116,79,1wB1oEfp7Bv+JxY5x5US3GMbPKE=,HKSBjPaEipmR3kXwB8rWqot3XVw=
-117,79,1wB1oEfp7Bv+JxY5x5US3GMbPKE=,HKSBjPaEipmR3kXwB8rWqot3XVw=
-122,79,1wB1oEfp7Bv+JxY5x5US3GMbPKE=,HKSBjPaEipmR3kXwB8rWqot3XVw=
-121,79,1wB1oEfp7Bv+JxY5x5US3GMbPKE=,HKSBjPaEipmR3kXwB8rWqot3XVw=
-120,79,1wB1oEfp7Bv+JxY5x5US3GMbPKE=,HKSBjPaEipmR3kXwB8rWqot3XVw=
-124,79,1wB1oEfp7Bv+JxY5x5US3GMbPKE=,HKSBjPaEipmR3kXwB8rWqot3XVw=
-125,79,1wB1oEfp7Bv+JxY5x5US3GMbPKE=,HKSBjPaEipmR3kXwB8rWqot3XVw=
-123,79,1wB1oEfp7Bv+JxY5x5US3GMbPKE=,HKSBjPaEipmR3kXwB8rWqot3XVw=
-126,79,1wB1oEfp7Bv+JxY5x5US3GMbPKE=,HKSBjPaEipmR3kXwB8rWqot3XVw=
-114,64,1wB1oEfp7Bv+JxY5x5US3GMbPKE=,HKSBjPaEipmR3kXwB8rWqot3XVw=
-127,79,1wB1oEfp7Bv+JxY5x5US3GMbPKE=,HKSBjPaEipmR3kXwB8rWqot3XVw=
-114,65,1wB1oEfp7Bv+JxY5x5US3GMbPKE=,HKSBjPaEipmR3kXwB8rWqot3XVw=
-128,66,1wB1oEfp7Bv+JxY5x5US3GMbPKE=,HKSBjPaEipmR3kXwB8rWqot3XVw=
-115,64,1wB1oEfp7Bv+JxY5x5US3GMbPKE=,HKSBjPaEipmR3kXwB8rWqot3XVw=
-113,65,1wB1oEfp7Bv+JxY5x5US3GMbPKE=,HKSBjPaEipmR3kXwB8rWqot3XVw=
-113,64,1wB1oEfp7Bv+JxY5x5US3GMbPKE=,HKSBjPaEipmR3kXwB8rWqot3XVw=
-118,64,1wB1oEfp7Bv+JxY5x5US3GMbPKE=,HKSBjPaEipmR3kXwB8rWqot3XVw=
-120,64,1wB1oEfp7Bv+JxY5x5US3GMbPKE=,HKSBjPaEipmR3kXwB8rWqot3XVw=
-119,79,1wB1oEfp7Bv+JxY5x5US3GMbPKE=,HKSBjPaEipmR3kXwB8rWqot3XVw=
-118,79,1wB1oEfp7Bv+JxY5x5US3GMbPKE=,HKSBjPaEipmR3kXwB8rWqot3XVw=
-122,64,1wB1oEfp7Bv+JxY5x5US3GMbPKE=,HKSBjPaEipmR3kXwB8rWqot3XVw=
-121,64,1wB1oEfp7Bv+JxY5x5US3GMbPKE=,HKSBjPaEipmR3kXwB8rWqot3XVw=
-126,64,1wB1oEfp7Bv+JxY5x5US3GMbPKE=,HKSBjPaEipmR3kXwB8rWqot3XVw=
-127,64,1wB1oEfp7Bv+JxY5x5US3GMbPKE=,HKSBjPaEipmR3kXwB8rWqot3XVw=
-119,64,1wB1oEfp7Bv+JxY5x5US3GMbPKE=,HKSBjPaEipmR3kXwB8rWqot3XVw=
-128,79,1wB1oEfp7Bv+JxY5x5US3GMbPKE=,HKSBjPaEipmR3kXwB8rWqot3XVw=
-113,78,1wB1oEfp7Bv+JxY5x5US3GMbPKE=,HKSBjPaEipmR3kXwB8rWqot3XVw=
-114,78,1wB1oEfp7Bv+JxY5x5US3GMbPKE=,HKSBjPaEipmR3kXwB8rWqot3XVw=
-115,78,1wB1oEfp7Bv+JxY5x5US3GMbPKE=,HKSBjPaEipmR3kXwB8rWqot3XVw=
-116,78,1wB1oEfp7Bv+JxY5x5US3GMbPKE=,HKSBjPaEipmR3kXwB8rWqot3XVw=
-117,78,1wB1oEfp7Bv+JxY5x5US3GMbPKE=,HKSBjPaEipmR3kXwB8rWqot3XVw=
-123,64,1wB1oEfp7Bv+JxY5x5US3GMbPKE=,HKSBjPaEipmR3kXwB8rWqot3XVw=
-118,78,1wB1oEfp7Bv+JxY5x5US3GMbPKE=,HKSBjPaEipmR3kXwB8rWqot3XVw=
-120,78,1wB1oEfp7Bv+JxY5x5US3GMbPKE=,HKSBjPaEipmR3kXwB8rWqot3XVw=
-128,64,1wB1oEfp7Bv+JxY5x5US3GMbPKE=,HKSBjPaEipmR3kXwB8rWqot3XVw=
-121,78,1wB1oEfp7Bv+JxY5x5US3GMbPKE=,HKSBjPaEipmR3kXwB8rWqot3XVw=
-123,78,1wB1oEfp7Bv+JxY5x5US3GMbPKE=,HKSBjPaEipmR3kXwB8rWqot3XVw=
-124,78,1wB1oEfp7Bv+JxY5x5US3GMbPKE=,HKSBjPaEipmR3kXwB8rWqot3XVw=
-125,78,1wB1oEfp7Bv+JxY5x5US3GMbPKE=,HKSBjPaEipmR3kXwB8rWqot3XVw=
-126,78,1wB1oEfp7Bv+JxY5x5US3GMbPKE=,HKSBjPaEipmR3kXwB8rWqot3XVw=
-115,65,1wB1oEfp7Bv+JxY5x5US3GMbPKE=,HKSBjPaEipmR3kXwB8rWqot3XVw=
-127,78,1wB1oEfp7Bv+JxY5x5US3GMbPKE=,HKSBjPaEipmR3kXwB8rWqot3XVw=
-128,78,1wB1oEfp7Bv+JxY5x5US3GMbPKE=,HKSBjPaEipmR3kXwB8rWqot3XVw=
-113,77,1wB1oEfp7Bv+JxY5x5US3GMbPKE=,HKSBjPaEipmR3kXwB8rWqot3XVw=
-114,77,1wB1oEfp7Bv+JxY5x5US3GMbPKE=,HKSBjPaEipmR3kXwB8rWqot3XVw=
-119,78,1wB1oEfp7Bv+JxY5x5US3GMbPKE=,HKSBjPaEipmR3kXwB8rWqot3XVw=
-116,77,1wB1oEfp7Bv+JxY5x5US3GMbPKE=,HKSBjPaEipmR3kXwB8rWqot3XVw=
-118,77,1wB1oEfp7Bv+JxY5x5US3GMbPKE=,HKSBjPaEipmR3kXwB8rWqot3XVw=
-117,77,1wB1oEfp7Bv+JxY5x5US3GMbPKE=,HKSBjPaEipmR3kXwB8rWqot3XVw=
-119,77,1wB1oEfp7Bv+JxY5x5US3GMbPKE=,HKSBjPaEipmR3kXwB8rWqot3XVw=
-120,77,1wB1oEfp7Bv+JxY5x5US3GMbPKE=,HKSBjPaEipmR3kXwB8rWqot3XVw=
-121,77,1wB1oEfp7Bv+JxY5x5US3GMbPKE=,HKSBjPaEipmR3kXwB8rWqot3XVw=
-122,77,1wB1oEfp7Bv+JxY5x5US3GMbPKE=,HKSBjPaEipmR3kXwB8rWqot3XVw=
-123,77,1wB1oEfp7Bv+JxY5x5US3GMbPKE=,HKSBjPaEipmR3kXwB8rWqot3XVw=
-124,77,1wB1oEfp7Bv+JxY5x5US3GMbPKE=,HKSBjPaEipmR3kXwB8rWqot3XVw=
-122,78,1wB1oEfp7Bv+JxY5x5US3GMbPKE=,HKSBjPaEipmR3kXwB8rWqot3XVw=
-125,77,1wB1oEfp7Bv+JxY5x5US3GMbPKE=,HKSBjPaEipmR3kXwB8rWqot3XVw=
-126,77,1wB1oEfp7Bv+JxY5x5US3GMbPKE=,HKSBjPaEipmR3kXwB8rWqot3XVw=
-127,77,1wB1oEfp7Bv+JxY5x5US3GMbPKE=,HKSBjPaEipmR3kXwB8rWqot3XVw=
-127,66,1wB1oEfp7Bv+JxY5x5US3GMbPKE=,HKSBjPaEipmR3kXwB8rWqot3XVw=
-116,65,1wB1oEfp7Bv+JxY5x5US3GMbPKE=,HKSBjPaEipmR3kXwB8rWqot3XVw=
-124,64,1wB1oEfp7Bv+JxY5x5US3GMbPKE=,HKSBjPaEipmR3kXwB8rWqot3XVw=
-115,76,1wB1oEfp7Bv+JxY5x5US3GMbPKE=,HKSBjPaEipmR3kXwB8rWqot3XVw=
-117,64,1wB1oEfp7Bv+JxY5x5US3GMbPKE=,HKSBjPaEipmR3kXwB8rWqot3XVw=
-117,76,1wB1oEfp7Bv+JxY5x5US3GMbPKE=,HKSBjPaEipmR3kXwB8rWqot3XVw=
-118,76,1wB1oEfp7Bv+JxY5x5US3GMbPKE=,HKSBjPaEipmR3kXwB8rWqot3XVw=
-119,76,1wB1oEfp7Bv+JxY5x5US3GMbPKE=,HKSBjPaEipmR3kXwB8rWqot3XVw=
-120,76,1wB1oEfp7Bv+JxY5x5US3GMbPKE=,HKSBjPaEipmR3kXwB8rWqot3XVw=
-121,76,1wB1oEfp7Bv+JxY5x5US3GMbPKE=,HKSBjPaEipmR3kXwB8rWqot3XVw=
-122,76,1wB1oEfp7Bv+JxY5x5US3GMbPKE=,HKSBjPaEipmR3kXwB8rWqot3XVw=
-123,76,1wB1oEfp7Bv+JxY5x5US3GMbPKE=,HKSBjPaEipmR3kXwB8rWqot3XVw=
-124,76,1wB1oEfp7Bv+JxY5x5US3GMbPKE=,HKSBjPaEipmR3kXwB8rWqot3XVw=
-117,65,1wB1oEfp7Bv+JxY5x5US3GMbPKE=,HKSBjPaEipmR3kXwB8rWqot3XVw=
-125,76,1wB1oEfp7Bv+JxY5x5US3GMbPKE=,HKSBjPaEipmR3kXwB8rWqot3XVw=
-126,76,1wB1oEfp7Bv+JxY5x5US3GMbPKE=,HKSBjPaEipmR3kXwB8rWqot3XVw=
-128,76,1wB1oEfp7Bv+JxY5x5US3GMbPKE=,HKSBjPaEipmR3kXwB8rWqot3XVw=
-127,76,1wB1oEfp7Bv+JxY5x5US3GMbPKE=,HKSBjPaEipmR3kXwB8rWqot3XVw=
-113,76,1wB1oEfp7Bv+JxY5x5US3GMbPKE=,HKSBjPaEipmR3kXwB8rWqot3XVw=
-115,77,1wB1oEfp7Bv+JxY5x5US3GMbPKE=,HKSBjPaEipmR3kXwB8rWqot3XVw=
-113,75,1wB1oEfp7Bv+JxY5x5US3GMbPKE=,HKSBjPaEipmR3kXwB8rWqot3XVw=
-118,65,1wB1oEfp7Bv+JxY5x5US3GMbPKE=,HKSBjPaEipmR3kXwB8rWqot3XVw=
-116,76,1wB1oEfp7Bv+JxY5x5US3GMbPKE=,HKSBjPaEipmR3kXwB8rWqot3XVw=
-118,75,1wB1oEfp7Bv+JxY5x5US3GMbPKE=,HKSBjPaEipmR3kXwB8rWqot3XVw=
-119,75,1wB1oEfp7Bv+JxY5x5US3GMbPKE=,HKSBjPaEipmR3kXwB8rWqot3XVw=
-121,75,1wB1oEfp7Bv+JxY5x5US3GMbPKE=,HKSBjPaEipmR3kXwB8rWqot3XVw=
-120,75,1wB1oEfp7Bv+JxY5x5US3GMbPKE=,HKSBjPaEipmR3kXwB8rWqot3XVw=
-122,75,1wB1oEfp7Bv+JxY5x5US3GMbPKE=,HKSBjPaEipmR3kXwB8rWqot3XVw=
-123,75,1wB1oEfp7Bv+JxY5x5US3GMbPKE=,HKSBjPaEipmR3kXwB8rWqot3XVw=
-126,66,1wB1oEfp7Bv+JxY5x5US3GMbPKE=,HKSBjPaEipmR3kXwB8rWqot3XVw=
-114,75,1wB1oEfp7Bv+JxY5x5US3GMbPKE=,HKSBjPaEipmR3kXwB8rWqot3XVw=
-124,75,1wB1oEfp7Bv+JxY5x5US3GMbPKE=,HKSBjPaEipmR3kXwB8rWqot3XVw=
-125,75,1wB1oEfp7Bv+JxY5x5US3GMbPKE=,HKSBjPaEipmR3kXwB8rWqot3XVw=
-126,75,1wB1oEfp7Bv+JxY5x5US3GMbPKE=,HKSBjPaEipmR3kXwB8rWqot3XVw=
-127,75,1wB1oEfp7Bv+JxY5x5US3GMbPKE=,HKSBjPaEipmR3kXwB8rWqot3XVw=
-128,75,1wB1oEfp7Bv+JxY5x5US3GMbPKE=,HKSBjPaEipmR3kXwB8rWqot3XVw=
-114,76,1wB1oEfp7Bv+JxY5x5US3GMbPKE=,HKSBjPaEipmR3kXwB8rWqot3XVw=
-119,65,1wB1oEfp7Bv+JxY5x5US3GMbPKE=,HKSBjPaEipmR3kXwB8rWqot3XVw=
-116,75,1wB1oEfp7Bv+JxY5x5US3GMbPKE=,HKSBjPaEipmR3kXwB8rWqot3XVw=
-115,75,1wB1oEfp7Bv+JxY5x5US3GMbPKE=,HKSBjPaEipmR3kXwB8rWqot3XVw=
-117,74,1wB1oEfp7Bv+JxY5x5US3GMbPKE=,HKSBjPaEipmR3kXwB8rWqot3XVw=
-118,74,1wB1oEfp7Bv+JxY5x5US3GMbPKE=,HKSBjPaEipmR3kXwB8rWqot3XVw=
-119,74,1wB1oEfp7Bv+JxY5x5US3GMbPKE=,HKSBjPaEipmR3kXwB8rWqot3XVw=
-120,74,1wB1oEfp7Bv+JxY5x5US3GMbPKE=,HKSBjPaEipmR3kXwB8rWqot3XVw=
-122,74,1wB1oEfp7Bv+JxY5x5US3GMbPKE=,HKSBjPaEipmR3kXwB8rWqot3XVw=
-121,74,1wB1oEfp7Bv+JxY5x5US3GMbPKE=,HKSBjPaEipmR3kXwB8rWqot3XVw=
-117,75,1wB1oEfp7Bv+JxY5x5US3GMbPKE=,HKSBjPaEipmR3kXwB8rWqot3XVw=
-123,74,1wB1oEfp7Bv+JxY5x5US3GMbPKE=,HKSBjPaEipmR3kXwB8rWqot3XVw=
-124,74,1wB1oEfp7Bv+JxY5x5US3GMbPKE=,HKSBjPaEipmR3kXwB8rWqot3XVw=
-125,74,1wB1oEfp7Bv+JxY5x5US3GMbPKE=,HKSBjPaEipmR3kXwB8rWqot3XVw=
-126,74,1wB1oEfp7Bv+JxY5x5US3GMbPKE=,HKSBjPaEipmR3kXwB8rWqot3XVw=
-127,74,1wB1oEfp7Bv+JxY5x5US3GMbPKE=,HKSBjPaEipmR3kXwB8rWqot3XVw=
-128,74,1wB1oEfp7Bv+JxY5x5US3GMbPKE=,HKSBjPaEipmR3kXwB8rWqot3XVw=
-120,65,1wB1oEfp7Bv+JxY5x5US3GMbPKE=,HKSBjPaEipmR3kXwB8rWqot3XVw=
-125,64,1wB1oEfp7Bv+JxY5x5US3GMbPKE=,HKSBjPaEipmR3kXwB8rWqot3XVw=
-125,66,1wB1oEfp7Bv+JxY5x5US3GMbPKE=,HKSBjPaEipmR3kXwB8rWqot3XVw=
-114,74,1wB1oEfp7Bv+JxY5x5US3GMbPKE=,HKSBjPaEipmR3kXwB8rWqot3XVw=
-116,73,1wB1oEfp7Bv+JxY5x5US3GMbPKE=,HKSBjPaEipmR3kXwB8rWqot3XVw=
-115,74,1wB1oEfp7Bv+JxY5x5US3GMbPKE=,HKSBjPaEipmR3kXwB8rWqot3XVw=
-119,73,1wB1oEfp7Bv+JxY5x5US3GMbPKE=,HKSBjPaEipmR3kXwB8rWqot3XVw=
-118,73,1wB1oEfp7Bv+JxY5x5US3GMbPKE=,HKSBjPaEipmR3kXwB8rWqot3XVw=
-120,73,1wB1oEfp7Bv+JxY5x5US3GMbPKE=,HKSBjPaEipmR3kXwB8rWqot3XVw=
-121,73,1wB1oEfp7Bv+JxY5x5US3GMbPKE=,HKSBjPaEipmR3kXwB8rWqot3XVw=
-121,65,1wB1oEfp7Bv+JxY5x5US3GMbPKE=,HKSBjPaEipmR3kXwB8rWqot3XVw=
-122,73,1wB1oEfp7Bv+JxY5x5US3GMbPKE=,HKSBjPaEipmR3kXwB8rWqot3XVw=
-113,73,1wB1oEfp7Bv+JxY5x5US3GMbPKE=,HKSBjPaEipmR3kXwB8rWqot3XVw=
-125,73,1wB1oEfp7Bv+JxY5x5US3GMbPKE=,HKSBjPaEipmR3kXwB8rWqot3XVw=
-127,73,1wB1oEfp7Bv+JxY5x5US3GMbPKE=,HKSBjPaEipmR3kXwB8rWqot3XVw=
-128,73,1wB1oEfp7Bv+JxY5x5US3GMbPKE=,HKSBjPaEipmR3kXwB8rWqot3XVw=
-126,73,1wB1oEfp7Bv+JxY5x5US3GMbPKE=,HKSBjPaEipmR3kXwB8rWqot3XVw=
-114,73,1wB1oEfp7Bv+JxY5x5US3GMbPKE=,HKSBjPaEipmR3kXwB8rWqot3XVw=
-115,72,1wB1oEfp7Bv+JxY5x5US3GMbPKE=,HKSBjPaEipmR3kXwB8rWqot3XVw=
-116,72,1wB1oEfp7Bv+JxY5x5US3GMbPKE=,HKSBjPaEipmR3kXwB8rWqot3XVw=
-116,74,1wB1oEfp7Bv+JxY5x5US3GMbPKE=,HKSBjPaEipmR3kXwB8rWqot3XVw=
-118,72,1wB1oEfp7Bv+JxY5x5US3GMbPKE=,HKSBjPaEipmR3kXwB8rWqot3XVw=
-119,72,1wB1oEfp7Bv+JxY5x5US3GMbPKE=,HKSBjPaEipmR3kXwB8rWqot3XVw=
-120,72,1wB1oEfp7Bv+JxY5x5US3GMbPKE=,HKSBjPaEipmR3kXwB8rWqot3XVw=
-122,65,1wB1oEfp7Bv+JxY5x5US3GMbPKE=,HKSBjPaEipmR3kXwB8rWqot3XVw=
-121,72,1wB1oEfp7Bv+JxY5x5US3GMbPKE=,HKSBjPaEipmR3kXwB8rWqot3XVw=
-122,72,1wB1oEfp7Bv+JxY5x5US3GMbPKE=,HKSBjPaEipmR3kXwB8rWqot3XVw=
-124,66,1wB1oEfp7Bv+JxY5x5US3GMbPKE=,HKSBjPaEipmR3kXwB8rWqot3XVw=
-123,73,1wB1oEfp7Bv+JxY5x5US3GMbPKE=,HKSBjPaEipmR3kXwB8rWqot3XVw=
-124,72,1wB1oEfp7Bv+JxY5x5US3GMbPKE=,HKSBjPaEipmR3kXwB8rWqot3XVw=
-125,72,1wB1oEfp7Bv+JxY5x5US3GMbPKE=,HKSBjPaEipmR3kXwB8rWqot3XVw=
-123,72,1wB1oEfp7Bv+JxY5x5US3GMbPKE=,HKSBjPaEipmR3kXwB8rWqot3XVw=
-124,73,1wB1oEfp7Bv+JxY5x5US3GMbPKE=,HKSBjPaEipmR3kXwB8rWqot3XVw=
-128,72,1wB1oEfp7Bv+JxY5x5US3GMbPKE=,HKSBjPaEipmR3kXwB8rWqot3XVw=
-113,72,1wB1oEfp7Bv+JxY5x5US3GMbPKE=,HKSBjPaEipmR3kXwB8rWqot3XVw=
-113,74,1wB1oEfp7Bv+JxY5x5US3GMbPKE=,HKSBjPaEipmR3kXwB8rWqot3XVw=
-115,71,1wB1oEfp7Bv+JxY5x5US3GMbPKE=,HKSBjPaEipmR3kXwB8rWqot3XVw=
-116,71,1wB1oEfp7Bv+JxY5x5US3GMbPKE=,HKSBjPaEipmR3kXwB8rWqot3XVw=
-117,71,1wB1oEfp7Bv+JxY5x5US3GMbPKE=,HKSBjPaEipmR3kXwB8rWqot3XVw=
-118,71,1wB1oEfp7Bv+JxY5x5US3GMbPKE=,HKSBjPaEipmR3kXwB8rWqot3XVw=
-119,71,1wB1oEfp7Bv+JxY5x5US3GMbPKE=,HKSBjPaEipmR3kXwB8rWqot3XVw=
-114,72,1wB1oEfp7Bv+JxY5x5US3GMbPKE=,HKSBjPaEipmR3kXwB8rWqot3XVw=
-120,71,1wB1oEfp7Bv+JxY5x5US3GMbPKE=,HKSBjPaEipmR3kXwB8rWqot3XVw=
-113,71,1wB1oEfp7Bv+JxY5x5US3GMbPKE=,HKSBjPaEipmR3kXwB8rWqot3XVw=
-122,71,1wB1oEfp7Bv+JxY5x5US3GMbPKE=,HKSBjPaEipmR3kXwB8rWqot3XVw=
-123,71,1wB1oEfp7Bv+JxY5x5US3GMbPKE=,HKSBjPaEipmR3kXwB8rWqot3XVw=
-125,71,1wB1oEfp7Bv+JxY5x5US3GMbPKE=,HKSBjPaEipmR3kXwB8rWqot3XVw=
-127,71,1wB1oEfp7Bv+JxY5x5US3GMbPKE=,HKSBjPaEipmR3kXwB8rWqot3XVw=
-126,71,1wB1oEfp7Bv+JxY5x5US3GMbPKE=,HKSBjPaEipmR3kXwB8rWqot3XVw=
-128,71,1wB1oEfp7Bv+JxY5x5US3GMbPKE=,HKSBjPaEipmR3kXwB8rWqot3XVw=
-123,66,1wB1oEfp7Bv+JxY5x5US3GMbPKE=,HKSBjPaEipmR3kXwB8rWqot3XVw=
-122,66,1wB1oEfp7Bv+JxY5x5US3GMbPKE=,HKSBjPaEipmR3kXwB8rWqot3XVw=
-121,66,1wB1oEfp7Bv+JxY5x5US3GMbPKE=,HKSBjPaEipmR3kXwB8rWqot3XVw=
-126,72,1wB1oEfp7Bv+JxY5x5US3GMbPKE=,HKSBjPaEipmR3kXwB8rWqot3XVw=
-115,70,1wB1oEfp7Bv+JxY5x5US3GMbPKE=,HKSBjPaEipmR3kXwB8rWqot3XVw=
-116,70,1wB1oEfp7Bv+JxY5x5US3GMbPKE=,HKSBjPaEipmR3kXwB8rWqot3XVw=
-117,70,1wB1oEfp7Bv+JxY5x5US3GMbPKE=,HKSBjPaEipmR3kXwB8rWqot3XVw=
-118,70,1wB1oEfp7Bv+JxY5x5US3GMbPKE=,HKSBjPaEipmR3kXwB8rWqot3XVw=
-124,65,1wB1oEfp7Bv+JxY5x5US3GMbPKE=,HKSBjPaEipmR3kXwB8rWqot3XVw=
-119,70,1wB1oEfp7Bv+JxY5x5US3GMbPKE=,HKSBjPaEipmR3kXwB8rWqot3XVw=
-113,70,1wB1oEfp7Bv+JxY5x5US3GMbPKE=,HKSBjPaEipmR3kXwB8rWqot3XVw=
-123,65,1wB1oEfp7Bv+JxY5x5US3GMbPKE=,HKSBjPaEipmR3kXwB8rWqot3XVw=
-122,70,1wB1oEfp7Bv+JxY5x5US3GMbPKE=,HKSBjPaEipmR3kXwB8rWqot3XVw=
-114,70,1wB1oEfp7Bv+JxY5x5US3GMbPKE=,HKSBjPaEipmR3kXwB8rWqot3XVw=
-114,71,1wB1oEfp7Bv+JxY5x5US3GMbPKE=,HKSBjPaEipmR3kXwB8rWqot3XVw=
-120,66,1wB1oEfp7Bv+JxY5x5US3GMbPKE=,HKSBjPaEipmR3kXwB8rWqot3XVw=
-127,72,1wB1oEfp7Bv+JxY5x5US3GMbPKE=,HKSBjPaEipmR3kXwB8rWqot3XVw=
-126,70,1wB1oEfp7Bv+JxY5x5US3GMbPKE=,HKSBjPaEipmR3kXwB8rWqot3XVw=
-127,70,1wB1oEfp7Bv+JxY5x5US3GMbPKE=,HKSBjPaEipmR3kXwB8rWqot3XVw=
-128,70,1wB1oEfp7Bv+JxY5x5US3GMbPKE=,HKSBjPaEipmR3kXwB8rWqot3XVw=
-120,70,1wB1oEfp7Bv+JxY5x5US3GMbPKE=,HKSBjPaEipmR3kXwB8rWqot3XVw=
-119,66,1wB1oEfp7Bv+JxY5x5US3GMbPKE=,HKSBjPaEipmR3kXwB8rWqot3XVw=
-123,70,1wB1oEfp7Bv+JxY5x5US3GMbPKE=,HKSBjPaEipmR3kXwB8rWqot3XVw=
-113,69,1wB1oEfp7Bv+JxY5x5US3GMbPKE=,HKSBjPaEipmR3kXwB8rWqot3XVw=
-115,69,1wB1oEfp7Bv+JxY5x5US3GMbPKE=,HKSBjPaEipmR3kXwB8rWqot3XVw=
-116,69,1wB1oEfp7Bv+JxY5x5US3GMbPKE=,HKSBjPaEipmR3kXwB8rWqot3XVw=
-117,69,1wB1oEfp7Bv+JxY5x5US3GMbPKE=,HKSBjPaEipmR3kXwB8rWqot3XVw=
-118,69,1wB1oEfp7Bv+JxY5x5US3GMbPKE=,HKSBjPaEipmR3kXwB8rWqot3XVw=
-119,69,1wB1oEfp7Bv+JxY5x5US3GMbPKE=,HKSBjPaEipmR3kXwB8rWqot3XVw=
-124,70,1wB1oEfp7Bv+JxY5x5US3GMbPKE=,HKSBjPaEipmR3kXwB8rWqot3XVw=
-114,69,1wB1oEfp7Bv+JxY5x5US3GMbPKE=,HKSBjPaEipmR3kXwB8rWqot3XVw=
-125,70,1wB1oEfp7Bv+JxY5x5US3GMbPKE=,HKSBjPaEipmR3kXwB8rWqot3XVw=
-123,69,1wB1oEfp7Bv+JxY5x5US3GMbPKE=,HKSBjPaEipmR3kXwB8rWqot3XVw=
-124,69,1wB1oEfp7Bv+JxY5x5US3GMbPKE=,HKSBjPaEipmR3kXwB8rWqot3XVw=
-117,72,1wB1oEfp7Bv+JxY5x5US3GMbPKE=,HKSBjPaEipmR3kXwB8rWqot3XVw=
-126,69,1wB1oEfp7Bv+JxY5x5US3GMbPKE=,HKSBjPaEipmR3kXwB8rWqot3XVw=
-127,69,1wB1oEfp7Bv+JxY5x5US3GMbPKE=,HKSBjPaEipmR3kXwB8rWqot3XVw=
-120,69,1wB1oEfp7Bv+JxY5x5US3GMbPKE=,HKSBjPaEipmR3kXwB8rWqot3XVw=
-118,66,1wB1oEfp7Bv+JxY5x5US3GMbPKE=,HKSBjPaEipmR3kXwB8rWqot3XVw=
-117,66,1wB1oEfp7Bv+JxY5x5US3GMbPKE=,HKSBjPaEipmR3kXwB8rWqot3XVw=
-113,68,1wB1oEfp7Bv+JxY5x5US3GMbPKE=,HKSBjPaEipmR3kXwB8rWqot3XVw=
-125,65,1wB1oEfp7Bv+JxY5x5US3GMbPKE=,HKSBjPaEipmR3kXwB8rWqot3XVw=
-116,66,1wB1oEfp7Bv+JxY5x5US3GMbPKE=,HKSBjPaEipmR3kXwB8rWqot3XVw=
-122,69,1wB1oEfp7Bv+JxY5x5US3GMbPKE=,HKSBjPaEipmR3kXwB8rWqot3XVw=
-116,68,1wB1oEfp7Bv+JxY5x5US3GMbPKE=,HKSBjPaEipmR3kXwB8rWqot3XVw=
-121,69,1wB1oEfp7Bv+JxY5x5US3GMbPKE=,HKSBjPaEipmR3kXwB8rWqot3XVw=
-118,68,1wB1oEfp7Bv+JxY5x5US3GMbPKE=,HKSBjPaEipmR3kXwB8rWqot3XVw=
-119,68,1wB1oEfp7Bv+JxY5x5US3GMbPKE=,HKSBjPaEipmR3kXwB8rWqot3XVw=
-115,66,1wB1oEfp7Bv+JxY5x5US3GMbPKE=,HKSBjPaEipmR3kXwB8rWqot3XVw=
-128,65,1wB1oEfp7Bv+JxY5x5US3GMbPKE=,HKSBjPaEipmR3kXwB8rWqot3XVw=
-125,69,1wB1oEfp7Bv+JxY5x5US3GMbPKE=,HKSBjPaEipmR3kXwB8rWqot3XVw=
-114,66,1wB1oEfp7Bv+JxY5x5US3GMbPKE=,HKSBjPaEipmR3kXwB8rWqot3XVw=
-128,69,1wB1oEfp7Bv+JxY5x5US3GMbPKE=,HKSBjPaEipmR3kXwB8rWqot3XVw=
-115,68,1wB1oEfp7Bv+JxY5x5US3GMbPKE=,HKSBjPaEipmR3kXwB8rWqot3XVw=
-123,68,1wB1oEfp7Bv+JxY5x5US3GMbPKE=,HKSBjPaEipmR3kXwB8rWqot3XVw=
-113,66,1wB1oEfp7Bv+JxY5x5US3GMbPKE=,HKSBjPaEipmR3kXwB8rWqot3XVw=
-114,68,1wB1oEfp7Bv+JxY5x5US3GMbPKE=,HKSBjPaEipmR3kXwB8rWqot3XVw=
-121,68,1wB1oEfp7Bv+JxY5x5US3GMbPKE=,HKSBjPaEipmR3kXwB8rWqot3XVw=
-127,68,1wB1oEfp7Bv+JxY5x5US3GMbPKE=,HKSBjPaEipmR3kXwB8rWqot3XVw=
-120,68,1wB1oEfp7Bv+JxY5x5US3GMbPKE=,HKSBjPaEipmR3kXwB8rWqot3XVw=
-124,68,1wB1oEfp7Bv+JxY5x5US3GMbPKE=,HKSBjPaEipmR3kXwB8rWqot3XVw=
-126,65,1wB1oEfp7Bv+JxY5x5US3GMbPKE=,HKSBjPaEipmR3kXwB8rWqot3XVw=
-121,70,1wB1oEfp7Bv+JxY5x5US3GMbPKE=,HKSBjPaEipmR3kXwB8rWqot3XVw=
-121,71,1wB1oEfp7Bv+JxY5x5US3GMbPKE=,HKSBjPaEipmR3kXwB8rWqot3XVw=
-127,65,1wB1oEfp7Bv+JxY5x5US3GMbPKE=,HKSBjPaEipmR3kXwB8rWqot3XVw=
-116,67,1wB1oEfp7Bv+JxY5x5US3GMbPKE=,HKSBjPaEipmR3kXwB8rWqot3XVw=
-114,67,1wB1oEfp7Bv+JxY5x5US3GMbPKE=,HKSBjPaEipmR3kXwB8rWqot3XVw=
-119,67,1wB1oEfp7Bv+JxY5x5US3GMbPKE=,HKSBjPaEipmR3kXwB8rWqot3XVw=
-118,67,1wB1oEfp7Bv+JxY5x5US3GMbPKE=,HKSBjPaEipmR3kXwB8rWqot3XVw=
-115,73,1wB1oEfp7Bv+JxY5x5US3GMbPKE=,HKSBjPaEipmR3kXwB8rWqot3XVw=
-128,67,1wB1oEfp7Bv+JxY5x5US3GMbPKE=,HKSBjPaEipmR3kXwB8rWqot3XVw=
-115,67,1wB1oEfp7Bv+JxY5x5US3GMbPKE=,HKSBjPaEipmR3kXwB8rWqot3XVw=
-126,68,1wB1oEfp7Bv+JxY5x5US3GMbPKE=,HKSBjPaEipmR3kXwB8rWqot3XVw=
-123,67,1wB1oEfp7Bv+JxY5x5US3GMbPKE=,HKSBjPaEipmR3kXwB8rWqot3XVw=
-128,68,1wB1oEfp7Bv+JxY5x5US3GMbPKE=,HKSBjPaEipmR3kXwB8rWqot3XVw=
-122,67,1wB1oEfp7Bv+JxY5x5US3GMbPKE=,HKSBjPaEipmR3kXwB8rWqot3XVw=
-120,67,1wB1oEfp7Bv+JxY5x5US3GMbPKE=,HKSBjPaEipmR3kXwB8rWqot3XVw=
-117,67,1wB1oEfp7Bv+JxY5x5US3GMbPKE=,HKSBjPaEipmR3kXwB8rWqot3XVw=
-121,67,1wB1oEfp7Bv+JxY5x5US3GMbPKE=,HKSBjPaEipmR3kXwB8rWqot3XVw=
-122,68,1wB1oEfp7Bv+JxY5x5US3GMbPKE=,HKSBjPaEipmR3kXwB8rWqot3XVw=
-127,67,1wB1oEfp7Bv+JxY5x5US3GMbPKE=,HKSBjPaEipmR3kXwB8rWqot3XVw=
-125,67,1wB1oEfp7Bv+JxY5x5US3GMbPKE=,HKSBjPaEipmR3kXwB8rWqot3XVw=
-117,68,1wB1oEfp7Bv+JxY5x5US3GMbPKE=,HKSBjPaEipmR3kXwB8rWqot3XVw=
-113,67,1wB1oEfp7Bv+JxY5x5US3GMbPKE=,HKSBjPaEipmR3kXwB8rWqot3XVw=
-126,67,1wB1oEfp7Bv+JxY5x5US3GMbPKE=,HKSBjPaEipmR3kXwB8rWqot3XVw=
-116,64,1wB1oEfp7Bv+JxY5x5US3GMbPKE=,HKSBjPaEipmR3kXwB8rWqot3XVw=
-124,67,1wB1oEfp7Bv+JxY5x5US3GMbPKE=,HKSBjPaEipmR3kXwB8rWqot3XVw=
-125,68,1wB1oEfp7Bv+JxY5x5US3GMbPKE=,HKSBjPaEipmR3kXwB8rWqot3XVw=
-117,73,1wB1oEfp7Bv+JxY5x5US3GMbPKE=,HKSBjPaEipmR3kXwB8rWqot3XVw=
-124,71,1wB1oEfp7Bv+JxY5x5US3GMbPKE=,HKSBjPaEipmR3kXwB8rWqot3XVw=
-128,77,1wB1oEfp7Bv+JxY5x5US3GMbPKE=,HKSBjPaEipmR3kXwB8rWqot3XVw=
-97,79,kcNEJxYzeuSOOAHfdLuLWHKpc/I=,HKSBjPaEipmR3kXwB8rWqot3XVw=
-98,79,wsK9PiysrEEiRQpdiDl38W3fs2Y=,HKSBjPaEipmR3kXwB8rWqot3XVw=
-99,79,wsK9PiysrEEiRQpdiDl38W3fs2Y=,HKSBjPaEipmR3kXwB8rWqot3XVw=
-101,79,wsK9PiysrEEiRQpdiDl38W3fs2Y=,HKSBjPaEipmR3kXwB8rWqot3XVw=
-103,79,wsK9PiysrEEiRQpdiDl38W3fs2Y=,HKSBjPaEipmR3kXwB8rWqot3XVw=
-106,79,wsK9PiysrEEiRQpdiDl38W3fs2Y=,HKSBjPaEipmR3kXwB8rWqot3XVw=
-100,79,wsK9PiysrEEiRQpdiDl38W3fs2Y=,HKSBjPaEipmR3kXwB8rWqot3XVw=
-105,79,wsK9PiysrEEiRQpdiDl38W3fs2Y=,HKSBjPaEipmR3kXwB8rWqot3XVw=
-111,79,wsK9PiysrEEiRQpdiDl38W3fs2Y=,HKSBjPaEipmR3kXwB8rWqot3XVw=
-97,64,wsK9PiysrEEiRQpdiDl38W3fs2Y=,HKSBjPaEipmR3kXwB8rWqot3XVw=
-112,79,wsK9PiysrEEiRQpdiDl38W3fs2Y=,HKSBjPaEipmR3kXwB8rWqot3XVw=
-112,65,wsK9PiysrEEiRQpdiDl38W3fs2Y=,HKSBjPaEipmR3kXwB8rWqot3XVw=
-98,78,wsK9PiysrEEiRQpdiDl38W3fs2Y=,HKSBjPaEipmR3kXwB8rWqot3XVw=
-99,78,wsK9PiysrEEiRQpdiDl38W3fs2Y=,HKSBjPaEipmR3kXwB8rWqot3XVw=
-97,78,wsK9PiysrEEiRQpdiDl38W3fs2Y=,HKSBjPaEipmR3kXwB8rWqot3XVw=
-104,79,wsK9PiysrEEiRQpdiDl38W3fs2Y=,HKSBjPaEipmR3kXwB8rWqot3XVw=
-100,78,wsK9PiysrEEiRQpdiDl38W3fs2Y=,HKSBjPaEipmR3kXwB8rWqot3XVw=
-107,79,wsK9PiysrEEiRQpdiDl38W3fs2Y=,HKSBjPaEipmR3kXwB8rWqot3XVw=
-101,78,wsK9PiysrEEiRQpdiDl38W3fs2Y=,HKSBjPaEipmR3kXwB8rWqot3XVw=
-110,79,wsK9PiysrEEiRQpdiDl38W3fs2Y=,HKSBjPaEipmR3kXwB8rWqot3XVw=
-109,79,wsK9PiysrEEiRQpdiDl38W3fs2Y=,HKSBjPaEipmR3kXwB8rWqot3XVw=
-102,78,wsK9PiysrEEiRQpdiDl38W3fs2Y=,HKSBjPaEipmR3kXwB8rWqot3XVw=
-103,78,wsK9PiysrEEiRQpdiDl38W3fs2Y=,HKSBjPaEipmR3kXwB8rWqot3XVw=
-112,64,wsK9PiysrEEiRQpdiDl38W3fs2Y=,HKSBjPaEipmR3kXwB8rWqot3XVw=
-108,79,wsK9PiysrEEiRQpdiDl38W3fs2Y=,HKSBjPaEipmR3kXwB8rWqot3XVw=
-111,65,wsK9PiysrEEiRQpdiDl38W3fs2Y=,HKSBjPaEipmR3kXwB8rWqot3XVw=
-110,65,wsK9PiysrEEiRQpdiDl38W3fs2Y=,HKSBjPaEipmR3kXwB8rWqot3XVw=
-105,78,wsK9PiysrEEiRQpdiDl38W3fs2Y=,HKSBjPaEipmR3kXwB8rWqot3XVw=
-107,78,wsK9PiysrEEiRQpdiDl38W3fs2Y=,HKSBjPaEipmR3kXwB8rWqot3XVw=
-109,65,wsK9PiysrEEiRQpdiDl38W3fs2Y=,HKSBjPaEipmR3kXwB8rWqot3XVw=
-106,78,wsK9PiysrEEiRQpdiDl38W3fs2Y=,HKSBjPaEipmR3kXwB8rWqot3XVw=
-104,78,wsK9PiysrEEiRQpdiDl38W3fs2Y=,HKSBjPaEipmR3kXwB8rWqot3XVw=
-108,65,wsK9PiysrEEiRQpdiDl38W3fs2Y=,HKSBjPaEipmR3kXwB8rWqot3XVw=
-108,78,wsK9PiysrEEiRQpdiDl38W3fs2Y=,HKSBjPaEipmR3kXwB8rWqot3XVw=
-97,77,wsK9PiysrEEiRQpdiDl38W3fs2Y=,HKSBjPaEipmR3kXwB8rWqot3XVw=
-98,77,wsK9PiysrEEiRQpdiDl38W3fs2Y=,HKSBjPaEipmR3kXwB8rWqot3XVw=
-99,77,wsK9PiysrEEiRQpdiDl38W3fs2Y=,HKSBjPaEipmR3kXwB8rWqot3XVw=
-109,78,wsK9PiysrEEiRQpdiDl38W3fs2Y=,HKSBjPaEipmR3kXwB8rWqot3XVw=
-107,65,wsK9PiysrEEiRQpdiDl38W3fs2Y=,HKSBjPaEipmR3kXwB8rWqot3XVw=
-100,77,wsK9PiysrEEiRQpdiDl38W3fs2Y=,HKSBjPaEipmR3kXwB8rWqot3XVw=
-104,77,wsK9PiysrEEiRQpdiDl38W3fs2Y=,HKSBjPaEipmR3kXwB8rWqot3XVw=
-112,78,wsK9PiysrEEiRQpdiDl38W3fs2Y=,HKSBjPaEipmR3kXwB8rWqot3XVw=
-98,64,wsK9PiysrEEiRQpdiDl38W3fs2Y=,HKSBjPaEipmR3kXwB8rWqot3XVw=
-111,78,wsK9PiysrEEiRQpdiDl38W3fs2Y=,HKSBjPaEipmR3kXwB8rWqot3XVw=
-103,77,wsK9PiysrEEiRQpdiDl38W3fs2Y=,HKSBjPaEipmR3kXwB8rWqot3XVw=
-102,77,wsK9PiysrEEiRQpdiDl38W3fs2Y=,HKSBjPaEipmR3kXwB8rWqot3XVw=
-111,77,wsK9PiysrEEiRQpdiDl38W3fs2Y=,HKSBjPaEipmR3kXwB8rWqot3XVw=
-107,77,wsK9PiysrEEiRQpdiDl38W3fs2Y=,HKSBjPaEipmR3kXwB8rWqot3XVw=
-108,77,wsK9PiysrEEiRQpdiDl38W3fs2Y=,HKSBjPaEipmR3kXwB8rWqot3XVw=
-97,76,wsK9PiysrEEiRQpdiDl38W3fs2Y=,HKSBjPaEipmR3kXwB8rWqot3XVw=
-98,76,wsK9PiysrEEiRQpdiDl38W3fs2Y=,HKSBjPaEipmR3kXwB8rWqot3XVw=
-106,77,wsK9PiysrEEiRQpdiDl38W3fs2Y=,HKSBjPaEipmR3kXwB8rWqot3XVw=
-99,76,wsK9PiysrEEiRQpdiDl38W3fs2Y=,HKSBjPaEipmR3kXwB8rWqot3XVw=
-105,77,wsK9PiysrEEiRQpdiDl38W3fs2Y=,HKSBjPaEipmR3kXwB8rWqot3XVw=
-112,77,wsK9PiysrEEiRQpdiDl38W3fs2Y=,HKSBjPaEipmR3kXwB8rWqot3XVw=
-100,76,wsK9PiysrEEiRQpdiDl38W3fs2Y=,HKSBjPaEipmR3kXwB8rWqot3XVw=
-105,76,wsK9PiysrEEiRQpdiDl38W3fs2Y=,HKSBjPaEipmR3kXwB8rWqot3XVw=
-101,76,wsK9PiysrEEiRQpdiDl38W3fs2Y=,HKSBjPaEipmR3kXwB8rWqot3XVw=
-110,77,wsK9PiysrEEiRQpdiDl38W3fs2Y=,HKSBjPaEipmR3kXwB8rWqot3XVw=
-102,76,wsK9PiysrEEiRQpdiDl38W3fs2Y=,HKSBjPaEipmR3kXwB8rWqot3XVw=
-104,76,wsK9PiysrEEiRQpdiDl38W3fs2Y=,HKSBjPaEipmR3kXwB8rWqot3XVw=
-103,76,wsK9PiysrEEiRQpdiDl38W3fs2Y=,HKSBjPaEipmR3kXwB8rWqot3XVw=
-102,79,wsK9PiysrEEiRQpdiDl38W3fs2Y=,HKSBjPaEipmR3kXwB8rWqot3XVw=
-110,76,wsK9PiysrEEiRQpdiDl38W3fs2Y=,HKSBjPaEipmR3kXwB8rWqot3XVw=
-99,64,wsK9PiysrEEiRQpdiDl38W3fs2Y=,HKSBjPaEipmR3kXwB8rWqot3XVw=
-109,76,wsK9PiysrEEiRQpdiDl38W3fs2Y=,HKSBjPaEipmR3kXwB8rWqot3XVw=
-97,75,wsK9PiysrEEiRQpdiDl38W3fs2Y=,HKSBjPaEipmR3kXwB8rWqot3XVw=
-106,76,wsK9PiysrEEiRQpdiDl38W3fs2Y=,HKSBjPaEipmR3kXwB8rWqot3XVw=
-111,76,wsK9PiysrEEiRQpdiDl38W3fs2Y=,HKSBjPaEipmR3kXwB8rWqot3XVw=
-101,75,wsK9PiysrEEiRQpdiDl38W3fs2Y=,HKSBjPaEipmR3kXwB8rWqot3XVw=
-100,75,wsK9PiysrEEiRQpdiDl38W3fs2Y=,HKSBjPaEipmR3kXwB8rWqot3XVw=
-102,75,wsK9PiysrEEiRQpdiDl38W3fs2Y=,HKSBjPaEipmR3kXwB8rWqot3XVw=
-112,76,wsK9PiysrEEiRQpdiDl38W3fs2Y=,HKSBjPaEipmR3kXwB8rWqot3XVw=
-105,75,wsK9PiysrEEiRQpdiDl38W3fs2Y=,HKSBjPaEipmR3kXwB8rWqot3XVw=
-106,75,wsK9PiysrEEiRQpdiDl38W3fs2Y=,HKSBjPaEipmR3kXwB8rWqot3XVw=
-107,76,wsK9PiysrEEiRQpdiDl38W3fs2Y=,HKSBjPaEipmR3kXwB8rWqot3XVw=
-109,75,wsK9PiysrEEiRQpdiDl38W3fs2Y=,HKSBjPaEipmR3kXwB8rWqot3XVw=
-98,75,wsK9PiysrEEiRQpdiDl38W3fs2Y=,HKSBjPaEipmR3kXwB8rWqot3XVw=
-99,75,wsK9PiysrEEiRQpdiDl38W3fs2Y=,HKSBjPaEipmR3kXwB8rWqot3XVw=
-110,75,wsK9PiysrEEiRQpdiDl38W3fs2Y=,HKSBjPaEipmR3kXwB8rWqot3XVw=
-108,76,wsK9PiysrEEiRQpdiDl38W3fs2Y=,HKSBjPaEipmR3kXwB8rWqot3XVw=
-111,75,wsK9PiysrEEiRQpdiDl38W3fs2Y=,HKSBjPaEipmR3kXwB8rWqot3XVw=
-103,75,wsK9PiysrEEiRQpdiDl38W3fs2Y=,HKSBjPaEipmR3kXwB8rWqot3XVw=
-100,64,wsK9PiysrEEiRQpdiDl38W3fs2Y=,HKSBjPaEipmR3kXwB8rWqot3XVw=
-112,75,wsK9PiysrEEiRQpdiDl38W3fs2Y=,HKSBjPaEipmR3kXwB8rWqot3XVw=
-108,75,wsK9PiysrEEiRQpdiDl38W3fs2Y=,HKSBjPaEipmR3kXwB8rWqot3XVw=
-97,74,wsK9PiysrEEiRQpdiDl38W3fs2Y=,HKSBjPaEipmR3kXwB8rWqot3XVw=
-101,74,wsK9PiysrEEiRQpdiDl38W3fs2Y=,HKSBjPaEipmR3kXwB8rWqot3XVw=
-100,74,wsK9PiysrEEiRQpdiDl38W3fs2Y=,HKSBjPaEipmR3kXwB8rWqot3XVw=
-102,74,wsK9PiysrEEiRQpdiDl38W3fs2Y=,HKSBjPaEipmR3kXwB8rWqot3XVw=
-103,74,wsK9PiysrEEiRQpdiDl38W3fs2Y=,HKSBjPaEipmR3kXwB8rWqot3XVw=
-104,75,wsK9PiysrEEiRQpdiDl38W3fs2Y=,HKSBjPaEipmR3kXwB8rWqot3XVw=
-107,75,wsK9PiysrEEiRQpdiDl38W3fs2Y=,HKSBjPaEipmR3kXwB8rWqot3XVw=
-101,64,wsK9PiysrEEiRQpdiDl38W3fs2Y=,HKSBjPaEipmR3kXwB8rWqot3XVw=
-108,74,wsK9PiysrEEiRQpdiDl38W3fs2Y=,HKSBjPaEipmR3kXwB8rWqot3XVw=
-109,74,wsK9PiysrEEiRQpdiDl38W3fs2Y=,HKSBjPaEipmR3kXwB8rWqot3XVw=
-98,74,wsK9PiysrEEiRQpdiDl38W3fs2Y=,HKSBjPaEipmR3kXwB8rWqot3XVw=
-109,77,wsK9PiysrEEiRQpdiDl38W3fs2Y=,HKSBjPaEipmR3kXwB8rWqot3XVw=
-99,73,wsK9PiysrEEiRQpdiDl38W3fs2Y=,HKSBjPaEipmR3kXwB8rWqot3XVw=
-102,64,wsK9PiysrEEiRQpdiDl38W3fs2Y=,HKSBjPaEipmR3kXwB8rWqot3XVw=
-102,73,wsK9PiysrEEiRQpdiDl38W3fs2Y=,HKSBjPaEipmR3kXwB8rWqot3XVw=
-106,74,wsK9PiysrEEiRQpdiDl38W3fs2Y=,HKSBjPaEipmR3kXwB8rWqot3XVw=
-97,73,wsK9PiysrEEiRQpdiDl38W3fs2Y=,HKSBjPaEipmR3kXwB8rWqot3XVw=
-104,73,wsK9PiysrEEiRQpdiDl38W3fs2Y=,HKSBjPaEipmR3kXwB8rWqot3XVw=
-99,74,wsK9PiysrEEiRQpdiDl38W3fs2Y=,HKSBjPaEipmR3kXwB8rWqot3XVw=
-109,73,wsK9PiysrEEiRQpdiDl38W3fs2Y=,HKSBjPaEipmR3kXwB8rWqot3XVw=
-100,73,wsK9PiysrEEiRQpdiDl38W3fs2Y=,HKSBjPaEipmR3kXwB8rWqot3XVw=
-110,73,wsK9PiysrEEiRQpdiDl38W3fs2Y=,HKSBjPaEipmR3kXwB8rWqot3XVw=
-101,73,wsK9PiysrEEiRQpdiDl38W3fs2Y=,HKSBjPaEipmR3kXwB8rWqot3XVw=
-108,73,wsK9PiysrEEiRQpdiDl38W3fs2Y=,HKSBjPaEipmR3kXwB8rWqot3XVw=
-107,74,wsK9PiysrEEiRQpdiDl38W3fs2Y=,HKSBjPaEipmR3kXwB8rWqot3XVw=
-111,73,wsK9PiysrEEiRQpdiDl38W3fs2Y=,HKSBjPaEipmR3kXwB8rWqot3XVw=
-103,73,wsK9PiysrEEiRQpdiDl38W3fs2Y=,HKSBjPaEipmR3kXwB8rWqot3XVw=
-105,73,wsK9PiysrEEiRQpdiDl38W3fs2Y=,HKSBjPaEipmR3kXwB8rWqot3XVw=
-98,72,wsK9PiysrEEiRQpdiDl38W3fs2Y=,HKSBjPaEipmR3kXwB8rWqot3XVw=
-103,64,wsK9PiysrEEiRQpdiDl38W3fs2Y=,HKSBjPaEipmR3kXwB8rWqot3XVw=
-97,72,wsK9PiysrEEiRQpdiDl38W3fs2Y=,HKSBjPaEipmR3kXwB8rWqot3XVw=
-103,72,wsK9PiysrEEiRQpdiDl38W3fs2Y=,HKSBjPaEipmR3kXwB8rWqot3XVw=
-108,72,wsK9PiysrEEiRQpdiDl38W3fs2Y=,HKSBjPaEipmR3kXwB8rWqot3XVw=
-99,72,wsK9PiysrEEiRQpdiDl38W3fs2Y=,HKSBjPaEipmR3kXwB8rWqot3XVw=
-106,73,wsK9PiysrEEiRQpdiDl38W3fs2Y=,HKSBjPaEipmR3kXwB8rWqot3XVw=
-101,72,wsK9PiysrEEiRQpdiDl38W3fs2Y=,HKSBjPaEipmR3kXwB8rWqot3XVw=
-110,72,wsK9PiysrEEiRQpdiDl38W3fs2Y=,HKSBjPaEipmR3kXwB8rWqot3XVw=
-100,72,wsK9PiysrEEiRQpdiDl38W3fs2Y=,HKSBjPaEipmR3kXwB8rWqot3XVw=
-105,74,wsK9PiysrEEiRQpdiDl38W3fs2Y=,HKSBjPaEipmR3kXwB8rWqot3XVw=
-109,72,wsK9PiysrEEiRQpdiDl38W3fs2Y=,HKSBjPaEipmR3kXwB8rWqot3XVw=
-104,64,wsK9PiysrEEiRQpdiDl38W3fs2Y=,HKSBjPaEipmR3kXwB8rWqot3XVw=
-104,72,wsK9PiysrEEiRQpdiDl38W3fs2Y=,HKSBjPaEipmR3kXwB8rWqot3XVw=
-111,72,wsK9PiysrEEiRQpdiDl38W3fs2Y=,HKSBjPaEipmR3kXwB8rWqot3XVw=
-100,71,wsK9PiysrEEiRQpdiDl38W3fs2Y=,HKSBjPaEipmR3kXwB8rWqot3XVw=
-102,72,wsK9PiysrEEiRQpdiDl38W3fs2Y=,HKSBjPaEipmR3kXwB8rWqot3XVw=
-107,72,wsK9PiysrEEiRQpdiDl38W3fs2Y=,HKSBjPaEipmR3kXwB8rWqot3XVw=
-105,72,wsK9PiysrEEiRQpdiDl38W3fs2Y=,HKSBjPaEipmR3kXwB8rWqot3XVw=
-99,71,wsK9PiysrEEiRQpdiDl38W3fs2Y=,HKSBjPaEipmR3kXwB8rWqot3XVw=
-106,72,wsK9PiysrEEiRQpdiDl38W3fs2Y=,HKSBjPaEipmR3kXwB8rWqot3XVw=
-101,71,wsK9PiysrEEiRQpdiDl38W3fs2Y=,HKSBjPaEipmR3kXwB8rWqot3XVw=
-103,71,wsK9PiysrEEiRQpdiDl38W3fs2Y=,HKSBjPaEipmR3kXwB8rWqot3XVw=
-98,71,wsK9PiysrEEiRQpdiDl38W3fs2Y=,HKSBjPaEipmR3kXwB8rWqot3XVw=
-110,71,wsK9PiysrEEiRQpdiDl38W3fs2Y=,HKSBjPaEipmR3kXwB8rWqot3XVw=
-109,71,wsK9PiysrEEiRQpdiDl38W3fs2Y=,HKSBjPaEipmR3kXwB8rWqot3XVw=
-104,71,wsK9PiysrEEiRQpdiDl38W3fs2Y=,HKSBjPaEipmR3kXwB8rWqot3XVw=
-111,71,wsK9PiysrEEiRQpdiDl38W3fs2Y=,HKSBjPaEipmR3kXwB8rWqot3XVw=
-105,64,wsK9PiysrEEiRQpdiDl38W3fs2Y=,HKSBjPaEipmR3kXwB8rWqot3XVw=
-105,71,wsK9PiysrEEiRQpdiDl38W3fs2Y=,HKSBjPaEipmR3kXwB8rWqot3XVw=
-98,70,wsK9PiysrEEiRQpdiDl38W3fs2Y=,HKSBjPaEipmR3kXwB8rWqot3XVw=
-112,71,wsK9PiysrEEiRQpdiDl38W3fs2Y=,HKSBjPaEipmR3kXwB8rWqot3XVw=
-97,70,wsK9PiysrEEiRQpdiDl38W3fs2Y=,HKSBjPaEipmR3kXwB8rWqot3XVw=
-100,70,wsK9PiysrEEiRQpdiDl38W3fs2Y=,HKSBjPaEipmR3kXwB8rWqot3XVw=
-108,71,wsK9PiysrEEiRQpdiDl38W3fs2Y=,HKSBjPaEipmR3kXwB8rWqot3XVw=
-106,71,wsK9PiysrEEiRQpdiDl38W3fs2Y=,HKSBjPaEipmR3kXwB8rWqot3XVw=
-99,70,wsK9PiysrEEiRQpdiDl38W3fs2Y=,HKSBjPaEipmR3kXwB8rWqot3XVw=
-106,65,wsK9PiysrEEiRQpdiDl38W3fs2Y=,HKSBjPaEipmR3kXwB8rWqot3XVw=
-102,70,wsK9PiysrEEiRQpdiDl38W3fs2Y=,HKSBjPaEipmR3kXwB8rWqot3XVw=
-103,70,wsK9PiysrEEiRQpdiDl38W3fs2Y=,HKSBjPaEipmR3kXwB8rWqot3XVw=
-101,70,wsK9PiysrEEiRQpdiDl38W3fs2Y=,HKSBjPaEipmR3kXwB8rWqot3XVw=
-109,70,wsK9PiysrEEiRQpdiDl38W3fs2Y=,HKSBjPaEipmR3kXwB8rWqot3XVw=
-104,70,wsK9PiysrEEiRQpdiDl38W3fs2Y=,HKSBjPaEipmR3kXwB8rWqot3XVw=
-106,70,wsK9PiysrEEiRQpdiDl38W3fs2Y=,HKSBjPaEipmR3kXwB8rWqot3XVw=
-108,70,wsK9PiysrEEiRQpdiDl38W3fs2Y=,HKSBjPaEipmR3kXwB8rWqot3XVw=
-105,70,wsK9PiysrEEiRQpdiDl38W3fs2Y=,HKSBjPaEipmR3kXwB8rWqot3XVw=
-97,69,wsK9PiysrEEiRQpdiDl38W3fs2Y=,HKSBjPaEipmR3kXwB8rWqot3XVw=
-111,70,wsK9PiysrEEiRQpdiDl38W3fs2Y=,HKSBjPaEipmR3kXwB8rWqot3XVw=
-98,69,wsK9PiysrEEiRQpdiDl38W3fs2Y=,HKSBjPaEipmR3kXwB8rWqot3XVw=
-112,70,wsK9PiysrEEiRQpdiDl38W3fs2Y=,HKSBjPaEipmR3kXwB8rWqot3XVw=
-105,65,wsK9PiysrEEiRQpdiDl38W3fs2Y=,HKSBjPaEipmR3kXwB8rWqot3XVw=
-106,64,wsK9PiysrEEiRQpdiDl38W3fs2Y=,HKSBjPaEipmR3kXwB8rWqot3XVw=
-101,77,wsK9PiysrEEiRQpdiDl38W3fs2Y=,HKSBjPaEipmR3kXwB8rWqot3XVw=
-103,69,wsK9PiysrEEiRQpdiDl38W3fs2Y=,HKSBjPaEipmR3kXwB8rWqot3XVw=
-112,72,wsK9PiysrEEiRQpdiDl38W3fs2Y=,HKSBjPaEipmR3kXwB8rWqot3XVw=
-104,65,wsK9PiysrEEiRQpdiDl38W3fs2Y=,HKSBjPaEipmR3kXwB8rWqot3XVw=
-103,65,wsK9PiysrEEiRQpdiDl38W3fs2Y=,HKSBjPaEipmR3kXwB8rWqot3XVw=
-102,69,wsK9PiysrEEiRQpdiDl38W3fs2Y=,HKSBjPaEipmR3kXwB8rWqot3XVw=
-100,69,wsK9PiysrEEiRQpdiDl38W3fs2Y=,HKSBjPaEipmR3kXwB8rWqot3XVw=
-104,69,wsK9PiysrEEiRQpdiDl38W3fs2Y=,HKSBjPaEipmR3kXwB8rWqot3XVw=
-99,69,wsK9PiysrEEiRQpdiDl38W3fs2Y=,HKSBjPaEipmR3kXwB8rWqot3XVw=
-105,69,wsK9PiysrEEiRQpdiDl38W3fs2Y=,HKSBjPaEipmR3kXwB8rWqot3XVw=
-106,69,wsK9PiysrEEiRQpdiDl38W3fs2Y=,HKSBjPaEipmR3kXwB8rWqot3XVw=
-108,69,wsK9PiysrEEiRQpdiDl38W3fs2Y=,HKSBjPaEipmR3kXwB8rWqot3XVw=
-110,69,wsK9PiysrEEiRQpdiDl38W3fs2Y=,HKSBjPaEipmR3kXwB8rWqot3XVw=
-102,65,wsK9PiysrEEiRQpdiDl38W3fs2Y=,HKSBjPaEipmR3kXwB8rWqot3XVw=
-101,69,wsK9PiysrEEiRQpdiDl38W3fs2Y=,HKSBjPaEipmR3kXwB8rWqot3XVw=
-107,64,wsK9PiysrEEiRQpdiDl38W3fs2Y=,HKSBjPaEipmR3kXwB8rWqot3XVw=
-109,69,wsK9PiysrEEiRQpdiDl38W3fs2Y=,HKSBjPaEipmR3kXwB8rWqot3XVw=
-97,68,wsK9PiysrEEiRQpdiDl38W3fs2Y=,HKSBjPaEipmR3kXwB8rWqot3XVw=
-98,68,wsK9PiysrEEiRQpdiDl38W3fs2Y=,HKSBjPaEipmR3kXwB8rWqot3XVw=
-111,69,wsK9PiysrEEiRQpdiDl38W3fs2Y=,HKSBjPaEipmR3kXwB8rWqot3XVw=
-107,71,wsK9PiysrEEiRQpdiDl38W3fs2Y=,HKSBjPaEipmR3kXwB8rWqot3XVw=
-112,69,wsK9PiysrEEiRQpdiDl38W3fs2Y=,HKSBjPaEipmR3kXwB8rWqot3XVw=
-102,68,wsK9PiysrEEiRQpdiDl38W3fs2Y=,HKSBjPaEipmR3kXwB8rWqot3XVw=
-104,68,wsK9PiysrEEiRQpdiDl38W3fs2Y=,HKSBjPaEipmR3kXwB8rWqot3XVw=
-105,68,wsK9PiysrEEiRQpdiDl38W3fs2Y=,HKSBjPaEipmR3kXwB8rWqot3XVw=
-107,68,wsK9PiysrEEiRQpdiDl38W3fs2Y=,HKSBjPaEipmR3kXwB8rWqot3XVw=
-99,68,wsK9PiysrEEiRQpdiDl38W3fs2Y=,HKSBjPaEipmR3kXwB8rWqot3XVw=
-103,68,wsK9PiysrEEiRQpdiDl38W3fs2Y=,HKSBjPaEipmR3kXwB8rWqot3XVw=
-107,70,wsK9PiysrEEiRQpdiDl38W3fs2Y=,HKSBjPaEipmR3kXwB8rWqot3XVw=
-106,68,wsK9PiysrEEiRQpdiDl38W3fs2Y=,HKSBjPaEipmR3kXwB8rWqot3XVw=
-110,68,wsK9PiysrEEiRQpdiDl38W3fs2Y=,HKSBjPaEipmR3kXwB8rWqot3XVw=
-111,68,wsK9PiysrEEiRQpdiDl38W3fs2Y=,HKSBjPaEipmR3kXwB8rWqot3XVw=
-108,68,wsK9PiysrEEiRQpdiDl38W3fs2Y=,HKSBjPaEipmR3kXwB8rWqot3XVw=
-109,68,wsK9PiysrEEiRQpdiDl38W3fs2Y=,HKSBjPaEipmR3kXwB8rWqot3XVw=
-112,68,wsK9PiysrEEiRQpdiDl38W3fs2Y=,HKSBjPaEipmR3kXwB8rWqot3XVw=
-108,64,wsK9PiysrEEiRQpdiDl38W3fs2Y=,HKSBjPaEipmR3kXwB8rWqot3XVw=
-97,67,wsK9PiysrEEiRQpdiDl38W3fs2Y=,HKSBjPaEipmR3kXwB8rWqot3XVw=
-100,68,wsK9PiysrEEiRQpdiDl38W3fs2Y=,HKSBjPaEipmR3kXwB8rWqot3XVw=
-103,67,wsK9PiysrEEiRQpdiDl38W3fs2Y=,HKSBjPaEipmR3kXwB8rWqot3XVw=
-102,67,wsK9PiysrEEiRQpdiDl38W3fs2Y=,HKSBjPaEipmR3kXwB8rWqot3XVw=
-98,67,wsK9PiysrEEiRQpdiDl38W3fs2Y=,HKSBjPaEipmR3kXwB8rWqot3XVw=
-110,78,wsK9PiysrEEiRQpdiDl38W3fs2Y=,HKSBjPaEipmR3kXwB8rWqot3XVw=
-101,65,wsK9PiysrEEiRQpdiDl38W3fs2Y=,HKSBjPaEipmR3kXwB8rWqot3XVw=
-107,67,wsK9PiysrEEiRQpdiDl38W3fs2Y=,HKSBjPaEipmR3kXwB8rWqot3XVw=
-104,67,wsK9PiysrEEiRQpdiDl38W3fs2Y=,HKSBjPaEipmR3kXwB8rWqot3XVw=
-100,67,wsK9PiysrEEiRQpdiDl38W3fs2Y=,HKSBjPaEipmR3kXwB8rWqot3XVw=
-109,67,wsK9PiysrEEiRQpdiDl38W3fs2Y=,HKSBjPaEipmR3kXwB8rWqot3XVw=
-110,67,wsK9PiysrEEiRQpdiDl38W3fs2Y=,HKSBjPaEipmR3kXwB8rWqot3XVw=
-101,67,wsK9PiysrEEiRQpdiDl38W3fs2Y=,HKSBjPaEipmR3kXwB8rWqot3XVw=
-108,67,wsK9PiysrEEiRQpdiDl38W3fs2Y=,HKSBjPaEipmR3kXwB8rWqot3XVw=
-105,67,wsK9PiysrEEiRQpdiDl38W3fs2Y=,HKSBjPaEipmR3kXwB8rWqot3XVw=
-112,67,wsK9PiysrEEiRQpdiDl38W3fs2Y=,HKSBjPaEipmR3kXwB8rWqot3XVw=
-109,64,wsK9PiysrEEiRQpdiDl38W3fs2Y=,HKSBjPaEipmR3kXwB8rWqot3XVw=
-111,67,wsK9PiysrEEiRQpdiDl38W3fs2Y=,HKSBjPaEipmR3kXwB8rWqot3XVw=
-101,66,wsK9PiysrEEiRQpdiDl38W3fs2Y=,HKSBjPaEipmR3kXwB8rWqot3XVw=
-97,66,wsK9PiysrEEiRQpdiDl38W3fs2Y=,HKSBjPaEipmR3kXwB8rWqot3XVw=
-102,66,wsK9PiysrEEiRQpdiDl38W3fs2Y=,HKSBjPaEipmR3kXwB8rWqot3XVw=
-100,65,wsK9PiysrEEiRQpdiDl38W3fs2Y=,HKSBjPaEipmR3kXwB8rWqot3XVw=
-99,66,wsK9PiysrEEiRQpdiDl38W3fs2Y=,HKSBjPaEipmR3kXwB8rWqot3XVw=
-98,66,wsK9PiysrEEiRQpdiDl38W3fs2Y=,HKSBjPaEipmR3kXwB8rWqot3XVw=
-100,66,wsK9PiysrEEiRQpdiDl38W3fs2Y=,HKSBjPaEipmR3kXwB8rWqot3XVw=
-105,66,wsK9PiysrEEiRQpdiDl38W3fs2Y=,HKSBjPaEipmR3kXwB8rWqot3XVw=
-109,66,wsK9PiysrEEiRQpdiDl38W3fs2Y=,HKSBjPaEipmR3kXwB8rWqot3XVw=
-103,66,wsK9PiysrEEiRQpdiDl38W3fs2Y=,HKSBjPaEipmR3kXwB8rWqot3XVw=
-107,66,wsK9PiysrEEiRQpdiDl38W3fs2Y=,HKSBjPaEipmR3kXwB8rWqot3XVw=
-108,66,wsK9PiysrEEiRQpdiDl38W3fs2Y=,HKSBjPaEipmR3kXwB8rWqot3XVw=
-110,66,wsK9PiysrEEiRQpdiDl38W3fs2Y=,HKSBjPaEipmR3kXwB8rWqot3XVw=
-106,66,wsK9PiysrEEiRQpdiDl38W3fs2Y=,HKSBjPaEipmR3kXwB8rWqot3XVw=
-104,66,wsK9PiysrEEiRQpdiDl38W3fs2Y=,HKSBjPaEipmR3kXwB8rWqot3XVw=
-110,70,wsK9PiysrEEiRQpdiDl38W3fs2Y=,HKSBjPaEipmR3kXwB8rWqot3XVw=
-111,64,wsK9PiysrEEiRQpdiDl38W3fs2Y=,HKSBjPaEipmR3kXwB8rWqot3XVw=
-102,71,wsK9PiysrEEiRQpdiDl38W3fs2Y=,HKSBjPaEipmR3kXwB8rWqot3XVw=
-111,66,wsK9PiysrEEiRQpdiDl38W3fs2Y=,HKSBjPaEipmR3kXwB8rWqot3XVw=
-99,65,wsK9PiysrEEiRQpdiDl38W3fs2Y=,HKSBjPaEipmR3kXwB8rWqot3XVw=
-106,67,wsK9PiysrEEiRQpdiDl38W3fs2Y=,HKSBjPaEipmR3kXwB8rWqot3XVw=
-97,71,wsK9PiysrEEiRQpdiDl38W3fs2Y=,HKSBjPaEipmR3kXwB8rWqot3XVw=
-112,73,wsK9PiysrEEiRQpdiDl38W3fs2Y=,HKSBjPaEipmR3kXwB8rWqot3XVw=
-110,64,wsK9PiysrEEiRQpdiDl38W3fs2Y=,HKSBjPaEipmR3kXwB8rWqot3XVw=
-107,73,wsK9PiysrEEiRQpdiDl38W3fs2Y=,HKSBjPaEipmR3kXwB8rWqot3XVw=
-99,67,wsK9PiysrEEiRQpdiDl38W3fs2Y=,HKSBjPaEipmR3kXwB8rWqot3XVw=
-98,65,wsK9PiysrEEiRQpdiDl38W3fs2Y=,HKSBjPaEipmR3kXwB8rWqot3XVw=
-97,65,wsK9PiysrEEiRQpdiDl38W3fs2Y=,HKSBjPaEipmR3kXwB8rWqot3XVw=
-107,69,wsK9PiysrEEiRQpdiDl38W3fs2Y=,HKSBjPaEipmR3kXwB8rWqot3XVw=
-112,66,wsK9PiysrEEiRQpdiDl38W3fs2Y=,HKSBjPaEipmR3kXwB8rWqot3XVw=
-101,68,wsK9PiysrEEiRQpdiDl38W3fs2Y=,HKSBjPaEipmR3kXwB8rWqot3XVw=
-98,73,wsK9PiysrEEiRQpdiDl38W3fs2Y=,HKSBjPaEipmR3kXwB8rWqot3XVw=
-110,74,wsK9PiysrEEiRQpdiDl38W3fs2Y=,HKSBjPaEipmR3kXwB8rWqot3XVw=
-111,74,wsK9PiysrEEiRQpdiDl38W3fs2Y=,HKSBjPaEipmR3kXwB8rWqot3XVw=
-112,74,wsK9PiysrEEiRQpdiDl38W3fs2Y=,HKSBjPaEipmR3kXwB8rWqot3XVw=
-104,74,wsK9PiysrEEiRQpdiDl38W3fs2Y=,HKSBjPaEipmR3kXwB8rWqot3XVw=
-128,80,rjzt8G+lvjeOZ59ilHr4xdCksDU=,HKSBjPaEipmR3kXwB8rWqot3XVw=
-113,80,rjzt8G+lvjeOZ59ilHr4xdCksDU=,HKSBjPaEipmR3kXwB8rWqot3XVw=
-128,81,rjzt8G+lvjeOZ59ilHr4xdCksDU=,HKSBjPaEipmR3kXwB8rWqot3XVw=
-127,81,rjzt8G+lvjeOZ59ilHr4xdCksDU=,HKSBjPaEipmR3kXwB8rWqot3XVw=
-126,81,rjzt8G+lvjeOZ59ilHr4xdCksDU=,HKSBjPaEipmR3kXwB8rWqot3XVw=
-125,81,rjzt8G+lvjeOZ59ilHr4xdCksDU=,HKSBjPaEipmR3kXwB8rWqot3XVw=
-124,81,rjzt8G+lvjeOZ59ilHr4xdCksDU=,HKSBjPaEipmR3kXwB8rWqot3XVw=
-123,81,rjzt8G+lvjeOZ59ilHr4xdCksDU=,HKSBjPaEipmR3kXwB8rWqot3XVw=
-122,81,rjzt8G+lvjeOZ59ilHr4xdCksDU=,HKSBjPaEipmR3kXwB8rWqot3XVw=
-113,95,rjzt8G+lvjeOZ59ilHr4xdCksDU=,HKSBjPaEipmR3kXwB8rWqot3XVw=
-121,81,rjzt8G+lvjeOZ59ilHr4xdCksDU=,HKSBjPaEipmR3kXwB8rWqot3XVw=
-120,81,rjzt8G+lvjeOZ59ilHr4xdCksDU=,HKSBjPaEipmR3kXwB8rWqot3XVw=
-118,81,rjzt8G+lvjeOZ59ilHr4xdCksDU=,HKSBjPaEipmR3kXwB8rWqot3XVw=
-117,95,rjzt8G+lvjeOZ59ilHr4xdCksDU=,HKSBjPaEipmR3kXwB8rWqot3XVw=
-119,81,rjzt8G+lvjeOZ59ilHr4xdCksDU=,HKSBjPaEipmR3kXwB8rWqot3XVw=
-116,95,rjzt8G+lvjeOZ59ilHr4xdCksDU=,HKSBjPaEipmR3kXwB8rWqot3XVw=
-115,95,rjzt8G+lvjeOZ59ilHr4xdCksDU=,HKSBjPaEipmR3kXwB8rWqot3XVw=
-119,95,rjzt8G+lvjeOZ59ilHr4xdCksDU=,HKSBjPaEipmR3kXwB8rWqot3XVw=
-126,95,rjzt8G+lvjeOZ59ilHr4xdCksDU=,HKSBjPaEipmR3kXwB8rWqot3XVw=
-128,95,rjzt8G+lvjeOZ59ilHr4xdCksDU=,HKSBjPaEipmR3kXwB8rWqot3XVw=
-114,80,rjzt8G+lvjeOZ59ilHr4xdCksDU=,HKSBjPaEipmR3kXwB8rWqot3XVw=
-127,95,rjzt8G+lvjeOZ59ilHr4xdCksDU=,HKSBjPaEipmR3kXwB8rWqot3XVw=
-114,95,rjzt8G+lvjeOZ59ilHr4xdCksDU=,HKSBjPaEipmR3kXwB8rWqot3XVw=
-117,81,rjzt8G+lvjeOZ59ilHr4xdCksDU=,HKSBjPaEipmR3kXwB8rWqot3XVw=
-121,95,rjzt8G+lvjeOZ59ilHr4xdCksDU=,HKSBjPaEipmR3kXwB8rWqot3XVw=
-123,95,rjzt8G+lvjeOZ59ilHr4xdCksDU=,HKSBjPaEipmR3kXwB8rWqot3XVw=
-122,95,rjzt8G+lvjeOZ59ilHr4xdCksDU=,HKSBjPaEipmR3kXwB8rWqot3XVw=
-113,94,rjzt8G+lvjeOZ59ilHr4xdCksDU=,HKSBjPaEipmR3kXwB8rWqot3XVw=
-124,95,rjzt8G+lvjeOZ59ilHr4xdCksDU=,HKSBjPaEipmR3kXwB8rWqot3XVw=
-125,95,rjzt8G+lvjeOZ59ilHr4xdCksDU=,HKSBjPaEipmR3kXwB8rWqot3XVw=
-116,81,rjzt8G+lvjeOZ59ilHr4xdCksDU=,HKSBjPaEipmR3kXwB8rWqot3XVw=
-114,81,rjzt8G+lvjeOZ59ilHr4xdCksDU=,HKSBjPaEipmR3kXwB8rWqot3XVw=
-115,81,rjzt8G+lvjeOZ59ilHr4xdCksDU=,HKSBjPaEipmR3kXwB8rWqot3XVw=
-113,81,rjzt8G+lvjeOZ59ilHr4xdCksDU=,HKSBjPaEipmR3kXwB8rWqot3XVw=
-128,82,rjzt8G+lvjeOZ59ilHr4xdCksDU=,HKSBjPaEipmR3kXwB8rWqot3XVw=
-127,80,rjzt8G+lvjeOZ59ilHr4xdCksDU=,HKSBjPaEipmR3kXwB8rWqot3XVw=
-127,82,rjzt8G+lvjeOZ59ilHr4xdCksDU=,HKSBjPaEipmR3kXwB8rWqot3XVw=
-114,94,rjzt8G+lvjeOZ59ilHr4xdCksDU=,HKSBjPaEipmR3kXwB8rWqot3XVw=
-115,94,rjzt8G+lvjeOZ59ilHr4xdCksDU=,HKSBjPaEipmR3kXwB8rWqot3XVw=
-120,94,rjzt8G+lvjeOZ59ilHr4xdCksDU=,HKSBjPaEipmR3kXwB8rWqot3XVw=
-123,94,rjzt8G+lvjeOZ59ilHr4xdCksDU=,HKSBjPaEipmR3kXwB8rWqot3XVw=
-124,94,rjzt8G+lvjeOZ59ilHr4xdCksDU=,HKSBjPaEipmR3kXwB8rWqot3XVw=
-125,94,rjzt8G+lvjeOZ59ilHr4xdCksDU=,HKSBjPaEipmR3kXwB8rWqot3XVw=
-126,94,rjzt8G+lvjeOZ59ilHr4xdCksDU=,HKSBjPaEipmR3kXwB8rWqot3XVw=
-115,80,rjzt8G+lvjeOZ59ilHr4xdCksDU=,HKSBjPaEipmR3kXwB8rWqot3XVw=
-127,94,rjzt8G+lvjeOZ59ilHr4xdCksDU=,HKSBjPaEipmR3kXwB8rWqot3XVw=
-128,94,rjzt8G+lvjeOZ59ilHr4xdCksDU=,HKSBjPaEipmR3kXwB8rWqot3XVw=
-119,94,rjzt8G+lvjeOZ59ilHr4xdCksDU=,HKSBjPaEipmR3kXwB8rWqot3XVw=
-116,94,rjzt8G+lvjeOZ59ilHr4xdCksDU=,HKSBjPaEipmR3kXwB8rWqot3XVw=
-118,94,rjzt8G+lvjeOZ59ilHr4xdCksDU=,HKSBjPaEipmR3kXwB8rWqot3XVw=
-116,93,rjzt8G+lvjeOZ59ilHr4xdCksDU=,HKSBjPaEipmR3kXwB8rWqot3XVw=
-117,93,rjzt8G+lvjeOZ59ilHr4xdCksDU=,HKSBjPaEipmR3kXwB8rWqot3XVw=
-118,93,rjzt8G+lvjeOZ59ilHr4xdCksDU=,HKSBjPaEipmR3kXwB8rWqot3XVw=
-117,94,rjzt8G+lvjeOZ59ilHr4xdCksDU=,HKSBjPaEipmR3kXwB8rWqot3XVw=
-121,94,rjzt8G+lvjeOZ59ilHr4xdCksDU=,HKSBjPaEipmR3kXwB8rWqot3XVw=
-126,82,rjzt8G+lvjeOZ59ilHr4xdCksDU=,HKSBjPaEipmR3kXwB8rWqot3XVw=
-125,82,rjzt8G+lvjeOZ59ilHr4xdCksDU=,HKSBjPaEipmR3kXwB8rWqot3XVw=
-120,93,rjzt8G+lvjeOZ59ilHr4xdCksDU=,HKSBjPaEipmR3kXwB8rWqot3XVw=
-119,93,rjzt8G+lvjeOZ59ilHr4xdCksDU=,HKSBjPaEipmR3kXwB8rWqot3XVw=
-124,93,rjzt8G+lvjeOZ59ilHr4xdCksDU=,HKSBjPaEipmR3kXwB8rWqot3XVw=
-125,93,rjzt8G+lvjeOZ59ilHr4xdCksDU=,HKSBjPaEipmR3kXwB8rWqot3XVw=
-126,93,rjzt8G+lvjeOZ59ilHr4xdCksDU=,HKSBjPaEipmR3kXwB8rWqot3XVw=
-127,93,rjzt8G+lvjeOZ59ilHr4xdCksDU=,HKSBjPaEipmR3kXwB8rWqot3XVw=
-116,80,rjzt8G+lvjeOZ59ilHr4xdCksDU=,HKSBjPaEipmR3kXwB8rWqot3XVw=
-128,93,rjzt8G+lvjeOZ59ilHr4xdCksDU=,HKSBjPaEipmR3kXwB8rWqot3XVw=
-113,93,rjzt8G+lvjeOZ59ilHr4xdCksDU=,HKSBjPaEipmR3kXwB8rWqot3XVw=
-124,82,rjzt8G+lvjeOZ59ilHr4xdCksDU=,HKSBjPaEipmR3kXwB8rWqot3XVw=
-123,82,rjzt8G+lvjeOZ59ilHr4xdCksDU=,HKSBjPaEipmR3kXwB8rWqot3XVw=
-122,82,rjzt8G+lvjeOZ59ilHr4xdCksDU=,HKSBjPaEipmR3kXwB8rWqot3XVw=
-121,93,rjzt8G+lvjeOZ59ilHr4xdCksDU=,HKSBjPaEipmR3kXwB8rWqot3XVw=
-116,92,rjzt8G+lvjeOZ59ilHr4xdCksDU=,HKSBjPaEipmR3kXwB8rWqot3XVw=
-114,93,rjzt8G+lvjeOZ59ilHr4xdCksDU=,HKSBjPaEipmR3kXwB8rWqot3XVw=
-122,93,rjzt8G+lvjeOZ59ilHr4xdCksDU=,HKSBjPaEipmR3kXwB8rWqot3XVw=
-121,82,rjzt8G+lvjeOZ59ilHr4xdCksDU=,HKSBjPaEipmR3kXwB8rWqot3XVw=
-115,93,rjzt8G+lvjeOZ59ilHr4xdCksDU=,HKSBjPaEipmR3kXwB8rWqot3XVw=
-120,82,rjzt8G+lvjeOZ59ilHr4xdCksDU=,HKSBjPaEipmR3kXwB8rWqot3XVw=
-123,93,rjzt8G+lvjeOZ59ilHr4xdCksDU=,HKSBjPaEipmR3kXwB8rWqot3XVw=
-119,82,rjzt8G+lvjeOZ59ilHr4xdCksDU=,HKSBjPaEipmR3kXwB8rWqot3XVw=
-117,82,rjzt8G+lvjeOZ59ilHr4xdCksDU=,HKSBjPaEipmR3kXwB8rWqot3XVw=
-118,82,rjzt8G+lvjeOZ59ilHr4xdCksDU=,HKSBjPaEipmR3kXwB8rWqot3XVw=
-113,92,rjzt8G+lvjeOZ59ilHr4xdCksDU=,HKSBjPaEipmR3kXwB8rWqot3XVw=
-114,92,rjzt8G+lvjeOZ59ilHr4xdCksDU=,HKSBjPaEipmR3kXwB8rWqot3XVw=
-118,92,rjzt8G+lvjeOZ59ilHr4xdCksDU=,HKSBjPaEipmR3kXwB8rWqot3XVw=
-115,92,rjzt8G+lvjeOZ59ilHr4xdCksDU=,HKSBjPaEipmR3kXwB8rWqot3XVw=
-124,92,rjzt8G+lvjeOZ59ilHr4xdCksDU=,HKSBjPaEipmR3kXwB8rWqot3XVw=
-125,92,rjzt8G+lvjeOZ59ilHr4xdCksDU=,HKSBjPaEipmR3kXwB8rWqot3XVw=
-126,92,rjzt8G+lvjeOZ59ilHr4xdCksDU=,HKSBjPaEipmR3kXwB8rWqot3XVw=
-127,92,rjzt8G+lvjeOZ59ilHr4xdCksDU=,HKSBjPaEipmR3kXwB8rWqot3XVw=
-117,80,rjzt8G+lvjeOZ59ilHr4xdCksDU=,HKSBjPaEipmR3kXwB8rWqot3XVw=
-128,92,rjzt8G+lvjeOZ59ilHr4xdCksDU=,HKSBjPaEipmR3kXwB8rWqot3XVw=
-113,91,rjzt8G+lvjeOZ59ilHr4xdCksDU=,HKSBjPaEipmR3kXwB8rWqot3XVw=
-114,91,rjzt8G+lvjeOZ59ilHr4xdCksDU=,HKSBjPaEipmR3kXwB8rWqot3XVw=
-120,92,rjzt8G+lvjeOZ59ilHr4xdCksDU=,HKSBjPaEipmR3kXwB8rWqot3XVw=
-119,92,rjzt8G+lvjeOZ59ilHr4xdCksDU=,HKSBjPaEipmR3kXwB8rWqot3XVw=
-117,91,rjzt8G+lvjeOZ59ilHr4xdCksDU=,HKSBjPaEipmR3kXwB8rWqot3XVw=
-118,95,rjzt8G+lvjeOZ59ilHr4xdCksDU=,HKSBjPaEipmR3kXwB8rWqot3XVw=
-116,82,rjzt8G+lvjeOZ59ilHr4xdCksDU=,HKSBjPaEipmR3kXwB8rWqot3XVw=
-115,82,rjzt8G+lvjeOZ59ilHr4xdCksDU=,HKSBjPaEipmR3kXwB8rWqot3XVw=
-114,82,rjzt8G+lvjeOZ59ilHr4xdCksDU=,HKSBjPaEipmR3kXwB8rWqot3XVw=
-128,83,rjzt8G+lvjeOZ59ilHr4xdCksDU=,HKSBjPaEipmR3kXwB8rWqot3XVw=
-113,82,rjzt8G+lvjeOZ59ilHr4xdCksDU=,HKSBjPaEipmR3kXwB8rWqot3XVw=
-126,80,rjzt8G+lvjeOZ59ilHr4xdCksDU=,HKSBjPaEipmR3kXwB8rWqot3XVw=
-127,83,rjzt8G+lvjeOZ59ilHr4xdCksDU=,HKSBjPaEipmR3kXwB8rWqot3XVw=
-126,83,rjzt8G+lvjeOZ59ilHr4xdCksDU=,HKSBjPaEipmR3kXwB8rWqot3XVw=
-121,92,rjzt8G+lvjeOZ59ilHr4xdCksDU=,HKSBjPaEipmR3kXwB8rWqot3XVw=
-122,92,rjzt8G+lvjeOZ59ilHr4xdCksDU=,HKSBjPaEipmR3kXwB8rWqot3XVw=
-123,91,rjzt8G+lvjeOZ59ilHr4xdCksDU=,HKSBjPaEipmR3kXwB8rWqot3XVw=
-124,91,rjzt8G+lvjeOZ59ilHr4xdCksDU=,HKSBjPaEipmR3kXwB8rWqot3XVw=
-126,91,rjzt8G+lvjeOZ59ilHr4xdCksDU=,HKSBjPaEipmR3kXwB8rWqot3XVw=
-118,91,rjzt8G+lvjeOZ59ilHr4xdCksDU=,HKSBjPaEipmR3kXwB8rWqot3XVw=
-128,91,rjzt8G+lvjeOZ59ilHr4xdCksDU=,HKSBjPaEipmR3kXwB8rWqot3XVw=
-118,80,rjzt8G+lvjeOZ59ilHr4xdCksDU=,HKSBjPaEipmR3kXwB8rWqot3XVw=
-125,83,rjzt8G+lvjeOZ59ilHr4xdCksDU=,HKSBjPaEipmR3kXwB8rWqot3XVw=
-124,83,rjzt8G+lvjeOZ59ilHr4xdCksDU=,HKSBjPaEipmR3kXwB8rWqot3XVw=
-123,83,rjzt8G+lvjeOZ59ilHr4xdCksDU=,HKSBjPaEipmR3kXwB8rWqot3XVw=
-116,91,rjzt8G+lvjeOZ59ilHr4xdCksDU=,HKSBjPaEipmR3kXwB8rWqot3XVw=
-116,90,rjzt8G+lvjeOZ59ilHr4xdCksDU=,HKSBjPaEipmR3kXwB8rWqot3XVw=
-122,83,rjzt8G+lvjeOZ59ilHr4xdCksDU=,HKSBjPaEipmR3kXwB8rWqot3XVw=
-120,90,rjzt8G+lvjeOZ59ilHr4xdCksDU=,HKSBjPaEipmR3kXwB8rWqot3XVw=
-118,90,rjzt8G+lvjeOZ59ilHr4xdCksDU=,HKSBjPaEipmR3kXwB8rWqot3XVw=
-125,91,rjzt8G+lvjeOZ59ilHr4xdCksDU=,HKSBjPaEipmR3kXwB8rWqot3XVw=
-120,95,rjzt8G+lvjeOZ59ilHr4xdCksDU=,HKSBjPaEipmR3kXwB8rWqot3XVw=
-119,90,rjzt8G+lvjeOZ59ilHr4xdCksDU=,HKSBjPaEipmR3kXwB8rWqot3XVw=
-124,90,rjzt8G+lvjeOZ59ilHr4xdCksDU=,HKSBjPaEipmR3kXwB8rWqot3XVw=
-121,83,rjzt8G+lvjeOZ59ilHr4xdCksDU=,HKSBjPaEipmR3kXwB8rWqot3XVw=
-125,90,rjzt8G+lvjeOZ59ilHr4xdCksDU=,HKSBjPaEipmR3kXwB8rWqot3XVw=
-117,90,rjzt8G+lvjeOZ59ilHr4xdCksDU=,HKSBjPaEipmR3kXwB8rWqot3XVw=
-127,90,rjzt8G+lvjeOZ59ilHr4xdCksDU=,HKSBjPaEipmR3kXwB8rWqot3XVw=
-123,90,rjzt8G+lvjeOZ59ilHr4xdCksDU=,HKSBjPaEipmR3kXwB8rWqot3XVw=
-128,90,rjzt8G+lvjeOZ59ilHr4xdCksDU=,HKSBjPaEipmR3kXwB8rWqot3XVw=
-115,90,rjzt8G+lvjeOZ59ilHr4xdCksDU=,HKSBjPaEipmR3kXwB8rWqot3XVw=
-114,90,rjzt8G+lvjeOZ59ilHr4xdCksDU=,HKSBjPaEipmR3kXwB8rWqot3XVw=
-120,83,rjzt8G+lvjeOZ59ilHr4xdCksDU=,HKSBjPaEipmR3kXwB8rWqot3XVw=
-121,90,rjzt8G+lvjeOZ59ilHr4xdCksDU=,HKSBjPaEipmR3kXwB8rWqot3XVw=
-119,80,rjzt8G+lvjeOZ59ilHr4xdCksDU=,HKSBjPaEipmR3kXwB8rWqot3XVw=
-117,89,rjzt8G+lvjeOZ59ilHr4xdCksDU=,HKSBjPaEipmR3kXwB8rWqot3XVw=
-116,89,rjzt8G+lvjeOZ59ilHr4xdCksDU=,HKSBjPaEipmR3kXwB8rWqot3XVw=
-122,90,rjzt8G+lvjeOZ59ilHr4xdCksDU=,HKSBjPaEipmR3kXwB8rWqot3XVw=
-120,89,rjzt8G+lvjeOZ59ilHr4xdCksDU=,HKSBjPaEipmR3kXwB8rWqot3XVw=
-121,89,rjzt8G+lvjeOZ59ilHr4xdCksDU=,HKSBjPaEipmR3kXwB8rWqot3XVw=
-126,90,rjzt8G+lvjeOZ59ilHr4xdCksDU=,HKSBjPaEipmR3kXwB8rWqot3XVw=
-113,89,rjzt8G+lvjeOZ59ilHr4xdCksDU=,HKSBjPaEipmR3kXwB8rWqot3XVw=
-118,89,rjzt8G+lvjeOZ59ilHr4xdCksDU=,HKSBjPaEipmR3kXwB8rWqot3XVw=
-123,89,rjzt8G+lvjeOZ59ilHr4xdCksDU=,HKSBjPaEipmR3kXwB8rWqot3XVw=
-119,89,rjzt8G+lvjeOZ59ilHr4xdCksDU=,HKSBjPaEipmR3kXwB8rWqot3XVw=
-127,89,rjzt8G+lvjeOZ59ilHr4xdCksDU=,HKSBjPaEipmR3kXwB8rWqot3XVw=
-120,80,rjzt8G+lvjeOZ59ilHr4xdCksDU=,HKSBjPaEipmR3kXwB8rWqot3XVw=
-128,89,rjzt8G+lvjeOZ59ilHr4xdCksDU=,HKSBjPaEipmR3kXwB8rWqot3XVw=
-113,88,rjzt8G+lvjeOZ59ilHr4xdCksDU=,HKSBjPaEipmR3kXwB8rWqot3XVw=
-114,88,rjzt8G+lvjeOZ59ilHr4xdCksDU=,HKSBjPaEipmR3kXwB8rWqot3XVw=
-115,88,rjzt8G+lvjeOZ59ilHr4xdCksDU=,HKSBjPaEipmR3kXwB8rWqot3XVw=
-116,88,rjzt8G+lvjeOZ59ilHr4xdCksDU=,HKSBjPaEipmR3kXwB8rWqot3XVw=
-117,88,rjzt8G+lvjeOZ59ilHr4xdCksDU=,HKSBjPaEipmR3kXwB8rWqot3XVw=
-118,88,rjzt8G+lvjeOZ59ilHr4xdCksDU=,HKSBjPaEipmR3kXwB8rWqot3XVw=
-119,83,rjzt8G+lvjeOZ59ilHr4xdCksDU=,HKSBjPaEipmR3kXwB8rWqot3XVw=
-120,88,rjzt8G+lvjeOZ59ilHr4xdCksDU=,HKSBjPaEipmR3kXwB8rWqot3XVw=
-114,89,rjzt8G+lvjeOZ59ilHr4xdCksDU=,HKSBjPaEipmR3kXwB8rWqot3XVw=
-121,88,rjzt8G+lvjeOZ59ilHr4xdCksDU=,HKSBjPaEipmR3kXwB8rWqot3XVw=
-115,89,rjzt8G+lvjeOZ59ilHr4xdCksDU=,HKSBjPaEipmR3kXwB8rWqot3XVw=
-124,89,rjzt8G+lvjeOZ59ilHr4xdCksDU=,HKSBjPaEipmR3kXwB8rWqot3XVw=
-125,88,rjzt8G+lvjeOZ59ilHr4xdCksDU=,HKSBjPaEipmR3kXwB8rWqot3XVw=
-127,88,rjzt8G+lvjeOZ59ilHr4xdCksDU=,HKSBjPaEipmR3kXwB8rWqot3XVw=
-128,88,rjzt8G+lvjeOZ59ilHr4xdCksDU=,HKSBjPaEipmR3kXwB8rWqot3XVw=
-126,88,rjzt8G+lvjeOZ59ilHr4xdCksDU=,HKSBjPaEipmR3kXwB8rWqot3XVw=
-121,80,rjzt8G+lvjeOZ59ilHr4xdCksDU=,HKSBjPaEipmR3kXwB8rWqot3XVw=
-113,87,rjzt8G+lvjeOZ59ilHr4xdCksDU=,HKSBjPaEipmR3kXwB8rWqot3XVw=
-116,87,rjzt8G+lvjeOZ59ilHr4xdCksDU=,HKSBjPaEipmR3kXwB8rWqot3XVw=
-114,87,rjzt8G+lvjeOZ59ilHr4xdCksDU=,HKSBjPaEipmR3kXwB8rWqot3XVw=
-118,87,rjzt8G+lvjeOZ59ilHr4xdCksDU=,HKSBjPaEipmR3kXwB8rWqot3XVw=
-122,89,rjzt8G+lvjeOZ59ilHr4xdCksDU=,HKSBjPaEipmR3kXwB8rWqot3XVw=
-120,87,rjzt8G+lvjeOZ59ilHr4xdCksDU=,HKSBjPaEipmR3kXwB8rWqot3XVw=
-126,89,rjzt8G+lvjeOZ59ilHr4xdCksDU=,HKSBjPaEipmR3kXwB8rWqot3XVw=
-118,83,rjzt8G+lvjeOZ59ilHr4xdCksDU=,HKSBjPaEipmR3kXwB8rWqot3XVw=
-122,88,rjzt8G+lvjeOZ59ilHr4xdCksDU=,HKSBjPaEipmR3kXwB8rWqot3XVw=
-122,91,rjzt8G+lvjeOZ59ilHr4xdCksDU=,HKSBjPaEipmR3kXwB8rWqot3XVw=
-124,87,rjzt8G+lvjeOZ59ilHr4xdCksDU=,HKSBjPaEipmR3kXwB8rWqot3XVw=
-117,83,rjzt8G+lvjeOZ59ilHr4xdCksDU=,HKSBjPaEipmR3kXwB8rWqot3XVw=
-117,87,rjzt8G+lvjeOZ59ilHr4xdCksDU=,HKSBjPaEipmR3kXwB8rWqot3XVw=
-121,87,rjzt8G+lvjeOZ59ilHr4xdCksDU=,HKSBjPaEipmR3kXwB8rWqot3XVw=
-127,87,rjzt8G+lvjeOZ59ilHr4xdCksDU=,HKSBjPaEipmR3kXwB8rWqot3XVw=
-122,80,rjzt8G+lvjeOZ59ilHr4xdCksDU=,HKSBjPaEipmR3kXwB8rWqot3XVw=
-128,87,rjzt8G+lvjeOZ59ilHr4xdCksDU=,HKSBjPaEipmR3kXwB8rWqot3XVw=
-113,86,rjzt8G+lvjeOZ59ilHr4xdCksDU=,HKSBjPaEipmR3kXwB8rWqot3XVw=
-114,86,rjzt8G+lvjeOZ59ilHr4xdCksDU=,HKSBjPaEipmR3kXwB8rWqot3XVw=
-119,87,rjzt8G+lvjeOZ59ilHr4xdCksDU=,HKSBjPaEipmR3kXwB8rWqot3XVw=
-116,86,rjzt8G+lvjeOZ59ilHr4xdCksDU=,HKSBjPaEipmR3kXwB8rWqot3XVw=
-115,87,rjzt8G+lvjeOZ59ilHr4xdCksDU=,HKSBjPaEipmR3kXwB8rWqot3XVw=
-120,86,rjzt8G+lvjeOZ59ilHr4xdCksDU=,HKSBjPaEipmR3kXwB8rWqot3XVw=
-122,87,rjzt8G+lvjeOZ59ilHr4xdCksDU=,HKSBjPaEipmR3kXwB8rWqot3XVw=
-121,86,rjzt8G+lvjeOZ59ilHr4xdCksDU=,HKSBjPaEipmR3kXwB8rWqot3XVw=
-122,86,rjzt8G+lvjeOZ59ilHr4xdCksDU=,HKSBjPaEipmR3kXwB8rWqot3XVw=
-123,87,rjzt8G+lvjeOZ59ilHr4xdCksDU=,HKSBjPaEipmR3kXwB8rWqot3XVw=
-119,86,rjzt8G+lvjeOZ59ilHr4xdCksDU=,HKSBjPaEipmR3kXwB8rWqot3XVw=
-127,91,rjzt8G+lvjeOZ59ilHr4xdCksDU=,HKSBjPaEipmR3kXwB8rWqot3XVw=
-124,86,rjzt8G+lvjeOZ59ilHr4xdCksDU=,HKSBjPaEipmR3kXwB8rWqot3XVw=
-127,86,rjzt8G+lvjeOZ59ilHr4xdCksDU=,HKSBjPaEipmR3kXwB8rWqot3XVw=
-123,80,rjzt8G+lvjeOZ59ilHr4xdCksDU=,HKSBjPaEipmR3kXwB8rWqot3XVw=
-125,86,rjzt8G+lvjeOZ59ilHr4xdCksDU=,HKSBjPaEipmR3kXwB8rWqot3XVw=
-113,85,rjzt8G+lvjeOZ59ilHr4xdCksDU=,HKSBjPaEipmR3kXwB8rWqot3XVw=
-114,85,rjzt8G+lvjeOZ59ilHr4xdCksDU=,HKSBjPaEipmR3kXwB8rWqot3XVw=
-115,85,rjzt8G+lvjeOZ59ilHr4xdCksDU=,HKSBjPaEipmR3kXwB8rWqot3XVw=
-116,85,rjzt8G+lvjeOZ59ilHr4xdCksDU=,HKSBjPaEipmR3kXwB8rWqot3XVw=
-117,85,rjzt8G+lvjeOZ59ilHr4xdCksDU=,HKSBjPaEipmR3kXwB8rWqot3XVw=
-126,87,rjzt8G+lvjeOZ59ilHr4xdCksDU=,HKSBjPaEipmR3kXwB8rWqot3XVw=
-120,85,rjzt8G+lvjeOZ59ilHr4xdCksDU=,HKSBjPaEipmR3kXwB8rWqot3XVw=
-119,85,rjzt8G+lvjeOZ59ilHr4xdCksDU=,HKSBjPaEipmR3kXwB8rWqot3XVw=
-121,85,rjzt8G+lvjeOZ59ilHr4xdCksDU=,HKSBjPaEipmR3kXwB8rWqot3XVw=
-122,85,rjzt8G+lvjeOZ59ilHr4xdCksDU=,HKSBjPaEipmR3kXwB8rWqot3XVw=
-116,83,rjzt8G+lvjeOZ59ilHr4xdCksDU=,HKSBjPaEipmR3kXwB8rWqot3XVw=
-115,83,rjzt8G+lvjeOZ59ilHr4xdCksDU=,HKSBjPaEipmR3kXwB8rWqot3XVw=
-114,83,rjzt8G+lvjeOZ59ilHr4xdCksDU=,HKSBjPaEipmR3kXwB8rWqot3XVw=
-113,83,rjzt8G+lvjeOZ59ilHr4xdCksDU=,HKSBjPaEipmR3kXwB8rWqot3XVw=
-128,84,rjzt8G+lvjeOZ59ilHr4xdCksDU=,HKSBjPaEipmR3kXwB8rWqot3XVw=
-125,80,rjzt8G+lvjeOZ59ilHr4xdCksDU=,HKSBjPaEipmR3kXwB8rWqot3XVw=
-127,84,rjzt8G+lvjeOZ59ilHr4xdCksDU=,HKSBjPaEipmR3kXwB8rWqot3XVw=
-118,86,rjzt8G+lvjeOZ59ilHr4xdCksDU=,HKSBjPaEipmR3kXwB8rWqot3XVw=
-124,85,rjzt8G+lvjeOZ59ilHr4xdCksDU=,HKSBjPaEipmR3kXwB8rWqot3XVw=
-123,92,rjzt8G+lvjeOZ59ilHr4xdCksDU=,HKSBjPaEipmR3kXwB8rWqot3XVw=
-126,85,rjzt8G+lvjeOZ59ilHr4xdCksDU=,HKSBjPaEipmR3kXwB8rWqot3XVw=
-123,86,rjzt8G+lvjeOZ59ilHr4xdCksDU=,HKSBjPaEipmR3kXwB8rWqot3XVw=
-124,80,rjzt8G+lvjeOZ59ilHr4xdCksDU=,HKSBjPaEipmR3kXwB8rWqot3XVw=
-128,85,rjzt8G+lvjeOZ59ilHr4xdCksDU=,HKSBjPaEipmR3kXwB8rWqot3XVw=
-113,84,rjzt8G+lvjeOZ59ilHr4xdCksDU=,HKSBjPaEipmR3kXwB8rWqot3XVw=
-114,84,rjzt8G+lvjeOZ59ilHr4xdCksDU=,HKSBjPaEipmR3kXwB8rWqot3XVw=
-116,84,rjzt8G+lvjeOZ59ilHr4xdCksDU=,HKSBjPaEipmR3kXwB8rWqot3XVw=
-115,84,rjzt8G+lvjeOZ59ilHr4xdCksDU=,HKSBjPaEipmR3kXwB8rWqot3XVw=
-123,85,rjzt8G+lvjeOZ59ilHr4xdCksDU=,HKSBjPaEipmR3kXwB8rWqot3XVw=
-126,86,rjzt8G+lvjeOZ59ilHr4xdCksDU=,HKSBjPaEipmR3kXwB8rWqot3XVw=
-119,84,rjzt8G+lvjeOZ59ilHr4xdCksDU=,HKSBjPaEipmR3kXwB8rWqot3XVw=
-128,86,rjzt8G+lvjeOZ59ilHr4xdCksDU=,HKSBjPaEipmR3kXwB8rWqot3XVw=
-124,88,rjzt8G+lvjeOZ59ilHr4xdCksDU=,HKSBjPaEipmR3kXwB8rWqot3XVw=
-125,85,rjzt8G+lvjeOZ59ilHr4xdCksDU=,HKSBjPaEipmR3kXwB8rWqot3XVw=
-118,85,rjzt8G+lvjeOZ59ilHr4xdCksDU=,HKSBjPaEipmR3kXwB8rWqot3XVw=
-124,84,rjzt8G+lvjeOZ59ilHr4xdCksDU=,HKSBjPaEipmR3kXwB8rWqot3XVw=
-126,84,rjzt8G+lvjeOZ59ilHr4xdCksDU=,HKSBjPaEipmR3kXwB8rWqot3XVw=
-117,84,rjzt8G+lvjeOZ59ilHr4xdCksDU=,HKSBjPaEipmR3kXwB8rWqot3XVw=
-123,84,rjzt8G+lvjeOZ59ilHr4xdCksDU=,HKSBjPaEipmR3kXwB8rWqot3XVw=
-115,86,rjzt8G+lvjeOZ59ilHr4xdCksDU=,HKSBjPaEipmR3kXwB8rWqot3XVw=
-119,88,rjzt8G+lvjeOZ59ilHr4xdCksDU=,HKSBjPaEipmR3kXwB8rWqot3XVw=
-127,85,rjzt8G+lvjeOZ59ilHr4xdCksDU=,HKSBjPaEipmR3kXwB8rWqot3XVw=
-117,86,rjzt8G+lvjeOZ59ilHr4xdCksDU=,HKSBjPaEipmR3kXwB8rWqot3XVw=
-125,89,rjzt8G+lvjeOZ59ilHr4xdCksDU=,HKSBjPaEipmR3kXwB8rWqot3XVw=
-122,84,rjzt8G+lvjeOZ59ilHr4xdCksDU=,HKSBjPaEipmR3kXwB8rWqot3XVw=
-113,90,rjzt8G+lvjeOZ59ilHr4xdCksDU=,HKSBjPaEipmR3kXwB8rWqot3XVw=
-120,84,rjzt8G+lvjeOZ59ilHr4xdCksDU=,HKSBjPaEipmR3kXwB8rWqot3XVw=
-119,91,rjzt8G+lvjeOZ59ilHr4xdCksDU=,HKSBjPaEipmR3kXwB8rWqot3XVw=
-118,84,rjzt8G+lvjeOZ59ilHr4xdCksDU=,HKSBjPaEipmR3kXwB8rWqot3XVw=
-125,84,rjzt8G+lvjeOZ59ilHr4xdCksDU=,HKSBjPaEipmR3kXwB8rWqot3XVw=
-117,92,rjzt8G+lvjeOZ59ilHr4xdCksDU=,HKSBjPaEipmR3kXwB8rWqot3XVw=
-122,94,rjzt8G+lvjeOZ59ilHr4xdCksDU=,HKSBjPaEipmR3kXwB8rWqot3XVw=
-125,87,rjzt8G+lvjeOZ59ilHr4xdCksDU=,HKSBjPaEipmR3kXwB8rWqot3XVw=
-123,88,rjzt8G+lvjeOZ59ilHr4xdCksDU=,HKSBjPaEipmR3kXwB8rWqot3XVw=
-115,91,rjzt8G+lvjeOZ59ilHr4xdCksDU=,HKSBjPaEipmR3kXwB8rWqot3XVw=
-121,84,rjzt8G+lvjeOZ59ilHr4xdCksDU=,HKSBjPaEipmR3kXwB8rWqot3XVw=
-121,91,rjzt8G+lvjeOZ59ilHr4xdCksDU=,HKSBjPaEipmR3kXwB8rWqot3XVw=
-120,91,rjzt8G+lvjeOZ59ilHr4xdCksDU=,HKSBjPaEipmR3kXwB8rWqot3XVw=
-112,81,tOV5+nFoJY8zTbFT9JbDkAwq/6g=,HKSBjPaEipmR3kXwB8rWqot3XVw=
-97,95,dHIvKMoXVroHA2mjgtY/gKWzheM=,HKSBjPaEipmR3kXwB8rWqot3XVw=
-98,80,dHIvKMoXVroHA2mjgtY/gKWzheM=,HKSBjPaEipmR3kXwB8rWqot3XVw=
-99,80,dHIvKMoXVroHA2mjgtY/gKWzheM=,HKSBjPaEipmR3kXwB8rWqot3XVw=
-97,80,dHIvKMoXVroHA2mjgtY/gKWzheM=,HKSBjPaEipmR3kXwB8rWqot3XVw=
-98,95,dHIvKMoXVroHA2mjgtY/gKWzheM=,HKSBjPaEipmR3kXwB8rWqot3XVw=
-100,80,dHIvKMoXVroHA2mjgtY/gKWzheM=,HKSBjPaEipmR3kXwB8rWqot3XVw=
-103,80,dHIvKMoXVroHA2mjgtY/gKWzheM=,HKSBjPaEipmR3kXwB8rWqot3XVw=
-108,80,dHIvKMoXVroHA2mjgtY/gKWzheM=,HKSBjPaEipmR3kXwB8rWqot3XVw=
-110,80,dHIvKMoXVroHA2mjgtY/gKWzheM=,HKSBjPaEipmR3kXwB8rWqot3XVw=
-109,80,dHIvKMoXVroHA2mjgtY/gKWzheM=,HKSBjPaEipmR3kXwB8rWqot3XVw=
-112,80,dHIvKMoXVroHA2mjgtY/gKWzheM=,HKSBjPaEipmR3kXwB8rWqot3XVw=
-111,80,dHIvKMoXVroHA2mjgtY/gKWzheM=,HKSBjPaEipmR3kXwB8rWqot3XVw=
-106,80,dHIvKMoXVroHA2mjgtY/gKWzheM=,HKSBjPaEipmR3kXwB8rWqot3XVw=
-100,95,dHIvKMoXVroHA2mjgtY/gKWzheM=,HKSBjPaEipmR3kXwB8rWqot3XVw=
-101,80,dHIvKMoXVroHA2mjgtY/gKWzheM=,HKSBjPaEipmR3kXwB8rWqot3XVw=
-105,80,dHIvKMoXVroHA2mjgtY/gKWzheM=,HKSBjPaEipmR3kXwB8rWqot3XVw=
-99,95,dHIvKMoXVroHA2mjgtY/gKWzheM=,HKSBjPaEipmR3kXwB8rWqot3XVw=
-101,95,dHIvKMoXVroHA2mjgtY/gKWzheM=,HKSBjPaEipmR3kXwB8rWqot3XVw=
-102,80,dHIvKMoXVroHA2mjgtY/gKWzheM=,HKSBjPaEipmR3kXwB8rWqot3XVw=
-104,95,dHIvKMoXVroHA2mjgtY/gKWzheM=,HKSBjPaEipmR3kXwB8rWqot3XVw=
-107,80,dHIvKMoXVroHA2mjgtY/gKWzheM=,HKSBjPaEipmR3kXwB8rWqot3XVw=
-104,80,dHIvKMoXVroHA2mjgtY/gKWzheM=,HKSBjPaEipmR3kXwB8rWqot3XVw=
-103,95,dHIvKMoXVroHA2mjgtY/gKWzheM=,HKSBjPaEipmR3kXwB8rWqot3XVw=
-102,95,dHIvKMoXVroHA2mjgtY/gKWzheM=,HKSBjPaEipmR3kXwB8rWqot3XVw=
-106,95,dHIvKMoXVroHA2mjgtY/gKWzheM=,HKSBjPaEipmR3kXwB8rWqot3XVw=
-105,95,dHIvKMoXVroHA2mjgtY/gKWzheM=,HKSBjPaEipmR3kXwB8rWqot3XVw=
-97,94,dHIvKMoXVroHA2mjgtY/gKWzheM=,HKSBjPaEipmR3kXwB8rWqot3XVw=
-107,95,dHIvKMoXVroHA2mjgtY/gKWzheM=,HKSBjPaEipmR3kXwB8rWqot3XVw=
-99,94,dHIvKMoXVroHA2mjgtY/gKWzheM=,HKSBjPaEipmR3kXwB8rWqot3XVw=
-98,94,dHIvKMoXVroHA2mjgtY/gKWzheM=,HKSBjPaEipmR3kXwB8rWqot3XVw=
-108,95,dHIvKMoXVroHA2mjgtY/gKWzheM=,HKSBjPaEipmR3kXwB8rWqot3XVw=
-101,94,dHIvKMoXVroHA2mjgtY/gKWzheM=,HKSBjPaEipmR3kXwB8rWqot3XVw=
-109,95,dHIvKMoXVroHA2mjgtY/gKWzheM=,HKSBjPaEipmR3kXwB8rWqot3XVw=
-110,95,dHIvKMoXVroHA2mjgtY/gKWzheM=,HKSBjPaEipmR3kXwB8rWqot3XVw=
-100,94,dHIvKMoXVroHA2mjgtY/gKWzheM=,HKSBjPaEipmR3kXwB8rWqot3XVw=
-111,95,dHIvKMoXVroHA2mjgtY/gKWzheM=,HKSBjPaEipmR3kXwB8rWqot3XVw=
-112,95,dHIvKMoXVroHA2mjgtY/gKWzheM=,HKSBjPaEipmR3kXwB8rWqot3XVw=
-107,94,dHIvKMoXVroHA2mjgtY/gKWzheM=,HKSBjPaEipmR3kXwB8rWqot3XVw=
-102,94,dHIvKMoXVroHA2mjgtY/gKWzheM=,HKSBjPaEipmR3kXwB8rWqot3XVw=
-106,94,dHIvKMoXVroHA2mjgtY/gKWzheM=,HKSBjPaEipmR3kXwB8rWqot3XVw=
-103,94,dHIvKMoXVroHA2mjgtY/gKWzheM=,HKSBjPaEipmR3kXwB8rWqot3XVw=
-105,94,dHIvKMoXVroHA2mjgtY/gKWzheM=,HKSBjPaEipmR3kXwB8rWqot3XVw=
-97,93,dHIvKMoXVroHA2mjgtY/gKWzheM=,HKSBjPaEipmR3kXwB8rWqot3XVw=
-104,94,dHIvKMoXVroHA2mjgtY/gKWzheM=,HKSBjPaEipmR3kXwB8rWqot3XVw=
-99,93,dHIvKMoXVroHA2mjgtY/gKWzheM=,HKSBjPaEipmR3kXwB8rWqot3XVw=
-108,94,dHIvKMoXVroHA2mjgtY/gKWzheM=,HKSBjPaEipmR3kXwB8rWqot3XVw=
-98,93,dHIvKMoXVroHA2mjgtY/gKWzheM=,HKSBjPaEipmR3kXwB8rWqot3XVw=
-100,93,dHIvKMoXVroHA2mjgtY/gKWzheM=,HKSBjPaEipmR3kXwB8rWqot3XVw=
-109,94,dHIvKMoXVroHA2mjgtY/gKWzheM=,HKSBjPaEipmR3kXwB8rWqot3XVw=
-111,94,dHIvKMoXVroHA2mjgtY/gKWzheM=,HKSBjPaEipmR3kXwB8rWqot3XVw=
-112,94,dHIvKMoXVroHA2mjgtY/gKWzheM=,HKSBjPaEipmR3kXwB8rWqot3XVw=
-101,93,dHIvKMoXVroHA2mjgtY/gKWzheM=,HKSBjPaEipmR3kXwB8rWqot3XVw=
-110,94,dHIvKMoXVroHA2mjgtY/gKWzheM=,HKSBjPaEipmR3kXwB8rWqot3XVw=
-102,93,dHIvKMoXVroHA2mjgtY/gKWzheM=,HKSBjPaEipmR3kXwB8rWqot3XVw=
-103,93,dHIvKMoXVroHA2mjgtY/gKWzheM=,HKSBjPaEipmR3kXwB8rWqot3XVw=
-104,93,dHIvKMoXVroHA2mjgtY/gKWzheM=,HKSBjPaEipmR3kXwB8rWqot3XVw=
-106,93,dHIvKMoXVroHA2mjgtY/gKWzheM=,HKSBjPaEipmR3kXwB8rWqot3XVw=
-107,93,dHIvKMoXVroHA2mjgtY/gKWzheM=,HKSBjPaEipmR3kXwB8rWqot3XVw=
-97,92,dHIvKMoXVroHA2mjgtY/gKWzheM=,HKSBjPaEipmR3kXwB8rWqot3XVw=
-98,92,dHIvKMoXVroHA2mjgtY/gKWzheM=,HKSBjPaEipmR3kXwB8rWqot3XVw=
-99,92,dHIvKMoXVroHA2mjgtY/gKWzheM=,HKSBjPaEipmR3kXwB8rWqot3XVw=
-105,93,dHIvKMoXVroHA2mjgtY/gKWzheM=,HKSBjPaEipmR3kXwB8rWqot3XVw=
-100,92,dHIvKMoXVroHA2mjgtY/gKWzheM=,HKSBjPaEipmR3kXwB8rWqot3XVw=
-108,93,dHIvKMoXVroHA2mjgtY/gKWzheM=,HKSBjPaEipmR3kXwB8rWqot3XVw=
-109,93,dHIvKMoXVroHA2mjgtY/gKWzheM=,HKSBjPaEipmR3kXwB8rWqot3XVw=
-111,93,dHIvKMoXVroHA2mjgtY/gKWzheM=,HKSBjPaEipmR3kXwB8rWqot3XVw=
-112,93,dHIvKMoXVroHA2mjgtY/gKWzheM=,HKSBjPaEipmR3kXwB8rWqot3XVw=
-102,92,dHIvKMoXVroHA2mjgtY/gKWzheM=,HKSBjPaEipmR3kXwB8rWqot3XVw=
-110,93,dHIvKMoXVroHA2mjgtY/gKWzheM=,HKSBjPaEipmR3kXwB8rWqot3XVw=
-107,92,dHIvKMoXVroHA2mjgtY/gKWzheM=,HKSBjPaEipmR3kXwB8rWqot3XVw=
-101,92,dHIvKMoXVroHA2mjgtY/gKWzheM=,HKSBjPaEipmR3kXwB8rWqot3XVw=
-103,92,dHIvKMoXVroHA2mjgtY/gKWzheM=,HKSBjPaEipmR3kXwB8rWqot3XVw=
-104,92,dHIvKMoXVroHA2mjgtY/gKWzheM=,HKSBjPaEipmR3kXwB8rWqot3XVw=
-108,92,dHIvKMoXVroHA2mjgtY/gKWzheM=,HKSBjPaEipmR3kXwB8rWqot3XVw=
-105,92,dHIvKMoXVroHA2mjgtY/gKWzheM=,HKSBjPaEipmR3kXwB8rWqot3XVw=
-106,92,dHIvKMoXVroHA2mjgtY/gKWzheM=,HKSBjPaEipmR3kXwB8rWqot3XVw=
-99,91,dHIvKMoXVroHA2mjgtY/gKWzheM=,HKSBjPaEipmR3kXwB8rWqot3XVw=
-97,91,dHIvKMoXVroHA2mjgtY/gKWzheM=,HKSBjPaEipmR3kXwB8rWqot3XVw=
-98,91,dHIvKMoXVroHA2mjgtY/gKWzheM=,HKSBjPaEipmR3kXwB8rWqot3XVw=
-100,91,dHIvKMoXVroHA2mjgtY/gKWzheM=,HKSBjPaEipmR3kXwB8rWqot3XVw=
-111,92,dHIvKMoXVroHA2mjgtY/gKWzheM=,HKSBjPaEipmR3kXwB8rWqot3XVw=
-110,92,dHIvKMoXVroHA2mjgtY/gKWzheM=,HKSBjPaEipmR3kXwB8rWqot3XVw=
-101,91,dHIvKMoXVroHA2mjgtY/gKWzheM=,HKSBjPaEipmR3kXwB8rWqot3XVw=
-112,92,dHIvKMoXVroHA2mjgtY/gKWzheM=,HKSBjPaEipmR3kXwB8rWqot3XVw=
-109,92,dHIvKMoXVroHA2mjgtY/gKWzheM=,HKSBjPaEipmR3kXwB8rWqot3XVw=
-107,91,dHIvKMoXVroHA2mjgtY/gKWzheM=,HKSBjPaEipmR3kXwB8rWqot3XVw=
-106,91,dHIvKMoXVroHA2mjgtY/gKWzheM=,HKSBjPaEipmR3kXwB8rWqot3XVw=
-102,91,dHIvKMoXVroHA2mjgtY/gKWzheM=,HKSBjPaEipmR3kXwB8rWqot3XVw=
-97,90,dHIvKMoXVroHA2mjgtY/gKWzheM=,HKSBjPaEipmR3kXwB8rWqot3XVw=
-108,91,dHIvKMoXVroHA2mjgtY/gKWzheM=,HKSBjPaEipmR3kXwB8rWqot3XVw=
-111,91,dHIvKMoXVroHA2mjgtY/gKWzheM=,HKSBjPaEipmR3kXwB8rWqot3XVw=
-109,91,dHIvKMoXVroHA2mjgtY/gKWzheM=,HKSBjPaEipmR3kXwB8rWqot3XVw=
-104,91,dHIvKMoXVroHA2mjgtY/gKWzheM=,HKSBjPaEipmR3kXwB8rWqot3XVw=
-100,90,dHIvKMoXVroHA2mjgtY/gKWzheM=,HKSBjPaEipmR3kXwB8rWqot3XVw=
-98,90,dHIvKMoXVroHA2mjgtY/gKWzheM=,HKSBjPaEipmR3kXwB8rWqot3XVw=
-105,91,dHIvKMoXVroHA2mjgtY/gKWzheM=,HKSBjPaEipmR3kXwB8rWqot3XVw=
-110,91,dHIvKMoXVroHA2mjgtY/gKWzheM=,HKSBjPaEipmR3kXwB8rWqot3XVw=
-99,90,dHIvKMoXVroHA2mjgtY/gKWzheM=,HKSBjPaEipmR3kXwB8rWqot3XVw=
-112,91,dHIvKMoXVroHA2mjgtY/gKWzheM=,HKSBjPaEipmR3kXwB8rWqot3XVw=
-103,90,dHIvKMoXVroHA2mjgtY/gKWzheM=,HKSBjPaEipmR3kXwB8rWqot3XVw=
-104,90,dHIvKMoXVroHA2mjgtY/gKWzheM=,HKSBjPaEipmR3kXwB8rWqot3XVw=
-101,90,dHIvKMoXVroHA2mjgtY/gKWzheM=,HKSBjPaEipmR3kXwB8rWqot3XVw=
-111,90,dHIvKMoXVroHA2mjgtY/gKWzheM=,HKSBjPaEipmR3kXwB8rWqot3XVw=
-109,90,dHIvKMoXVroHA2mjgtY/gKWzheM=,HKSBjPaEipmR3kXwB8rWqot3XVw=
-97,89,dHIvKMoXVroHA2mjgtY/gKWzheM=,HKSBjPaEipmR3kXwB8rWqot3XVw=
-98,89,dHIvKMoXVroHA2mjgtY/gKWzheM=,HKSBjPaEipmR3kXwB8rWqot3XVw=
-102,90,dHIvKMoXVroHA2mjgtY/gKWzheM=,HKSBjPaEipmR3kXwB8rWqot3XVw=
-106,90,dHIvKMoXVroHA2mjgtY/gKWzheM=,HKSBjPaEipmR3kXwB8rWqot3XVw=
-100,89,dHIvKMoXVroHA2mjgtY/gKWzheM=,HKSBjPaEipmR3kXwB8rWqot3XVw=
-99,89,dHIvKMoXVroHA2mjgtY/gKWzheM=,HKSBjPaEipmR3kXwB8rWqot3XVw=
-110,90,dHIvKMoXVroHA2mjgtY/gKWzheM=,HKSBjPaEipmR3kXwB8rWqot3XVw=
-105,90,dHIvKMoXVroHA2mjgtY/gKWzheM=,HKSBjPaEipmR3kXwB8rWqot3XVw=
-107,90,dHIvKMoXVroHA2mjgtY/gKWzheM=,HKSBjPaEipmR3kXwB8rWqot3XVw=
-103,89,dHIvKMoXVroHA2mjgtY/gKWzheM=,HKSBjPaEipmR3kXwB8rWqot3XVw=
-108,90,dHIvKMoXVroHA2mjgtY/gKWzheM=,HKSBjPaEipmR3kXwB8rWqot3XVw=
-104,89,dHIvKMoXVroHA2mjgtY/gKWzheM=,HKSBjPaEipmR3kXwB8rWqot3XVw=
-102,89,dHIvKMoXVroHA2mjgtY/gKWzheM=,HKSBjPaEipmR3kXwB8rWqot3XVw=
-110,89,dHIvKMoXVroHA2mjgtY/gKWzheM=,HKSBjPaEipmR3kXwB8rWqot3XVw=
-112,90,dHIvKMoXVroHA2mjgtY/gKWzheM=,HKSBjPaEipmR3kXwB8rWqot3XVw=
-111,89,dHIvKMoXVroHA2mjgtY/gKWzheM=,HKSBjPaEipmR3kXwB8rWqot3XVw=
-97,88,dHIvKMoXVroHA2mjgtY/gKWzheM=,HKSBjPaEipmR3kXwB8rWqot3XVw=
-101,89,dHIvKMoXVroHA2mjgtY/gKWzheM=,HKSBjPaEipmR3kXwB8rWqot3XVw=
-98,88,dHIvKMoXVroHA2mjgtY/gKWzheM=,HKSBjPaEipmR3kXwB8rWqot3XVw=
-99,88,dHIvKMoXVroHA2mjgtY/gKWzheM=,HKSBjPaEipmR3kXwB8rWqot3XVw=
-100,88,dHIvKMoXVroHA2mjgtY/gKWzheM=,HKSBjPaEipmR3kXwB8rWqot3XVw=
-105,89,dHIvKMoXVroHA2mjgtY/gKWzheM=,HKSBjPaEipmR3kXwB8rWqot3XVw=
-106,89,dHIvKMoXVroHA2mjgtY/gKWzheM=,HKSBjPaEipmR3kXwB8rWqot3XVw=
-103,88,dHIvKMoXVroHA2mjgtY/gKWzheM=,HKSBjPaEipmR3kXwB8rWqot3XVw=
-104,88,dHIvKMoXVroHA2mjgtY/gKWzheM=,HKSBjPaEipmR3kXwB8rWqot3XVw=
-109,89,dHIvKMoXVroHA2mjgtY/gKWzheM=,HKSBjPaEipmR3kXwB8rWqot3XVw=
-107,89,dHIvKMoXVroHA2mjgtY/gKWzheM=,HKSBjPaEipmR3kXwB8rWqot3XVw=
-102,88,dHIvKMoXVroHA2mjgtY/gKWzheM=,HKSBjPaEipmR3kXwB8rWqot3XVw=
-108,89,dHIvKMoXVroHA2mjgtY/gKWzheM=,HKSBjPaEipmR3kXwB8rWqot3XVw=
-110,88,dHIvKMoXVroHA2mjgtY/gKWzheM=,HKSBjPaEipmR3kXwB8rWqot3XVw=
-101,88,dHIvKMoXVroHA2mjgtY/gKWzheM=,HKSBjPaEipmR3kXwB8rWqot3XVw=
-112,88,dHIvKMoXVroHA2mjgtY/gKWzheM=,HKSBjPaEipmR3kXwB8rWqot3XVw=
-112,89,dHIvKMoXVroHA2mjgtY/gKWzheM=,HKSBjPaEipmR3kXwB8rWqot3XVw=
-97,87,dHIvKMoXVroHA2mjgtY/gKWzheM=,HKSBjPaEipmR3kXwB8rWqot3XVw=
-98,87,dHIvKMoXVroHA2mjgtY/gKWzheM=,HKSBjPaEipmR3kXwB8rWqot3XVw=
-99,87,dHIvKMoXVroHA2mjgtY/gKWzheM=,HKSBjPaEipmR3kXwB8rWqot3XVw=
-100,87,dHIvKMoXVroHA2mjgtY/gKWzheM=,HKSBjPaEipmR3kXwB8rWqot3XVw=
-105,88,dHIvKMoXVroHA2mjgtY/gKWzheM=,HKSBjPaEipmR3kXwB8rWqot3XVw=
-103,87,dHIvKMoXVroHA2mjgtY/gKWzheM=,HKSBjPaEipmR3kXwB8rWqot3XVw=
-102,87,dHIvKMoXVroHA2mjgtY/gKWzheM=,HKSBjPaEipmR3kXwB8rWqot3XVw=
-111,88,dHIvKMoXVroHA2mjgtY/gKWzheM=,HKSBjPaEipmR3kXwB8rWqot3XVw=
-101,87,dHIvKMoXVroHA2mjgtY/gKWzheM=,HKSBjPaEipmR3kXwB8rWqot3XVw=
-108,88,dHIvKMoXVroHA2mjgtY/gKWzheM=,HKSBjPaEipmR3kXwB8rWqot3XVw=
-106,88,dHIvKMoXVroHA2mjgtY/gKWzheM=,HKSBjPaEipmR3kXwB8rWqot3XVw=
-109,88,dHIvKMoXVroHA2mjgtY/gKWzheM=,HKSBjPaEipmR3kXwB8rWqot3XVw=
-112,87,dHIvKMoXVroHA2mjgtY/gKWzheM=,HKSBjPaEipmR3kXwB8rWqot3XVw=
-97,86,dHIvKMoXVroHA2mjgtY/gKWzheM=,HKSBjPaEipmR3kXwB8rWqot3XVw=
-98,86,dHIvKMoXVroHA2mjgtY/gKWzheM=,HKSBjPaEipmR3kXwB8rWqot3XVw=
-100,86,dHIvKMoXVroHA2mjgtY/gKWzheM=,HKSBjPaEipmR3kXwB8rWqot3XVw=
-99,86,dHIvKMoXVroHA2mjgtY/gKWzheM=,HKSBjPaEipmR3kXwB8rWqot3XVw=
-107,88,dHIvKMoXVroHA2mjgtY/gKWzheM=,HKSBjPaEipmR3kXwB8rWqot3XVw=
-103,86,dHIvKMoXVroHA2mjgtY/gKWzheM=,HKSBjPaEipmR3kXwB8rWqot3XVw=
-101,86,dHIvKMoXVroHA2mjgtY/gKWzheM=,HKSBjPaEipmR3kXwB8rWqot3XVw=
-106,87,dHIvKMoXVroHA2mjgtY/gKWzheM=,HKSBjPaEipmR3kXwB8rWqot3XVw=
-107,87,dHIvKMoXVroHA2mjgtY/gKWzheM=,HKSBjPaEipmR3kXwB8rWqot3XVw=
-104,86,dHIvKMoXVroHA2mjgtY/gKWzheM=,HKSBjPaEipmR3kXwB8rWqot3XVw=
-109,86,dHIvKMoXVroHA2mjgtY/gKWzheM=,HKSBjPaEipmR3kXwB8rWqot3XVw=
-110,86,dHIvKMoXVroHA2mjgtY/gKWzheM=,HKSBjPaEipmR3kXwB8rWqot3XVw=
-111,86,dHIvKMoXVroHA2mjgtY/gKWzheM=,HKSBjPaEipmR3kXwB8rWqot3XVw=
-112,86,dHIvKMoXVroHA2mjgtY/gKWzheM=,HKSBjPaEipmR3kXwB8rWqot3XVw=
-108,87,dHIvKMoXVroHA2mjgtY/gKWzheM=,HKSBjPaEipmR3kXwB8rWqot3XVw=
-98,85,dHIvKMoXVroHA2mjgtY/gKWzheM=,HKSBjPaEipmR3kXwB8rWqot3XVw=
-102,86,dHIvKMoXVroHA2mjgtY/gKWzheM=,HKSBjPaEipmR3kXwB8rWqot3XVw=
-99,85,dHIvKMoXVroHA2mjgtY/gKWzheM=,HKSBjPaEipmR3kXwB8rWqot3XVw=
-97,85,dHIvKMoXVroHA2mjgtY/gKWzheM=,HKSBjPaEipmR3kXwB8rWqot3XVw=
-102,85,dHIvKMoXVroHA2mjgtY/gKWzheM=,HKSBjPaEipmR3kXwB8rWqot3XVw=
-105,86,dHIvKMoXVroHA2mjgtY/gKWzheM=,HKSBjPaEipmR3kXwB8rWqot3XVw=
-100,85,dHIvKMoXVroHA2mjgtY/gKWzheM=,HKSBjPaEipmR3kXwB8rWqot3XVw=
-107,86,dHIvKMoXVroHA2mjgtY/gKWzheM=,HKSBjPaEipmR3kXwB8rWqot3XVw=
-107,85,dHIvKMoXVroHA2mjgtY/gKWzheM=,HKSBjPaEipmR3kXwB8rWqot3XVw=
-108,85,dHIvKMoXVroHA2mjgtY/gKWzheM=,HKSBjPaEipmR3kXwB8rWqot3XVw=
-109,85,dHIvKMoXVroHA2mjgtY/gKWzheM=,HKSBjPaEipmR3kXwB8rWqot3XVw=
-110,85,dHIvKMoXVroHA2mjgtY/gKWzheM=,HKSBjPaEipmR3kXwB8rWqot3XVw=
-112,85,dHIvKMoXVroHA2mjgtY/gKWzheM=,HKSBjPaEipmR3kXwB8rWqot3XVw=
-111,85,dHIvKMoXVroHA2mjgtY/gKWzheM=,HKSBjPaEipmR3kXwB8rWqot3XVw=
-103,85,dHIvKMoXVroHA2mjgtY/gKWzheM=,HKSBjPaEipmR3kXwB8rWqot3XVw=
-108,86,dHIvKMoXVroHA2mjgtY/gKWzheM=,HKSBjPaEipmR3kXwB8rWqot3XVw=
-106,86,dHIvKMoXVroHA2mjgtY/gKWzheM=,HKSBjPaEipmR3kXwB8rWqot3XVw=
-98,84,dHIvKMoXVroHA2mjgtY/gKWzheM=,HKSBjPaEipmR3kXwB8rWqot3XVw=
-104,85,dHIvKMoXVroHA2mjgtY/gKWzheM=,HKSBjPaEipmR3kXwB8rWqot3XVw=
-97,84,dHIvKMoXVroHA2mjgtY/gKWzheM=,HKSBjPaEipmR3kXwB8rWqot3XVw=
-99,84,dHIvKMoXVroHA2mjgtY/gKWzheM=,HKSBjPaEipmR3kXwB8rWqot3XVw=
-105,85,dHIvKMoXVroHA2mjgtY/gKWzheM=,HKSBjPaEipmR3kXwB8rWqot3XVw=
-100,84,dHIvKMoXVroHA2mjgtY/gKWzheM=,HKSBjPaEipmR3kXwB8rWqot3XVw=
-106,85,dHIvKMoXVroHA2mjgtY/gKWzheM=,HKSBjPaEipmR3kXwB8rWqot3XVw=
-101,84,dHIvKMoXVroHA2mjgtY/gKWzheM=,HKSBjPaEipmR3kXwB8rWqot3XVw=
-108,84,dHIvKMoXVroHA2mjgtY/gKWzheM=,HKSBjPaEipmR3kXwB8rWqot3XVw=
-109,84,dHIvKMoXVroHA2mjgtY/gKWzheM=,HKSBjPaEipmR3kXwB8rWqot3XVw=
-110,84,dHIvKMoXVroHA2mjgtY/gKWzheM=,HKSBjPaEipmR3kXwB8rWqot3XVw=
-111,84,dHIvKMoXVroHA2mjgtY/gKWzheM=,HKSBjPaEipmR3kXwB8rWqot3XVw=
-112,84,dHIvKMoXVroHA2mjgtY/gKWzheM=,HKSBjPaEipmR3kXwB8rWqot3XVw=
-110,87,dHIvKMoXVroHA2mjgtY/gKWzheM=,HKSBjPaEipmR3kXwB8rWqot3XVw=
-102,84,dHIvKMoXVroHA2mjgtY/gKWzheM=,HKSBjPaEipmR3kXwB8rWqot3XVw=
-103,84,dHIvKMoXVroHA2mjgtY/gKWzheM=,HKSBjPaEipmR3kXwB8rWqot3XVw=
-105,84,dHIvKMoXVroHA2mjgtY/gKWzheM=,HKSBjPaEipmR3kXwB8rWqot3XVw=
-98,83,dHIvKMoXVroHA2mjgtY/gKWzheM=,HKSBjPaEipmR3kXwB8rWqot3XVw=
-104,84,dHIvKMoXVroHA2mjgtY/gKWzheM=,HKSBjPaEipmR3kXwB8rWqot3XVw=
-100,83,dHIvKMoXVroHA2mjgtY/gKWzheM=,HKSBjPaEipmR3kXwB8rWqot3XVw=
-107,84,dHIvKMoXVroHA2mjgtY/gKWzheM=,HKSBjPaEipmR3kXwB8rWqot3XVw=
-107,83,dHIvKMoXVroHA2mjgtY/gKWzheM=,HKSBjPaEipmR3kXwB8rWqot3XVw=
-108,83,dHIvKMoXVroHA2mjgtY/gKWzheM=,HKSBjPaEipmR3kXwB8rWqot3XVw=
-109,83,dHIvKMoXVroHA2mjgtY/gKWzheM=,HKSBjPaEipmR3kXwB8rWqot3XVw=
-110,83,dHIvKMoXVroHA2mjgtY/gKWzheM=,HKSBjPaEipmR3kXwB8rWqot3XVw=
-111,83,dHIvKMoXVroHA2mjgtY/gKWzheM=,HKSBjPaEipmR3kXwB8rWqot3XVw=
-112,83,dHIvKMoXVroHA2mjgtY/gKWzheM=,HKSBjPaEipmR3kXwB8rWqot3XVw=
-98,82,dHIvKMoXVroHA2mjgtY/gKWzheM=,HKSBjPaEipmR3kXwB8rWqot3XVw=
-99,83,dHIvKMoXVroHA2mjgtY/gKWzheM=,HKSBjPaEipmR3kXwB8rWqot3XVw=
-97,82,dHIvKMoXVroHA2mjgtY/gKWzheM=,HKSBjPaEipmR3kXwB8rWqot3XVw=
-99,82,dHIvKMoXVroHA2mjgtY/gKWzheM=,HKSBjPaEipmR3kXwB8rWqot3XVw=
-101,83,dHIvKMoXVroHA2mjgtY/gKWzheM=,HKSBjPaEipmR3kXwB8rWqot3XVw=
-102,83,dHIvKMoXVroHA2mjgtY/gKWzheM=,HKSBjPaEipmR3kXwB8rWqot3XVw=
-103,83,dHIvKMoXVroHA2mjgtY/gKWzheM=,HKSBjPaEipmR3kXwB8rWqot3XVw=
-105,83,dHIvKMoXVroHA2mjgtY/gKWzheM=,HKSBjPaEipmR3kXwB8rWqot3XVw=
-101,82,dHIvKMoXVroHA2mjgtY/gKWzheM=,HKSBjPaEipmR3kXwB8rWqot3XVw=
-106,83,dHIvKMoXVroHA2mjgtY/gKWzheM=,HKSBjPaEipmR3kXwB8rWqot3XVw=
-108,82,dHIvKMoXVroHA2mjgtY/gKWzheM=,HKSBjPaEipmR3kXwB8rWqot3XVw=
-100,82,dHIvKMoXVroHA2mjgtY/gKWzheM=,HKSBjPaEipmR3kXwB8rWqot3XVw=
-109,82,dHIvKMoXVroHA2mjgtY/gKWzheM=,HKSBjPaEipmR3kXwB8rWqot3XVw=
-110,82,dHIvKMoXVroHA2mjgtY/gKWzheM=,HKSBjPaEipmR3kXwB8rWqot3XVw=
-111,82,dHIvKMoXVroHA2mjgtY/gKWzheM=,HKSBjPaEipmR3kXwB8rWqot3XVw=
-112,82,dHIvKMoXVroHA2mjgtY/gKWzheM=,HKSBjPaEipmR3kXwB8rWqot3XVw=
-97,81,dHIvKMoXVroHA2mjgtY/gKWzheM=,HKSBjPaEipmR3kXwB8rWqot3XVw=
-99,81,dHIvKMoXVroHA2mjgtY/gKWzheM=,HKSBjPaEipmR3kXwB8rWqot3XVw=
-98,81,dHIvKMoXVroHA2mjgtY/gKWzheM=,HKSBjPaEipmR3kXwB8rWqot3XVw=
-103,82,dHIvKMoXVroHA2mjgtY/gKWzheM=,HKSBjPaEipmR3kXwB8rWqot3XVw=
-102,82,dHIvKMoXVroHA2mjgtY/gKWzheM=,HKSBjPaEipmR3kXwB8rWqot3XVw=
-104,82,dHIvKMoXVroHA2mjgtY/gKWzheM=,HKSBjPaEipmR3kXwB8rWqot3XVw=
-101,81,dHIvKMoXVroHA2mjgtY/gKWzheM=,HKSBjPaEipmR3kXwB8rWqot3XVw=
-100,81,dHIvKMoXVroHA2mjgtY/gKWzheM=,HKSBjPaEipmR3kXwB8rWqot3XVw=
-106,82,dHIvKMoXVroHA2mjgtY/gKWzheM=,HKSBjPaEipmR3kXwB8rWqot3XVw=
-107,82,dHIvKMoXVroHA2mjgtY/gKWzheM=,HKSBjPaEipmR3kXwB8rWqot3XVw=
-102,81,dHIvKMoXVroHA2mjgtY/gKWzheM=,HKSBjPaEipmR3kXwB8rWqot3XVw=
-103,81,dHIvKMoXVroHA2mjgtY/gKWzheM=,HKSBjPaEipmR3kXwB8rWqot3XVw=
-109,81,dHIvKMoXVroHA2mjgtY/gKWzheM=,HKSBjPaEipmR3kXwB8rWqot3XVw=
-110,81,dHIvKMoXVroHA2mjgtY/gKWzheM=,HKSBjPaEipmR3kXwB8rWqot3XVw=
-111,81,dHIvKMoXVroHA2mjgtY/gKWzheM=,HKSBjPaEipmR3kXwB8rWqot3XVw=
-105,81,dHIvKMoXVroHA2mjgtY/gKWzheM=,HKSBjPaEipmR3kXwB8rWqot3XVw=
-109,87,dHIvKMoXVroHA2mjgtY/gKWzheM=,HKSBjPaEipmR3kXwB8rWqot3XVw=
-97,83,dHIvKMoXVroHA2mjgtY/gKWzheM=,HKSBjPaEipmR3kXwB8rWqot3XVw=
-105,82,dHIvKMoXVroHA2mjgtY/gKWzheM=,HKSBjPaEipmR3kXwB8rWqot3XVw=
-106,81,dHIvKMoXVroHA2mjgtY/gKWzheM=,HKSBjPaEipmR3kXwB8rWqot3XVw=
-106,84,dHIvKMoXVroHA2mjgtY/gKWzheM=,HKSBjPaEipmR3kXwB8rWqot3XVw=
-105,87,dHIvKMoXVroHA2mjgtY/gKWzheM=,HKSBjPaEipmR3kXwB8rWqot3XVw=
-111,87,dHIvKMoXVroHA2mjgtY/gKWzheM=,HKSBjPaEipmR3kXwB8rWqot3XVw=
-101,85,dHIvKMoXVroHA2mjgtY/gKWzheM=,HKSBjPaEipmR3kXwB8rWqot3XVw=
-108,81,dHIvKMoXVroHA2mjgtY/gKWzheM=,HKSBjPaEipmR3kXwB8rWqot3XVw=
-107,81,dHIvKMoXVroHA2mjgtY/gKWzheM=,HKSBjPaEipmR3kXwB8rWqot3XVw=
-104,81,dHIvKMoXVroHA2mjgtY/gKWzheM=,HKSBjPaEipmR3kXwB8rWqot3XVw=
-104,83,dHIvKMoXVroHA2mjgtY/gKWzheM=,HKSBjPaEipmR3kXwB8rWqot3XVw=
-103,91,dHIvKMoXVroHA2mjgtY/gKWzheM=,HKSBjPaEipmR3kXwB8rWqot3XVw=
-104,87,dHIvKMoXVroHA2mjgtY/gKWzheM=,HKSBjPaEipmR3kXwB8rWqot3XVw=
