15,-31,bca3BTazIhl+FK7IBCl8brQq3DQ=,jsD74d8OAwMhxvTol/ojfANWzMY=
15,-32,bca3BTazIhl+FK7IBCl8brQq3DQ=,jsD74d8OAwMhxvTol/ojfANWzMY=
14,-17,bca3BTazIhl+FK7IBCl8brQq3DQ=,jsD74d8OAwMhxvTol/ojfANWzMY=
15,-17,bca3BTazIhl+FK7IBCl8brQq3DQ=,jsD74d8OAwMhxvTol/ojfANWzMY=
13,-17,bca3BTazIhl+FK7IBCl8brQq3DQ=,jsD74d8OAwMhxvTol/ojfANWzMY=
9,-17,bca3BTazIhl+FK7IBCl8brQq3DQ=,jsD74d8OAwMhxvTol/ojfANWzMY=
8,-17,bca3BTazIhl+FK7IBCl8brQq3DQ=,jsD74d8OAwMhxvTol/ojfANWzMY=
0,-32,bca3BTazIhl+FK7IBCl8brQq3DQ=,jsD74d8OAwMhxvTol/ojfANWzMY=
5,-17,bca3BTazIhl+FK7IBCl8brQq3DQ=,jsD74d8OAwMhxvTol/ojfANWzMY=
7,-17,bca3BTazIhl+FK7IBCl8brQq3DQ=,jsD74d8OAwMhxvTol/ojfANWzMY=
10,-17,bca3BTazIhl+FK7IBCl8brQq3DQ=,jsD74d8OAwMhxvTol/ojfANWzMY=
12,-17,bca3BTazIhl+FK7IBCl8brQq3DQ=,jsD74d8OAwMhxvTol/ojfANWzMY=
14,-32,bca3BTazIhl+FK7IBCl8brQq3DQ=,jsD74d8OAwMhxvTol/ojfANWzMY=
6,-17,bca3BTazIhl+FK7IBCl8brQq3DQ=,jsD74d8OAwMhxvTol/ojfANWzMY=
4,-17,bca3BTazIhl+FK7IBCl8brQq3DQ=,jsD74d8OAwMhxvTol/ojfANWzMY=
11,-17,bca3BTazIhl+FK7IBCl8brQq3DQ=,jsD74d8OAwMhxvTol/ojfANWzMY=
14,-31,bca3BTazIhl+FK7IBCl8brQq3DQ=,jsD74d8OAwMhxvTol/ojfANWzMY=
13,-32,bca3BTazIhl+FK7IBCl8brQq3DQ=,jsD74d8OAwMhxvTol/ojfANWzMY=
9,-32,bca3BTazIhl+FK7IBCl8brQq3DQ=,jsD74d8OAwMhxvTol/ojfANWzMY=
2,-17,bca3BTazIhl+FK7IBCl8brQq3DQ=,jsD74d8OAwMhxvTol/ojfANWzMY=
6,-32,bca3BTazIhl+FK7IBCl8brQq3DQ=,jsD74d8OAwMhxvTol/ojfANWzMY=
1,-17,bca3BTazIhl+FK7IBCl8brQq3DQ=,jsD74d8OAwMhxvTol/ojfANWzMY=
12,-32,bca3BTazIhl+FK7IBCl8brQq3DQ=,jsD74d8OAwMhxvTol/ojfANWzMY=
3,-17,bca3BTazIhl+FK7IBCl8brQq3DQ=,jsD74d8OAwMhxvTol/ojfANWzMY=
7,-32,bca3BTazIhl+FK7IBCl8brQq3DQ=,jsD74d8OAwMhxvTol/ojfANWzMY=
2,-32,bca3BTazIhl+FK7IBCl8brQq3DQ=,jsD74d8OAwMhxvTol/ojfANWzMY=
1,-32,bca3BTazIhl+FK7IBCl8brQq3DQ=,jsD74d8OAwMhxvTol/ojfANWzMY=
3,-32,bca3BTazIhl+FK7IBCl8brQq3DQ=,jsD74d8OAwMhxvTol/ojfANWzMY=
5,-32,bca3BTazIhl+FK7IBCl8brQq3DQ=,jsD74d8OAwMhxvTol/ojfANWzMY=
11,-32,bca3BTazIhl+FK7IBCl8brQq3DQ=,jsD74d8OAwMhxvTol/ojfANWzMY=
15,-18,bca3BTazIhl+FK7IBCl8brQq3DQ=,jsD74d8OAwMhxvTol/ojfANWzMY=
4,-32,bca3BTazIhl+FK7IBCl8brQq3DQ=,jsD74d8OAwMhxvTol/ojfANWzMY=
14,-18,bca3BTazIhl+FK7IBCl8brQq3DQ=,jsD74d8OAwMhxvTol/ojfANWzMY=
13,-18,bca3BTazIhl+FK7IBCl8brQq3DQ=,jsD74d8OAwMhxvTol/ojfANWzMY=
10,-32,bca3BTazIhl+FK7IBCl8brQq3DQ=,jsD74d8OAwMhxvTol/ojfANWzMY=
8,-32,bca3BTazIhl+FK7IBCl8brQq3DQ=,jsD74d8OAwMhxvTol/ojfANWzMY=
8,-18,bca3BTazIhl+FK7IBCl8brQq3DQ=,jsD74d8OAwMhxvTol/ojfANWzMY=
10,-18,bca3BTazIhl+FK7IBCl8brQq3DQ=,jsD74d8OAwMhxvTol/ojfANWzMY=
9,-18,bca3BTazIhl+FK7IBCl8brQq3DQ=,jsD74d8OAwMhxvTol/ojfANWzMY=
12,-18,bca3BTazIhl+FK7IBCl8brQq3DQ=,jsD74d8OAwMhxvTol/ojfANWzMY=
11,-18,bca3BTazIhl+FK7IBCl8brQq3DQ=,jsD74d8OAwMhxvTol/ojfANWzMY=
7,-18,bca3BTazIhl+FK7IBCl8brQq3DQ=,jsD74d8OAwMhxvTol/ojfANWzMY=
6,-18,bca3BTazIhl+FK7IBCl8brQq3DQ=,jsD74d8OAwMhxvTol/ojfANWzMY=
15,-19,bca3BTazIhl+FK7IBCl8brQq3DQ=,jsD74d8OAwMhxvTol/ojfANWzMY=
5,-18,bca3BTazIhl+FK7IBCl8brQq3DQ=,jsD74d8OAwMhxvTol/ojfANWzMY=
13,-31,bca3BTazIhl+FK7IBCl8brQq3DQ=,jsD74d8OAwMhxvTol/ojfANWzMY=
14,-19,bca3BTazIhl+FK7IBCl8brQq3DQ=,jsD74d8OAwMhxvTol/ojfANWzMY=
0,-17,bca3BTazIhl+FK7IBCl8brQq3DQ=,jsD74d8OAwMhxvTol/ojfANWzMY=
13,-19,bca3BTazIhl+FK7IBCl8brQq3DQ=,jsD74d8OAwMhxvTol/ojfANWzMY=
12,-19,bca3BTazIhl+FK7IBCl8brQq3DQ=,jsD74d8OAwMhxvTol/ojfANWzMY=
11,-19,bca3BTazIhl+FK7IBCl8brQq3DQ=,jsD74d8OAwMhxvTol/ojfANWzMY=
4,-18,bca3BTazIhl+FK7IBCl8brQq3DQ=,jsD74d8OAwMhxvTol/ojfANWzMY=
9,-19,bca3BTazIhl+FK7IBCl8brQq3DQ=,jsD74d8OAwMhxvTol/ojfANWzMY=
1,-18,bca3BTazIhl+FK7IBCl8brQq3DQ=,jsD74d8OAwMhxvTol/ojfANWzMY=
0,-18,bca3BTazIhl+FK7IBCl8brQq3DQ=,jsD74d8OAwMhxvTol/ojfANWzMY=
10,-19,bca3BTazIhl+FK7IBCl8brQq3DQ=,jsD74d8OAwMhxvTol/ojfANWzMY=
2,-18,bca3BTazIhl+FK7IBCl8brQq3DQ=,jsD74d8OAwMhxvTol/ojfANWzMY=
8,-19,bca3BTazIhl+FK7IBCl8brQq3DQ=,jsD74d8OAwMhxvTol/ojfANWzMY=
12,-31,bca3BTazIhl+FK7IBCl8brQq3DQ=,jsD74d8OAwMhxvTol/ojfANWzMY=
5,-19,bca3BTazIhl+FK7IBCl8brQq3DQ=,jsD74d8OAwMhxvTol/ojfANWzMY=
3,-18,bca3BTazIhl+FK7IBCl8brQq3DQ=,jsD74d8OAwMhxvTol/ojfANWzMY=
7,-19,bca3BTazIhl+FK7IBCl8brQq3DQ=,jsD74d8OAwMhxvTol/ojfANWzMY=
6,-19,bca3BTazIhl+FK7IBCl8brQq3DQ=,jsD74d8OAwMhxvTol/ojfANWzMY=
15,-20,bca3BTazIhl+FK7IBCl8brQq3DQ=,jsD74d8OAwMhxvTol/ojfANWzMY=
14,-20,bca3BTazIhl+FK7IBCl8brQq3DQ=,jsD74d8OAwMhxvTol/ojfANWzMY=
4,-19,bca3BTazIhl+FK7IBCl8brQq3DQ=,jsD74d8OAwMhxvTol/ojfANWzMY=
3,-19,bca3BTazIhl+FK7IBCl8brQq3DQ=,jsD74d8OAwMhxvTol/ojfANWzMY=
13,-20,bca3BTazIhl+FK7IBCl8brQq3DQ=,jsD74d8OAwMhxvTol/ojfANWzMY=
12,-20,bca3BTazIhl+FK7IBCl8brQq3DQ=,jsD74d8OAwMhxvTol/ojfANWzMY=
9,-20,bca3BTazIhl+FK7IBCl8brQq3DQ=,jsD74d8OAwMhxvTol/ojfANWzMY=
11,-20,bca3BTazIhl+FK7IBCl8brQq3DQ=,jsD74d8OAwMhxvTol/ojfANWzMY=
10,-20,bca3BTazIhl+FK7IBCl8brQq3DQ=,jsD74d8OAwMhxvTol/ojfANWzMY=
11,-31,bca3BTazIhl+FK7IBCl8brQq3DQ=,jsD74d8OAwMhxvTol/ojfANWzMY=
8,-20,bca3BTazIhl+FK7IBCl8brQq3DQ=,jsD74d8OAwMhxvTol/ojfANWzMY=
0,-19,bca3BTazIhl+FK7IBCl8brQq3DQ=,jsD74d8OAwMhxvTol/ojfANWzMY=
1,-19,bca3BTazIhl+FK7IBCl8brQq3DQ=,jsD74d8OAwMhxvTol/ojfANWzMY=
4,-20,bca3BTazIhl+FK7IBCl8brQq3DQ=,jsD74d8OAwMhxvTol/ojfANWzMY=
2,-19,bca3BTazIhl+FK7IBCl8brQq3DQ=,jsD74d8OAwMhxvTol/ojfANWzMY=
5,-20,bca3BTazIhl+FK7IBCl8brQq3DQ=,jsD74d8OAwMhxvTol/ojfANWzMY=
6,-20,bca3BTazIhl+FK7IBCl8brQq3DQ=,jsD74d8OAwMhxvTol/ojfANWzMY=
7,-20,bca3BTazIhl+FK7IBCl8brQq3DQ=,jsD74d8OAwMhxvTol/ojfANWzMY=
14,-21,bca3BTazIhl+FK7IBCl8brQq3DQ=,jsD74d8OAwMhxvTol/ojfANWzMY=
13,-21,bca3BTazIhl+FK7IBCl8brQq3DQ=,jsD74d8OAwMhxvTol/ojfANWzMY=
12,-21,bca3BTazIhl+FK7IBCl8brQq3DQ=,jsD74d8OAwMhxvTol/ojfANWzMY=
10,-31,bca3BTazIhl+FK7IBCl8brQq3DQ=,jsD74d8OAwMhxvTol/ojfANWzMY=
15,-21,bca3BTazIhl+FK7IBCl8brQq3DQ=,jsD74d8OAwMhxvTol/ojfANWzMY=
11,-21,bca3BTazIhl+FK7IBCl8brQq3DQ=,jsD74d8OAwMhxvTol/ojfANWzMY=
10,-21,bca3BTazIhl+FK7IBCl8brQq3DQ=,jsD74d8OAwMhxvTol/ojfANWzMY=
9,-21,bca3BTazIhl+FK7IBCl8brQq3DQ=,jsD74d8OAwMhxvTol/ojfANWzMY=
8,-21,bca3BTazIhl+FK7IBCl8brQq3DQ=,jsD74d8OAwMhxvTol/ojfANWzMY=
3,-20,bca3BTazIhl+FK7IBCl8brQq3DQ=,jsD74d8OAwMhxvTol/ojfANWzMY=
0,-20,bca3BTazIhl+FK7IBCl8brQq3DQ=,jsD74d8OAwMhxvTol/ojfANWzMY=
1,-20,bca3BTazIhl+FK7IBCl8brQq3DQ=,jsD74d8OAwMhxvTol/ojfANWzMY=
4,-21,bca3BTazIhl+FK7IBCl8brQq3DQ=,jsD74d8OAwMhxvTol/ojfANWzMY=
3,-21,bca3BTazIhl+FK7IBCl8brQq3DQ=,jsD74d8OAwMhxvTol/ojfANWzMY=
2,-20,bca3BTazIhl+FK7IBCl8brQq3DQ=,jsD74d8OAwMhxvTol/ojfANWzMY=
7,-21,bca3BTazIhl+FK7IBCl8brQq3DQ=,jsD74d8OAwMhxvTol/ojfANWzMY=
0,-21,bca3BTazIhl+FK7IBCl8brQq3DQ=,jsD74d8OAwMhxvTol/ojfANWzMY=
6,-21,bca3BTazIhl+FK7IBCl8brQq3DQ=,jsD74d8OAwMhxvTol/ojfANWzMY=
5,-21,bca3BTazIhl+FK7IBCl8brQq3DQ=,jsD74d8OAwMhxvTol/ojfANWzMY=
13,-22,bca3BTazIhl+FK7IBCl8brQq3DQ=,jsD74d8OAwMhxvTol/ojfANWzMY=
9,-31,bca3BTazIhl+FK7IBCl8brQq3DQ=,jsD74d8OAwMhxvTol/ojfANWzMY=
10,-22,bca3BTazIhl+FK7IBCl8brQq3DQ=,jsD74d8OAwMhxvTol/ojfANWzMY=
9,-22,bca3BTazIhl+FK7IBCl8brQq3DQ=,jsD74d8OAwMhxvTol/ojfANWzMY=
14,-22,bca3BTazIhl+FK7IBCl8brQq3DQ=,jsD74d8OAwMhxvTol/ojfANWzMY=
8,-22,bca3BTazIhl+FK7IBCl8brQq3DQ=,jsD74d8OAwMhxvTol/ojfANWzMY=
11,-22,bca3BTazIhl+FK7IBCl8brQq3DQ=,jsD74d8OAwMhxvTol/ojfANWzMY=
12,-22,bca3BTazIhl+FK7IBCl8brQq3DQ=,jsD74d8OAwMhxvTol/ojfANWzMY=
2,-21,bca3BTazIhl+FK7IBCl8brQq3DQ=,jsD74d8OAwMhxvTol/ojfANWzMY=
1,-21,bca3BTazIhl+FK7IBCl8brQq3DQ=,jsD74d8OAwMhxvTol/ojfANWzMY=
3,-22,bca3BTazIhl+FK7IBCl8brQq3DQ=,jsD74d8OAwMhxvTol/ojfANWzMY=
4,-22,bca3BTazIhl+FK7IBCl8brQq3DQ=,jsD74d8OAwMhxvTol/ojfANWzMY=
2,-22,bca3BTazIhl+FK7IBCl8brQq3DQ=,jsD74d8OAwMhxvTol/ojfANWzMY=
5,-22,bca3BTazIhl+FK7IBCl8brQq3DQ=,jsD74d8OAwMhxvTol/ojfANWzMY=
15,-22,bca3BTazIhl+FK7IBCl8brQq3DQ=,jsD74d8OAwMhxvTol/ojfANWzMY=
8,-31,bca3BTazIhl+FK7IBCl8brQq3DQ=,jsD74d8OAwMhxvTol/ojfANWzMY=
13,-23,bca3BTazIhl+FK7IBCl8brQq3DQ=,jsD74d8OAwMhxvTol/ojfANWzMY=
7,-22,bca3BTazIhl+FK7IBCl8brQq3DQ=,jsD74d8OAwMhxvTol/ojfANWzMY=
1,-22,bca3BTazIhl+FK7IBCl8brQq3DQ=,jsD74d8OAwMhxvTol/ojfANWzMY=
10,-23,bca3BTazIhl+FK7IBCl8brQq3DQ=,jsD74d8OAwMhxvTol/ojfANWzMY=
9,-23,bca3BTazIhl+FK7IBCl8brQq3DQ=,jsD74d8OAwMhxvTol/ojfANWzMY=
8,-23,bca3BTazIhl+FK7IBCl8brQq3DQ=,jsD74d8OAwMhxvTol/ojfANWzMY=
11,-23,bca3BTazIhl+FK7IBCl8brQq3DQ=,jsD74d8OAwMhxvTol/ojfANWzMY=
7,-31,bca3BTazIhl+FK7IBCl8brQq3DQ=,jsD74d8OAwMhxvTol/ojfANWzMY=
12,-23,bca3BTazIhl+FK7IBCl8brQq3DQ=,jsD74d8OAwMhxvTol/ojfANWzMY=
7,-23,bca3BTazIhl+FK7IBCl8brQq3DQ=,jsD74d8OAwMhxvTol/ojfANWzMY=
0,-22,bca3BTazIhl+FK7IBCl8brQq3DQ=,jsD74d8OAwMhxvTol/ojfANWzMY=
14,-23,bca3BTazIhl+FK7IBCl8brQq3DQ=,jsD74d8OAwMhxvTol/ojfANWzMY=
6,-22,bca3BTazIhl+FK7IBCl8brQq3DQ=,jsD74d8OAwMhxvTol/ojfANWzMY=
2,-23,bca3BTazIhl+FK7IBCl8brQq3DQ=,jsD74d8OAwMhxvTol/ojfANWzMY=
1,-23,bca3BTazIhl+FK7IBCl8brQq3DQ=,jsD74d8OAwMhxvTol/ojfANWzMY=
15,-23,bca3BTazIhl+FK7IBCl8brQq3DQ=,jsD74d8OAwMhxvTol/ojfANWzMY=
3,-23,bca3BTazIhl+FK7IBCl8brQq3DQ=,jsD74d8OAwMhxvTol/ojfANWzMY=
13,-24,bca3BTazIhl+FK7IBCl8brQq3DQ=,jsD74d8OAwMhxvTol/ojfANWzMY=
5,-23,bca3BTazIhl+FK7IBCl8brQq3DQ=,jsD74d8OAwMhxvTol/ojfANWzMY=
12,-24,bca3BTazIhl+FK7IBCl8brQq3DQ=,jsD74d8OAwMhxvTol/ojfANWzMY=
0,-23,bca3BTazIhl+FK7IBCl8brQq3DQ=,jsD74d8OAwMhxvTol/ojfANWzMY=
11,-24,bca3BTazIhl+FK7IBCl8brQq3DQ=,jsD74d8OAwMhxvTol/ojfANWzMY=
10,-24,bca3BTazIhl+FK7IBCl8brQq3DQ=,jsD74d8OAwMhxvTol/ojfANWzMY=
6,-31,bca3BTazIhl+FK7IBCl8brQq3DQ=,jsD74d8OAwMhxvTol/ojfANWzMY=
4,-23,bca3BTazIhl+FK7IBCl8brQq3DQ=,jsD74d8OAwMhxvTol/ojfANWzMY=
8,-24,bca3BTazIhl+FK7IBCl8brQq3DQ=,jsD74d8OAwMhxvTol/ojfANWzMY=
9,-24,bca3BTazIhl+FK7IBCl8brQq3DQ=,jsD74d8OAwMhxvTol/ojfANWzMY=
6,-23,bca3BTazIhl+FK7IBCl8brQq3DQ=,jsD74d8OAwMhxvTol/ojfANWzMY=
14,-24,bca3BTazIhl+FK7IBCl8brQq3DQ=,jsD74d8OAwMhxvTol/ojfANWzMY=
7,-24,bca3BTazIhl+FK7IBCl8brQq3DQ=,jsD74d8OAwMhxvTol/ojfANWzMY=
1,-24,bca3BTazIhl+FK7IBCl8brQq3DQ=,jsD74d8OAwMhxvTol/ojfANWzMY=
2,-24,bca3BTazIhl+FK7IBCl8brQq3DQ=,jsD74d8OAwMhxvTol/ojfANWzMY=
0,-24,bca3BTazIhl+FK7IBCl8brQq3DQ=,jsD74d8OAwMhxvTol/ojfANWzMY=
14,-25,bca3BTazIhl+FK7IBCl8brQq3DQ=,jsD74d8OAwMhxvTol/ojfANWzMY=
3,-24,bca3BTazIhl+FK7IBCl8brQq3DQ=,jsD74d8OAwMhxvTol/ojfANWzMY=
13,-25,bca3BTazIhl+FK7IBCl8brQq3DQ=,jsD74d8OAwMhxvTol/ojfANWzMY=
12,-25,bca3BTazIhl+FK7IBCl8brQq3DQ=,jsD74d8OAwMhxvTol/ojfANWzMY=
10,-25,bca3BTazIhl+FK7IBCl8brQq3DQ=,jsD74d8OAwMhxvTol/ojfANWzMY=
15,-24,bca3BTazIhl+FK7IBCl8brQq3DQ=,jsD74d8OAwMhxvTol/ojfANWzMY=
5,-31,bca3BTazIhl+FK7IBCl8brQq3DQ=,jsD74d8OAwMhxvTol/ojfANWzMY=
11,-25,bca3BTazIhl+FK7IBCl8brQq3DQ=,jsD74d8OAwMhxvTol/ojfANWzMY=
8,-25,bca3BTazIhl+FK7IBCl8brQq3DQ=,jsD74d8OAwMhxvTol/ojfANWzMY=
4,-24,bca3BTazIhl+FK7IBCl8brQq3DQ=,jsD74d8OAwMhxvTol/ojfANWzMY=
5,-24,bca3BTazIhl+FK7IBCl8brQq3DQ=,jsD74d8OAwMhxvTol/ojfANWzMY=
9,-25,bca3BTazIhl+FK7IBCl8brQq3DQ=,jsD74d8OAwMhxvTol/ojfANWzMY=
4,-25,bca3BTazIhl+FK7IBCl8brQq3DQ=,jsD74d8OAwMhxvTol/ojfANWzMY=
3,-25,bca3BTazIhl+FK7IBCl8brQq3DQ=,jsD74d8OAwMhxvTol/ojfANWzMY=
7,-25,bca3BTazIhl+FK7IBCl8brQq3DQ=,jsD74d8OAwMhxvTol/ojfANWzMY=
2,-25,bca3BTazIhl+FK7IBCl8brQq3DQ=,jsD74d8OAwMhxvTol/ojfANWzMY=
1,-25,bca3BTazIhl+FK7IBCl8brQq3DQ=,jsD74d8OAwMhxvTol/ojfANWzMY=
6,-24,bca3BTazIhl+FK7IBCl8brQq3DQ=,jsD74d8OAwMhxvTol/ojfANWzMY=
5,-25,bca3BTazIhl+FK7IBCl8brQq3DQ=,jsD74d8OAwMhxvTol/ojfANWzMY=
12,-26,bca3BTazIhl+FK7IBCl8brQq3DQ=,jsD74d8OAwMhxvTol/ojfANWzMY=
6,-25,bca3BTazIhl+FK7IBCl8brQq3DQ=,jsD74d8OAwMhxvTol/ojfANWzMY=
10,-26,bca3BTazIhl+FK7IBCl8brQq3DQ=,jsD74d8OAwMhxvTol/ojfANWzMY=
11,-26,bca3BTazIhl+FK7IBCl8brQq3DQ=,jsD74d8OAwMhxvTol/ojfANWzMY=
4,-31,bca3BTazIhl+FK7IBCl8brQq3DQ=,jsD74d8OAwMhxvTol/ojfANWzMY=
0,-25,bca3BTazIhl+FK7IBCl8brQq3DQ=,jsD74d8OAwMhxvTol/ojfANWzMY=
13,-26,bca3BTazIhl+FK7IBCl8brQq3DQ=,jsD74d8OAwMhxvTol/ojfANWzMY=
6,-26,bca3BTazIhl+FK7IBCl8brQq3DQ=,jsD74d8OAwMhxvTol/ojfANWzMY=
5,-26,bca3BTazIhl+FK7IBCl8brQq3DQ=,jsD74d8OAwMhxvTol/ojfANWzMY=
4,-26,bca3BTazIhl+FK7IBCl8brQq3DQ=,jsD74d8OAwMhxvTol/ojfANWzMY=
14,-26,bca3BTazIhl+FK7IBCl8brQq3DQ=,jsD74d8OAwMhxvTol/ojfANWzMY=
3,-26,bca3BTazIhl+FK7IBCl8brQq3DQ=,jsD74d8OAwMhxvTol/ojfANWzMY=
2,-26,bca3BTazIhl+FK7IBCl8brQq3DQ=,jsD74d8OAwMhxvTol/ojfANWzMY=
1,-26,bca3BTazIhl+FK7IBCl8brQq3DQ=,jsD74d8OAwMhxvTol/ojfANWzMY=
7,-26,bca3BTazIhl+FK7IBCl8brQq3DQ=,jsD74d8OAwMhxvTol/ojfANWzMY=
0,-26,bca3BTazIhl+FK7IBCl8brQq3DQ=,jsD74d8OAwMhxvTol/ojfANWzMY=
15,-26,bca3BTazIhl+FK7IBCl8brQq3DQ=,jsD74d8OAwMhxvTol/ojfANWzMY=
9,-26,bca3BTazIhl+FK7IBCl8brQq3DQ=,jsD74d8OAwMhxvTol/ojfANWzMY=
8,-26,bca3BTazIhl+FK7IBCl8brQq3DQ=,jsD74d8OAwMhxvTol/ojfANWzMY=
3,-31,bca3BTazIhl+FK7IBCl8brQq3DQ=,jsD74d8OAwMhxvTol/ojfANWzMY=
15,-27,bca3BTazIhl+FK7IBCl8brQq3DQ=,jsD74d8OAwMhxvTol/ojfANWzMY=
12,-27,bca3BTazIhl+FK7IBCl8brQq3DQ=,jsD74d8OAwMhxvTol/ojfANWzMY=
9,-27,bca3BTazIhl+FK7IBCl8brQq3DQ=,jsD74d8OAwMhxvTol/ojfANWzMY=
10,-27,bca3BTazIhl+FK7IBCl8brQq3DQ=,jsD74d8OAwMhxvTol/ojfANWzMY=
7,-27,bca3BTazIhl+FK7IBCl8brQq3DQ=,jsD74d8OAwMhxvTol/ojfANWzMY=
11,-27,bca3BTazIhl+FK7IBCl8brQq3DQ=,jsD74d8OAwMhxvTol/ojfANWzMY=
6,-27,bca3BTazIhl+FK7IBCl8brQq3DQ=,jsD74d8OAwMhxvTol/ojfANWzMY=
3,-27,bca3BTazIhl+FK7IBCl8brQq3DQ=,jsD74d8OAwMhxvTol/ojfANWzMY=
5,-27,bca3BTazIhl+FK7IBCl8brQq3DQ=,jsD74d8OAwMhxvTol/ojfANWzMY=
2,-27,bca3BTazIhl+FK7IBCl8brQq3DQ=,jsD74d8OAwMhxvTol/ojfANWzMY=
4,-27,bca3BTazIhl+FK7IBCl8brQq3DQ=,jsD74d8OAwMhxvTol/ojfANWzMY=
1,-27,bca3BTazIhl+FK7IBCl8brQq3DQ=,jsD74d8OAwMhxvTol/ojfANWzMY=
0,-27,bca3BTazIhl+FK7IBCl8brQq3DQ=,jsD74d8OAwMhxvTol/ojfANWzMY=
13,-27,bca3BTazIhl+FK7IBCl8brQq3DQ=,jsD74d8OAwMhxvTol/ojfANWzMY=
8,-27,bca3BTazIhl+FK7IBCl8brQq3DQ=,jsD74d8OAwMhxvTol/ojfANWzMY=
15,-28,bca3BTazIhl+FK7IBCl8brQq3DQ=,jsD74d8OAwMhxvTol/ojfANWzMY=
2,-31,bca3BTazIhl+FK7IBCl8brQq3DQ=,jsD74d8OAwMhxvTol/ojfANWzMY=
14,-27,bca3BTazIhl+FK7IBCl8brQq3DQ=,jsD74d8OAwMhxvTol/ojfANWzMY=
11,-28,bca3BTazIhl+FK7IBCl8brQq3DQ=,jsD74d8OAwMhxvTol/ojfANWzMY=
14,-28,bca3BTazIhl+FK7IBCl8brQq3DQ=,jsD74d8OAwMhxvTol/ojfANWzMY=
7,-28,bca3BTazIhl+FK7IBCl8brQq3DQ=,jsD74d8OAwMhxvTol/ojfANWzMY=
10,-28,bca3BTazIhl+FK7IBCl8brQq3DQ=,jsD74d8OAwMhxvTol/ojfANWzMY=
8,-28,bca3BTazIhl+FK7IBCl8brQq3DQ=,jsD74d8OAwMhxvTol/ojfANWzMY=
6,-28,bca3BTazIhl+FK7IBCl8brQq3DQ=,jsD74d8OAwMhxvTol/ojfANWzMY=
4,-28,bca3BTazIhl+FK7IBCl8brQq3DQ=,jsD74d8OAwMhxvTol/ojfANWzMY=
3,-28,bca3BTazIhl+FK7IBCl8brQq3DQ=,jsD74d8OAwMhxvTol/ojfANWzMY=
2,-28,bca3BTazIhl+FK7IBCl8brQq3DQ=,jsD74d8OAwMhxvTol/ojfANWzMY=
1,-28,bca3BTazIhl+FK7IBCl8brQq3DQ=,jsD74d8OAwMhxvTol/ojfANWzMY=
12,-28,bca3BTazIhl+FK7IBCl8brQq3DQ=,jsD74d8OAwMhxvTol/ojfANWzMY=
0,-28,bca3BTazIhl+FK7IBCl8brQq3DQ=,jsD74d8OAwMhxvTol/ojfANWzMY=
13,-28,bca3BTazIhl+FK7IBCl8brQq3DQ=,jsD74d8OAwMhxvTol/ojfANWzMY=
5,-28,bca3BTazIhl+FK7IBCl8brQq3DQ=,jsD74d8OAwMhxvTol/ojfANWzMY=
9,-28,bca3BTazIhl+FK7IBCl8brQq3DQ=,jsD74d8OAwMhxvTol/ojfANWzMY=
15,-29,bca3BTazIhl+FK7IBCl8brQq3DQ=,jsD74d8OAwMhxvTol/ojfANWzMY=
1,-31,bca3BTazIhl+FK7IBCl8brQq3DQ=,jsD74d8OAwMhxvTol/ojfANWzMY=
14,-29,bca3BTazIhl+FK7IBCl8brQq3DQ=,jsD74d8OAwMhxvTol/ojfANWzMY=
8,-29,bca3BTazIhl+FK7IBCl8brQq3DQ=,jsD74d8OAwMhxvTol/ojfANWzMY=
11,-29,bca3BTazIhl+FK7IBCl8brQq3DQ=,jsD74d8OAwMhxvTol/ojfANWzMY=
7,-29,bca3BTazIhl+FK7IBCl8brQq3DQ=,jsD74d8OAwMhxvTol/ojfANWzMY=
5,-29,bca3BTazIhl+FK7IBCl8brQq3DQ=,jsD74d8OAwMhxvTol/ojfANWzMY=
4,-29,bca3BTazIhl+FK7IBCl8brQq3DQ=,jsD74d8OAwMhxvTol/ojfANWzMY=
3,-29,bca3BTazIhl+FK7IBCl8brQq3DQ=,jsD74d8OAwMhxvTol/ojfANWzMY=
6,-29,bca3BTazIhl+FK7IBCl8brQq3DQ=,jsD74d8OAwMhxvTol/ojfANWzMY=
2,-29,bca3BTazIhl+FK7IBCl8brQq3DQ=,jsD74d8OAwMhxvTol/ojfANWzMY=
1,-29,bca3BTazIhl+FK7IBCl8brQq3DQ=,jsD74d8OAwMhxvTol/ojfANWzMY=
0,-29,bca3BTazIhl+FK7IBCl8brQq3DQ=,jsD74d8OAwMhxvTol/ojfANWzMY=
12,-29,bca3BTazIhl+FK7IBCl8brQq3DQ=,jsD74d8OAwMhxvTol/ojfANWzMY=
10,-29,bca3BTazIhl+FK7IBCl8brQq3DQ=,jsD74d8OAwMhxvTol/ojfANWzMY=
15,-30,bca3BTazIhl+FK7IBCl8brQq3DQ=,jsD74d8OAwMhxvTol/ojfANWzMY=
0,-31,bca3BTazIhl+FK7IBCl8brQq3DQ=,jsD74d8OAwMhxvTol/ojfANWzMY=
14,-30,bca3BTazIhl+FK7IBCl8brQq3DQ=,jsD74d8OAwMhxvTol/ojfANWzMY=
13,-29,bca3BTazIhl+FK7IBCl8brQq3DQ=,jsD74d8OAwMhxvTol/ojfANWzMY=
9,-29,bca3BTazIhl+FK7IBCl8brQq3DQ=,jsD74d8OAwMhxvTol/ojfANWzMY=
8,-30,bca3BTazIhl+FK7IBCl8brQq3DQ=,jsD74d8OAwMhxvTol/ojfANWzMY=
7,-30,bca3BTazIhl+FK7IBCl8brQq3DQ=,jsD74d8OAwMhxvTol/ojfANWzMY=
13,-30,bca3BTazIhl+FK7IBCl8brQq3DQ=,jsD74d8OAwMhxvTol/ojfANWzMY=
6,-30,bca3BTazIhl+FK7IBCl8brQq3DQ=,jsD74d8OAwMhxvTol/ojfANWzMY=
5,-30,bca3BTazIhl+FK7IBCl8brQq3DQ=,jsD74d8OAwMhxvTol/ojfANWzMY=
4,-30,bca3BTazIhl+FK7IBCl8brQq3DQ=,jsD74d8OAwMhxvTol/ojfANWzMY=
2,-30,bca3BTazIhl+FK7IBCl8brQq3DQ=,jsD74d8OAwMhxvTol/ojfANWzMY=
3,-30,bca3BTazIhl+FK7IBCl8brQq3DQ=,jsD74d8OAwMhxvTol/ojfANWzMY=
9,-30,bca3BTazIhl+FK7IBCl8brQq3DQ=,jsD74d8OAwMhxvTol/ojfANWzMY=
1,-30,bca3BTazIhl+FK7IBCl8brQq3DQ=,jsD74d8OAwMhxvTol/ojfANWzMY=
0,-30,bca3BTazIhl+FK7IBCl8brQq3DQ=,jsD74d8OAwMhxvTol/ojfANWzMY=
10,-30,bca3BTazIhl+FK7IBCl8brQq3DQ=,jsD74d8OAwMhxvTol/ojfANWzMY=
11,-30,bca3BTazIhl+FK7IBCl8brQq3DQ=,jsD74d8OAwMhxvTol/ojfANWzMY=
15,-25,bca3BTazIhl+FK7IBCl8brQq3DQ=,jsD74d8OAwMhxvTol/ojfANWzMY=
12,-30,bca3BTazIhl+FK7IBCl8brQq3DQ=,jsD74d8OAwMhxvTol/ojfANWzMY=
31,-17,RXQugEBnpPkQ3y3afWAeYiRodbM=,jsD74d8OAwMhxvTol/ojfANWzMY=
30,-17,RXQugEBnpPkQ3y3afWAeYiRodbM=,jsD74d8OAwMhxvTol/ojfANWzMY=
29,-17,RXQugEBnpPkQ3y3afWAeYiRodbM=,jsD74d8OAwMhxvTol/ojfANWzMY=
24,-17,RXQugEBnpPkQ3y3afWAeYiRodbM=,jsD74d8OAwMhxvTol/ojfANWzMY=
26,-17,RXQugEBnpPkQ3y3afWAeYiRodbM=,jsD74d8OAwMhxvTol/ojfANWzMY=
25,-17,RXQugEBnpPkQ3y3afWAeYiRodbM=,jsD74d8OAwMhxvTol/ojfANWzMY=
22,-17,RXQugEBnpPkQ3y3afWAeYiRodbM=,jsD74d8OAwMhxvTol/ojfANWzMY=
23,-17,RXQugEBnpPkQ3y3afWAeYiRodbM=,jsD74d8OAwMhxvTol/ojfANWzMY=
20,-17,RXQugEBnpPkQ3y3afWAeYiRodbM=,jsD74d8OAwMhxvTol/ojfANWzMY=
18,-17,RXQugEBnpPkQ3y3afWAeYiRodbM=,jsD74d8OAwMhxvTol/ojfANWzMY=
21,-17,RXQugEBnpPkQ3y3afWAeYiRodbM=,jsD74d8OAwMhxvTol/ojfANWzMY=
16,-32,RXQugEBnpPkQ3y3afWAeYiRodbM=,jsD74d8OAwMhxvTol/ojfANWzMY=
17,-17,RXQugEBnpPkQ3y3afWAeYiRodbM=,jsD74d8OAwMhxvTol/ojfANWzMY=
16,-31,RXQugEBnpPkQ3y3afWAeYiRodbM=,jsD74d8OAwMhxvTol/ojfANWzMY=
30,-18,RXQugEBnpPkQ3y3afWAeYiRodbM=,jsD74d8OAwMhxvTol/ojfANWzMY=
31,-18,RXQugEBnpPkQ3y3afWAeYiRodbM=,jsD74d8OAwMhxvTol/ojfANWzMY=
17,-31,RXQugEBnpPkQ3y3afWAeYiRodbM=,jsD74d8OAwMhxvTol/ojfANWzMY=
27,-17,RXQugEBnpPkQ3y3afWAeYiRodbM=,jsD74d8OAwMhxvTol/ojfANWzMY=
16,-17,RXQugEBnpPkQ3y3afWAeYiRodbM=,jsD74d8OAwMhxvTol/ojfANWzMY=
29,-18,RXQugEBnpPkQ3y3afWAeYiRodbM=,jsD74d8OAwMhxvTol/ojfANWzMY=
28,-18,RXQugEBnpPkQ3y3afWAeYiRodbM=,jsD74d8OAwMhxvTol/ojfANWzMY=
27,-18,RXQugEBnpPkQ3y3afWAeYiRodbM=,jsD74d8OAwMhxvTol/ojfANWzMY=
26,-18,RXQugEBnpPkQ3y3afWAeYiRodbM=,jsD74d8OAwMhxvTol/ojfANWzMY=
18,-31,RXQugEBnpPkQ3y3afWAeYiRodbM=,jsD74d8OAwMhxvTol/ojfANWzMY=
22,-18,RXQugEBnpPkQ3y3afWAeYiRodbM=,jsD74d8OAwMhxvTol/ojfANWzMY=
20,-18,RXQugEBnpPkQ3y3afWAeYiRodbM=,jsD74d8OAwMhxvTol/ojfANWzMY=
19,-18,RXQugEBnpPkQ3y3afWAeYiRodbM=,jsD74d8OAwMhxvTol/ojfANWzMY=
20,-31,RXQugEBnpPkQ3y3afWAeYiRodbM=,jsD74d8OAwMhxvTol/ojfANWzMY=
19,-17,RXQugEBnpPkQ3y3afWAeYiRodbM=,jsD74d8OAwMhxvTol/ojfANWzMY=
18,-18,RXQugEBnpPkQ3y3afWAeYiRodbM=,jsD74d8OAwMhxvTol/ojfANWzMY=
30,-19,RXQugEBnpPkQ3y3afWAeYiRodbM=,jsD74d8OAwMhxvTol/ojfANWzMY=
16,-18,RXQugEBnpPkQ3y3afWAeYiRodbM=,jsD74d8OAwMhxvTol/ojfANWzMY=
31,-19,RXQugEBnpPkQ3y3afWAeYiRodbM=,jsD74d8OAwMhxvTol/ojfANWzMY=
29,-19,RXQugEBnpPkQ3y3afWAeYiRodbM=,jsD74d8OAwMhxvTol/ojfANWzMY=
25,-18,RXQugEBnpPkQ3y3afWAeYiRodbM=,jsD74d8OAwMhxvTol/ojfANWzMY=
21,-31,RXQugEBnpPkQ3y3afWAeYiRodbM=,jsD74d8OAwMhxvTol/ojfANWzMY=
28,-19,RXQugEBnpPkQ3y3afWAeYiRodbM=,jsD74d8OAwMhxvTol/ojfANWzMY=
22,-31,RXQugEBnpPkQ3y3afWAeYiRodbM=,jsD74d8OAwMhxvTol/ojfANWzMY=
19,-31,RXQugEBnpPkQ3y3afWAeYiRodbM=,jsD74d8OAwMhxvTol/ojfANWzMY=
27,-19,RXQugEBnpPkQ3y3afWAeYiRodbM=,jsD74d8OAwMhxvTol/ojfANWzMY=
26,-19,RXQugEBnpPkQ3y3afWAeYiRodbM=,jsD74d8OAwMhxvTol/ojfANWzMY=
25,-19,RXQugEBnpPkQ3y3afWAeYiRodbM=,jsD74d8OAwMhxvTol/ojfANWzMY=
23,-18,RXQugEBnpPkQ3y3afWAeYiRodbM=,jsD74d8OAwMhxvTol/ojfANWzMY=
22,-19,RXQugEBnpPkQ3y3afWAeYiRodbM=,jsD74d8OAwMhxvTol/ojfANWzMY=
24,-19,RXQugEBnpPkQ3y3afWAeYiRodbM=,jsD74d8OAwMhxvTol/ojfANWzMY=
21,-19,RXQugEBnpPkQ3y3afWAeYiRodbM=,jsD74d8OAwMhxvTol/ojfANWzMY=
23,-19,RXQugEBnpPkQ3y3afWAeYiRodbM=,jsD74d8OAwMhxvTol/ojfANWzMY=
20,-19,RXQugEBnpPkQ3y3afWAeYiRodbM=,jsD74d8OAwMhxvTol/ojfANWzMY=
17,-18,RXQugEBnpPkQ3y3afWAeYiRodbM=,jsD74d8OAwMhxvTol/ojfANWzMY=
19,-19,RXQugEBnpPkQ3y3afWAeYiRodbM=,jsD74d8OAwMhxvTol/ojfANWzMY=
18,-19,RXQugEBnpPkQ3y3afWAeYiRodbM=,jsD74d8OAwMhxvTol/ojfANWzMY=
16,-19,RXQugEBnpPkQ3y3afWAeYiRodbM=,jsD74d8OAwMhxvTol/ojfANWzMY=
23,-31,RXQugEBnpPkQ3y3afWAeYiRodbM=,jsD74d8OAwMhxvTol/ojfANWzMY=
24,-18,RXQugEBnpPkQ3y3afWAeYiRodbM=,jsD74d8OAwMhxvTol/ojfANWzMY=
31,-32,RXQugEBnpPkQ3y3afWAeYiRodbM=,jsD74d8OAwMhxvTol/ojfANWzMY=
17,-19,RXQugEBnpPkQ3y3afWAeYiRodbM=,jsD74d8OAwMhxvTol/ojfANWzMY=
29,-20,RXQugEBnpPkQ3y3afWAeYiRodbM=,jsD74d8OAwMhxvTol/ojfANWzMY=
28,-20,RXQugEBnpPkQ3y3afWAeYiRodbM=,jsD74d8OAwMhxvTol/ojfANWzMY=
27,-20,RXQugEBnpPkQ3y3afWAeYiRodbM=,jsD74d8OAwMhxvTol/ojfANWzMY=
25,-20,RXQugEBnpPkQ3y3afWAeYiRodbM=,jsD74d8OAwMhxvTol/ojfANWzMY=
24,-20,RXQugEBnpPkQ3y3afWAeYiRodbM=,jsD74d8OAwMhxvTol/ojfANWzMY=
30,-32,RXQugEBnpPkQ3y3afWAeYiRodbM=,jsD74d8OAwMhxvTol/ojfANWzMY=
30,-20,RXQugEBnpPkQ3y3afWAeYiRodbM=,jsD74d8OAwMhxvTol/ojfANWzMY=
23,-20,RXQugEBnpPkQ3y3afWAeYiRodbM=,jsD74d8OAwMhxvTol/ojfANWzMY=
22,-20,RXQugEBnpPkQ3y3afWAeYiRodbM=,jsD74d8OAwMhxvTol/ojfANWzMY=
20,-20,RXQugEBnpPkQ3y3afWAeYiRodbM=,jsD74d8OAwMhxvTol/ojfANWzMY=
19,-20,RXQugEBnpPkQ3y3afWAeYiRodbM=,jsD74d8OAwMhxvTol/ojfANWzMY=
26,-20,RXQugEBnpPkQ3y3afWAeYiRodbM=,jsD74d8OAwMhxvTol/ojfANWzMY=
18,-20,RXQugEBnpPkQ3y3afWAeYiRodbM=,jsD74d8OAwMhxvTol/ojfANWzMY=
17,-20,RXQugEBnpPkQ3y3afWAeYiRodbM=,jsD74d8OAwMhxvTol/ojfANWzMY=
28,-32,RXQugEBnpPkQ3y3afWAeYiRodbM=,jsD74d8OAwMhxvTol/ojfANWzMY=
16,-20,RXQugEBnpPkQ3y3afWAeYiRodbM=,jsD74d8OAwMhxvTol/ojfANWzMY=
21,-20,RXQugEBnpPkQ3y3afWAeYiRodbM=,jsD74d8OAwMhxvTol/ojfANWzMY=
31,-20,RXQugEBnpPkQ3y3afWAeYiRodbM=,jsD74d8OAwMhxvTol/ojfANWzMY=
29,-32,RXQugEBnpPkQ3y3afWAeYiRodbM=,jsD74d8OAwMhxvTol/ojfANWzMY=
28,-21,RXQugEBnpPkQ3y3afWAeYiRodbM=,jsD74d8OAwMhxvTol/ojfANWzMY=
29,-21,RXQugEBnpPkQ3y3afWAeYiRodbM=,jsD74d8OAwMhxvTol/ojfANWzMY=
27,-21,RXQugEBnpPkQ3y3afWAeYiRodbM=,jsD74d8OAwMhxvTol/ojfANWzMY=
23,-21,RXQugEBnpPkQ3y3afWAeYiRodbM=,jsD74d8OAwMhxvTol/ojfANWzMY=
22,-21,RXQugEBnpPkQ3y3afWAeYiRodbM=,jsD74d8OAwMhxvTol/ojfANWzMY=
25,-21,RXQugEBnpPkQ3y3afWAeYiRodbM=,jsD74d8OAwMhxvTol/ojfANWzMY=
24,-31,RXQugEBnpPkQ3y3afWAeYiRodbM=,jsD74d8OAwMhxvTol/ojfANWzMY=
20,-21,RXQugEBnpPkQ3y3afWAeYiRodbM=,jsD74d8OAwMhxvTol/ojfANWzMY=
19,-21,RXQugEBnpPkQ3y3afWAeYiRodbM=,jsD74d8OAwMhxvTol/ojfANWzMY=
21,-21,RXQugEBnpPkQ3y3afWAeYiRodbM=,jsD74d8OAwMhxvTol/ojfANWzMY=
24,-21,RXQugEBnpPkQ3y3afWAeYiRodbM=,jsD74d8OAwMhxvTol/ojfANWzMY=
26,-21,RXQugEBnpPkQ3y3afWAeYiRodbM=,jsD74d8OAwMhxvTol/ojfANWzMY=
27,-32,RXQugEBnpPkQ3y3afWAeYiRodbM=,jsD74d8OAwMhxvTol/ojfANWzMY=
30,-21,RXQugEBnpPkQ3y3afWAeYiRodbM=,jsD74d8OAwMhxvTol/ojfANWzMY=
31,-21,RXQugEBnpPkQ3y3afWAeYiRodbM=,jsD74d8OAwMhxvTol/ojfANWzMY=
25,-31,RXQugEBnpPkQ3y3afWAeYiRodbM=,jsD74d8OAwMhxvTol/ojfANWzMY=
18,-21,RXQugEBnpPkQ3y3afWAeYiRodbM=,jsD74d8OAwMhxvTol/ojfANWzMY=
26,-31,RXQugEBnpPkQ3y3afWAeYiRodbM=,jsD74d8OAwMhxvTol/ojfANWzMY=
27,-31,RXQugEBnpPkQ3y3afWAeYiRodbM=,jsD74d8OAwMhxvTol/ojfANWzMY=
16,-21,RXQugEBnpPkQ3y3afWAeYiRodbM=,jsD74d8OAwMhxvTol/ojfANWzMY=
27,-22,RXQugEBnpPkQ3y3afWAeYiRodbM=,jsD74d8OAwMhxvTol/ojfANWzMY=
26,-22,RXQugEBnpPkQ3y3afWAeYiRodbM=,jsD74d8OAwMhxvTol/ojfANWzMY=
28,-31,RXQugEBnpPkQ3y3afWAeYiRodbM=,jsD74d8OAwMhxvTol/ojfANWzMY=
25,-22,RXQugEBnpPkQ3y3afWAeYiRodbM=,jsD74d8OAwMhxvTol/ojfANWzMY=
28,-22,RXQugEBnpPkQ3y3afWAeYiRodbM=,jsD74d8OAwMhxvTol/ojfANWzMY=
17,-21,RXQugEBnpPkQ3y3afWAeYiRodbM=,jsD74d8OAwMhxvTol/ojfANWzMY=
24,-22,RXQugEBnpPkQ3y3afWAeYiRodbM=,jsD74d8OAwMhxvTol/ojfANWzMY=
31,-22,RXQugEBnpPkQ3y3afWAeYiRodbM=,jsD74d8OAwMhxvTol/ojfANWzMY=
20,-22,RXQugEBnpPkQ3y3afWAeYiRodbM=,jsD74d8OAwMhxvTol/ojfANWzMY=
19,-22,RXQugEBnpPkQ3y3afWAeYiRodbM=,jsD74d8OAwMhxvTol/ojfANWzMY=
21,-22,RXQugEBnpPkQ3y3afWAeYiRodbM=,jsD74d8OAwMhxvTol/ojfANWzMY=
29,-22,RXQugEBnpPkQ3y3afWAeYiRodbM=,jsD74d8OAwMhxvTol/ojfANWzMY=
30,-22,RXQugEBnpPkQ3y3afWAeYiRodbM=,jsD74d8OAwMhxvTol/ojfANWzMY=
23,-22,RXQugEBnpPkQ3y3afWAeYiRodbM=,jsD74d8OAwMhxvTol/ojfANWzMY=
26,-32,RXQugEBnpPkQ3y3afWAeYiRodbM=,jsD74d8OAwMhxvTol/ojfANWzMY=
29,-31,RXQugEBnpPkQ3y3afWAeYiRodbM=,jsD74d8OAwMhxvTol/ojfANWzMY=
17,-32,RXQugEBnpPkQ3y3afWAeYiRodbM=,jsD74d8OAwMhxvTol/ojfANWzMY=
30,-23,RXQugEBnpPkQ3y3afWAeYiRodbM=,jsD74d8OAwMhxvTol/ojfANWzMY=
18,-22,RXQugEBnpPkQ3y3afWAeYiRodbM=,jsD74d8OAwMhxvTol/ojfANWzMY=
22,-22,RXQugEBnpPkQ3y3afWAeYiRodbM=,jsD74d8OAwMhxvTol/ojfANWzMY=
30,-31,RXQugEBnpPkQ3y3afWAeYiRodbM=,jsD74d8OAwMhxvTol/ojfANWzMY=
31,-23,RXQugEBnpPkQ3y3afWAeYiRodbM=,jsD74d8OAwMhxvTol/ojfANWzMY=
17,-22,RXQugEBnpPkQ3y3afWAeYiRodbM=,jsD74d8OAwMhxvTol/ojfANWzMY=
29,-23,RXQugEBnpPkQ3y3afWAeYiRodbM=,jsD74d8OAwMhxvTol/ojfANWzMY=
16,-22,RXQugEBnpPkQ3y3afWAeYiRodbM=,jsD74d8OAwMhxvTol/ojfANWzMY=
24,-23,RXQugEBnpPkQ3y3afWAeYiRodbM=,jsD74d8OAwMhxvTol/ojfANWzMY=
26,-23,RXQugEBnpPkQ3y3afWAeYiRodbM=,jsD74d8OAwMhxvTol/ojfANWzMY=
25,-23,RXQugEBnpPkQ3y3afWAeYiRodbM=,jsD74d8OAwMhxvTol/ojfANWzMY=
27,-23,RXQugEBnpPkQ3y3afWAeYiRodbM=,jsD74d8OAwMhxvTol/ojfANWzMY=
28,-23,RXQugEBnpPkQ3y3afWAeYiRodbM=,jsD74d8OAwMhxvTol/ojfANWzMY=
18,-23,RXQugEBnpPkQ3y3afWAeYiRodbM=,jsD74d8OAwMhxvTol/ojfANWzMY=
31,-31,RXQugEBnpPkQ3y3afWAeYiRodbM=,jsD74d8OAwMhxvTol/ojfANWzMY=
18,-32,RXQugEBnpPkQ3y3afWAeYiRodbM=,jsD74d8OAwMhxvTol/ojfANWzMY=
16,-30,RXQugEBnpPkQ3y3afWAeYiRodbM=,jsD74d8OAwMhxvTol/ojfANWzMY=
19,-23,RXQugEBnpPkQ3y3afWAeYiRodbM=,jsD74d8OAwMhxvTol/ojfANWzMY=
23,-23,RXQugEBnpPkQ3y3afWAeYiRodbM=,jsD74d8OAwMhxvTol/ojfANWzMY=
17,-30,RXQugEBnpPkQ3y3afWAeYiRodbM=,jsD74d8OAwMhxvTol/ojfANWzMY=
25,-32,RXQugEBnpPkQ3y3afWAeYiRodbM=,jsD74d8OAwMhxvTol/ojfANWzMY=
18,-30,RXQugEBnpPkQ3y3afWAeYiRodbM=,jsD74d8OAwMhxvTol/ojfANWzMY=
19,-30,RXQugEBnpPkQ3y3afWAeYiRodbM=,jsD74d8OAwMhxvTol/ojfANWzMY=
20,-30,RXQugEBnpPkQ3y3afWAeYiRodbM=,jsD74d8OAwMhxvTol/ojfANWzMY=
21,-23,RXQugEBnpPkQ3y3afWAeYiRodbM=,jsD74d8OAwMhxvTol/ojfANWzMY=
22,-23,RXQugEBnpPkQ3y3afWAeYiRodbM=,jsD74d8OAwMhxvTol/ojfANWzMY=
20,-23,RXQugEBnpPkQ3y3afWAeYiRodbM=,jsD74d8OAwMhxvTol/ojfANWzMY=
17,-23,RXQugEBnpPkQ3y3afWAeYiRodbM=,jsD74d8OAwMhxvTol/ojfANWzMY=
21,-30,RXQugEBnpPkQ3y3afWAeYiRodbM=,jsD74d8OAwMhxvTol/ojfANWzMY=
22,-30,RXQugEBnpPkQ3y3afWAeYiRodbM=,jsD74d8OAwMhxvTol/ojfANWzMY=
23,-30,RXQugEBnpPkQ3y3afWAeYiRodbM=,jsD74d8OAwMhxvTol/ojfANWzMY=
16,-23,RXQugEBnpPkQ3y3afWAeYiRodbM=,jsD74d8OAwMhxvTol/ojfANWzMY=
29,-24,RXQugEBnpPkQ3y3afWAeYiRodbM=,jsD74d8OAwMhxvTol/ojfANWzMY=
30,-24,RXQugEBnpPkQ3y3afWAeYiRodbM=,jsD74d8OAwMhxvTol/ojfANWzMY=
31,-24,RXQugEBnpPkQ3y3afWAeYiRodbM=,jsD74d8OAwMhxvTol/ojfANWzMY=
28,-24,RXQugEBnpPkQ3y3afWAeYiRodbM=,jsD74d8OAwMhxvTol/ojfANWzMY=
27,-24,RXQugEBnpPkQ3y3afWAeYiRodbM=,jsD74d8OAwMhxvTol/ojfANWzMY=
25,-24,RXQugEBnpPkQ3y3afWAeYiRodbM=,jsD74d8OAwMhxvTol/ojfANWzMY=
24,-30,RXQugEBnpPkQ3y3afWAeYiRodbM=,jsD74d8OAwMhxvTol/ojfANWzMY=
26,-24,RXQugEBnpPkQ3y3afWAeYiRodbM=,jsD74d8OAwMhxvTol/ojfANWzMY=
24,-24,RXQugEBnpPkQ3y3afWAeYiRodbM=,jsD74d8OAwMhxvTol/ojfANWzMY=
23,-24,RXQugEBnpPkQ3y3afWAeYiRodbM=,jsD74d8OAwMhxvTol/ojfANWzMY=
22,-24,RXQugEBnpPkQ3y3afWAeYiRodbM=,jsD74d8OAwMhxvTol/ojfANWzMY=
21,-24,RXQugEBnpPkQ3y3afWAeYiRodbM=,jsD74d8OAwMhxvTol/ojfANWzMY=
25,-30,RXQugEBnpPkQ3y3afWAeYiRodbM=,jsD74d8OAwMhxvTol/ojfANWzMY=
18,-24,RXQugEBnpPkQ3y3afWAeYiRodbM=,jsD74d8OAwMhxvTol/ojfANWzMY=
19,-24,RXQugEBnpPkQ3y3afWAeYiRodbM=,jsD74d8OAwMhxvTol/ojfANWzMY=
24,-32,RXQugEBnpPkQ3y3afWAeYiRodbM=,jsD74d8OAwMhxvTol/ojfANWzMY=
17,-24,RXQugEBnpPkQ3y3afWAeYiRodbM=,jsD74d8OAwMhxvTol/ojfANWzMY=
16,-24,RXQugEBnpPkQ3y3afWAeYiRodbM=,jsD74d8OAwMhxvTol/ojfANWzMY=
26,-30,RXQugEBnpPkQ3y3afWAeYiRodbM=,jsD74d8OAwMhxvTol/ojfANWzMY=
31,-25,RXQugEBnpPkQ3y3afWAeYiRodbM=,jsD74d8OAwMhxvTol/ojfANWzMY=
30,-25,RXQugEBnpPkQ3y3afWAeYiRodbM=,jsD74d8OAwMhxvTol/ojfANWzMY=
29,-25,RXQugEBnpPkQ3y3afWAeYiRodbM=,jsD74d8OAwMhxvTol/ojfANWzMY=
28,-25,RXQugEBnpPkQ3y3afWAeYiRodbM=,jsD74d8OAwMhxvTol/ojfANWzMY=
27,-30,RXQugEBnpPkQ3y3afWAeYiRodbM=,jsD74d8OAwMhxvTol/ojfANWzMY=
27,-25,RXQugEBnpPkQ3y3afWAeYiRodbM=,jsD74d8OAwMhxvTol/ojfANWzMY=
25,-25,RXQugEBnpPkQ3y3afWAeYiRodbM=,jsD74d8OAwMhxvTol/ojfANWzMY=
26,-25,RXQugEBnpPkQ3y3afWAeYiRodbM=,jsD74d8OAwMhxvTol/ojfANWzMY=
24,-25,RXQugEBnpPkQ3y3afWAeYiRodbM=,jsD74d8OAwMhxvTol/ojfANWzMY=
28,-30,RXQugEBnpPkQ3y3afWAeYiRodbM=,jsD74d8OAwMhxvTol/ojfANWzMY=
23,-25,RXQugEBnpPkQ3y3afWAeYiRodbM=,jsD74d8OAwMhxvTol/ojfANWzMY=
21,-25,RXQugEBnpPkQ3y3afWAeYiRodbM=,jsD74d8OAwMhxvTol/ojfANWzMY=
22,-25,RXQugEBnpPkQ3y3afWAeYiRodbM=,jsD74d8OAwMhxvTol/ojfANWzMY=
20,-25,RXQugEBnpPkQ3y3afWAeYiRodbM=,jsD74d8OAwMhxvTol/ojfANWzMY=
19,-25,RXQugEBnpPkQ3y3afWAeYiRodbM=,jsD74d8OAwMhxvTol/ojfANWzMY=
18,-25,RXQugEBnpPkQ3y3afWAeYiRodbM=,jsD74d8OAwMhxvTol/ojfANWzMY=
29,-30,RXQugEBnpPkQ3y3afWAeYiRodbM=,jsD74d8OAwMhxvTol/ojfANWzMY=
17,-25,RXQugEBnpPkQ3y3afWAeYiRodbM=,jsD74d8OAwMhxvTol/ojfANWzMY=
23,-32,RXQugEBnpPkQ3y3afWAeYiRodbM=,jsD74d8OAwMhxvTol/ojfANWzMY=
16,-25,RXQugEBnpPkQ3y3afWAeYiRodbM=,jsD74d8OAwMhxvTol/ojfANWzMY=
31,-26,RXQugEBnpPkQ3y3afWAeYiRodbM=,jsD74d8OAwMhxvTol/ojfANWzMY=
30,-26,RXQugEBnpPkQ3y3afWAeYiRodbM=,jsD74d8OAwMhxvTol/ojfANWzMY=
20,-24,RXQugEBnpPkQ3y3afWAeYiRodbM=,jsD74d8OAwMhxvTol/ojfANWzMY=
29,-26,RXQugEBnpPkQ3y3afWAeYiRodbM=,jsD74d8OAwMhxvTol/ojfANWzMY=
30,-30,RXQugEBnpPkQ3y3afWAeYiRodbM=,jsD74d8OAwMhxvTol/ojfANWzMY=
28,-26,RXQugEBnpPkQ3y3afWAeYiRodbM=,jsD74d8OAwMhxvTol/ojfANWzMY=
27,-26,RXQugEBnpPkQ3y3afWAeYiRodbM=,jsD74d8OAwMhxvTol/ojfANWzMY=
25,-26,RXQugEBnpPkQ3y3afWAeYiRodbM=,jsD74d8OAwMhxvTol/ojfANWzMY=
26,-26,RXQugEBnpPkQ3y3afWAeYiRodbM=,jsD74d8OAwMhxvTol/ojfANWzMY=
31,-30,RXQugEBnpPkQ3y3afWAeYiRodbM=,jsD74d8OAwMhxvTol/ojfANWzMY=
23,-26,RXQugEBnpPkQ3y3afWAeYiRodbM=,jsD74d8OAwMhxvTol/ojfANWzMY=
19,-32,RXQugEBnpPkQ3y3afWAeYiRodbM=,jsD74d8OAwMhxvTol/ojfANWzMY=
24,-26,RXQugEBnpPkQ3y3afWAeYiRodbM=,jsD74d8OAwMhxvTol/ojfANWzMY=
22,-26,RXQugEBnpPkQ3y3afWAeYiRodbM=,jsD74d8OAwMhxvTol/ojfANWzMY=
16,-26,RXQugEBnpPkQ3y3afWAeYiRodbM=,jsD74d8OAwMhxvTol/ojfANWzMY=
16,-29,RXQugEBnpPkQ3y3afWAeYiRodbM=,jsD74d8OAwMhxvTol/ojfANWzMY=
17,-29,RXQugEBnpPkQ3y3afWAeYiRodbM=,jsD74d8OAwMhxvTol/ojfANWzMY=
22,-32,RXQugEBnpPkQ3y3afWAeYiRodbM=,jsD74d8OAwMhxvTol/ojfANWzMY=
18,-29,RXQugEBnpPkQ3y3afWAeYiRodbM=,jsD74d8OAwMhxvTol/ojfANWzMY=
21,-26,RXQugEBnpPkQ3y3afWAeYiRodbM=,jsD74d8OAwMhxvTol/ojfANWzMY=
19,-29,RXQugEBnpPkQ3y3afWAeYiRodbM=,jsD74d8OAwMhxvTol/ojfANWzMY=
20,-29,RXQugEBnpPkQ3y3afWAeYiRodbM=,jsD74d8OAwMhxvTol/ojfANWzMY=
21,-29,RXQugEBnpPkQ3y3afWAeYiRodbM=,jsD74d8OAwMhxvTol/ojfANWzMY=
20,-26,RXQugEBnpPkQ3y3afWAeYiRodbM=,jsD74d8OAwMhxvTol/ojfANWzMY=
22,-29,RXQugEBnpPkQ3y3afWAeYiRodbM=,jsD74d8OAwMhxvTol/ojfANWzMY=
19,-26,RXQugEBnpPkQ3y3afWAeYiRodbM=,jsD74d8OAwMhxvTol/ojfANWzMY=
18,-26,RXQugEBnpPkQ3y3afWAeYiRodbM=,jsD74d8OAwMhxvTol/ojfANWzMY=
23,-29,RXQugEBnpPkQ3y3afWAeYiRodbM=,jsD74d8OAwMhxvTol/ojfANWzMY=
31,-27,RXQugEBnpPkQ3y3afWAeYiRodbM=,jsD74d8OAwMhxvTol/ojfANWzMY=
30,-27,RXQugEBnpPkQ3y3afWAeYiRodbM=,jsD74d8OAwMhxvTol/ojfANWzMY=
24,-29,RXQugEBnpPkQ3y3afWAeYiRodbM=,jsD74d8OAwMhxvTol/ojfANWzMY=
27,-27,RXQugEBnpPkQ3y3afWAeYiRodbM=,jsD74d8OAwMhxvTol/ojfANWzMY=
29,-27,RXQugEBnpPkQ3y3afWAeYiRodbM=,jsD74d8OAwMhxvTol/ojfANWzMY=
28,-27,RXQugEBnpPkQ3y3afWAeYiRodbM=,jsD74d8OAwMhxvTol/ojfANWzMY=
25,-29,RXQugEBnpPkQ3y3afWAeYiRodbM=,jsD74d8OAwMhxvTol/ojfANWzMY=
25,-27,RXQugEBnpPkQ3y3afWAeYiRodbM=,jsD74d8OAwMhxvTol/ojfANWzMY=
26,-27,RXQugEBnpPkQ3y3afWAeYiRodbM=,jsD74d8OAwMhxvTol/ojfANWzMY=
24,-27,RXQugEBnpPkQ3y3afWAeYiRodbM=,jsD74d8OAwMhxvTol/ojfANWzMY=
23,-27,RXQugEBnpPkQ3y3afWAeYiRodbM=,jsD74d8OAwMhxvTol/ojfANWzMY=
22,-27,RXQugEBnpPkQ3y3afWAeYiRodbM=,jsD74d8OAwMhxvTol/ojfANWzMY=
17,-27,RXQugEBnpPkQ3y3afWAeYiRodbM=,jsD74d8OAwMhxvTol/ojfANWzMY=
18,-27,RXQugEBnpPkQ3y3afWAeYiRodbM=,jsD74d8OAwMhxvTol/ojfANWzMY=
16,-27,RXQugEBnpPkQ3y3afWAeYiRodbM=,jsD74d8OAwMhxvTol/ojfANWzMY=
26,-29,RXQugEBnpPkQ3y3afWAeYiRodbM=,jsD74d8OAwMhxvTol/ojfANWzMY=
21,-32,RXQugEBnpPkQ3y3afWAeYiRodbM=,jsD74d8OAwMhxvTol/ojfANWzMY=
20,-27,RXQugEBnpPkQ3y3afWAeYiRodbM=,jsD74d8OAwMhxvTol/ojfANWzMY=
21,-27,RXQugEBnpPkQ3y3afWAeYiRodbM=,jsD74d8OAwMhxvTol/ojfANWzMY=
19,-27,RXQugEBnpPkQ3y3afWAeYiRodbM=,jsD74d8OAwMhxvTol/ojfANWzMY=
30,-28,RXQugEBnpPkQ3y3afWAeYiRodbM=,jsD74d8OAwMhxvTol/ojfANWzMY=
31,-28,RXQugEBnpPkQ3y3afWAeYiRodbM=,jsD74d8OAwMhxvTol/ojfANWzMY=
27,-29,RXQugEBnpPkQ3y3afWAeYiRodbM=,jsD74d8OAwMhxvTol/ojfANWzMY=
29,-28,RXQugEBnpPkQ3y3afWAeYiRodbM=,jsD74d8OAwMhxvTol/ojfANWzMY=
28,-28,RXQugEBnpPkQ3y3afWAeYiRodbM=,jsD74d8OAwMhxvTol/ojfANWzMY=
17,-26,RXQugEBnpPkQ3y3afWAeYiRodbM=,jsD74d8OAwMhxvTol/ojfANWzMY=
27,-28,RXQugEBnpPkQ3y3afWAeYiRodbM=,jsD74d8OAwMhxvTol/ojfANWzMY=
25,-28,RXQugEBnpPkQ3y3afWAeYiRodbM=,jsD74d8OAwMhxvTol/ojfANWzMY=
26,-28,RXQugEBnpPkQ3y3afWAeYiRodbM=,jsD74d8OAwMhxvTol/ojfANWzMY=
22,-28,RXQugEBnpPkQ3y3afWAeYiRodbM=,jsD74d8OAwMhxvTol/ojfANWzMY=
21,-28,RXQugEBnpPkQ3y3afWAeYiRodbM=,jsD74d8OAwMhxvTol/ojfANWzMY=
17,-28,RXQugEBnpPkQ3y3afWAeYiRodbM=,jsD74d8OAwMhxvTol/ojfANWzMY=
16,-28,RXQugEBnpPkQ3y3afWAeYiRodbM=,jsD74d8OAwMhxvTol/ojfANWzMY=
18,-28,RXQugEBnpPkQ3y3afWAeYiRodbM=,jsD74d8OAwMhxvTol/ojfANWzMY=
20,-32,RXQugEBnpPkQ3y3afWAeYiRodbM=,jsD74d8OAwMhxvTol/ojfANWzMY=
24,-28,RXQugEBnpPkQ3y3afWAeYiRodbM=,jsD74d8OAwMhxvTol/ojfANWzMY=
28,-29,RXQugEBnpPkQ3y3afWAeYiRodbM=,jsD74d8OAwMhxvTol/ojfANWzMY=
23,-28,RXQugEBnpPkQ3y3afWAeYiRodbM=,jsD74d8OAwMhxvTol/ojfANWzMY=
19,-28,RXQugEBnpPkQ3y3afWAeYiRodbM=,jsD74d8OAwMhxvTol/ojfANWzMY=
20,-28,RXQugEBnpPkQ3y3afWAeYiRodbM=,jsD74d8OAwMhxvTol/ojfANWzMY=
29,-29,RXQugEBnpPkQ3y3afWAeYiRodbM=,jsD74d8OAwMhxvTol/ojfANWzMY=
31,-29,RXQugEBnpPkQ3y3afWAeYiRodbM=,jsD74d8OAwMhxvTol/ojfANWzMY=
30,-29,RXQugEBnpPkQ3y3afWAeYiRodbM=,jsD74d8OAwMhxvTol/ojfANWzMY=
21,-18,RXQugEBnpPkQ3y3afWAeYiRodbM=,jsD74d8OAwMhxvTol/ojfANWzMY=
28,-17,RXQugEBnpPkQ3y3afWAeYiRodbM=,jsD74d8OAwMhxvTol/ojfANWzMY=
12,-1,8yRqZkciAbqIgrSx6VP2AkHj/cY=,jsD74d8OAwMhxvTol/ojfANWzMY=
11,-1,8yRqZkciAbqIgrSx6VP2AkHj/cY=,jsD74d8OAwMhxvTol/ojfANWzMY=
10,-1,8yRqZkciAbqIgrSx6VP2AkHj/cY=,jsD74d8OAwMhxvTol/ojfANWzMY=
14,-1,8yRqZkciAbqIgrSx6VP2AkHj/cY=,jsD74d8OAwMhxvTol/ojfANWzMY=
13,-1,8yRqZkciAbqIgrSx6VP2AkHj/cY=,jsD74d8OAwMhxvTol/ojfANWzMY=
15,-16,8yRqZkciAbqIgrSx6VP2AkHj/cY=,jsD74d8OAwMhxvTol/ojfANWzMY=
0,-16,8yRqZkciAbqIgrSx6VP2AkHj/cY=,jsD74d8OAwMhxvTol/ojfANWzMY=
0,-15,8yRqZkciAbqIgrSx6VP2AkHj/cY=,jsD74d8OAwMhxvTol/ojfANWzMY=
15,-1,8yRqZkciAbqIgrSx6VP2AkHj/cY=,jsD74d8OAwMhxvTol/ojfANWzMY=
9,-1,8yRqZkciAbqIgrSx6VP2AkHj/cY=,jsD74d8OAwMhxvTol/ojfANWzMY=
8,-1,8yRqZkciAbqIgrSx6VP2AkHj/cY=,jsD74d8OAwMhxvTol/ojfANWzMY=
1,-1,8yRqZkciAbqIgrSx6VP2AkHj/cY=,jsD74d8OAwMhxvTol/ojfANWzMY=
7,-1,8yRqZkciAbqIgrSx6VP2AkHj/cY=,jsD74d8OAwMhxvTol/ojfANWzMY=
6,-1,8yRqZkciAbqIgrSx6VP2AkHj/cY=,jsD74d8OAwMhxvTol/ojfANWzMY=
14,-16,8yRqZkciAbqIgrSx6VP2AkHj/cY=,jsD74d8OAwMhxvTol/ojfANWzMY=
1,-15,8yRqZkciAbqIgrSx6VP2AkHj/cY=,jsD74d8OAwMhxvTol/ojfANWzMY=
2,-1,8yRqZkciAbqIgrSx6VP2AkHj/cY=,jsD74d8OAwMhxvTol/ojfANWzMY=
5,-1,8yRqZkciAbqIgrSx6VP2AkHj/cY=,jsD74d8OAwMhxvTol/ojfANWzMY=
13,-2,8yRqZkciAbqIgrSx6VP2AkHj/cY=,jsD74d8OAwMhxvTol/ojfANWzMY=
4,-1,8yRqZkciAbqIgrSx6VP2AkHj/cY=,jsD74d8OAwMhxvTol/ojfANWzMY=
10,-2,8yRqZkciAbqIgrSx6VP2AkHj/cY=,jsD74d8OAwMhxvTol/ojfANWzMY=
12,-2,8yRqZkciAbqIgrSx6VP2AkHj/cY=,jsD74d8OAwMhxvTol/ojfANWzMY=
3,-1,8yRqZkciAbqIgrSx6VP2AkHj/cY=,jsD74d8OAwMhxvTol/ojfANWzMY=
11,-2,8yRqZkciAbqIgrSx6VP2AkHj/cY=,jsD74d8OAwMhxvTol/ojfANWzMY=
2,-15,8yRqZkciAbqIgrSx6VP2AkHj/cY=,jsD74d8OAwMhxvTol/ojfANWzMY=
14,-2,8yRqZkciAbqIgrSx6VP2AkHj/cY=,jsD74d8OAwMhxvTol/ojfANWzMY=
15,-2,8yRqZkciAbqIgrSx6VP2AkHj/cY=,jsD74d8OAwMhxvTol/ojfANWzMY=
0,-1,8yRqZkciAbqIgrSx6VP2AkHj/cY=,jsD74d8OAwMhxvTol/ojfANWzMY=
3,-15,8yRqZkciAbqIgrSx6VP2AkHj/cY=,jsD74d8OAwMhxvTol/ojfANWzMY=
4,-15,8yRqZkciAbqIgrSx6VP2AkHj/cY=,jsD74d8OAwMhxvTol/ojfANWzMY=
5,-15,8yRqZkciAbqIgrSx6VP2AkHj/cY=,jsD74d8OAwMhxvTol/ojfANWzMY=
6,-15,8yRqZkciAbqIgrSx6VP2AkHj/cY=,jsD74d8OAwMhxvTol/ojfANWzMY=
7,-15,8yRqZkciAbqIgrSx6VP2AkHj/cY=,jsD74d8OAwMhxvTol/ojfANWzMY=
7,-2,8yRqZkciAbqIgrSx6VP2AkHj/cY=,jsD74d8OAwMhxvTol/ojfANWzMY=
8,-2,8yRqZkciAbqIgrSx6VP2AkHj/cY=,jsD74d8OAwMhxvTol/ojfANWzMY=
9,-2,8yRqZkciAbqIgrSx6VP2AkHj/cY=,jsD74d8OAwMhxvTol/ojfANWzMY=
6,-2,8yRqZkciAbqIgrSx6VP2AkHj/cY=,jsD74d8OAwMhxvTol/ojfANWzMY=
8,-15,8yRqZkciAbqIgrSx6VP2AkHj/cY=,jsD74d8OAwMhxvTol/ojfANWzMY=
13,-16,8yRqZkciAbqIgrSx6VP2AkHj/cY=,jsD74d8OAwMhxvTol/ojfANWzMY=
5,-2,8yRqZkciAbqIgrSx6VP2AkHj/cY=,jsD74d8OAwMhxvTol/ojfANWzMY=
4,-2,8yRqZkciAbqIgrSx6VP2AkHj/cY=,jsD74d8OAwMhxvTol/ojfANWzMY=
9,-15,8yRqZkciAbqIgrSx6VP2AkHj/cY=,jsD74d8OAwMhxvTol/ojfANWzMY=
10,-15,8yRqZkciAbqIgrSx6VP2AkHj/cY=,jsD74d8OAwMhxvTol/ojfANWzMY=
11,-15,8yRqZkciAbqIgrSx6VP2AkHj/cY=,jsD74d8OAwMhxvTol/ojfANWzMY=
3,-2,8yRqZkciAbqIgrSx6VP2AkHj/cY=,jsD74d8OAwMhxvTol/ojfANWzMY=
12,-15,8yRqZkciAbqIgrSx6VP2AkHj/cY=,jsD74d8OAwMhxvTol/ojfANWzMY=
13,-15,8yRqZkciAbqIgrSx6VP2AkHj/cY=,jsD74d8OAwMhxvTol/ojfANWzMY=
14,-15,8yRqZkciAbqIgrSx6VP2AkHj/cY=,jsD74d8OAwMhxvTol/ojfANWzMY=
2,-2,8yRqZkciAbqIgrSx6VP2AkHj/cY=,jsD74d8OAwMhxvTol/ojfANWzMY=
1,-2,8yRqZkciAbqIgrSx6VP2AkHj/cY=,jsD74d8OAwMhxvTol/ojfANWzMY=
11,-3,8yRqZkciAbqIgrSx6VP2AkHj/cY=,jsD74d8OAwMhxvTol/ojfANWzMY=
12,-3,8yRqZkciAbqIgrSx6VP2AkHj/cY=,jsD74d8OAwMhxvTol/ojfANWzMY=
9,-3,8yRqZkciAbqIgrSx6VP2AkHj/cY=,jsD74d8OAwMhxvTol/ojfANWzMY=
0,-2,8yRqZkciAbqIgrSx6VP2AkHj/cY=,jsD74d8OAwMhxvTol/ojfANWzMY=
15,-15,8yRqZkciAbqIgrSx6VP2AkHj/cY=,jsD74d8OAwMhxvTol/ojfANWzMY=
14,-3,8yRqZkciAbqIgrSx6VP2AkHj/cY=,jsD74d8OAwMhxvTol/ojfANWzMY=
13,-3,8yRqZkciAbqIgrSx6VP2AkHj/cY=,jsD74d8OAwMhxvTol/ojfANWzMY=
10,-3,8yRqZkciAbqIgrSx6VP2AkHj/cY=,jsD74d8OAwMhxvTol/ojfANWzMY=
15,-3,8yRqZkciAbqIgrSx6VP2AkHj/cY=,jsD74d8OAwMhxvTol/ojfANWzMY=
7,-3,8yRqZkciAbqIgrSx6VP2AkHj/cY=,jsD74d8OAwMhxvTol/ojfANWzMY=
0,-14,8yRqZkciAbqIgrSx6VP2AkHj/cY=,jsD74d8OAwMhxvTol/ojfANWzMY=
8,-3,8yRqZkciAbqIgrSx6VP2AkHj/cY=,jsD74d8OAwMhxvTol/ojfANWzMY=
6,-3,8yRqZkciAbqIgrSx6VP2AkHj/cY=,jsD74d8OAwMhxvTol/ojfANWzMY=
12,-16,8yRqZkciAbqIgrSx6VP2AkHj/cY=,jsD74d8OAwMhxvTol/ojfANWzMY=
4,-3,8yRqZkciAbqIgrSx6VP2AkHj/cY=,jsD74d8OAwMhxvTol/ojfANWzMY=
5,-3,8yRqZkciAbqIgrSx6VP2AkHj/cY=,jsD74d8OAwMhxvTol/ojfANWzMY=
3,-3,8yRqZkciAbqIgrSx6VP2AkHj/cY=,jsD74d8OAwMhxvTol/ojfANWzMY=
1,-16,8yRqZkciAbqIgrSx6VP2AkHj/cY=,jsD74d8OAwMhxvTol/ojfANWzMY=
2,-3,8yRqZkciAbqIgrSx6VP2AkHj/cY=,jsD74d8OAwMhxvTol/ojfANWzMY=
14,-4,8yRqZkciAbqIgrSx6VP2AkHj/cY=,jsD74d8OAwMhxvTol/ojfANWzMY=
1,-3,8yRqZkciAbqIgrSx6VP2AkHj/cY=,jsD74d8OAwMhxvTol/ojfANWzMY=
0,-3,8yRqZkciAbqIgrSx6VP2AkHj/cY=,jsD74d8OAwMhxvTol/ojfANWzMY=
13,-4,8yRqZkciAbqIgrSx6VP2AkHj/cY=,jsD74d8OAwMhxvTol/ojfANWzMY=
1,-14,8yRqZkciAbqIgrSx6VP2AkHj/cY=,jsD74d8OAwMhxvTol/ojfANWzMY=
11,-4,8yRqZkciAbqIgrSx6VP2AkHj/cY=,jsD74d8OAwMhxvTol/ojfANWzMY=
12,-4,8yRqZkciAbqIgrSx6VP2AkHj/cY=,jsD74d8OAwMhxvTol/ojfANWzMY=
10,-4,8yRqZkciAbqIgrSx6VP2AkHj/cY=,jsD74d8OAwMhxvTol/ojfANWzMY=
2,-14,8yRqZkciAbqIgrSx6VP2AkHj/cY=,jsD74d8OAwMhxvTol/ojfANWzMY=
9,-4,8yRqZkciAbqIgrSx6VP2AkHj/cY=,jsD74d8OAwMhxvTol/ojfANWzMY=
8,-4,8yRqZkciAbqIgrSx6VP2AkHj/cY=,jsD74d8OAwMhxvTol/ojfANWzMY=
7,-4,8yRqZkciAbqIgrSx6VP2AkHj/cY=,jsD74d8OAwMhxvTol/ojfANWzMY=
4,-4,8yRqZkciAbqIgrSx6VP2AkHj/cY=,jsD74d8OAwMhxvTol/ojfANWzMY=
11,-16,8yRqZkciAbqIgrSx6VP2AkHj/cY=,jsD74d8OAwMhxvTol/ojfANWzMY=
6,-4,8yRqZkciAbqIgrSx6VP2AkHj/cY=,jsD74d8OAwMhxvTol/ojfANWzMY=
5,-4,8yRqZkciAbqIgrSx6VP2AkHj/cY=,jsD74d8OAwMhxvTol/ojfANWzMY=
3,-14,8yRqZkciAbqIgrSx6VP2AkHj/cY=,jsD74d8OAwMhxvTol/ojfANWzMY=
3,-4,8yRqZkciAbqIgrSx6VP2AkHj/cY=,jsD74d8OAwMhxvTol/ojfANWzMY=
2,-4,8yRqZkciAbqIgrSx6VP2AkHj/cY=,jsD74d8OAwMhxvTol/ojfANWzMY=
15,-5,8yRqZkciAbqIgrSx6VP2AkHj/cY=,jsD74d8OAwMhxvTol/ojfANWzMY=
1,-4,8yRqZkciAbqIgrSx6VP2AkHj/cY=,jsD74d8OAwMhxvTol/ojfANWzMY=
0,-4,8yRqZkciAbqIgrSx6VP2AkHj/cY=,jsD74d8OAwMhxvTol/ojfANWzMY=
14,-5,8yRqZkciAbqIgrSx6VP2AkHj/cY=,jsD74d8OAwMhxvTol/ojfANWzMY=
4,-14,8yRqZkciAbqIgrSx6VP2AkHj/cY=,jsD74d8OAwMhxvTol/ojfANWzMY=
10,-5,8yRqZkciAbqIgrSx6VP2AkHj/cY=,jsD74d8OAwMhxvTol/ojfANWzMY=
13,-5,8yRqZkciAbqIgrSx6VP2AkHj/cY=,jsD74d8OAwMhxvTol/ojfANWzMY=
12,-5,8yRqZkciAbqIgrSx6VP2AkHj/cY=,jsD74d8OAwMhxvTol/ojfANWzMY=
11,-5,8yRqZkciAbqIgrSx6VP2AkHj/cY=,jsD74d8OAwMhxvTol/ojfANWzMY=
5,-14,8yRqZkciAbqIgrSx6VP2AkHj/cY=,jsD74d8OAwMhxvTol/ojfANWzMY=
9,-5,8yRqZkciAbqIgrSx6VP2AkHj/cY=,jsD74d8OAwMhxvTol/ojfANWzMY=
8,-5,8yRqZkciAbqIgrSx6VP2AkHj/cY=,jsD74d8OAwMhxvTol/ojfANWzMY=
6,-5,8yRqZkciAbqIgrSx6VP2AkHj/cY=,jsD74d8OAwMhxvTol/ojfANWzMY=
7,-5,8yRqZkciAbqIgrSx6VP2AkHj/cY=,jsD74d8OAwMhxvTol/ojfANWzMY=
5,-5,8yRqZkciAbqIgrSx6VP2AkHj/cY=,jsD74d8OAwMhxvTol/ojfANWzMY=
10,-16,8yRqZkciAbqIgrSx6VP2AkHj/cY=,jsD74d8OAwMhxvTol/ojfANWzMY=
4,-5,8yRqZkciAbqIgrSx6VP2AkHj/cY=,jsD74d8OAwMhxvTol/ojfANWzMY=
3,-5,8yRqZkciAbqIgrSx6VP2AkHj/cY=,jsD74d8OAwMhxvTol/ojfANWzMY=
6,-14,8yRqZkciAbqIgrSx6VP2AkHj/cY=,jsD74d8OAwMhxvTol/ojfANWzMY=
2,-5,8yRqZkciAbqIgrSx6VP2AkHj/cY=,jsD74d8OAwMhxvTol/ojfANWzMY=
7,-14,8yRqZkciAbqIgrSx6VP2AkHj/cY=,jsD74d8OAwMhxvTol/ojfANWzMY=
1,-5,8yRqZkciAbqIgrSx6VP2AkHj/cY=,jsD74d8OAwMhxvTol/ojfANWzMY=
15,-6,8yRqZkciAbqIgrSx6VP2AkHj/cY=,jsD74d8OAwMhxvTol/ojfANWzMY=
15,-4,8yRqZkciAbqIgrSx6VP2AkHj/cY=,jsD74d8OAwMhxvTol/ojfANWzMY=
14,-6,8yRqZkciAbqIgrSx6VP2AkHj/cY=,jsD74d8OAwMhxvTol/ojfANWzMY=
0,-5,8yRqZkciAbqIgrSx6VP2AkHj/cY=,jsD74d8OAwMhxvTol/ojfANWzMY=
13,-6,8yRqZkciAbqIgrSx6VP2AkHj/cY=,jsD74d8OAwMhxvTol/ojfANWzMY=
8,-14,8yRqZkciAbqIgrSx6VP2AkHj/cY=,jsD74d8OAwMhxvTol/ojfANWzMY=
12,-6,8yRqZkciAbqIgrSx6VP2AkHj/cY=,jsD74d8OAwMhxvTol/ojfANWzMY=
10,-6,8yRqZkciAbqIgrSx6VP2AkHj/cY=,jsD74d8OAwMhxvTol/ojfANWzMY=
11,-6,8yRqZkciAbqIgrSx6VP2AkHj/cY=,jsD74d8OAwMhxvTol/ojfANWzMY=
9,-14,8yRqZkciAbqIgrSx6VP2AkHj/cY=,jsD74d8OAwMhxvTol/ojfANWzMY=
9,-6,8yRqZkciAbqIgrSx6VP2AkHj/cY=,jsD74d8OAwMhxvTol/ojfANWzMY=
10,-14,8yRqZkciAbqIgrSx6VP2AkHj/cY=,jsD74d8OAwMhxvTol/ojfANWzMY=
11,-14,8yRqZkciAbqIgrSx6VP2AkHj/cY=,jsD74d8OAwMhxvTol/ojfANWzMY=
13,-14,8yRqZkciAbqIgrSx6VP2AkHj/cY=,jsD74d8OAwMhxvTol/ojfANWzMY=
12,-14,8yRqZkciAbqIgrSx6VP2AkHj/cY=,jsD74d8OAwMhxvTol/ojfANWzMY=
14,-14,8yRqZkciAbqIgrSx6VP2AkHj/cY=,jsD74d8OAwMhxvTol/ojfANWzMY=
15,-14,8yRqZkciAbqIgrSx6VP2AkHj/cY=,jsD74d8OAwMhxvTol/ojfANWzMY=
7,-6,8yRqZkciAbqIgrSx6VP2AkHj/cY=,jsD74d8OAwMhxvTol/ojfANWzMY=
8,-6,8yRqZkciAbqIgrSx6VP2AkHj/cY=,jsD74d8OAwMhxvTol/ojfANWzMY=
6,-6,8yRqZkciAbqIgrSx6VP2AkHj/cY=,jsD74d8OAwMhxvTol/ojfANWzMY=
5,-6,8yRqZkciAbqIgrSx6VP2AkHj/cY=,jsD74d8OAwMhxvTol/ojfANWzMY=
9,-16,8yRqZkciAbqIgrSx6VP2AkHj/cY=,jsD74d8OAwMhxvTol/ojfANWzMY=
4,-6,8yRqZkciAbqIgrSx6VP2AkHj/cY=,jsD74d8OAwMhxvTol/ojfANWzMY=
0,-13,8yRqZkciAbqIgrSx6VP2AkHj/cY=,jsD74d8OAwMhxvTol/ojfANWzMY=
3,-6,8yRqZkciAbqIgrSx6VP2AkHj/cY=,jsD74d8OAwMhxvTol/ojfANWzMY=
2,-6,8yRqZkciAbqIgrSx6VP2AkHj/cY=,jsD74d8OAwMhxvTol/ojfANWzMY=
1,-6,8yRqZkciAbqIgrSx6VP2AkHj/cY=,jsD74d8OAwMhxvTol/ojfANWzMY=
15,-7,8yRqZkciAbqIgrSx6VP2AkHj/cY=,jsD74d8OAwMhxvTol/ojfANWzMY=
2,-16,8yRqZkciAbqIgrSx6VP2AkHj/cY=,jsD74d8OAwMhxvTol/ojfANWzMY=
14,-7,8yRqZkciAbqIgrSx6VP2AkHj/cY=,jsD74d8OAwMhxvTol/ojfANWzMY=
0,-6,8yRqZkciAbqIgrSx6VP2AkHj/cY=,jsD74d8OAwMhxvTol/ojfANWzMY=
12,-7,8yRqZkciAbqIgrSx6VP2AkHj/cY=,jsD74d8OAwMhxvTol/ojfANWzMY=
13,-7,8yRqZkciAbqIgrSx6VP2AkHj/cY=,jsD74d8OAwMhxvTol/ojfANWzMY=
10,-7,8yRqZkciAbqIgrSx6VP2AkHj/cY=,jsD74d8OAwMhxvTol/ojfANWzMY=
11,-7,8yRqZkciAbqIgrSx6VP2AkHj/cY=,jsD74d8OAwMhxvTol/ojfANWzMY=
9,-7,8yRqZkciAbqIgrSx6VP2AkHj/cY=,jsD74d8OAwMhxvTol/ojfANWzMY=
1,-13,8yRqZkciAbqIgrSx6VP2AkHj/cY=,jsD74d8OAwMhxvTol/ojfANWzMY=
6,-7,8yRqZkciAbqIgrSx6VP2AkHj/cY=,jsD74d8OAwMhxvTol/ojfANWzMY=
7,-7,8yRqZkciAbqIgrSx6VP2AkHj/cY=,jsD74d8OAwMhxvTol/ojfANWzMY=
8,-7,8yRqZkciAbqIgrSx6VP2AkHj/cY=,jsD74d8OAwMhxvTol/ojfANWzMY=
5,-7,8yRqZkciAbqIgrSx6VP2AkHj/cY=,jsD74d8OAwMhxvTol/ojfANWzMY=
8,-16,8yRqZkciAbqIgrSx6VP2AkHj/cY=,jsD74d8OAwMhxvTol/ojfANWzMY=
4,-7,8yRqZkciAbqIgrSx6VP2AkHj/cY=,jsD74d8OAwMhxvTol/ojfANWzMY=
2,-13,8yRqZkciAbqIgrSx6VP2AkHj/cY=,jsD74d8OAwMhxvTol/ojfANWzMY=
3,-7,8yRqZkciAbqIgrSx6VP2AkHj/cY=,jsD74d8OAwMhxvTol/ojfANWzMY=
2,-7,8yRqZkciAbqIgrSx6VP2AkHj/cY=,jsD74d8OAwMhxvTol/ojfANWzMY=
15,-8,8yRqZkciAbqIgrSx6VP2AkHj/cY=,jsD74d8OAwMhxvTol/ojfANWzMY=
1,-7,8yRqZkciAbqIgrSx6VP2AkHj/cY=,jsD74d8OAwMhxvTol/ojfANWzMY=
0,-7,8yRqZkciAbqIgrSx6VP2AkHj/cY=,jsD74d8OAwMhxvTol/ojfANWzMY=
14,-8,8yRqZkciAbqIgrSx6VP2AkHj/cY=,jsD74d8OAwMhxvTol/ojfANWzMY=
13,-8,8yRqZkciAbqIgrSx6VP2AkHj/cY=,jsD74d8OAwMhxvTol/ojfANWzMY=
3,-13,8yRqZkciAbqIgrSx6VP2AkHj/cY=,jsD74d8OAwMhxvTol/ojfANWzMY=
12,-8,8yRqZkciAbqIgrSx6VP2AkHj/cY=,jsD74d8OAwMhxvTol/ojfANWzMY=
11,-8,8yRqZkciAbqIgrSx6VP2AkHj/cY=,jsD74d8OAwMhxvTol/ojfANWzMY=
9,-8,8yRqZkciAbqIgrSx6VP2AkHj/cY=,jsD74d8OAwMhxvTol/ojfANWzMY=
10,-8,8yRqZkciAbqIgrSx6VP2AkHj/cY=,jsD74d8OAwMhxvTol/ojfANWzMY=
6,-8,8yRqZkciAbqIgrSx6VP2AkHj/cY=,jsD74d8OAwMhxvTol/ojfANWzMY=
4,-13,8yRqZkciAbqIgrSx6VP2AkHj/cY=,jsD74d8OAwMhxvTol/ojfANWzMY=
8,-8,8yRqZkciAbqIgrSx6VP2AkHj/cY=,jsD74d8OAwMhxvTol/ojfANWzMY=
7,-8,8yRqZkciAbqIgrSx6VP2AkHj/cY=,jsD74d8OAwMhxvTol/ojfANWzMY=
7,-16,8yRqZkciAbqIgrSx6VP2AkHj/cY=,jsD74d8OAwMhxvTol/ojfANWzMY=
3,-8,8yRqZkciAbqIgrSx6VP2AkHj/cY=,jsD74d8OAwMhxvTol/ojfANWzMY=
15,-9,8yRqZkciAbqIgrSx6VP2AkHj/cY=,jsD74d8OAwMhxvTol/ojfANWzMY=
5,-8,8yRqZkciAbqIgrSx6VP2AkHj/cY=,jsD74d8OAwMhxvTol/ojfANWzMY=
2,-8,8yRqZkciAbqIgrSx6VP2AkHj/cY=,jsD74d8OAwMhxvTol/ojfANWzMY=
5,-13,8yRqZkciAbqIgrSx6VP2AkHj/cY=,jsD74d8OAwMhxvTol/ojfANWzMY=
4,-8,8yRqZkciAbqIgrSx6VP2AkHj/cY=,jsD74d8OAwMhxvTol/ojfANWzMY=
14,-9,8yRqZkciAbqIgrSx6VP2AkHj/cY=,jsD74d8OAwMhxvTol/ojfANWzMY=
1,-8,8yRqZkciAbqIgrSx6VP2AkHj/cY=,jsD74d8OAwMhxvTol/ojfANWzMY=
13,-9,8yRqZkciAbqIgrSx6VP2AkHj/cY=,jsD74d8OAwMhxvTol/ojfANWzMY=
0,-8,8yRqZkciAbqIgrSx6VP2AkHj/cY=,jsD74d8OAwMhxvTol/ojfANWzMY=
11,-9,8yRqZkciAbqIgrSx6VP2AkHj/cY=,jsD74d8OAwMhxvTol/ojfANWzMY=
12,-9,8yRqZkciAbqIgrSx6VP2AkHj/cY=,jsD74d8OAwMhxvTol/ojfANWzMY=
6,-13,8yRqZkciAbqIgrSx6VP2AkHj/cY=,jsD74d8OAwMhxvTol/ojfANWzMY=
10,-9,8yRqZkciAbqIgrSx6VP2AkHj/cY=,jsD74d8OAwMhxvTol/ojfANWzMY=
9,-9,8yRqZkciAbqIgrSx6VP2AkHj/cY=,jsD74d8OAwMhxvTol/ojfANWzMY=
7,-9,8yRqZkciAbqIgrSx6VP2AkHj/cY=,jsD74d8OAwMhxvTol/ojfANWzMY=
8,-9,8yRqZkciAbqIgrSx6VP2AkHj/cY=,jsD74d8OAwMhxvTol/ojfANWzMY=
5,-9,8yRqZkciAbqIgrSx6VP2AkHj/cY=,jsD74d8OAwMhxvTol/ojfANWzMY=
6,-16,8yRqZkciAbqIgrSx6VP2AkHj/cY=,jsD74d8OAwMhxvTol/ojfANWzMY=
3,-9,8yRqZkciAbqIgrSx6VP2AkHj/cY=,jsD74d8OAwMhxvTol/ojfANWzMY=
7,-13,8yRqZkciAbqIgrSx6VP2AkHj/cY=,jsD74d8OAwMhxvTol/ojfANWzMY=
15,-10,8yRqZkciAbqIgrSx6VP2AkHj/cY=,jsD74d8OAwMhxvTol/ojfANWzMY=
2,-9,8yRqZkciAbqIgrSx6VP2AkHj/cY=,jsD74d8OAwMhxvTol/ojfANWzMY=
6,-9,8yRqZkciAbqIgrSx6VP2AkHj/cY=,jsD74d8OAwMhxvTol/ojfANWzMY=
4,-9,8yRqZkciAbqIgrSx6VP2AkHj/cY=,jsD74d8OAwMhxvTol/ojfANWzMY=
14,-10,8yRqZkciAbqIgrSx6VP2AkHj/cY=,jsD74d8OAwMhxvTol/ojfANWzMY=
8,-13,8yRqZkciAbqIgrSx6VP2AkHj/cY=,jsD74d8OAwMhxvTol/ojfANWzMY=
1,-9,8yRqZkciAbqIgrSx6VP2AkHj/cY=,jsD74d8OAwMhxvTol/ojfANWzMY=
10,-10,8yRqZkciAbqIgrSx6VP2AkHj/cY=,jsD74d8OAwMhxvTol/ojfANWzMY=
11,-10,8yRqZkciAbqIgrSx6VP2AkHj/cY=,jsD74d8OAwMhxvTol/ojfANWzMY=
0,-9,8yRqZkciAbqIgrSx6VP2AkHj/cY=,jsD74d8OAwMhxvTol/ojfANWzMY=
9,-13,8yRqZkciAbqIgrSx6VP2AkHj/cY=,jsD74d8OAwMhxvTol/ojfANWzMY=
10,-13,8yRqZkciAbqIgrSx6VP2AkHj/cY=,jsD74d8OAwMhxvTol/ojfANWzMY=
11,-13,8yRqZkciAbqIgrSx6VP2AkHj/cY=,jsD74d8OAwMhxvTol/ojfANWzMY=
13,-13,8yRqZkciAbqIgrSx6VP2AkHj/cY=,jsD74d8OAwMhxvTol/ojfANWzMY=
9,-10,8yRqZkciAbqIgrSx6VP2AkHj/cY=,jsD74d8OAwMhxvTol/ojfANWzMY=
12,-10,8yRqZkciAbqIgrSx6VP2AkHj/cY=,jsD74d8OAwMhxvTol/ojfANWzMY=
13,-10,8yRqZkciAbqIgrSx6VP2AkHj/cY=,jsD74d8OAwMhxvTol/ojfANWzMY=
3,-10,8yRqZkciAbqIgrSx6VP2AkHj/cY=,jsD74d8OAwMhxvTol/ojfANWzMY=
14,-13,8yRqZkciAbqIgrSx6VP2AkHj/cY=,jsD74d8OAwMhxvTol/ojfANWzMY=
8,-10,8yRqZkciAbqIgrSx6VP2AkHj/cY=,jsD74d8OAwMhxvTol/ojfANWzMY=
7,-10,8yRqZkciAbqIgrSx6VP2AkHj/cY=,jsD74d8OAwMhxvTol/ojfANWzMY=
5,-16,8yRqZkciAbqIgrSx6VP2AkHj/cY=,jsD74d8OAwMhxvTol/ojfANWzMY=
15,-13,8yRqZkciAbqIgrSx6VP2AkHj/cY=,jsD74d8OAwMhxvTol/ojfANWzMY=
4,-10,8yRqZkciAbqIgrSx6VP2AkHj/cY=,jsD74d8OAwMhxvTol/ojfANWzMY=
6,-10,8yRqZkciAbqIgrSx6VP2AkHj/cY=,jsD74d8OAwMhxvTol/ojfANWzMY=
15,-11,8yRqZkciAbqIgrSx6VP2AkHj/cY=,jsD74d8OAwMhxvTol/ojfANWzMY=
14,-11,8yRqZkciAbqIgrSx6VP2AkHj/cY=,jsD74d8OAwMhxvTol/ojfANWzMY=
2,-10,8yRqZkciAbqIgrSx6VP2AkHj/cY=,jsD74d8OAwMhxvTol/ojfANWzMY=
11,-11,8yRqZkciAbqIgrSx6VP2AkHj/cY=,jsD74d8OAwMhxvTol/ojfANWzMY=
12,-11,8yRqZkciAbqIgrSx6VP2AkHj/cY=,jsD74d8OAwMhxvTol/ojfANWzMY=
10,-11,8yRqZkciAbqIgrSx6VP2AkHj/cY=,jsD74d8OAwMhxvTol/ojfANWzMY=
5,-10,8yRqZkciAbqIgrSx6VP2AkHj/cY=,jsD74d8OAwMhxvTol/ojfANWzMY=
9,-11,8yRqZkciAbqIgrSx6VP2AkHj/cY=,jsD74d8OAwMhxvTol/ojfANWzMY=
13,-11,8yRqZkciAbqIgrSx6VP2AkHj/cY=,jsD74d8OAwMhxvTol/ojfANWzMY=
8,-11,8yRqZkciAbqIgrSx6VP2AkHj/cY=,jsD74d8OAwMhxvTol/ojfANWzMY=
7,-11,8yRqZkciAbqIgrSx6VP2AkHj/cY=,jsD74d8OAwMhxvTol/ojfANWzMY=
0,-12,8yRqZkciAbqIgrSx6VP2AkHj/cY=,jsD74d8OAwMhxvTol/ojfANWzMY=
0,-10,8yRqZkciAbqIgrSx6VP2AkHj/cY=,jsD74d8OAwMhxvTol/ojfANWzMY=
4,-11,8yRqZkciAbqIgrSx6VP2AkHj/cY=,jsD74d8OAwMhxvTol/ojfANWzMY=
1,-10,8yRqZkciAbqIgrSx6VP2AkHj/cY=,jsD74d8OAwMhxvTol/ojfANWzMY=
4,-16,8yRqZkciAbqIgrSx6VP2AkHj/cY=,jsD74d8OAwMhxvTol/ojfANWzMY=
6,-11,8yRqZkciAbqIgrSx6VP2AkHj/cY=,jsD74d8OAwMhxvTol/ojfANWzMY=
15,-12,8yRqZkciAbqIgrSx6VP2AkHj/cY=,jsD74d8OAwMhxvTol/ojfANWzMY=
3,-16,8yRqZkciAbqIgrSx6VP2AkHj/cY=,jsD74d8OAwMhxvTol/ojfANWzMY=
5,-11,8yRqZkciAbqIgrSx6VP2AkHj/cY=,jsD74d8OAwMhxvTol/ojfANWzMY=
14,-12,8yRqZkciAbqIgrSx6VP2AkHj/cY=,jsD74d8OAwMhxvTol/ojfANWzMY=
13,-12,8yRqZkciAbqIgrSx6VP2AkHj/cY=,jsD74d8OAwMhxvTol/ojfANWzMY=
11,-12,8yRqZkciAbqIgrSx6VP2AkHj/cY=,jsD74d8OAwMhxvTol/ojfANWzMY=
12,-12,8yRqZkciAbqIgrSx6VP2AkHj/cY=,jsD74d8OAwMhxvTol/ojfANWzMY=
10,-12,8yRqZkciAbqIgrSx6VP2AkHj/cY=,jsD74d8OAwMhxvTol/ojfANWzMY=
3,-11,8yRqZkciAbqIgrSx6VP2AkHj/cY=,jsD74d8OAwMhxvTol/ojfANWzMY=
2,-11,8yRqZkciAbqIgrSx6VP2AkHj/cY=,jsD74d8OAwMhxvTol/ojfANWzMY=
9,-12,8yRqZkciAbqIgrSx6VP2AkHj/cY=,jsD74d8OAwMhxvTol/ojfANWzMY=
1,-11,8yRqZkciAbqIgrSx6VP2AkHj/cY=,jsD74d8OAwMhxvTol/ojfANWzMY=
1,-12,8yRqZkciAbqIgrSx6VP2AkHj/cY=,jsD74d8OAwMhxvTol/ojfANWzMY=
5,-12,8yRqZkciAbqIgrSx6VP2AkHj/cY=,jsD74d8OAwMhxvTol/ojfANWzMY=
8,-12,8yRqZkciAbqIgrSx6VP2AkHj/cY=,jsD74d8OAwMhxvTol/ojfANWzMY=
4,-12,8yRqZkciAbqIgrSx6VP2AkHj/cY=,jsD74d8OAwMhxvTol/ojfANWzMY=
0,-11,8yRqZkciAbqIgrSx6VP2AkHj/cY=,jsD74d8OAwMhxvTol/ojfANWzMY=
7,-12,8yRqZkciAbqIgrSx6VP2AkHj/cY=,jsD74d8OAwMhxvTol/ojfANWzMY=
2,-12,8yRqZkciAbqIgrSx6VP2AkHj/cY=,jsD74d8OAwMhxvTol/ojfANWzMY=
3,-12,8yRqZkciAbqIgrSx6VP2AkHj/cY=,jsD74d8OAwMhxvTol/ojfANWzMY=
6,-12,8yRqZkciAbqIgrSx6VP2AkHj/cY=,jsD74d8OAwMhxvTol/ojfANWzMY=
12,-13,8yRqZkciAbqIgrSx6VP2AkHj/cY=,jsD74d8OAwMhxvTol/ojfANWzMY=
31,-16,amdpmhYZT8UFJ+SznjYDlxvk8lg=,jsD74d8OAwMhxvTol/ojfANWzMY=
30,-16,amdpmhYZT8UFJ+SznjYDlxvk8lg=,jsD74d8OAwMhxvTol/ojfANWzMY=
29,-16,amdpmhYZT8UFJ+SznjYDlxvk8lg=,jsD74d8OAwMhxvTol/ojfANWzMY=
16,-15,amdpmhYZT8UFJ+SznjYDlxvk8lg=,jsD74d8OAwMhxvTol/ojfANWzMY=
26,-16,amdpmhYZT8UFJ+SznjYDlxvk8lg=,jsD74d8OAwMhxvTol/ojfANWzMY=
17,-15,amdpmhYZT8UFJ+SznjYDlxvk8lg=,jsD74d8OAwMhxvTol/ojfANWzMY=
25,-16,amdpmhYZT8UFJ+SznjYDlxvk8lg=,jsD74d8OAwMhxvTol/ojfANWzMY=
24,-16,amdpmhYZT8UFJ+SznjYDlxvk8lg=,jsD74d8OAwMhxvTol/ojfANWzMY=
23,-16,amdpmhYZT8UFJ+SznjYDlxvk8lg=,jsD74d8OAwMhxvTol/ojfANWzMY=
22,-16,amdpmhYZT8UFJ+SznjYDlxvk8lg=,jsD74d8OAwMhxvTol/ojfANWzMY=
21,-16,amdpmhYZT8UFJ+SznjYDlxvk8lg=,jsD74d8OAwMhxvTol/ojfANWzMY=
20,-16,amdpmhYZT8UFJ+SznjYDlxvk8lg=,jsD74d8OAwMhxvTol/ojfANWzMY=
19,-16,amdpmhYZT8UFJ+SznjYDlxvk8lg=,jsD74d8OAwMhxvTol/ojfANWzMY=
28,-16,amdpmhYZT8UFJ+SznjYDlxvk8lg=,jsD74d8OAwMhxvTol/ojfANWzMY=
27,-16,amdpmhYZT8UFJ+SznjYDlxvk8lg=,jsD74d8OAwMhxvTol/ojfANWzMY=
18,-16,amdpmhYZT8UFJ+SznjYDlxvk8lg=,jsD74d8OAwMhxvTol/ojfANWzMY=
17,-16,amdpmhYZT8UFJ+SznjYDlxvk8lg=,jsD74d8OAwMhxvTol/ojfANWzMY=
27,-1,amdpmhYZT8UFJ+SznjYDlxvk8lg=,jsD74d8OAwMhxvTol/ojfANWzMY=
18,-15,amdpmhYZT8UFJ+SznjYDlxvk8lg=,jsD74d8OAwMhxvTol/ojfANWzMY=
28,-1,amdpmhYZT8UFJ+SznjYDlxvk8lg=,jsD74d8OAwMhxvTol/ojfANWzMY=
26,-1,amdpmhYZT8UFJ+SznjYDlxvk8lg=,jsD74d8OAwMhxvTol/ojfANWzMY=
19,-15,amdpmhYZT8UFJ+SznjYDlxvk8lg=,jsD74d8OAwMhxvTol/ojfANWzMY=
20,-15,amdpmhYZT8UFJ+SznjYDlxvk8lg=,jsD74d8OAwMhxvTol/ojfANWzMY=
25,-1,amdpmhYZT8UFJ+SznjYDlxvk8lg=,jsD74d8OAwMhxvTol/ojfANWzMY=
24,-1,amdpmhYZT8UFJ+SznjYDlxvk8lg=,jsD74d8OAwMhxvTol/ojfANWzMY=
16,-16,amdpmhYZT8UFJ+SznjYDlxvk8lg=,jsD74d8OAwMhxvTol/ojfANWzMY=
23,-1,amdpmhYZT8UFJ+SznjYDlxvk8lg=,jsD74d8OAwMhxvTol/ojfANWzMY=
21,-1,amdpmhYZT8UFJ+SznjYDlxvk8lg=,jsD74d8OAwMhxvTol/ojfANWzMY=
20,-1,amdpmhYZT8UFJ+SznjYDlxvk8lg=,jsD74d8OAwMhxvTol/ojfANWzMY=
22,-1,amdpmhYZT8UFJ+SznjYDlxvk8lg=,jsD74d8OAwMhxvTol/ojfANWzMY=
18,-1,amdpmhYZT8UFJ+SznjYDlxvk8lg=,jsD74d8OAwMhxvTol/ojfANWzMY=
21,-15,amdpmhYZT8UFJ+SznjYDlxvk8lg=,jsD74d8OAwMhxvTol/ojfANWzMY=
29,-1,amdpmhYZT8UFJ+SznjYDlxvk8lg=,jsD74d8OAwMhxvTol/ojfANWzMY=
19,-1,amdpmhYZT8UFJ+SznjYDlxvk8lg=,jsD74d8OAwMhxvTol/ojfANWzMY=
30,-1,amdpmhYZT8UFJ+SznjYDlxvk8lg=,jsD74d8OAwMhxvTol/ojfANWzMY=
31,-1,amdpmhYZT8UFJ+SznjYDlxvk8lg=,jsD74d8OAwMhxvTol/ojfANWzMY=
27,-2,amdpmhYZT8UFJ+SznjYDlxvk8lg=,jsD74d8OAwMhxvTol/ojfANWzMY=
28,-2,amdpmhYZT8UFJ+SznjYDlxvk8lg=,jsD74d8OAwMhxvTol/ojfANWzMY=
26,-2,amdpmhYZT8UFJ+SznjYDlxvk8lg=,jsD74d8OAwMhxvTol/ojfANWzMY=
25,-2,amdpmhYZT8UFJ+SznjYDlxvk8lg=,jsD74d8OAwMhxvTol/ojfANWzMY=
23,-2,amdpmhYZT8UFJ+SznjYDlxvk8lg=,jsD74d8OAwMhxvTol/ojfANWzMY=
22,-2,amdpmhYZT8UFJ+SznjYDlxvk8lg=,jsD74d8OAwMhxvTol/ojfANWzMY=
17,-1,amdpmhYZT8UFJ+SznjYDlxvk8lg=,jsD74d8OAwMhxvTol/ojfANWzMY=
21,-2,amdpmhYZT8UFJ+SznjYDlxvk8lg=,jsD74d8OAwMhxvTol/ojfANWzMY=
29,-2,amdpmhYZT8UFJ+SznjYDlxvk8lg=,jsD74d8OAwMhxvTol/ojfANWzMY=
24,-2,amdpmhYZT8UFJ+SznjYDlxvk8lg=,jsD74d8OAwMhxvTol/ojfANWzMY=
20,-2,amdpmhYZT8UFJ+SznjYDlxvk8lg=,jsD74d8OAwMhxvTol/ojfANWzMY=
27,-15,amdpmhYZT8UFJ+SznjYDlxvk8lg=,jsD74d8OAwMhxvTol/ojfANWzMY=
28,-15,amdpmhYZT8UFJ+SznjYDlxvk8lg=,jsD74d8OAwMhxvTol/ojfANWzMY=
16,-1,amdpmhYZT8UFJ+SznjYDlxvk8lg=,jsD74d8OAwMhxvTol/ojfANWzMY=
29,-15,amdpmhYZT8UFJ+SznjYDlxvk8lg=,jsD74d8OAwMhxvTol/ojfANWzMY=
23,-15,amdpmhYZT8UFJ+SznjYDlxvk8lg=,jsD74d8OAwMhxvTol/ojfANWzMY=
31,-2,amdpmhYZT8UFJ+SznjYDlxvk8lg=,jsD74d8OAwMhxvTol/ojfANWzMY=
30,-15,amdpmhYZT8UFJ+SznjYDlxvk8lg=,jsD74d8OAwMhxvTol/ojfANWzMY=
19,-2,amdpmhYZT8UFJ+SznjYDlxvk8lg=,jsD74d8OAwMhxvTol/ojfANWzMY=
24,-15,amdpmhYZT8UFJ+SznjYDlxvk8lg=,jsD74d8OAwMhxvTol/ojfANWzMY=
31,-15,amdpmhYZT8UFJ+SznjYDlxvk8lg=,jsD74d8OAwMhxvTol/ojfANWzMY=
16,-14,amdpmhYZT8UFJ+SznjYDlxvk8lg=,jsD74d8OAwMhxvTol/ojfANWzMY=
30,-2,amdpmhYZT8UFJ+SznjYDlxvk8lg=,jsD74d8OAwMhxvTol/ojfANWzMY=
26,-15,amdpmhYZT8UFJ+SznjYDlxvk8lg=,jsD74d8OAwMhxvTol/ojfANWzMY=
25,-15,amdpmhYZT8UFJ+SznjYDlxvk8lg=,jsD74d8OAwMhxvTol/ojfANWzMY=
18,-2,amdpmhYZT8UFJ+SznjYDlxvk8lg=,jsD74d8OAwMhxvTol/ojfANWzMY=
18,-14,amdpmhYZT8UFJ+SznjYDlxvk8lg=,jsD74d8OAwMhxvTol/ojfANWzMY=
19,-14,amdpmhYZT8UFJ+SznjYDlxvk8lg=,jsD74d8OAwMhxvTol/ojfANWzMY=
27,-3,amdpmhYZT8UFJ+SznjYDlxvk8lg=,jsD74d8OAwMhxvTol/ojfANWzMY=
28,-3,amdpmhYZT8UFJ+SznjYDlxvk8lg=,jsD74d8OAwMhxvTol/ojfANWzMY=
26,-3,amdpmhYZT8UFJ+SznjYDlxvk8lg=,jsD74d8OAwMhxvTol/ojfANWzMY=
25,-3,amdpmhYZT8UFJ+SznjYDlxvk8lg=,jsD74d8OAwMhxvTol/ojfANWzMY=
24,-3,amdpmhYZT8UFJ+SznjYDlxvk8lg=,jsD74d8OAwMhxvTol/ojfANWzMY=
22,-3,amdpmhYZT8UFJ+SznjYDlxvk8lg=,jsD74d8OAwMhxvTol/ojfANWzMY=
23,-3,amdpmhYZT8UFJ+SznjYDlxvk8lg=,jsD74d8OAwMhxvTol/ojfANWzMY=
21,-3,amdpmhYZT8UFJ+SznjYDlxvk8lg=,jsD74d8OAwMhxvTol/ojfANWzMY=
20,-3,amdpmhYZT8UFJ+SznjYDlxvk8lg=,jsD74d8OAwMhxvTol/ojfANWzMY=
16,-2,amdpmhYZT8UFJ+SznjYDlxvk8lg=,jsD74d8OAwMhxvTol/ojfANWzMY=
29,-3,amdpmhYZT8UFJ+SznjYDlxvk8lg=,jsD74d8OAwMhxvTol/ojfANWzMY=
18,-3,amdpmhYZT8UFJ+SznjYDlxvk8lg=,jsD74d8OAwMhxvTol/ojfANWzMY=
31,-3,amdpmhYZT8UFJ+SznjYDlxvk8lg=,jsD74d8OAwMhxvTol/ojfANWzMY=
30,-3,amdpmhYZT8UFJ+SznjYDlxvk8lg=,jsD74d8OAwMhxvTol/ojfANWzMY=
17,-3,amdpmhYZT8UFJ+SznjYDlxvk8lg=,jsD74d8OAwMhxvTol/ojfANWzMY=
16,-3,amdpmhYZT8UFJ+SznjYDlxvk8lg=,jsD74d8OAwMhxvTol/ojfANWzMY=
29,-4,amdpmhYZT8UFJ+SznjYDlxvk8lg=,jsD74d8OAwMhxvTol/ojfANWzMY=
27,-4,amdpmhYZT8UFJ+SznjYDlxvk8lg=,jsD74d8OAwMhxvTol/ojfANWzMY=
28,-4,amdpmhYZT8UFJ+SznjYDlxvk8lg=,jsD74d8OAwMhxvTol/ojfANWzMY=
20,-14,amdpmhYZT8UFJ+SznjYDlxvk8lg=,jsD74d8OAwMhxvTol/ojfANWzMY=
23,-4,amdpmhYZT8UFJ+SznjYDlxvk8lg=,jsD74d8OAwMhxvTol/ojfANWzMY=
24,-4,amdpmhYZT8UFJ+SznjYDlxvk8lg=,jsD74d8OAwMhxvTol/ojfANWzMY=
22,-4,amdpmhYZT8UFJ+SznjYDlxvk8lg=,jsD74d8OAwMhxvTol/ojfANWzMY=
26,-4,amdpmhYZT8UFJ+SznjYDlxvk8lg=,jsD74d8OAwMhxvTol/ojfANWzMY=
21,-4,amdpmhYZT8UFJ+SznjYDlxvk8lg=,jsD74d8OAwMhxvTol/ojfANWzMY=
31,-4,amdpmhYZT8UFJ+SznjYDlxvk8lg=,jsD74d8OAwMhxvTol/ojfANWzMY=
19,-3,amdpmhYZT8UFJ+SznjYDlxvk8lg=,jsD74d8OAwMhxvTol/ojfANWzMY=
25,-4,amdpmhYZT8UFJ+SznjYDlxvk8lg=,jsD74d8OAwMhxvTol/ojfANWzMY=
20,-4,amdpmhYZT8UFJ+SznjYDlxvk8lg=,jsD74d8OAwMhxvTol/ojfANWzMY=
21,-14,amdpmhYZT8UFJ+SznjYDlxvk8lg=,jsD74d8OAwMhxvTol/ojfANWzMY=
31,-5,amdpmhYZT8UFJ+SznjYDlxvk8lg=,jsD74d8OAwMhxvTol/ojfANWzMY=
17,-14,amdpmhYZT8UFJ+SznjYDlxvk8lg=,jsD74d8OAwMhxvTol/ojfANWzMY=
17,-2,amdpmhYZT8UFJ+SznjYDlxvk8lg=,jsD74d8OAwMhxvTol/ojfANWzMY=
22,-15,amdpmhYZT8UFJ+SznjYDlxvk8lg=,jsD74d8OAwMhxvTol/ojfANWzMY=
30,-4,amdpmhYZT8UFJ+SznjYDlxvk8lg=,jsD74d8OAwMhxvTol/ojfANWzMY=
23,-14,amdpmhYZT8UFJ+SznjYDlxvk8lg=,jsD74d8OAwMhxvTol/ojfANWzMY=
22,-14,amdpmhYZT8UFJ+SznjYDlxvk8lg=,jsD74d8OAwMhxvTol/ojfANWzMY=
24,-14,amdpmhYZT8UFJ+SznjYDlxvk8lg=,jsD74d8OAwMhxvTol/ojfANWzMY=
29,-5,amdpmhYZT8UFJ+SznjYDlxvk8lg=,jsD74d8OAwMhxvTol/ojfANWzMY=
18,-4,amdpmhYZT8UFJ+SznjYDlxvk8lg=,jsD74d8OAwMhxvTol/ojfANWzMY=
25,-14,amdpmhYZT8UFJ+SznjYDlxvk8lg=,jsD74d8OAwMhxvTol/ojfANWzMY=
26,-14,amdpmhYZT8UFJ+SznjYDlxvk8lg=,jsD74d8OAwMhxvTol/ojfANWzMY=
27,-14,amdpmhYZT8UFJ+SznjYDlxvk8lg=,jsD74d8OAwMhxvTol/ojfANWzMY=
28,-14,amdpmhYZT8UFJ+SznjYDlxvk8lg=,jsD74d8OAwMhxvTol/ojfANWzMY=
30,-5,amdpmhYZT8UFJ+SznjYDlxvk8lg=,jsD74d8OAwMhxvTol/ojfANWzMY=
28,-5,amdpmhYZT8UFJ+SznjYDlxvk8lg=,jsD74d8OAwMhxvTol/ojfANWzMY=
16,-4,amdpmhYZT8UFJ+SznjYDlxvk8lg=,jsD74d8OAwMhxvTol/ojfANWzMY=
29,-14,amdpmhYZT8UFJ+SznjYDlxvk8lg=,jsD74d8OAwMhxvTol/ojfANWzMY=
27,-5,amdpmhYZT8UFJ+SznjYDlxvk8lg=,jsD74d8OAwMhxvTol/ojfANWzMY=
17,-4,amdpmhYZT8UFJ+SznjYDlxvk8lg=,jsD74d8OAwMhxvTol/ojfANWzMY=
22,-5,amdpmhYZT8UFJ+SznjYDlxvk8lg=,jsD74d8OAwMhxvTol/ojfANWzMY=
19,-4,amdpmhYZT8UFJ+SznjYDlxvk8lg=,jsD74d8OAwMhxvTol/ojfANWzMY=
21,-5,amdpmhYZT8UFJ+SznjYDlxvk8lg=,jsD74d8OAwMhxvTol/ojfANWzMY=
20,-5,amdpmhYZT8UFJ+SznjYDlxvk8lg=,jsD74d8OAwMhxvTol/ojfANWzMY=
23,-5,amdpmhYZT8UFJ+SznjYDlxvk8lg=,jsD74d8OAwMhxvTol/ojfANWzMY=
26,-5,amdpmhYZT8UFJ+SznjYDlxvk8lg=,jsD74d8OAwMhxvTol/ojfANWzMY=
18,-5,amdpmhYZT8UFJ+SznjYDlxvk8lg=,jsD74d8OAwMhxvTol/ojfANWzMY=
30,-14,amdpmhYZT8UFJ+SznjYDlxvk8lg=,jsD74d8OAwMhxvTol/ojfANWzMY=
31,-14,amdpmhYZT8UFJ+SznjYDlxvk8lg=,jsD74d8OAwMhxvTol/ojfANWzMY=
25,-5,amdpmhYZT8UFJ+SznjYDlxvk8lg=,jsD74d8OAwMhxvTol/ojfANWzMY=
16,-13,amdpmhYZT8UFJ+SznjYDlxvk8lg=,jsD74d8OAwMhxvTol/ojfANWzMY=
17,-13,amdpmhYZT8UFJ+SznjYDlxvk8lg=,jsD74d8OAwMhxvTol/ojfANWzMY=
19,-5,amdpmhYZT8UFJ+SznjYDlxvk8lg=,jsD74d8OAwMhxvTol/ojfANWzMY=
18,-13,amdpmhYZT8UFJ+SznjYDlxvk8lg=,jsD74d8OAwMhxvTol/ojfANWzMY=
19,-13,amdpmhYZT8UFJ+SznjYDlxvk8lg=,jsD74d8OAwMhxvTol/ojfANWzMY=
24,-5,amdpmhYZT8UFJ+SznjYDlxvk8lg=,jsD74d8OAwMhxvTol/ojfANWzMY=
17,-5,amdpmhYZT8UFJ+SznjYDlxvk8lg=,jsD74d8OAwMhxvTol/ojfANWzMY=
16,-5,amdpmhYZT8UFJ+SznjYDlxvk8lg=,jsD74d8OAwMhxvTol/ojfANWzMY=
31,-6,amdpmhYZT8UFJ+SznjYDlxvk8lg=,jsD74d8OAwMhxvTol/ojfANWzMY=
25,-6,amdpmhYZT8UFJ+SznjYDlxvk8lg=,jsD74d8OAwMhxvTol/ojfANWzMY=
26,-6,amdpmhYZT8UFJ+SznjYDlxvk8lg=,jsD74d8OAwMhxvTol/ojfANWzMY=
20,-6,amdpmhYZT8UFJ+SznjYDlxvk8lg=,jsD74d8OAwMhxvTol/ojfANWzMY=
20,-13,amdpmhYZT8UFJ+SznjYDlxvk8lg=,jsD74d8OAwMhxvTol/ojfANWzMY=
23,-6,amdpmhYZT8UFJ+SznjYDlxvk8lg=,jsD74d8OAwMhxvTol/ojfANWzMY=
29,-6,amdpmhYZT8UFJ+SznjYDlxvk8lg=,jsD74d8OAwMhxvTol/ojfANWzMY=
21,-13,amdpmhYZT8UFJ+SznjYDlxvk8lg=,jsD74d8OAwMhxvTol/ojfANWzMY=
22,-13,amdpmhYZT8UFJ+SznjYDlxvk8lg=,jsD74d8OAwMhxvTol/ojfANWzMY=
24,-6,amdpmhYZT8UFJ+SznjYDlxvk8lg=,jsD74d8OAwMhxvTol/ojfANWzMY=
19,-6,amdpmhYZT8UFJ+SznjYDlxvk8lg=,jsD74d8OAwMhxvTol/ojfANWzMY=
22,-6,amdpmhYZT8UFJ+SznjYDlxvk8lg=,jsD74d8OAwMhxvTol/ojfANWzMY=
23,-13,amdpmhYZT8UFJ+SznjYDlxvk8lg=,jsD74d8OAwMhxvTol/ojfANWzMY=
24,-13,amdpmhYZT8UFJ+SznjYDlxvk8lg=,jsD74d8OAwMhxvTol/ojfANWzMY=
25,-13,amdpmhYZT8UFJ+SznjYDlxvk8lg=,jsD74d8OAwMhxvTol/ojfANWzMY=
26,-13,amdpmhYZT8UFJ+SznjYDlxvk8lg=,jsD74d8OAwMhxvTol/ojfANWzMY=
30,-6,amdpmhYZT8UFJ+SznjYDlxvk8lg=,jsD74d8OAwMhxvTol/ojfANWzMY=
27,-6,amdpmhYZT8UFJ+SznjYDlxvk8lg=,jsD74d8OAwMhxvTol/ojfANWzMY=
27,-13,amdpmhYZT8UFJ+SznjYDlxvk8lg=,jsD74d8OAwMhxvTol/ojfANWzMY=
28,-13,amdpmhYZT8UFJ+SznjYDlxvk8lg=,jsD74d8OAwMhxvTol/ojfANWzMY=
21,-6,amdpmhYZT8UFJ+SznjYDlxvk8lg=,jsD74d8OAwMhxvTol/ojfANWzMY=
28,-6,amdpmhYZT8UFJ+SznjYDlxvk8lg=,jsD74d8OAwMhxvTol/ojfANWzMY=
29,-13,amdpmhYZT8UFJ+SznjYDlxvk8lg=,jsD74d8OAwMhxvTol/ojfANWzMY=
30,-13,amdpmhYZT8UFJ+SznjYDlxvk8lg=,jsD74d8OAwMhxvTol/ojfANWzMY=
29,-7,amdpmhYZT8UFJ+SznjYDlxvk8lg=,jsD74d8OAwMhxvTol/ojfANWzMY=
31,-13,amdpmhYZT8UFJ+SznjYDlxvk8lg=,jsD74d8OAwMhxvTol/ojfANWzMY=
18,-6,amdpmhYZT8UFJ+SznjYDlxvk8lg=,jsD74d8OAwMhxvTol/ojfANWzMY=
16,-12,amdpmhYZT8UFJ+SznjYDlxvk8lg=,jsD74d8OAwMhxvTol/ojfANWzMY=
17,-6,amdpmhYZT8UFJ+SznjYDlxvk8lg=,jsD74d8OAwMhxvTol/ojfANWzMY=
28,-7,amdpmhYZT8UFJ+SznjYDlxvk8lg=,jsD74d8OAwMhxvTol/ojfANWzMY=
26,-7,amdpmhYZT8UFJ+SznjYDlxvk8lg=,jsD74d8OAwMhxvTol/ojfANWzMY=
16,-6,amdpmhYZT8UFJ+SznjYDlxvk8lg=,jsD74d8OAwMhxvTol/ojfANWzMY=
30,-7,amdpmhYZT8UFJ+SznjYDlxvk8lg=,jsD74d8OAwMhxvTol/ojfANWzMY=
25,-7,amdpmhYZT8UFJ+SznjYDlxvk8lg=,jsD74d8OAwMhxvTol/ojfANWzMY=
21,-7,amdpmhYZT8UFJ+SznjYDlxvk8lg=,jsD74d8OAwMhxvTol/ojfANWzMY=
20,-7,amdpmhYZT8UFJ+SznjYDlxvk8lg=,jsD74d8OAwMhxvTol/ojfANWzMY=
27,-7,amdpmhYZT8UFJ+SznjYDlxvk8lg=,jsD74d8OAwMhxvTol/ojfANWzMY=
31,-7,amdpmhYZT8UFJ+SznjYDlxvk8lg=,jsD74d8OAwMhxvTol/ojfANWzMY=
19,-7,amdpmhYZT8UFJ+SznjYDlxvk8lg=,jsD74d8OAwMhxvTol/ojfANWzMY=
17,-12,amdpmhYZT8UFJ+SznjYDlxvk8lg=,jsD74d8OAwMhxvTol/ojfANWzMY=
23,-7,amdpmhYZT8UFJ+SznjYDlxvk8lg=,jsD74d8OAwMhxvTol/ojfANWzMY=
22,-7,amdpmhYZT8UFJ+SznjYDlxvk8lg=,jsD74d8OAwMhxvTol/ojfANWzMY=
24,-7,amdpmhYZT8UFJ+SznjYDlxvk8lg=,jsD74d8OAwMhxvTol/ojfANWzMY=
18,-7,amdpmhYZT8UFJ+SznjYDlxvk8lg=,jsD74d8OAwMhxvTol/ojfANWzMY=
28,-8,amdpmhYZT8UFJ+SznjYDlxvk8lg=,jsD74d8OAwMhxvTol/ojfANWzMY=
16,-7,amdpmhYZT8UFJ+SznjYDlxvk8lg=,jsD74d8OAwMhxvTol/ojfANWzMY=
27,-8,amdpmhYZT8UFJ+SznjYDlxvk8lg=,jsD74d8OAwMhxvTol/ojfANWzMY=
17,-7,amdpmhYZT8UFJ+SznjYDlxvk8lg=,jsD74d8OAwMhxvTol/ojfANWzMY=
18,-12,amdpmhYZT8UFJ+SznjYDlxvk8lg=,jsD74d8OAwMhxvTol/ojfANWzMY=
19,-12,amdpmhYZT8UFJ+SznjYDlxvk8lg=,jsD74d8OAwMhxvTol/ojfANWzMY=
24,-8,amdpmhYZT8UFJ+SznjYDlxvk8lg=,jsD74d8OAwMhxvTol/ojfANWzMY=
20,-12,amdpmhYZT8UFJ+SznjYDlxvk8lg=,jsD74d8OAwMhxvTol/ojfANWzMY=
26,-8,amdpmhYZT8UFJ+SznjYDlxvk8lg=,jsD74d8OAwMhxvTol/ojfANWzMY=
21,-12,amdpmhYZT8UFJ+SznjYDlxvk8lg=,jsD74d8OAwMhxvTol/ojfANWzMY=
22,-12,amdpmhYZT8UFJ+SznjYDlxvk8lg=,jsD74d8OAwMhxvTol/ojfANWzMY=
23,-12,amdpmhYZT8UFJ+SznjYDlxvk8lg=,jsD74d8OAwMhxvTol/ojfANWzMY=
23,-8,amdpmhYZT8UFJ+SznjYDlxvk8lg=,jsD74d8OAwMhxvTol/ojfANWzMY=
31,-8,amdpmhYZT8UFJ+SznjYDlxvk8lg=,jsD74d8OAwMhxvTol/ojfANWzMY=
21,-8,amdpmhYZT8UFJ+SznjYDlxvk8lg=,jsD74d8OAwMhxvTol/ojfANWzMY=
24,-12,amdpmhYZT8UFJ+SznjYDlxvk8lg=,jsD74d8OAwMhxvTol/ojfANWzMY=
20,-8,amdpmhYZT8UFJ+SznjYDlxvk8lg=,jsD74d8OAwMhxvTol/ojfANWzMY=
25,-12,amdpmhYZT8UFJ+SznjYDlxvk8lg=,jsD74d8OAwMhxvTol/ojfANWzMY=
19,-8,amdpmhYZT8UFJ+SznjYDlxvk8lg=,jsD74d8OAwMhxvTol/ojfANWzMY=
22,-8,amdpmhYZT8UFJ+SznjYDlxvk8lg=,jsD74d8OAwMhxvTol/ojfANWzMY=
30,-8,amdpmhYZT8UFJ+SznjYDlxvk8lg=,jsD74d8OAwMhxvTol/ojfANWzMY=
29,-8,amdpmhYZT8UFJ+SznjYDlxvk8lg=,jsD74d8OAwMhxvTol/ojfANWzMY=
26,-12,amdpmhYZT8UFJ+SznjYDlxvk8lg=,jsD74d8OAwMhxvTol/ojfANWzMY=
27,-12,amdpmhYZT8UFJ+SznjYDlxvk8lg=,jsD74d8OAwMhxvTol/ojfANWzMY=
28,-12,amdpmhYZT8UFJ+SznjYDlxvk8lg=,jsD74d8OAwMhxvTol/ojfANWzMY=
29,-12,amdpmhYZT8UFJ+SznjYDlxvk8lg=,jsD74d8OAwMhxvTol/ojfANWzMY=
30,-12,amdpmhYZT8UFJ+SznjYDlxvk8lg=,jsD74d8OAwMhxvTol/ojfANWzMY=
25,-8,amdpmhYZT8UFJ+SznjYDlxvk8lg=,jsD74d8OAwMhxvTol/ojfANWzMY=
31,-12,amdpmhYZT8UFJ+SznjYDlxvk8lg=,jsD74d8OAwMhxvTol/ojfANWzMY=
29,-9,amdpmhYZT8UFJ+SznjYDlxvk8lg=,jsD74d8OAwMhxvTol/ojfANWzMY=
16,-11,amdpmhYZT8UFJ+SznjYDlxvk8lg=,jsD74d8OAwMhxvTol/ojfANWzMY=
28,-9,amdpmhYZT8UFJ+SznjYDlxvk8lg=,jsD74d8OAwMhxvTol/ojfANWzMY=
16,-8,amdpmhYZT8UFJ+SznjYDlxvk8lg=,jsD74d8OAwMhxvTol/ojfANWzMY=
18,-8,amdpmhYZT8UFJ+SznjYDlxvk8lg=,jsD74d8OAwMhxvTol/ojfANWzMY=
27,-9,amdpmhYZT8UFJ+SznjYDlxvk8lg=,jsD74d8OAwMhxvTol/ojfANWzMY=
24,-9,amdpmhYZT8UFJ+SznjYDlxvk8lg=,jsD74d8OAwMhxvTol/ojfANWzMY=
23,-9,amdpmhYZT8UFJ+SznjYDlxvk8lg=,jsD74d8OAwMhxvTol/ojfANWzMY=
17,-8,amdpmhYZT8UFJ+SznjYDlxvk8lg=,jsD74d8OAwMhxvTol/ojfANWzMY=
21,-9,amdpmhYZT8UFJ+SznjYDlxvk8lg=,jsD74d8OAwMhxvTol/ojfANWzMY=
17,-11,amdpmhYZT8UFJ+SznjYDlxvk8lg=,jsD74d8OAwMhxvTol/ojfANWzMY=
22,-9,amdpmhYZT8UFJ+SznjYDlxvk8lg=,jsD74d8OAwMhxvTol/ojfANWzMY=
20,-9,amdpmhYZT8UFJ+SznjYDlxvk8lg=,jsD74d8OAwMhxvTol/ojfANWzMY=
19,-9,amdpmhYZT8UFJ+SznjYDlxvk8lg=,jsD74d8OAwMhxvTol/ojfANWzMY=
18,-9,amdpmhYZT8UFJ+SznjYDlxvk8lg=,jsD74d8OAwMhxvTol/ojfANWzMY=
31,-9,amdpmhYZT8UFJ+SznjYDlxvk8lg=,jsD74d8OAwMhxvTol/ojfANWzMY=
30,-9,amdpmhYZT8UFJ+SznjYDlxvk8lg=,jsD74d8OAwMhxvTol/ojfANWzMY=
30,-10,amdpmhYZT8UFJ+SznjYDlxvk8lg=,jsD74d8OAwMhxvTol/ojfANWzMY=
17,-9,amdpmhYZT8UFJ+SznjYDlxvk8lg=,jsD74d8OAwMhxvTol/ojfANWzMY=
29,-10,amdpmhYZT8UFJ+SznjYDlxvk8lg=,jsD74d8OAwMhxvTol/ojfANWzMY=
16,-9,amdpmhYZT8UFJ+SznjYDlxvk8lg=,jsD74d8OAwMhxvTol/ojfANWzMY=
18,-11,amdpmhYZT8UFJ+SznjYDlxvk8lg=,jsD74d8OAwMhxvTol/ojfANWzMY=
25,-9,amdpmhYZT8UFJ+SznjYDlxvk8lg=,jsD74d8OAwMhxvTol/ojfANWzMY=
19,-11,amdpmhYZT8UFJ+SznjYDlxvk8lg=,jsD74d8OAwMhxvTol/ojfANWzMY=
20,-11,amdpmhYZT8UFJ+SznjYDlxvk8lg=,jsD74d8OAwMhxvTol/ojfANWzMY=
21,-11,amdpmhYZT8UFJ+SznjYDlxvk8lg=,jsD74d8OAwMhxvTol/ojfANWzMY=
26,-9,amdpmhYZT8UFJ+SznjYDlxvk8lg=,jsD74d8OAwMhxvTol/ojfANWzMY=
28,-10,amdpmhYZT8UFJ+SznjYDlxvk8lg=,jsD74d8OAwMhxvTol/ojfANWzMY=
31,-10,amdpmhYZT8UFJ+SznjYDlxvk8lg=,jsD74d8OAwMhxvTol/ojfANWzMY=
22,-11,amdpmhYZT8UFJ+SznjYDlxvk8lg=,jsD74d8OAwMhxvTol/ojfANWzMY=
25,-10,amdpmhYZT8UFJ+SznjYDlxvk8lg=,jsD74d8OAwMhxvTol/ojfANWzMY=
21,-10,amdpmhYZT8UFJ+SznjYDlxvk8lg=,jsD74d8OAwMhxvTol/ojfANWzMY=
20,-10,amdpmhYZT8UFJ+SznjYDlxvk8lg=,jsD74d8OAwMhxvTol/ojfANWzMY=
26,-10,amdpmhYZT8UFJ+SznjYDlxvk8lg=,jsD74d8OAwMhxvTol/ojfANWzMY=
19,-10,amdpmhYZT8UFJ+SznjYDlxvk8lg=,jsD74d8OAwMhxvTol/ojfANWzMY=
18,-10,amdpmhYZT8UFJ+SznjYDlxvk8lg=,jsD74d8OAwMhxvTol/ojfANWzMY=
27,-10,amdpmhYZT8UFJ+SznjYDlxvk8lg=,jsD74d8OAwMhxvTol/ojfANWzMY=
17,-10,amdpmhYZT8UFJ+SznjYDlxvk8lg=,jsD74d8OAwMhxvTol/ojfANWzMY=
31,-11,amdpmhYZT8UFJ+SznjYDlxvk8lg=,jsD74d8OAwMhxvTol/ojfANWzMY=
29,-11,amdpmhYZT8UFJ+SznjYDlxvk8lg=,jsD74d8OAwMhxvTol/ojfANWzMY=
24,-10,amdpmhYZT8UFJ+SznjYDlxvk8lg=,jsD74d8OAwMhxvTol/ojfANWzMY=
22,-10,amdpmhYZT8UFJ+SznjYDlxvk8lg=,jsD74d8OAwMhxvTol/ojfANWzMY=
16,-10,amdpmhYZT8UFJ+SznjYDlxvk8lg=,jsD74d8OAwMhxvTol/ojfANWzMY=
23,-10,amdpmhYZT8UFJ+SznjYDlxvk8lg=,jsD74d8OAwMhxvTol/ojfANWzMY=
23,-11,amdpmhYZT8UFJ+SznjYDlxvk8lg=,jsD74d8OAwMhxvTol/ojfANWzMY=
30,-11,amdpmhYZT8UFJ+SznjYDlxvk8lg=,jsD74d8OAwMhxvTol/ojfANWzMY=
28,-11,amdpmhYZT8UFJ+SznjYDlxvk8lg=,jsD74d8OAwMhxvTol/ojfANWzMY=
27,-11,amdpmhYZT8UFJ+SznjYDlxvk8lg=,jsD74d8OAwMhxvTol/ojfANWzMY=
24,-11,amdpmhYZT8UFJ+SznjYDlxvk8lg=,jsD74d8OAwMhxvTol/ojfANWzMY=
25,-11,amdpmhYZT8UFJ+SznjYDlxvk8lg=,jsD74d8OAwMhxvTol/ojfANWzMY=
26,-11,amdpmhYZT8UFJ+SznjYDlxvk8lg=,jsD74d8OAwMhxvTol/ojfANWzMY=
