384,416,18Vq2z27XBoerRnOeAHfFnxpO9M=,xGIBC4d5UyAEmOO7VYQRet+LdqU=
399,416,18Vq2z27XBoerRnOeAHfFnxpO9M=,xGIBC4d5UyAEmOO7VYQRet+LdqU=
398,417,18Vq2z27XBoerRnOeAHfFnxpO9M=,xGIBC4d5UyAEmOO7VYQRet+LdqU=
399,431,18Vq2z27XBoerRnOeAHfFnxpO9M=,xGIBC4d5UyAEmOO7VYQRet+LdqU=
397,431,18Vq2z27XBoerRnOeAHfFnxpO9M=,xGIBC4d5UyAEmOO7VYQRet+LdqU=
398,431,18Vq2z27XBoerRnOeAHfFnxpO9M=,xGIBC4d5UyAEmOO7VYQRet+LdqU=
396,431,18Vq2z27XBoerRnOeAHfFnxpO9M=,xGIBC4d5UyAEmOO7VYQRet+LdqU=
395,431,18Vq2z27XBoerRnOeAHfFnxpO9M=,xGIBC4d5UyAEmOO7VYQRet+LdqU=
394,431,18Vq2z27XBoerRnOeAHfFnxpO9M=,xGIBC4d5UyAEmOO7VYQRet+LdqU=
393,431,18Vq2z27XBoerRnOeAHfFnxpO9M=,xGIBC4d5UyAEmOO7VYQRet+LdqU=
391,431,18Vq2z27XBoerRnOeAHfFnxpO9M=,xGIBC4d5UyAEmOO7VYQRet+LdqU=
390,431,18Vq2z27XBoerRnOeAHfFnxpO9M=,xGIBC4d5UyAEmOO7VYQRet+LdqU=
389,431,18Vq2z27XBoerRnOeAHfFnxpO9M=,xGIBC4d5UyAEmOO7VYQRet+LdqU=
388,431,18Vq2z27XBoerRnOeAHfFnxpO9M=,xGIBC4d5UyAEmOO7VYQRet+LdqU=
387,431,18Vq2z27XBoerRnOeAHfFnxpO9M=,xGIBC4d5UyAEmOO7VYQRet+LdqU=
386,431,18Vq2z27XBoerRnOeAHfFnxpO9M=,xGIBC4d5UyAEmOO7VYQRet+LdqU=
385,431,18Vq2z27XBoerRnOeAHfFnxpO9M=,xGIBC4d5UyAEmOO7VYQRet+LdqU=
392,431,18Vq2z27XBoerRnOeAHfFnxpO9M=,xGIBC4d5UyAEmOO7VYQRet+LdqU=
397,416,18Vq2z27XBoerRnOeAHfFnxpO9M=,xGIBC4d5UyAEmOO7VYQRet+LdqU=
393,416,18Vq2z27XBoerRnOeAHfFnxpO9M=,xGIBC4d5UyAEmOO7VYQRet+LdqU=
394,416,18Vq2z27XBoerRnOeAHfFnxpO9M=,xGIBC4d5UyAEmOO7VYQRet+LdqU=
392,416,18Vq2z27XBoerRnOeAHfFnxpO9M=,xGIBC4d5UyAEmOO7VYQRet+LdqU=
389,416,18Vq2z27XBoerRnOeAHfFnxpO9M=,xGIBC4d5UyAEmOO7VYQRet+LdqU=
390,416,18Vq2z27XBoerRnOeAHfFnxpO9M=,xGIBC4d5UyAEmOO7VYQRet+LdqU=
398,416,18Vq2z27XBoerRnOeAHfFnxpO9M=,xGIBC4d5UyAEmOO7VYQRet+LdqU=
396,416,18Vq2z27XBoerRnOeAHfFnxpO9M=,xGIBC4d5UyAEmOO7VYQRet+LdqU=
387,416,18Vq2z27XBoerRnOeAHfFnxpO9M=,xGIBC4d5UyAEmOO7VYQRet+LdqU=
386,416,18Vq2z27XBoerRnOeAHfFnxpO9M=,xGIBC4d5UyAEmOO7VYQRet+LdqU=
388,416,18Vq2z27XBoerRnOeAHfFnxpO9M=,xGIBC4d5UyAEmOO7VYQRet+LdqU=
385,416,18Vq2z27XBoerRnOeAHfFnxpO9M=,xGIBC4d5UyAEmOO7VYQRet+LdqU=
397,417,18Vq2z27XBoerRnOeAHfFnxpO9M=,xGIBC4d5UyAEmOO7VYQRet+LdqU=
398,430,18Vq2z27XBoerRnOeAHfFnxpO9M=,xGIBC4d5UyAEmOO7VYQRet+LdqU=
391,416,18Vq2z27XBoerRnOeAHfFnxpO9M=,xGIBC4d5UyAEmOO7VYQRet+LdqU=
384,431,18Vq2z27XBoerRnOeAHfFnxpO9M=,xGIBC4d5UyAEmOO7VYQRet+LdqU=
397,430,18Vq2z27XBoerRnOeAHfFnxpO9M=,xGIBC4d5UyAEmOO7VYQRet+LdqU=
396,430,18Vq2z27XBoerRnOeAHfFnxpO9M=,xGIBC4d5UyAEmOO7VYQRet+LdqU=
395,430,18Vq2z27XBoerRnOeAHfFnxpO9M=,xGIBC4d5UyAEmOO7VYQRet+LdqU=
399,430,18Vq2z27XBoerRnOeAHfFnxpO9M=,xGIBC4d5UyAEmOO7VYQRet+LdqU=
388,430,18Vq2z27XBoerRnOeAHfFnxpO9M=,xGIBC4d5UyAEmOO7VYQRet+LdqU=
387,430,18Vq2z27XBoerRnOeAHfFnxpO9M=,xGIBC4d5UyAEmOO7VYQRet+LdqU=
389,430,18Vq2z27XBoerRnOeAHfFnxpO9M=,xGIBC4d5UyAEmOO7VYQRet+LdqU=
386,430,18Vq2z27XBoerRnOeAHfFnxpO9M=,xGIBC4d5UyAEmOO7VYQRet+LdqU=
385,430,18Vq2z27XBoerRnOeAHfFnxpO9M=,xGIBC4d5UyAEmOO7VYQRet+LdqU=
393,430,18Vq2z27XBoerRnOeAHfFnxpO9M=,xGIBC4d5UyAEmOO7VYQRet+LdqU=
399,417,18Vq2z27XBoerRnOeAHfFnxpO9M=,xGIBC4d5UyAEmOO7VYQRet+LdqU=
396,417,18Vq2z27XBoerRnOeAHfFnxpO9M=,xGIBC4d5UyAEmOO7VYQRet+LdqU=
384,430,18Vq2z27XBoerRnOeAHfFnxpO9M=,xGIBC4d5UyAEmOO7VYQRet+LdqU=
399,429,18Vq2z27XBoerRnOeAHfFnxpO9M=,xGIBC4d5UyAEmOO7VYQRet+LdqU=
398,429,18Vq2z27XBoerRnOeAHfFnxpO9M=,xGIBC4d5UyAEmOO7VYQRet+LdqU=
395,429,18Vq2z27XBoerRnOeAHfFnxpO9M=,xGIBC4d5UyAEmOO7VYQRet+LdqU=
396,429,18Vq2z27XBoerRnOeAHfFnxpO9M=,xGIBC4d5UyAEmOO7VYQRet+LdqU=
394,429,18Vq2z27XBoerRnOeAHfFnxpO9M=,xGIBC4d5UyAEmOO7VYQRet+LdqU=
384,418,18Vq2z27XBoerRnOeAHfFnxpO9M=,xGIBC4d5UyAEmOO7VYQRet+LdqU=
393,429,18Vq2z27XBoerRnOeAHfFnxpO9M=,xGIBC4d5UyAEmOO7VYQRet+LdqU=
392,429,18Vq2z27XBoerRnOeAHfFnxpO9M=,xGIBC4d5UyAEmOO7VYQRet+LdqU=
391,429,18Vq2z27XBoerRnOeAHfFnxpO9M=,xGIBC4d5UyAEmOO7VYQRet+LdqU=
390,429,18Vq2z27XBoerRnOeAHfFnxpO9M=,xGIBC4d5UyAEmOO7VYQRet+LdqU=
385,418,18Vq2z27XBoerRnOeAHfFnxpO9M=,xGIBC4d5UyAEmOO7VYQRet+LdqU=
398,428,18Vq2z27XBoerRnOeAHfFnxpO9M=,xGIBC4d5UyAEmOO7VYQRet+LdqU=
397,428,18Vq2z27XBoerRnOeAHfFnxpO9M=,xGIBC4d5UyAEmOO7VYQRet+LdqU=
384,429,18Vq2z27XBoerRnOeAHfFnxpO9M=,xGIBC4d5UyAEmOO7VYQRet+LdqU=
396,428,18Vq2z27XBoerRnOeAHfFnxpO9M=,xGIBC4d5UyAEmOO7VYQRet+LdqU=
386,418,18Vq2z27XBoerRnOeAHfFnxpO9M=,xGIBC4d5UyAEmOO7VYQRet+LdqU=
395,428,18Vq2z27XBoerRnOeAHfFnxpO9M=,xGIBC4d5UyAEmOO7VYQRet+LdqU=
386,429,18Vq2z27XBoerRnOeAHfFnxpO9M=,xGIBC4d5UyAEmOO7VYQRet+LdqU=
392,428,18Vq2z27XBoerRnOeAHfFnxpO9M=,xGIBC4d5UyAEmOO7VYQRet+LdqU=
393,428,18Vq2z27XBoerRnOeAHfFnxpO9M=,xGIBC4d5UyAEmOO7VYQRet+LdqU=
391,428,18Vq2z27XBoerRnOeAHfFnxpO9M=,xGIBC4d5UyAEmOO7VYQRet+LdqU=
390,428,18Vq2z27XBoerRnOeAHfFnxpO9M=,xGIBC4d5UyAEmOO7VYQRet+LdqU=
394,428,18Vq2z27XBoerRnOeAHfFnxpO9M=,xGIBC4d5UyAEmOO7VYQRet+LdqU=
389,428,18Vq2z27XBoerRnOeAHfFnxpO9M=,xGIBC4d5UyAEmOO7VYQRet+LdqU=
387,418,18Vq2z27XBoerRnOeAHfFnxpO9M=,xGIBC4d5UyAEmOO7VYQRet+LdqU=
388,428,18Vq2z27XBoerRnOeAHfFnxpO9M=,xGIBC4d5UyAEmOO7VYQRet+LdqU=
394,417,18Vq2z27XBoerRnOeAHfFnxpO9M=,xGIBC4d5UyAEmOO7VYQRet+LdqU=
392,430,18Vq2z27XBoerRnOeAHfFnxpO9M=,xGIBC4d5UyAEmOO7VYQRet+LdqU=
387,428,18Vq2z27XBoerRnOeAHfFnxpO9M=,xGIBC4d5UyAEmOO7VYQRet+LdqU=
387,429,18Vq2z27XBoerRnOeAHfFnxpO9M=,xGIBC4d5UyAEmOO7VYQRet+LdqU=
385,428,18Vq2z27XBoerRnOeAHfFnxpO9M=,xGIBC4d5UyAEmOO7VYQRet+LdqU=
399,427,18Vq2z27XBoerRnOeAHfFnxpO9M=,xGIBC4d5UyAEmOO7VYQRet+LdqU=
386,428,18Vq2z27XBoerRnOeAHfFnxpO9M=,xGIBC4d5UyAEmOO7VYQRet+LdqU=
384,428,18Vq2z27XBoerRnOeAHfFnxpO9M=,xGIBC4d5UyAEmOO7VYQRet+LdqU=
398,427,18Vq2z27XBoerRnOeAHfFnxpO9M=,xGIBC4d5UyAEmOO7VYQRet+LdqU=
396,427,18Vq2z27XBoerRnOeAHfFnxpO9M=,xGIBC4d5UyAEmOO7VYQRet+LdqU=
395,427,18Vq2z27XBoerRnOeAHfFnxpO9M=,xGIBC4d5UyAEmOO7VYQRet+LdqU=
393,427,18Vq2z27XBoerRnOeAHfFnxpO9M=,xGIBC4d5UyAEmOO7VYQRet+LdqU=
394,427,18Vq2z27XBoerRnOeAHfFnxpO9M=,xGIBC4d5UyAEmOO7VYQRet+LdqU=
392,427,18Vq2z27XBoerRnOeAHfFnxpO9M=,xGIBC4d5UyAEmOO7VYQRet+LdqU=
390,427,18Vq2z27XBoerRnOeAHfFnxpO9M=,xGIBC4d5UyAEmOO7VYQRet+LdqU=
389,427,18Vq2z27XBoerRnOeAHfFnxpO9M=,xGIBC4d5UyAEmOO7VYQRet+LdqU=
388,427,18Vq2z27XBoerRnOeAHfFnxpO9M=,xGIBC4d5UyAEmOO7VYQRet+LdqU=
393,417,18Vq2z27XBoerRnOeAHfFnxpO9M=,xGIBC4d5UyAEmOO7VYQRet+LdqU=
387,427,18Vq2z27XBoerRnOeAHfFnxpO9M=,xGIBC4d5UyAEmOO7VYQRet+LdqU=
386,427,18Vq2z27XBoerRnOeAHfFnxpO9M=,xGIBC4d5UyAEmOO7VYQRet+LdqU=
385,427,18Vq2z27XBoerRnOeAHfFnxpO9M=,xGIBC4d5UyAEmOO7VYQRet+LdqU=
384,427,18Vq2z27XBoerRnOeAHfFnxpO9M=,xGIBC4d5UyAEmOO7VYQRet+LdqU=
399,426,18Vq2z27XBoerRnOeAHfFnxpO9M=,xGIBC4d5UyAEmOO7VYQRet+LdqU=
397,427,18Vq2z27XBoerRnOeAHfFnxpO9M=,xGIBC4d5UyAEmOO7VYQRet+LdqU=
396,426,18Vq2z27XBoerRnOeAHfFnxpO9M=,xGIBC4d5UyAEmOO7VYQRet+LdqU=
395,426,18Vq2z27XBoerRnOeAHfFnxpO9M=,xGIBC4d5UyAEmOO7VYQRet+LdqU=
394,426,18Vq2z27XBoerRnOeAHfFnxpO9M=,xGIBC4d5UyAEmOO7VYQRet+LdqU=
398,426,18Vq2z27XBoerRnOeAHfFnxpO9M=,xGIBC4d5UyAEmOO7VYQRet+LdqU=
392,426,18Vq2z27XBoerRnOeAHfFnxpO9M=,xGIBC4d5UyAEmOO7VYQRet+LdqU=
393,426,18Vq2z27XBoerRnOeAHfFnxpO9M=,xGIBC4d5UyAEmOO7VYQRet+LdqU=
391,426,18Vq2z27XBoerRnOeAHfFnxpO9M=,xGIBC4d5UyAEmOO7VYQRet+LdqU=
392,417,18Vq2z27XBoerRnOeAHfFnxpO9M=,xGIBC4d5UyAEmOO7VYQRet+LdqU=
390,426,18Vq2z27XBoerRnOeAHfFnxpO9M=,xGIBC4d5UyAEmOO7VYQRet+LdqU=
389,426,18Vq2z27XBoerRnOeAHfFnxpO9M=,xGIBC4d5UyAEmOO7VYQRet+LdqU=
388,426,18Vq2z27XBoerRnOeAHfFnxpO9M=,xGIBC4d5UyAEmOO7VYQRet+LdqU=
385,426,18Vq2z27XBoerRnOeAHfFnxpO9M=,xGIBC4d5UyAEmOO7VYQRet+LdqU=
387,426,18Vq2z27XBoerRnOeAHfFnxpO9M=,xGIBC4d5UyAEmOO7VYQRet+LdqU=
386,426,18Vq2z27XBoerRnOeAHfFnxpO9M=,xGIBC4d5UyAEmOO7VYQRet+LdqU=
384,426,18Vq2z27XBoerRnOeAHfFnxpO9M=,xGIBC4d5UyAEmOO7VYQRet+LdqU=
398,425,18Vq2z27XBoerRnOeAHfFnxpO9M=,xGIBC4d5UyAEmOO7VYQRet+LdqU=
399,425,18Vq2z27XBoerRnOeAHfFnxpO9M=,xGIBC4d5UyAEmOO7VYQRet+LdqU=
397,425,18Vq2z27XBoerRnOeAHfFnxpO9M=,xGIBC4d5UyAEmOO7VYQRet+LdqU=
396,425,18Vq2z27XBoerRnOeAHfFnxpO9M=,xGIBC4d5UyAEmOO7VYQRet+LdqU=
395,425,18Vq2z27XBoerRnOeAHfFnxpO9M=,xGIBC4d5UyAEmOO7VYQRet+LdqU=
394,425,18Vq2z27XBoerRnOeAHfFnxpO9M=,xGIBC4d5UyAEmOO7VYQRet+LdqU=
392,425,18Vq2z27XBoerRnOeAHfFnxpO9M=,xGIBC4d5UyAEmOO7VYQRet+LdqU=
393,425,18Vq2z27XBoerRnOeAHfFnxpO9M=,xGIBC4d5UyAEmOO7VYQRet+LdqU=
391,425,18Vq2z27XBoerRnOeAHfFnxpO9M=,xGIBC4d5UyAEmOO7VYQRet+LdqU=
390,425,18Vq2z27XBoerRnOeAHfFnxpO9M=,xGIBC4d5UyAEmOO7VYQRet+LdqU=
391,417,18Vq2z27XBoerRnOeAHfFnxpO9M=,xGIBC4d5UyAEmOO7VYQRet+LdqU=
389,425,18Vq2z27XBoerRnOeAHfFnxpO9M=,xGIBC4d5UyAEmOO7VYQRet+LdqU=
388,425,18Vq2z27XBoerRnOeAHfFnxpO9M=,xGIBC4d5UyAEmOO7VYQRet+LdqU=
387,425,18Vq2z27XBoerRnOeAHfFnxpO9M=,xGIBC4d5UyAEmOO7VYQRet+LdqU=
386,425,18Vq2z27XBoerRnOeAHfFnxpO9M=,xGIBC4d5UyAEmOO7VYQRet+LdqU=
385,425,18Vq2z27XBoerRnOeAHfFnxpO9M=,xGIBC4d5UyAEmOO7VYQRet+LdqU=
384,425,18Vq2z27XBoerRnOeAHfFnxpO9M=,xGIBC4d5UyAEmOO7VYQRet+LdqU=
398,424,18Vq2z27XBoerRnOeAHfFnxpO9M=,xGIBC4d5UyAEmOO7VYQRet+LdqU=
399,424,18Vq2z27XBoerRnOeAHfFnxpO9M=,xGIBC4d5UyAEmOO7VYQRet+LdqU=
396,424,18Vq2z27XBoerRnOeAHfFnxpO9M=,xGIBC4d5UyAEmOO7VYQRet+LdqU=
397,424,18Vq2z27XBoerRnOeAHfFnxpO9M=,xGIBC4d5UyAEmOO7VYQRet+LdqU=
395,424,18Vq2z27XBoerRnOeAHfFnxpO9M=,xGIBC4d5UyAEmOO7VYQRet+LdqU=
394,424,18Vq2z27XBoerRnOeAHfFnxpO9M=,xGIBC4d5UyAEmOO7VYQRet+LdqU=
393,424,18Vq2z27XBoerRnOeAHfFnxpO9M=,xGIBC4d5UyAEmOO7VYQRet+LdqU=
392,424,18Vq2z27XBoerRnOeAHfFnxpO9M=,xGIBC4d5UyAEmOO7VYQRet+LdqU=
390,417,18Vq2z27XBoerRnOeAHfFnxpO9M=,xGIBC4d5UyAEmOO7VYQRet+LdqU=
390,424,18Vq2z27XBoerRnOeAHfFnxpO9M=,xGIBC4d5UyAEmOO7VYQRet+LdqU=
391,424,18Vq2z27XBoerRnOeAHfFnxpO9M=,xGIBC4d5UyAEmOO7VYQRet+LdqU=
389,424,18Vq2z27XBoerRnOeAHfFnxpO9M=,xGIBC4d5UyAEmOO7VYQRet+LdqU=
388,424,18Vq2z27XBoerRnOeAHfFnxpO9M=,xGIBC4d5UyAEmOO7VYQRet+LdqU=
387,424,18Vq2z27XBoerRnOeAHfFnxpO9M=,xGIBC4d5UyAEmOO7VYQRet+LdqU=
386,424,18Vq2z27XBoerRnOeAHfFnxpO9M=,xGIBC4d5UyAEmOO7VYQRet+LdqU=
384,424,18Vq2z27XBoerRnOeAHfFnxpO9M=,xGIBC4d5UyAEmOO7VYQRet+LdqU=
399,423,18Vq2z27XBoerRnOeAHfFnxpO9M=,xGIBC4d5UyAEmOO7VYQRet+LdqU=
385,424,18Vq2z27XBoerRnOeAHfFnxpO9M=,xGIBC4d5UyAEmOO7VYQRet+LdqU=
398,423,18Vq2z27XBoerRnOeAHfFnxpO9M=,xGIBC4d5UyAEmOO7VYQRet+LdqU=
397,423,18Vq2z27XBoerRnOeAHfFnxpO9M=,xGIBC4d5UyAEmOO7VYQRet+LdqU=
395,423,18Vq2z27XBoerRnOeAHfFnxpO9M=,xGIBC4d5UyAEmOO7VYQRet+LdqU=
396,423,18Vq2z27XBoerRnOeAHfFnxpO9M=,xGIBC4d5UyAEmOO7VYQRet+LdqU=
394,423,18Vq2z27XBoerRnOeAHfFnxpO9M=,xGIBC4d5UyAEmOO7VYQRet+LdqU=
393,423,18Vq2z27XBoerRnOeAHfFnxpO9M=,xGIBC4d5UyAEmOO7VYQRet+LdqU=
392,423,18Vq2z27XBoerRnOeAHfFnxpO9M=,xGIBC4d5UyAEmOO7VYQRet+LdqU=
389,417,18Vq2z27XBoerRnOeAHfFnxpO9M=,xGIBC4d5UyAEmOO7VYQRet+LdqU=
391,423,18Vq2z27XBoerRnOeAHfFnxpO9M=,xGIBC4d5UyAEmOO7VYQRet+LdqU=
388,423,18Vq2z27XBoerRnOeAHfFnxpO9M=,xGIBC4d5UyAEmOO7VYQRet+LdqU=
390,423,18Vq2z27XBoerRnOeAHfFnxpO9M=,xGIBC4d5UyAEmOO7VYQRet+LdqU=
389,423,18Vq2z27XBoerRnOeAHfFnxpO9M=,xGIBC4d5UyAEmOO7VYQRet+LdqU=
386,423,18Vq2z27XBoerRnOeAHfFnxpO9M=,xGIBC4d5UyAEmOO7VYQRet+LdqU=
387,423,18Vq2z27XBoerRnOeAHfFnxpO9M=,xGIBC4d5UyAEmOO7VYQRet+LdqU=
384,423,18Vq2z27XBoerRnOeAHfFnxpO9M=,xGIBC4d5UyAEmOO7VYQRet+LdqU=
385,423,18Vq2z27XBoerRnOeAHfFnxpO9M=,xGIBC4d5UyAEmOO7VYQRet+LdqU=
399,422,18Vq2z27XBoerRnOeAHfFnxpO9M=,xGIBC4d5UyAEmOO7VYQRet+LdqU=
397,422,18Vq2z27XBoerRnOeAHfFnxpO9M=,xGIBC4d5UyAEmOO7VYQRet+LdqU=
398,422,18Vq2z27XBoerRnOeAHfFnxpO9M=,xGIBC4d5UyAEmOO7VYQRet+LdqU=
396,422,18Vq2z27XBoerRnOeAHfFnxpO9M=,xGIBC4d5UyAEmOO7VYQRet+LdqU=
395,422,18Vq2z27XBoerRnOeAHfFnxpO9M=,xGIBC4d5UyAEmOO7VYQRet+LdqU=
394,422,18Vq2z27XBoerRnOeAHfFnxpO9M=,xGIBC4d5UyAEmOO7VYQRet+LdqU=
388,417,18Vq2z27XBoerRnOeAHfFnxpO9M=,xGIBC4d5UyAEmOO7VYQRet+LdqU=
393,422,18Vq2z27XBoerRnOeAHfFnxpO9M=,xGIBC4d5UyAEmOO7VYQRet+LdqU=
392,422,18Vq2z27XBoerRnOeAHfFnxpO9M=,xGIBC4d5UyAEmOO7VYQRet+LdqU=
391,422,18Vq2z27XBoerRnOeAHfFnxpO9M=,xGIBC4d5UyAEmOO7VYQRet+LdqU=
389,422,18Vq2z27XBoerRnOeAHfFnxpO9M=,xGIBC4d5UyAEmOO7VYQRet+LdqU=
390,422,18Vq2z27XBoerRnOeAHfFnxpO9M=,xGIBC4d5UyAEmOO7VYQRet+LdqU=
388,422,18Vq2z27XBoerRnOeAHfFnxpO9M=,xGIBC4d5UyAEmOO7VYQRet+LdqU=
387,422,18Vq2z27XBoerRnOeAHfFnxpO9M=,xGIBC4d5UyAEmOO7VYQRet+LdqU=
386,422,18Vq2z27XBoerRnOeAHfFnxpO9M=,xGIBC4d5UyAEmOO7VYQRet+LdqU=
384,422,18Vq2z27XBoerRnOeAHfFnxpO9M=,xGIBC4d5UyAEmOO7VYQRet+LdqU=
385,422,18Vq2z27XBoerRnOeAHfFnxpO9M=,xGIBC4d5UyAEmOO7VYQRet+LdqU=
399,421,18Vq2z27XBoerRnOeAHfFnxpO9M=,xGIBC4d5UyAEmOO7VYQRet+LdqU=
398,421,18Vq2z27XBoerRnOeAHfFnxpO9M=,xGIBC4d5UyAEmOO7VYQRet+LdqU=
397,421,18Vq2z27XBoerRnOeAHfFnxpO9M=,xGIBC4d5UyAEmOO7VYQRet+LdqU=
396,421,18Vq2z27XBoerRnOeAHfFnxpO9M=,xGIBC4d5UyAEmOO7VYQRet+LdqU=
395,421,18Vq2z27XBoerRnOeAHfFnxpO9M=,xGIBC4d5UyAEmOO7VYQRet+LdqU=
394,421,18Vq2z27XBoerRnOeAHfFnxpO9M=,xGIBC4d5UyAEmOO7VYQRet+LdqU=
387,417,18Vq2z27XBoerRnOeAHfFnxpO9M=,xGIBC4d5UyAEmOO7VYQRet+LdqU=
393,421,18Vq2z27XBoerRnOeAHfFnxpO9M=,xGIBC4d5UyAEmOO7VYQRet+LdqU=
392,421,18Vq2z27XBoerRnOeAHfFnxpO9M=,xGIBC4d5UyAEmOO7VYQRet+LdqU=
391,421,18Vq2z27XBoerRnOeAHfFnxpO9M=,xGIBC4d5UyAEmOO7VYQRet+LdqU=
389,421,18Vq2z27XBoerRnOeAHfFnxpO9M=,xGIBC4d5UyAEmOO7VYQRet+LdqU=
390,421,18Vq2z27XBoerRnOeAHfFnxpO9M=,xGIBC4d5UyAEmOO7VYQRet+LdqU=
387,421,18Vq2z27XBoerRnOeAHfFnxpO9M=,xGIBC4d5UyAEmOO7VYQRet+LdqU=
388,421,18Vq2z27XBoerRnOeAHfFnxpO9M=,xGIBC4d5UyAEmOO7VYQRet+LdqU=
386,421,18Vq2z27XBoerRnOeAHfFnxpO9M=,xGIBC4d5UyAEmOO7VYQRet+LdqU=
385,421,18Vq2z27XBoerRnOeAHfFnxpO9M=,xGIBC4d5UyAEmOO7VYQRet+LdqU=
399,420,18Vq2z27XBoerRnOeAHfFnxpO9M=,xGIBC4d5UyAEmOO7VYQRet+LdqU=
384,421,18Vq2z27XBoerRnOeAHfFnxpO9M=,xGIBC4d5UyAEmOO7VYQRet+LdqU=
397,420,18Vq2z27XBoerRnOeAHfFnxpO9M=,xGIBC4d5UyAEmOO7VYQRet+LdqU=
396,420,18Vq2z27XBoerRnOeAHfFnxpO9M=,xGIBC4d5UyAEmOO7VYQRet+LdqU=
395,420,18Vq2z27XBoerRnOeAHfFnxpO9M=,xGIBC4d5UyAEmOO7VYQRet+LdqU=
394,420,18Vq2z27XBoerRnOeAHfFnxpO9M=,xGIBC4d5UyAEmOO7VYQRet+LdqU=
393,420,18Vq2z27XBoerRnOeAHfFnxpO9M=,xGIBC4d5UyAEmOO7VYQRet+LdqU=
391,420,18Vq2z27XBoerRnOeAHfFnxpO9M=,xGIBC4d5UyAEmOO7VYQRet+LdqU=
392,420,18Vq2z27XBoerRnOeAHfFnxpO9M=,xGIBC4d5UyAEmOO7VYQRet+LdqU=
389,420,18Vq2z27XBoerRnOeAHfFnxpO9M=,xGIBC4d5UyAEmOO7VYQRet+LdqU=
390,420,18Vq2z27XBoerRnOeAHfFnxpO9M=,xGIBC4d5UyAEmOO7VYQRet+LdqU=
388,420,18Vq2z27XBoerRnOeAHfFnxpO9M=,xGIBC4d5UyAEmOO7VYQRet+LdqU=
387,420,18Vq2z27XBoerRnOeAHfFnxpO9M=,xGIBC4d5UyAEmOO7VYQRet+LdqU=
386,420,18Vq2z27XBoerRnOeAHfFnxpO9M=,xGIBC4d5UyAEmOO7VYQRet+LdqU=
384,420,18Vq2z27XBoerRnOeAHfFnxpO9M=,xGIBC4d5UyAEmOO7VYQRet+LdqU=
399,419,18Vq2z27XBoerRnOeAHfFnxpO9M=,xGIBC4d5UyAEmOO7VYQRet+LdqU=
398,419,18Vq2z27XBoerRnOeAHfFnxpO9M=,xGIBC4d5UyAEmOO7VYQRet+LdqU=
385,417,18Vq2z27XBoerRnOeAHfFnxpO9M=,xGIBC4d5UyAEmOO7VYQRet+LdqU=
397,419,18Vq2z27XBoerRnOeAHfFnxpO9M=,xGIBC4d5UyAEmOO7VYQRet+LdqU=
396,419,18Vq2z27XBoerRnOeAHfFnxpO9M=,xGIBC4d5UyAEmOO7VYQRet+LdqU=
395,419,18Vq2z27XBoerRnOeAHfFnxpO9M=,xGIBC4d5UyAEmOO7VYQRet+LdqU=
394,419,18Vq2z27XBoerRnOeAHfFnxpO9M=,xGIBC4d5UyAEmOO7VYQRet+LdqU=
393,419,18Vq2z27XBoerRnOeAHfFnxpO9M=,xGIBC4d5UyAEmOO7VYQRet+LdqU=
392,419,18Vq2z27XBoerRnOeAHfFnxpO9M=,xGIBC4d5UyAEmOO7VYQRet+LdqU=
391,419,18Vq2z27XBoerRnOeAHfFnxpO9M=,xGIBC4d5UyAEmOO7VYQRet+LdqU=
390,419,18Vq2z27XBoerRnOeAHfFnxpO9M=,xGIBC4d5UyAEmOO7VYQRet+LdqU=
388,419,18Vq2z27XBoerRnOeAHfFnxpO9M=,xGIBC4d5UyAEmOO7VYQRet+LdqU=
389,419,18Vq2z27XBoerRnOeAHfFnxpO9M=,xGIBC4d5UyAEmOO7VYQRet+LdqU=
395,416,18Vq2z27XBoerRnOeAHfFnxpO9M=,xGIBC4d5UyAEmOO7VYQRet+LdqU=
386,419,18Vq2z27XBoerRnOeAHfFnxpO9M=,xGIBC4d5UyAEmOO7VYQRet+LdqU=
385,419,18Vq2z27XBoerRnOeAHfFnxpO9M=,xGIBC4d5UyAEmOO7VYQRet+LdqU=
384,419,18Vq2z27XBoerRnOeAHfFnxpO9M=,xGIBC4d5UyAEmOO7VYQRet+LdqU=
399,418,18Vq2z27XBoerRnOeAHfFnxpO9M=,xGIBC4d5UyAEmOO7VYQRet+LdqU=
398,418,18Vq2z27XBoerRnOeAHfFnxpO9M=,xGIBC4d5UyAEmOO7VYQRet+LdqU=
384,417,18Vq2z27XBoerRnOeAHfFnxpO9M=,xGIBC4d5UyAEmOO7VYQRet+LdqU=
396,418,18Vq2z27XBoerRnOeAHfFnxpO9M=,xGIBC4d5UyAEmOO7VYQRet+LdqU=
395,418,18Vq2z27XBoerRnOeAHfFnxpO9M=,xGIBC4d5UyAEmOO7VYQRet+LdqU=
394,418,18Vq2z27XBoerRnOeAHfFnxpO9M=,xGIBC4d5UyAEmOO7VYQRet+LdqU=
397,418,18Vq2z27XBoerRnOeAHfFnxpO9M=,xGIBC4d5UyAEmOO7VYQRet+LdqU=
393,418,18Vq2z27XBoerRnOeAHfFnxpO9M=,xGIBC4d5UyAEmOO7VYQRet+LdqU=
392,418,18Vq2z27XBoerRnOeAHfFnxpO9M=,xGIBC4d5UyAEmOO7VYQRet+LdqU=
391,418,18Vq2z27XBoerRnOeAHfFnxpO9M=,xGIBC4d5UyAEmOO7VYQRet+LdqU=
390,418,18Vq2z27XBoerRnOeAHfFnxpO9M=,xGIBC4d5UyAEmOO7VYQRet+LdqU=
389,418,18Vq2z27XBoerRnOeAHfFnxpO9M=,xGIBC4d5UyAEmOO7VYQRet+LdqU=
388,418,18Vq2z27XBoerRnOeAHfFnxpO9M=,xGIBC4d5UyAEmOO7VYQRet+LdqU=
397,426,18Vq2z27XBoerRnOeAHfFnxpO9M=,xGIBC4d5UyAEmOO7VYQRet+LdqU=
385,429,18Vq2z27XBoerRnOeAHfFnxpO9M=,xGIBC4d5UyAEmOO7VYQRet+LdqU=
399,428,18Vq2z27XBoerRnOeAHfFnxpO9M=,xGIBC4d5UyAEmOO7VYQRet+LdqU=
389,429,18Vq2z27XBoerRnOeAHfFnxpO9M=,xGIBC4d5UyAEmOO7VYQRet+LdqU=
391,427,18Vq2z27XBoerRnOeAHfFnxpO9M=,xGIBC4d5UyAEmOO7VYQRet+LdqU=
388,429,18Vq2z27XBoerRnOeAHfFnxpO9M=,xGIBC4d5UyAEmOO7VYQRet+LdqU=
397,429,18Vq2z27XBoerRnOeAHfFnxpO9M=,xGIBC4d5UyAEmOO7VYQRet+LdqU=
395,417,18Vq2z27XBoerRnOeAHfFnxpO9M=,xGIBC4d5UyAEmOO7VYQRet+LdqU=
385,420,18Vq2z27XBoerRnOeAHfFnxpO9M=,xGIBC4d5UyAEmOO7VYQRet+LdqU=
398,420,18Vq2z27XBoerRnOeAHfFnxpO9M=,xGIBC4d5UyAEmOO7VYQRet+LdqU=
386,417,18Vq2z27XBoerRnOeAHfFnxpO9M=,xGIBC4d5UyAEmOO7VYQRet+LdqU=
387,419,18Vq2z27XBoerRnOeAHfFnxpO9M=,xGIBC4d5UyAEmOO7VYQRet+LdqU=
394,430,18Vq2z27XBoerRnOeAHfFnxpO9M=,xGIBC4d5UyAEmOO7VYQRet+LdqU=
391,430,18Vq2z27XBoerRnOeAHfFnxpO9M=,xGIBC4d5UyAEmOO7VYQRet+LdqU=
390,430,18Vq2z27XBoerRnOeAHfFnxpO9M=,xGIBC4d5UyAEmOO7VYQRet+LdqU=
415,431,WQOGYRjWmX3LKo9OqRKJAcfipXY=,xGIBC4d5UyAEmOO7VYQRet+LdqU=
414,431,7afCOWBH8VN8cQTBwpO3rk4cvrc=,xGIBC4d5UyAEmOO7VYQRet+LdqU=
413,431,7afCOWBH8VN8cQTBwpO3rk4cvrc=,xGIBC4d5UyAEmOO7VYQRet+LdqU=
400,417,7afCOWBH8VN8cQTBwpO3rk4cvrc=,xGIBC4d5UyAEmOO7VYQRet+LdqU=
400,416,7afCOWBH8VN8cQTBwpO3rk4cvrc=,xGIBC4d5UyAEmOO7VYQRet+LdqU=
410,431,7afCOWBH8VN8cQTBwpO3rk4cvrc=,xGIBC4d5UyAEmOO7VYQRet+LdqU=
401,417,7afCOWBH8VN8cQTBwpO3rk4cvrc=,xGIBC4d5UyAEmOO7VYQRet+LdqU=
402,417,7afCOWBH8VN8cQTBwpO3rk4cvrc=,xGIBC4d5UyAEmOO7VYQRet+LdqU=
403,417,7afCOWBH8VN8cQTBwpO3rk4cvrc=,xGIBC4d5UyAEmOO7VYQRet+LdqU=
406,417,7afCOWBH8VN8cQTBwpO3rk4cvrc=,xGIBC4d5UyAEmOO7VYQRet+LdqU=
405,417,7afCOWBH8VN8cQTBwpO3rk4cvrc=,xGIBC4d5UyAEmOO7VYQRet+LdqU=
407,417,7afCOWBH8VN8cQTBwpO3rk4cvrc=,xGIBC4d5UyAEmOO7VYQRet+LdqU=
404,417,7afCOWBH8VN8cQTBwpO3rk4cvrc=,xGIBC4d5UyAEmOO7VYQRet+LdqU=
409,417,7afCOWBH8VN8cQTBwpO3rk4cvrc=,xGIBC4d5UyAEmOO7VYQRet+LdqU=
410,417,7afCOWBH8VN8cQTBwpO3rk4cvrc=,xGIBC4d5UyAEmOO7VYQRet+LdqU=
408,417,7afCOWBH8VN8cQTBwpO3rk4cvrc=,xGIBC4d5UyAEmOO7VYQRet+LdqU=
411,431,7afCOWBH8VN8cQTBwpO3rk4cvrc=,xGIBC4d5UyAEmOO7VYQRet+LdqU=
405,431,7afCOWBH8VN8cQTBwpO3rk4cvrc=,xGIBC4d5UyAEmOO7VYQRet+LdqU=
407,431,7afCOWBH8VN8cQTBwpO3rk4cvrc=,xGIBC4d5UyAEmOO7VYQRet+LdqU=
415,416,7afCOWBH8VN8cQTBwpO3rk4cvrc=,xGIBC4d5UyAEmOO7VYQRet+LdqU=
402,431,7afCOWBH8VN8cQTBwpO3rk4cvrc=,xGIBC4d5UyAEmOO7VYQRet+LdqU=
403,431,7afCOWBH8VN8cQTBwpO3rk4cvrc=,xGIBC4d5UyAEmOO7VYQRet+LdqU=
400,431,7afCOWBH8VN8cQTBwpO3rk4cvrc=,xGIBC4d5UyAEmOO7VYQRet+LdqU=
415,430,7afCOWBH8VN8cQTBwpO3rk4cvrc=,xGIBC4d5UyAEmOO7VYQRet+LdqU=
401,431,7afCOWBH8VN8cQTBwpO3rk4cvrc=,xGIBC4d5UyAEmOO7VYQRet+LdqU=
414,430,7afCOWBH8VN8cQTBwpO3rk4cvrc=,xGIBC4d5UyAEmOO7VYQRet+LdqU=
413,430,7afCOWBH8VN8cQTBwpO3rk4cvrc=,xGIBC4d5UyAEmOO7VYQRet+LdqU=
412,430,7afCOWBH8VN8cQTBwpO3rk4cvrc=,xGIBC4d5UyAEmOO7VYQRet+LdqU=
411,430,7afCOWBH8VN8cQTBwpO3rk4cvrc=,xGIBC4d5UyAEmOO7VYQRet+LdqU=
410,430,7afCOWBH8VN8cQTBwpO3rk4cvrc=,xGIBC4d5UyAEmOO7VYQRet+LdqU=
409,431,7afCOWBH8VN8cQTBwpO3rk4cvrc=,xGIBC4d5UyAEmOO7VYQRet+LdqU=
412,431,7afCOWBH8VN8cQTBwpO3rk4cvrc=,xGIBC4d5UyAEmOO7VYQRet+LdqU=
408,431,7afCOWBH8VN8cQTBwpO3rk4cvrc=,xGIBC4d5UyAEmOO7VYQRet+LdqU=
406,431,7afCOWBH8VN8cQTBwpO3rk4cvrc=,xGIBC4d5UyAEmOO7VYQRet+LdqU=
405,430,7afCOWBH8VN8cQTBwpO3rk4cvrc=,xGIBC4d5UyAEmOO7VYQRet+LdqU=
404,430,7afCOWBH8VN8cQTBwpO3rk4cvrc=,xGIBC4d5UyAEmOO7VYQRet+LdqU=
403,430,7afCOWBH8VN8cQTBwpO3rk4cvrc=,xGIBC4d5UyAEmOO7VYQRet+LdqU=
402,430,7afCOWBH8VN8cQTBwpO3rk4cvrc=,xGIBC4d5UyAEmOO7VYQRet+LdqU=
411,417,7afCOWBH8VN8cQTBwpO3rk4cvrc=,xGIBC4d5UyAEmOO7VYQRet+LdqU=
400,430,7afCOWBH8VN8cQTBwpO3rk4cvrc=,xGIBC4d5UyAEmOO7VYQRet+LdqU=
404,431,7afCOWBH8VN8cQTBwpO3rk4cvrc=,xGIBC4d5UyAEmOO7VYQRet+LdqU=
401,430,7afCOWBH8VN8cQTBwpO3rk4cvrc=,xGIBC4d5UyAEmOO7VYQRet+LdqU=
415,429,7afCOWBH8VN8cQTBwpO3rk4cvrc=,xGIBC4d5UyAEmOO7VYQRet+LdqU=
414,429,7afCOWBH8VN8cQTBwpO3rk4cvrc=,xGIBC4d5UyAEmOO7VYQRet+LdqU=
413,429,7afCOWBH8VN8cQTBwpO3rk4cvrc=,xGIBC4d5UyAEmOO7VYQRet+LdqU=
412,429,7afCOWBH8VN8cQTBwpO3rk4cvrc=,xGIBC4d5UyAEmOO7VYQRet+LdqU=
409,430,7afCOWBH8VN8cQTBwpO3rk4cvrc=,xGIBC4d5UyAEmOO7VYQRet+LdqU=
408,430,7afCOWBH8VN8cQTBwpO3rk4cvrc=,xGIBC4d5UyAEmOO7VYQRet+LdqU=
409,429,7afCOWBH8VN8cQTBwpO3rk4cvrc=,xGIBC4d5UyAEmOO7VYQRet+LdqU=
407,430,7afCOWBH8VN8cQTBwpO3rk4cvrc=,xGIBC4d5UyAEmOO7VYQRet+LdqU=
406,430,7afCOWBH8VN8cQTBwpO3rk4cvrc=,xGIBC4d5UyAEmOO7VYQRet+LdqU=
412,417,7afCOWBH8VN8cQTBwpO3rk4cvrc=,xGIBC4d5UyAEmOO7VYQRet+LdqU=
413,417,7afCOWBH8VN8cQTBwpO3rk4cvrc=,xGIBC4d5UyAEmOO7VYQRet+LdqU=
401,416,7afCOWBH8VN8cQTBwpO3rk4cvrc=,xGIBC4d5UyAEmOO7VYQRet+LdqU=
414,416,7afCOWBH8VN8cQTBwpO3rk4cvrc=,xGIBC4d5UyAEmOO7VYQRet+LdqU=
405,429,7afCOWBH8VN8cQTBwpO3rk4cvrc=,xGIBC4d5UyAEmOO7VYQRet+LdqU=
411,429,7afCOWBH8VN8cQTBwpO3rk4cvrc=,xGIBC4d5UyAEmOO7VYQRet+LdqU=
403,429,7afCOWBH8VN8cQTBwpO3rk4cvrc=,xGIBC4d5UyAEmOO7VYQRet+LdqU=
410,429,7afCOWBH8VN8cQTBwpO3rk4cvrc=,xGIBC4d5UyAEmOO7VYQRet+LdqU=
402,429,7afCOWBH8VN8cQTBwpO3rk4cvrc=,xGIBC4d5UyAEmOO7VYQRet+LdqU=
401,429,7afCOWBH8VN8cQTBwpO3rk4cvrc=,xGIBC4d5UyAEmOO7VYQRet+LdqU=
400,429,7afCOWBH8VN8cQTBwpO3rk4cvrc=,xGIBC4d5UyAEmOO7VYQRet+LdqU=
413,416,7afCOWBH8VN8cQTBwpO3rk4cvrc=,xGIBC4d5UyAEmOO7VYQRet+LdqU=
415,428,7afCOWBH8VN8cQTBwpO3rk4cvrc=,xGIBC4d5UyAEmOO7VYQRet+LdqU=
414,428,7afCOWBH8VN8cQTBwpO3rk4cvrc=,xGIBC4d5UyAEmOO7VYQRet+LdqU=
408,429,7afCOWBH8VN8cQTBwpO3rk4cvrc=,xGIBC4d5UyAEmOO7VYQRet+LdqU=
407,429,7afCOWBH8VN8cQTBwpO3rk4cvrc=,xGIBC4d5UyAEmOO7VYQRet+LdqU=
414,417,7afCOWBH8VN8cQTBwpO3rk4cvrc=,xGIBC4d5UyAEmOO7VYQRet+LdqU=
406,429,7afCOWBH8VN8cQTBwpO3rk4cvrc=,xGIBC4d5UyAEmOO7VYQRet+LdqU=
404,429,7afCOWBH8VN8cQTBwpO3rk4cvrc=,xGIBC4d5UyAEmOO7VYQRet+LdqU=
411,428,7afCOWBH8VN8cQTBwpO3rk4cvrc=,xGIBC4d5UyAEmOO7VYQRet+LdqU=
415,417,7afCOWBH8VN8cQTBwpO3rk4cvrc=,xGIBC4d5UyAEmOO7VYQRet+LdqU=
402,416,7afCOWBH8VN8cQTBwpO3rk4cvrc=,xGIBC4d5UyAEmOO7VYQRet+LdqU=
400,418,7afCOWBH8VN8cQTBwpO3rk4cvrc=,xGIBC4d5UyAEmOO7VYQRet+LdqU=
401,418,7afCOWBH8VN8cQTBwpO3rk4cvrc=,xGIBC4d5UyAEmOO7VYQRet+LdqU=
402,418,7afCOWBH8VN8cQTBwpO3rk4cvrc=,xGIBC4d5UyAEmOO7VYQRet+LdqU=
403,418,7afCOWBH8VN8cQTBwpO3rk4cvrc=,xGIBC4d5UyAEmOO7VYQRet+LdqU=
404,418,7afCOWBH8VN8cQTBwpO3rk4cvrc=,xGIBC4d5UyAEmOO7VYQRet+LdqU=
405,418,7afCOWBH8VN8cQTBwpO3rk4cvrc=,xGIBC4d5UyAEmOO7VYQRet+LdqU=
406,418,7afCOWBH8VN8cQTBwpO3rk4cvrc=,xGIBC4d5UyAEmOO7VYQRet+LdqU=
407,418,7afCOWBH8VN8cQTBwpO3rk4cvrc=,xGIBC4d5UyAEmOO7VYQRet+LdqU=
408,418,7afCOWBH8VN8cQTBwpO3rk4cvrc=,xGIBC4d5UyAEmOO7VYQRet+LdqU=
409,418,7afCOWBH8VN8cQTBwpO3rk4cvrc=,xGIBC4d5UyAEmOO7VYQRet+LdqU=
412,428,7afCOWBH8VN8cQTBwpO3rk4cvrc=,xGIBC4d5UyAEmOO7VYQRet+LdqU=
413,428,7afCOWBH8VN8cQTBwpO3rk4cvrc=,xGIBC4d5UyAEmOO7VYQRet+LdqU=
410,428,7afCOWBH8VN8cQTBwpO3rk4cvrc=,xGIBC4d5UyAEmOO7VYQRet+LdqU=
404,428,7afCOWBH8VN8cQTBwpO3rk4cvrc=,xGIBC4d5UyAEmOO7VYQRet+LdqU=
403,428,7afCOWBH8VN8cQTBwpO3rk4cvrc=,xGIBC4d5UyAEmOO7VYQRet+LdqU=
402,428,7afCOWBH8VN8cQTBwpO3rk4cvrc=,xGIBC4d5UyAEmOO7VYQRet+LdqU=
401,428,7afCOWBH8VN8cQTBwpO3rk4cvrc=,xGIBC4d5UyAEmOO7VYQRet+LdqU=
409,428,7afCOWBH8VN8cQTBwpO3rk4cvrc=,xGIBC4d5UyAEmOO7VYQRet+LdqU=
400,428,7afCOWBH8VN8cQTBwpO3rk4cvrc=,xGIBC4d5UyAEmOO7VYQRet+LdqU=
415,427,7afCOWBH8VN8cQTBwpO3rk4cvrc=,xGIBC4d5UyAEmOO7VYQRet+LdqU=
408,428,7afCOWBH8VN8cQTBwpO3rk4cvrc=,xGIBC4d5UyAEmOO7VYQRet+LdqU=
413,427,7afCOWBH8VN8cQTBwpO3rk4cvrc=,xGIBC4d5UyAEmOO7VYQRet+LdqU=
410,418,7afCOWBH8VN8cQTBwpO3rk4cvrc=,xGIBC4d5UyAEmOO7VYQRet+LdqU=
405,428,7afCOWBH8VN8cQTBwpO3rk4cvrc=,xGIBC4d5UyAEmOO7VYQRet+LdqU=
411,418,7afCOWBH8VN8cQTBwpO3rk4cvrc=,xGIBC4d5UyAEmOO7VYQRet+LdqU=
407,428,7afCOWBH8VN8cQTBwpO3rk4cvrc=,xGIBC4d5UyAEmOO7VYQRet+LdqU=
406,428,7afCOWBH8VN8cQTBwpO3rk4cvrc=,xGIBC4d5UyAEmOO7VYQRet+LdqU=
412,418,7afCOWBH8VN8cQTBwpO3rk4cvrc=,xGIBC4d5UyAEmOO7VYQRet+LdqU=
412,416,7afCOWBH8VN8cQTBwpO3rk4cvrc=,xGIBC4d5UyAEmOO7VYQRet+LdqU=
404,427,7afCOWBH8VN8cQTBwpO3rk4cvrc=,xGIBC4d5UyAEmOO7VYQRet+LdqU=
403,427,7afCOWBH8VN8cQTBwpO3rk4cvrc=,xGIBC4d5UyAEmOO7VYQRet+LdqU=
402,427,7afCOWBH8VN8cQTBwpO3rk4cvrc=,xGIBC4d5UyAEmOO7VYQRet+LdqU=
401,427,7afCOWBH8VN8cQTBwpO3rk4cvrc=,xGIBC4d5UyAEmOO7VYQRet+LdqU=
400,427,7afCOWBH8VN8cQTBwpO3rk4cvrc=,xGIBC4d5UyAEmOO7VYQRet+LdqU=
411,416,7afCOWBH8VN8cQTBwpO3rk4cvrc=,xGIBC4d5UyAEmOO7VYQRet+LdqU=
415,426,7afCOWBH8VN8cQTBwpO3rk4cvrc=,xGIBC4d5UyAEmOO7VYQRet+LdqU=
414,427,7afCOWBH8VN8cQTBwpO3rk4cvrc=,xGIBC4d5UyAEmOO7VYQRet+LdqU=
410,427,7afCOWBH8VN8cQTBwpO3rk4cvrc=,xGIBC4d5UyAEmOO7VYQRet+LdqU=
412,426,7afCOWBH8VN8cQTBwpO3rk4cvrc=,xGIBC4d5UyAEmOO7VYQRet+LdqU=
407,427,7afCOWBH8VN8cQTBwpO3rk4cvrc=,xGIBC4d5UyAEmOO7VYQRet+LdqU=
408,427,7afCOWBH8VN8cQTBwpO3rk4cvrc=,xGIBC4d5UyAEmOO7VYQRet+LdqU=
413,418,7afCOWBH8VN8cQTBwpO3rk4cvrc=,xGIBC4d5UyAEmOO7VYQRet+LdqU=
411,426,7afCOWBH8VN8cQTBwpO3rk4cvrc=,xGIBC4d5UyAEmOO7VYQRet+LdqU=
410,426,7afCOWBH8VN8cQTBwpO3rk4cvrc=,xGIBC4d5UyAEmOO7VYQRet+LdqU=
412,427,7afCOWBH8VN8cQTBwpO3rk4cvrc=,xGIBC4d5UyAEmOO7VYQRet+LdqU=
409,426,7afCOWBH8VN8cQTBwpO3rk4cvrc=,xGIBC4d5UyAEmOO7VYQRet+LdqU=
414,418,7afCOWBH8VN8cQTBwpO3rk4cvrc=,xGIBC4d5UyAEmOO7VYQRet+LdqU=
406,426,7afCOWBH8VN8cQTBwpO3rk4cvrc=,xGIBC4d5UyAEmOO7VYQRet+LdqU=
413,426,7afCOWBH8VN8cQTBwpO3rk4cvrc=,xGIBC4d5UyAEmOO7VYQRet+LdqU=
411,427,7afCOWBH8VN8cQTBwpO3rk4cvrc=,xGIBC4d5UyAEmOO7VYQRet+LdqU=
407,426,7afCOWBH8VN8cQTBwpO3rk4cvrc=,xGIBC4d5UyAEmOO7VYQRet+LdqU=
403,416,7afCOWBH8VN8cQTBwpO3rk4cvrc=,xGIBC4d5UyAEmOO7VYQRet+LdqU=
400,419,7afCOWBH8VN8cQTBwpO3rk4cvrc=,xGIBC4d5UyAEmOO7VYQRet+LdqU=
401,419,7afCOWBH8VN8cQTBwpO3rk4cvrc=,xGIBC4d5UyAEmOO7VYQRet+LdqU=
402,419,7afCOWBH8VN8cQTBwpO3rk4cvrc=,xGIBC4d5UyAEmOO7VYQRet+LdqU=
403,419,7afCOWBH8VN8cQTBwpO3rk4cvrc=,xGIBC4d5UyAEmOO7VYQRet+LdqU=
404,419,7afCOWBH8VN8cQTBwpO3rk4cvrc=,xGIBC4d5UyAEmOO7VYQRet+LdqU=
405,419,7afCOWBH8VN8cQTBwpO3rk4cvrc=,xGIBC4d5UyAEmOO7VYQRet+LdqU=
406,419,7afCOWBH8VN8cQTBwpO3rk4cvrc=,xGIBC4d5UyAEmOO7VYQRet+LdqU=
407,419,7afCOWBH8VN8cQTBwpO3rk4cvrc=,xGIBC4d5UyAEmOO7VYQRet+LdqU=
408,419,7afCOWBH8VN8cQTBwpO3rk4cvrc=,xGIBC4d5UyAEmOO7VYQRet+LdqU=
408,426,7afCOWBH8VN8cQTBwpO3rk4cvrc=,xGIBC4d5UyAEmOO7VYQRet+LdqU=
409,419,7afCOWBH8VN8cQTBwpO3rk4cvrc=,xGIBC4d5UyAEmOO7VYQRet+LdqU=
405,426,7afCOWBH8VN8cQTBwpO3rk4cvrc=,xGIBC4d5UyAEmOO7VYQRet+LdqU=
409,427,7afCOWBH8VN8cQTBwpO3rk4cvrc=,xGIBC4d5UyAEmOO7VYQRet+LdqU=
413,419,7afCOWBH8VN8cQTBwpO3rk4cvrc=,xGIBC4d5UyAEmOO7VYQRet+LdqU=
414,419,7afCOWBH8VN8cQTBwpO3rk4cvrc=,xGIBC4d5UyAEmOO7VYQRet+LdqU=
415,418,7afCOWBH8VN8cQTBwpO3rk4cvrc=,xGIBC4d5UyAEmOO7VYQRet+LdqU=
404,416,7afCOWBH8VN8cQTBwpO3rk4cvrc=,xGIBC4d5UyAEmOO7VYQRet+LdqU=
400,420,7afCOWBH8VN8cQTBwpO3rk4cvrc=,xGIBC4d5UyAEmOO7VYQRet+LdqU=
401,420,7afCOWBH8VN8cQTBwpO3rk4cvrc=,xGIBC4d5UyAEmOO7VYQRet+LdqU=
402,420,7afCOWBH8VN8cQTBwpO3rk4cvrc=,xGIBC4d5UyAEmOO7VYQRet+LdqU=
403,420,7afCOWBH8VN8cQTBwpO3rk4cvrc=,xGIBC4d5UyAEmOO7VYQRet+LdqU=
404,420,7afCOWBH8VN8cQTBwpO3rk4cvrc=,xGIBC4d5UyAEmOO7VYQRet+LdqU=
405,420,7afCOWBH8VN8cQTBwpO3rk4cvrc=,xGIBC4d5UyAEmOO7VYQRet+LdqU=
406,420,7afCOWBH8VN8cQTBwpO3rk4cvrc=,xGIBC4d5UyAEmOO7VYQRet+LdqU=
407,420,7afCOWBH8VN8cQTBwpO3rk4cvrc=,xGIBC4d5UyAEmOO7VYQRet+LdqU=
410,419,7afCOWBH8VN8cQTBwpO3rk4cvrc=,xGIBC4d5UyAEmOO7VYQRet+LdqU=
411,419,7afCOWBH8VN8cQTBwpO3rk4cvrc=,xGIBC4d5UyAEmOO7VYQRet+LdqU=
415,419,7afCOWBH8VN8cQTBwpO3rk4cvrc=,xGIBC4d5UyAEmOO7VYQRet+LdqU=
412,419,7afCOWBH8VN8cQTBwpO3rk4cvrc=,xGIBC4d5UyAEmOO7VYQRet+LdqU=
408,420,7afCOWBH8VN8cQTBwpO3rk4cvrc=,xGIBC4d5UyAEmOO7VYQRet+LdqU=
410,420,7afCOWBH8VN8cQTBwpO3rk4cvrc=,xGIBC4d5UyAEmOO7VYQRet+LdqU=
409,420,7afCOWBH8VN8cQTBwpO3rk4cvrc=,xGIBC4d5UyAEmOO7VYQRet+LdqU=
405,427,7afCOWBH8VN8cQTBwpO3rk4cvrc=,xGIBC4d5UyAEmOO7VYQRet+LdqU=
405,416,7afCOWBH8VN8cQTBwpO3rk4cvrc=,xGIBC4d5UyAEmOO7VYQRet+LdqU=
405,421,7afCOWBH8VN8cQTBwpO3rk4cvrc=,xGIBC4d5UyAEmOO7VYQRet+LdqU=
406,427,7afCOWBH8VN8cQTBwpO3rk4cvrc=,xGIBC4d5UyAEmOO7VYQRet+LdqU=
411,420,7afCOWBH8VN8cQTBwpO3rk4cvrc=,xGIBC4d5UyAEmOO7VYQRet+LdqU=
406,421,7afCOWBH8VN8cQTBwpO3rk4cvrc=,xGIBC4d5UyAEmOO7VYQRet+LdqU=
413,420,7afCOWBH8VN8cQTBwpO3rk4cvrc=,xGIBC4d5UyAEmOO7VYQRet+LdqU=
409,421,7afCOWBH8VN8cQTBwpO3rk4cvrc=,xGIBC4d5UyAEmOO7VYQRet+LdqU=
412,421,7afCOWBH8VN8cQTBwpO3rk4cvrc=,xGIBC4d5UyAEmOO7VYQRet+LdqU=
412,420,7afCOWBH8VN8cQTBwpO3rk4cvrc=,xGIBC4d5UyAEmOO7VYQRet+LdqU=
414,420,7afCOWBH8VN8cQTBwpO3rk4cvrc=,xGIBC4d5UyAEmOO7VYQRet+LdqU=
415,420,7afCOWBH8VN8cQTBwpO3rk4cvrc=,xGIBC4d5UyAEmOO7VYQRet+LdqU=
408,421,7afCOWBH8VN8cQTBwpO3rk4cvrc=,xGIBC4d5UyAEmOO7VYQRet+LdqU=
413,421,7afCOWBH8VN8cQTBwpO3rk4cvrc=,xGIBC4d5UyAEmOO7VYQRet+LdqU=
401,422,7afCOWBH8VN8cQTBwpO3rk4cvrc=,xGIBC4d5UyAEmOO7VYQRet+LdqU=
406,416,7afCOWBH8VN8cQTBwpO3rk4cvrc=,xGIBC4d5UyAEmOO7VYQRet+LdqU=
400,422,7afCOWBH8VN8cQTBwpO3rk4cvrc=,xGIBC4d5UyAEmOO7VYQRet+LdqU=
404,422,7afCOWBH8VN8cQTBwpO3rk4cvrc=,xGIBC4d5UyAEmOO7VYQRet+LdqU=
402,422,7afCOWBH8VN8cQTBwpO3rk4cvrc=,xGIBC4d5UyAEmOO7VYQRet+LdqU=
403,422,7afCOWBH8VN8cQTBwpO3rk4cvrc=,xGIBC4d5UyAEmOO7VYQRet+LdqU=
405,422,7afCOWBH8VN8cQTBwpO3rk4cvrc=,xGIBC4d5UyAEmOO7VYQRet+LdqU=
407,421,7afCOWBH8VN8cQTBwpO3rk4cvrc=,xGIBC4d5UyAEmOO7VYQRet+LdqU=
411,421,7afCOWBH8VN8cQTBwpO3rk4cvrc=,xGIBC4d5UyAEmOO7VYQRet+LdqU=
415,421,7afCOWBH8VN8cQTBwpO3rk4cvrc=,xGIBC4d5UyAEmOO7VYQRet+LdqU=
410,421,7afCOWBH8VN8cQTBwpO3rk4cvrc=,xGIBC4d5UyAEmOO7VYQRet+LdqU=
406,422,7afCOWBH8VN8cQTBwpO3rk4cvrc=,xGIBC4d5UyAEmOO7VYQRet+LdqU=
414,421,7afCOWBH8VN8cQTBwpO3rk4cvrc=,xGIBC4d5UyAEmOO7VYQRet+LdqU=
410,422,7afCOWBH8VN8cQTBwpO3rk4cvrc=,xGIBC4d5UyAEmOO7VYQRet+LdqU=
408,422,7afCOWBH8VN8cQTBwpO3rk4cvrc=,xGIBC4d5UyAEmOO7VYQRet+LdqU=
413,422,7afCOWBH8VN8cQTBwpO3rk4cvrc=,xGIBC4d5UyAEmOO7VYQRet+LdqU=
407,422,7afCOWBH8VN8cQTBwpO3rk4cvrc=,xGIBC4d5UyAEmOO7VYQRet+LdqU=
407,416,7afCOWBH8VN8cQTBwpO3rk4cvrc=,xGIBC4d5UyAEmOO7VYQRet+LdqU=
400,423,7afCOWBH8VN8cQTBwpO3rk4cvrc=,xGIBC4d5UyAEmOO7VYQRet+LdqU=
401,423,7afCOWBH8VN8cQTBwpO3rk4cvrc=,xGIBC4d5UyAEmOO7VYQRet+LdqU=
402,423,7afCOWBH8VN8cQTBwpO3rk4cvrc=,xGIBC4d5UyAEmOO7VYQRet+LdqU=
403,423,7afCOWBH8VN8cQTBwpO3rk4cvrc=,xGIBC4d5UyAEmOO7VYQRet+LdqU=
404,423,7afCOWBH8VN8cQTBwpO3rk4cvrc=,xGIBC4d5UyAEmOO7VYQRet+LdqU=
409,422,7afCOWBH8VN8cQTBwpO3rk4cvrc=,xGIBC4d5UyAEmOO7VYQRet+LdqU=
415,422,7afCOWBH8VN8cQTBwpO3rk4cvrc=,xGIBC4d5UyAEmOO7VYQRet+LdqU=
405,423,7afCOWBH8VN8cQTBwpO3rk4cvrc=,xGIBC4d5UyAEmOO7VYQRet+LdqU=
408,423,7afCOWBH8VN8cQTBwpO3rk4cvrc=,xGIBC4d5UyAEmOO7VYQRet+LdqU=
411,422,7afCOWBH8VN8cQTBwpO3rk4cvrc=,xGIBC4d5UyAEmOO7VYQRet+LdqU=
412,422,7afCOWBH8VN8cQTBwpO3rk4cvrc=,xGIBC4d5UyAEmOO7VYQRet+LdqU=
406,423,7afCOWBH8VN8cQTBwpO3rk4cvrc=,xGIBC4d5UyAEmOO7VYQRet+LdqU=
414,422,7afCOWBH8VN8cQTBwpO3rk4cvrc=,xGIBC4d5UyAEmOO7VYQRet+LdqU=
409,423,7afCOWBH8VN8cQTBwpO3rk4cvrc=,xGIBC4d5UyAEmOO7VYQRet+LdqU=
413,423,7afCOWBH8VN8cQTBwpO3rk4cvrc=,xGIBC4d5UyAEmOO7VYQRet+LdqU=
407,423,7afCOWBH8VN8cQTBwpO3rk4cvrc=,xGIBC4d5UyAEmOO7VYQRet+LdqU=
408,416,7afCOWBH8VN8cQTBwpO3rk4cvrc=,xGIBC4d5UyAEmOO7VYQRet+LdqU=
401,424,7afCOWBH8VN8cQTBwpO3rk4cvrc=,xGIBC4d5UyAEmOO7VYQRet+LdqU=
400,424,7afCOWBH8VN8cQTBwpO3rk4cvrc=,xGIBC4d5UyAEmOO7VYQRet+LdqU=
402,424,7afCOWBH8VN8cQTBwpO3rk4cvrc=,xGIBC4d5UyAEmOO7VYQRet+LdqU=
403,424,7afCOWBH8VN8cQTBwpO3rk4cvrc=,xGIBC4d5UyAEmOO7VYQRet+LdqU=
414,423,7afCOWBH8VN8cQTBwpO3rk4cvrc=,xGIBC4d5UyAEmOO7VYQRet+LdqU=
406,424,7afCOWBH8VN8cQTBwpO3rk4cvrc=,xGIBC4d5UyAEmOO7VYQRet+LdqU=
415,423,7afCOWBH8VN8cQTBwpO3rk4cvrc=,xGIBC4d5UyAEmOO7VYQRet+LdqU=
411,423,7afCOWBH8VN8cQTBwpO3rk4cvrc=,xGIBC4d5UyAEmOO7VYQRet+LdqU=
414,426,7afCOWBH8VN8cQTBwpO3rk4cvrc=,xGIBC4d5UyAEmOO7VYQRet+LdqU=
412,423,7afCOWBH8VN8cQTBwpO3rk4cvrc=,xGIBC4d5UyAEmOO7VYQRet+LdqU=
405,424,7afCOWBH8VN8cQTBwpO3rk4cvrc=,xGIBC4d5UyAEmOO7VYQRet+LdqU=
404,424,7afCOWBH8VN8cQTBwpO3rk4cvrc=,xGIBC4d5UyAEmOO7VYQRet+LdqU=
412,424,7afCOWBH8VN8cQTBwpO3rk4cvrc=,xGIBC4d5UyAEmOO7VYQRet+LdqU=
413,424,7afCOWBH8VN8cQTBwpO3rk4cvrc=,xGIBC4d5UyAEmOO7VYQRet+LdqU=
414,424,7afCOWBH8VN8cQTBwpO3rk4cvrc=,xGIBC4d5UyAEmOO7VYQRet+LdqU=
409,416,7afCOWBH8VN8cQTBwpO3rk4cvrc=,xGIBC4d5UyAEmOO7VYQRet+LdqU=
411,424,7afCOWBH8VN8cQTBwpO3rk4cvrc=,xGIBC4d5UyAEmOO7VYQRet+LdqU=
400,425,7afCOWBH8VN8cQTBwpO3rk4cvrc=,xGIBC4d5UyAEmOO7VYQRet+LdqU=
402,425,7afCOWBH8VN8cQTBwpO3rk4cvrc=,xGIBC4d5UyAEmOO7VYQRet+LdqU=
401,425,7afCOWBH8VN8cQTBwpO3rk4cvrc=,xGIBC4d5UyAEmOO7VYQRet+LdqU=
403,425,7afCOWBH8VN8cQTBwpO3rk4cvrc=,xGIBC4d5UyAEmOO7VYQRet+LdqU=
409,424,7afCOWBH8VN8cQTBwpO3rk4cvrc=,xGIBC4d5UyAEmOO7VYQRet+LdqU=
407,424,7afCOWBH8VN8cQTBwpO3rk4cvrc=,xGIBC4d5UyAEmOO7VYQRet+LdqU=
408,424,7afCOWBH8VN8cQTBwpO3rk4cvrc=,xGIBC4d5UyAEmOO7VYQRet+LdqU=
410,424,7afCOWBH8VN8cQTBwpO3rk4cvrc=,xGIBC4d5UyAEmOO7VYQRet+LdqU=
415,424,7afCOWBH8VN8cQTBwpO3rk4cvrc=,xGIBC4d5UyAEmOO7VYQRet+LdqU=
404,425,7afCOWBH8VN8cQTBwpO3rk4cvrc=,xGIBC4d5UyAEmOO7VYQRet+LdqU=
409,425,7afCOWBH8VN8cQTBwpO3rk4cvrc=,xGIBC4d5UyAEmOO7VYQRet+LdqU=
405,425,7afCOWBH8VN8cQTBwpO3rk4cvrc=,xGIBC4d5UyAEmOO7VYQRet+LdqU=
406,425,7afCOWBH8VN8cQTBwpO3rk4cvrc=,xGIBC4d5UyAEmOO7VYQRet+LdqU=
407,425,7afCOWBH8VN8cQTBwpO3rk4cvrc=,xGIBC4d5UyAEmOO7VYQRet+LdqU=
413,425,7afCOWBH8VN8cQTBwpO3rk4cvrc=,xGIBC4d5UyAEmOO7VYQRet+LdqU=
410,425,7afCOWBH8VN8cQTBwpO3rk4cvrc=,xGIBC4d5UyAEmOO7VYQRet+LdqU=
401,426,7afCOWBH8VN8cQTBwpO3rk4cvrc=,xGIBC4d5UyAEmOO7VYQRet+LdqU=
410,416,7afCOWBH8VN8cQTBwpO3rk4cvrc=,xGIBC4d5UyAEmOO7VYQRet+LdqU=
400,426,7afCOWBH8VN8cQTBwpO3rk4cvrc=,xGIBC4d5UyAEmOO7VYQRet+LdqU=
402,426,7afCOWBH8VN8cQTBwpO3rk4cvrc=,xGIBC4d5UyAEmOO7VYQRet+LdqU=
408,425,7afCOWBH8VN8cQTBwpO3rk4cvrc=,xGIBC4d5UyAEmOO7VYQRet+LdqU=
403,426,7afCOWBH8VN8cQTBwpO3rk4cvrc=,xGIBC4d5UyAEmOO7VYQRet+LdqU=
411,425,7afCOWBH8VN8cQTBwpO3rk4cvrc=,xGIBC4d5UyAEmOO7VYQRet+LdqU=
410,423,7afCOWBH8VN8cQTBwpO3rk4cvrc=,xGIBC4d5UyAEmOO7VYQRet+LdqU=
415,425,7afCOWBH8VN8cQTBwpO3rk4cvrc=,xGIBC4d5UyAEmOO7VYQRet+LdqU=
412,425,7afCOWBH8VN8cQTBwpO3rk4cvrc=,xGIBC4d5UyAEmOO7VYQRet+LdqU=
414,425,7afCOWBH8VN8cQTBwpO3rk4cvrc=,xGIBC4d5UyAEmOO7VYQRet+LdqU=
404,426,7afCOWBH8VN8cQTBwpO3rk4cvrc=,xGIBC4d5UyAEmOO7VYQRet+LdqU=
400,421,7afCOWBH8VN8cQTBwpO3rk4cvrc=,xGIBC4d5UyAEmOO7VYQRet+LdqU=
402,421,7afCOWBH8VN8cQTBwpO3rk4cvrc=,xGIBC4d5UyAEmOO7VYQRet+LdqU=
403,421,7afCOWBH8VN8cQTBwpO3rk4cvrc=,xGIBC4d5UyAEmOO7VYQRet+LdqU=
404,421,7afCOWBH8VN8cQTBwpO3rk4cvrc=,xGIBC4d5UyAEmOO7VYQRet+LdqU=
401,421,7afCOWBH8VN8cQTBwpO3rk4cvrc=,xGIBC4d5UyAEmOO7VYQRet+LdqU=
399,432,hStsPSra93Z08Vfkkgu87EXwo/s=,xGIBC4d5UyAEmOO7VYQRet+LdqU=
397,447,4QfkQYsQuh2k8UiiNQzrS3nXboc=,xGIBC4d5UyAEmOO7VYQRet+LdqU=
395,447,4QfkQYsQuh2k8UiiNQzrS3nXboc=,xGIBC4d5UyAEmOO7VYQRet+LdqU=
394,447,4QfkQYsQuh2k8UiiNQzrS3nXboc=,xGIBC4d5UyAEmOO7VYQRet+LdqU=
398,447,4QfkQYsQuh2k8UiiNQzrS3nXboc=,xGIBC4d5UyAEmOO7VYQRet+LdqU=
390,447,4QfkQYsQuh2k8UiiNQzrS3nXboc=,xGIBC4d5UyAEmOO7VYQRet+LdqU=
384,432,4QfkQYsQuh2k8UiiNQzrS3nXboc=,xGIBC4d5UyAEmOO7VYQRet+LdqU=
399,447,4QfkQYsQuh2k8UiiNQzrS3nXboc=,xGIBC4d5UyAEmOO7VYQRet+LdqU=
396,447,4QfkQYsQuh2k8UiiNQzrS3nXboc=,xGIBC4d5UyAEmOO7VYQRet+LdqU=
393,447,4QfkQYsQuh2k8UiiNQzrS3nXboc=,xGIBC4d5UyAEmOO7VYQRet+LdqU=
389,447,4QfkQYsQuh2k8UiiNQzrS3nXboc=,xGIBC4d5UyAEmOO7VYQRet+LdqU=
398,432,4QfkQYsQuh2k8UiiNQzrS3nXboc=,xGIBC4d5UyAEmOO7VYQRet+LdqU=
392,447,4QfkQYsQuh2k8UiiNQzrS3nXboc=,xGIBC4d5UyAEmOO7VYQRet+LdqU=
386,447,4QfkQYsQuh2k8UiiNQzrS3nXboc=,xGIBC4d5UyAEmOO7VYQRet+LdqU=
388,447,4QfkQYsQuh2k8UiiNQzrS3nXboc=,xGIBC4d5UyAEmOO7VYQRet+LdqU=
387,447,4QfkQYsQuh2k8UiiNQzrS3nXboc=,xGIBC4d5UyAEmOO7VYQRet+LdqU=
391,447,4QfkQYsQuh2k8UiiNQzrS3nXboc=,xGIBC4d5UyAEmOO7VYQRet+LdqU=
395,446,4QfkQYsQuh2k8UiiNQzrS3nXboc=,xGIBC4d5UyAEmOO7VYQRet+LdqU=
396,446,4QfkQYsQuh2k8UiiNQzrS3nXboc=,xGIBC4d5UyAEmOO7VYQRet+LdqU=
394,446,4QfkQYsQuh2k8UiiNQzrS3nXboc=,xGIBC4d5UyAEmOO7VYQRet+LdqU=
384,447,4QfkQYsQuh2k8UiiNQzrS3nXboc=,xGIBC4d5UyAEmOO7VYQRet+LdqU=
384,433,4QfkQYsQuh2k8UiiNQzrS3nXboc=,xGIBC4d5UyAEmOO7VYQRet+LdqU=
397,446,4QfkQYsQuh2k8UiiNQzrS3nXboc=,xGIBC4d5UyAEmOO7VYQRet+LdqU=
398,446,4QfkQYsQuh2k8UiiNQzrS3nXboc=,xGIBC4d5UyAEmOO7VYQRet+LdqU=
385,433,4QfkQYsQuh2k8UiiNQzrS3nXboc=,xGIBC4d5UyAEmOO7VYQRet+LdqU=
385,447,4QfkQYsQuh2k8UiiNQzrS3nXboc=,xGIBC4d5UyAEmOO7VYQRet+LdqU=
391,446,4QfkQYsQuh2k8UiiNQzrS3nXboc=,xGIBC4d5UyAEmOO7VYQRet+LdqU=
387,446,4QfkQYsQuh2k8UiiNQzrS3nXboc=,xGIBC4d5UyAEmOO7VYQRet+LdqU=
393,446,4QfkQYsQuh2k8UiiNQzrS3nXboc=,xGIBC4d5UyAEmOO7VYQRet+LdqU=
392,446,4QfkQYsQuh2k8UiiNQzrS3nXboc=,xGIBC4d5UyAEmOO7VYQRet+LdqU=
397,432,4QfkQYsQuh2k8UiiNQzrS3nXboc=,xGIBC4d5UyAEmOO7VYQRet+LdqU=
390,446,4QfkQYsQuh2k8UiiNQzrS3nXboc=,xGIBC4d5UyAEmOO7VYQRet+LdqU=
386,433,4QfkQYsQuh2k8UiiNQzrS3nXboc=,xGIBC4d5UyAEmOO7VYQRet+LdqU=
387,433,4QfkQYsQuh2k8UiiNQzrS3nXboc=,xGIBC4d5UyAEmOO7VYQRet+LdqU=
388,433,4QfkQYsQuh2k8UiiNQzrS3nXboc=,xGIBC4d5UyAEmOO7VYQRet+LdqU=
389,433,4QfkQYsQuh2k8UiiNQzrS3nXboc=,xGIBC4d5UyAEmOO7VYQRet+LdqU=
390,433,4QfkQYsQuh2k8UiiNQzrS3nXboc=,xGIBC4d5UyAEmOO7VYQRet+LdqU=
392,433,4QfkQYsQuh2k8UiiNQzrS3nXboc=,xGIBC4d5UyAEmOO7VYQRet+LdqU=
391,433,4QfkQYsQuh2k8UiiNQzrS3nXboc=,xGIBC4d5UyAEmOO7VYQRet+LdqU=
394,433,4QfkQYsQuh2k8UiiNQzrS3nXboc=,xGIBC4d5UyAEmOO7VYQRet+LdqU=
393,433,4QfkQYsQuh2k8UiiNQzrS3nXboc=,xGIBC4d5UyAEmOO7VYQRet+LdqU=
395,433,4QfkQYsQuh2k8UiiNQzrS3nXboc=,xGIBC4d5UyAEmOO7VYQRet+LdqU=
396,433,4QfkQYsQuh2k8UiiNQzrS3nXboc=,xGIBC4d5UyAEmOO7VYQRet+LdqU=
397,433,4QfkQYsQuh2k8UiiNQzrS3nXboc=,xGIBC4d5UyAEmOO7VYQRet+LdqU=
398,433,4QfkQYsQuh2k8UiiNQzrS3nXboc=,xGIBC4d5UyAEmOO7VYQRet+LdqU=
399,433,4QfkQYsQuh2k8UiiNQzrS3nXboc=,xGIBC4d5UyAEmOO7VYQRet+LdqU=
389,446,4QfkQYsQuh2k8UiiNQzrS3nXboc=,xGIBC4d5UyAEmOO7VYQRet+LdqU=
398,445,4QfkQYsQuh2k8UiiNQzrS3nXboc=,xGIBC4d5UyAEmOO7VYQRet+LdqU=
388,446,4QfkQYsQuh2k8UiiNQzrS3nXboc=,xGIBC4d5UyAEmOO7VYQRet+LdqU=
384,434,4QfkQYsQuh2k8UiiNQzrS3nXboc=,xGIBC4d5UyAEmOO7VYQRet+LdqU=
385,432,4QfkQYsQuh2k8UiiNQzrS3nXboc=,xGIBC4d5UyAEmOO7VYQRet+LdqU=
386,446,4QfkQYsQuh2k8UiiNQzrS3nXboc=,xGIBC4d5UyAEmOO7VYQRet+LdqU=
399,445,4QfkQYsQuh2k8UiiNQzrS3nXboc=,xGIBC4d5UyAEmOO7VYQRet+LdqU=
385,446,4QfkQYsQuh2k8UiiNQzrS3nXboc=,xGIBC4d5UyAEmOO7VYQRet+LdqU=
399,446,4QfkQYsQuh2k8UiiNQzrS3nXboc=,xGIBC4d5UyAEmOO7VYQRet+LdqU=
396,445,4QfkQYsQuh2k8UiiNQzrS3nXboc=,xGIBC4d5UyAEmOO7VYQRet+LdqU=
395,445,4QfkQYsQuh2k8UiiNQzrS3nXboc=,xGIBC4d5UyAEmOO7VYQRet+LdqU=
384,446,4QfkQYsQuh2k8UiiNQzrS3nXboc=,xGIBC4d5UyAEmOO7VYQRet+LdqU=
397,445,4QfkQYsQuh2k8UiiNQzrS3nXboc=,xGIBC4d5UyAEmOO7VYQRet+LdqU=
394,445,4QfkQYsQuh2k8UiiNQzrS3nXboc=,xGIBC4d5UyAEmOO7VYQRet+LdqU=
393,445,4QfkQYsQuh2k8UiiNQzrS3nXboc=,xGIBC4d5UyAEmOO7VYQRet+LdqU=
391,445,4QfkQYsQuh2k8UiiNQzrS3nXboc=,xGIBC4d5UyAEmOO7VYQRet+LdqU=
392,445,4QfkQYsQuh2k8UiiNQzrS3nXboc=,xGIBC4d5UyAEmOO7VYQRet+LdqU=
396,432,4QfkQYsQuh2k8UiiNQzrS3nXboc=,xGIBC4d5UyAEmOO7VYQRet+LdqU=
390,445,4QfkQYsQuh2k8UiiNQzrS3nXboc=,xGIBC4d5UyAEmOO7VYQRet+LdqU=
389,445,4QfkQYsQuh2k8UiiNQzrS3nXboc=,xGIBC4d5UyAEmOO7VYQRet+LdqU=
387,445,4QfkQYsQuh2k8UiiNQzrS3nXboc=,xGIBC4d5UyAEmOO7VYQRet+LdqU=
397,444,4QfkQYsQuh2k8UiiNQzrS3nXboc=,xGIBC4d5UyAEmOO7VYQRet+LdqU=
388,445,4QfkQYsQuh2k8UiiNQzrS3nXboc=,xGIBC4d5UyAEmOO7VYQRet+LdqU=
386,445,4QfkQYsQuh2k8UiiNQzrS3nXboc=,xGIBC4d5UyAEmOO7VYQRet+LdqU=
394,444,4QfkQYsQuh2k8UiiNQzrS3nXboc=,xGIBC4d5UyAEmOO7VYQRet+LdqU=
396,444,4QfkQYsQuh2k8UiiNQzrS3nXboc=,xGIBC4d5UyAEmOO7VYQRet+LdqU=
399,444,4QfkQYsQuh2k8UiiNQzrS3nXboc=,xGIBC4d5UyAEmOO7VYQRet+LdqU=
398,444,4QfkQYsQuh2k8UiiNQzrS3nXboc=,xGIBC4d5UyAEmOO7VYQRet+LdqU=
393,444,4QfkQYsQuh2k8UiiNQzrS3nXboc=,xGIBC4d5UyAEmOO7VYQRet+LdqU=
384,445,4QfkQYsQuh2k8UiiNQzrS3nXboc=,xGIBC4d5UyAEmOO7VYQRet+LdqU=
395,444,4QfkQYsQuh2k8UiiNQzrS3nXboc=,xGIBC4d5UyAEmOO7VYQRet+LdqU=
385,434,4QfkQYsQuh2k8UiiNQzrS3nXboc=,xGIBC4d5UyAEmOO7VYQRet+LdqU=
391,444,4QfkQYsQuh2k8UiiNQzrS3nXboc=,xGIBC4d5UyAEmOO7VYQRet+LdqU=
392,444,4QfkQYsQuh2k8UiiNQzrS3nXboc=,xGIBC4d5UyAEmOO7VYQRet+LdqU=
395,432,4QfkQYsQuh2k8UiiNQzrS3nXboc=,xGIBC4d5UyAEmOO7VYQRet+LdqU=
390,444,4QfkQYsQuh2k8UiiNQzrS3nXboc=,xGIBC4d5UyAEmOO7VYQRet+LdqU=
399,443,4QfkQYsQuh2k8UiiNQzrS3nXboc=,xGIBC4d5UyAEmOO7VYQRet+LdqU=
389,444,4QfkQYsQuh2k8UiiNQzrS3nXboc=,xGIBC4d5UyAEmOO7VYQRet+LdqU=
387,444,4QfkQYsQuh2k8UiiNQzrS3nXboc=,xGIBC4d5UyAEmOO7VYQRet+LdqU=
386,434,4QfkQYsQuh2k8UiiNQzrS3nXboc=,xGIBC4d5UyAEmOO7VYQRet+LdqU=
387,434,4QfkQYsQuh2k8UiiNQzrS3nXboc=,xGIBC4d5UyAEmOO7VYQRet+LdqU=
388,444,4QfkQYsQuh2k8UiiNQzrS3nXboc=,xGIBC4d5UyAEmOO7VYQRet+LdqU=
384,444,4QfkQYsQuh2k8UiiNQzrS3nXboc=,xGIBC4d5UyAEmOO7VYQRet+LdqU=
395,443,4QfkQYsQuh2k8UiiNQzrS3nXboc=,xGIBC4d5UyAEmOO7VYQRet+LdqU=
385,445,4QfkQYsQuh2k8UiiNQzrS3nXboc=,xGIBC4d5UyAEmOO7VYQRet+LdqU=
397,443,4QfkQYsQuh2k8UiiNQzrS3nXboc=,xGIBC4d5UyAEmOO7VYQRet+LdqU=
386,444,4QfkQYsQuh2k8UiiNQzrS3nXboc=,xGIBC4d5UyAEmOO7VYQRet+LdqU=
385,444,4QfkQYsQuh2k8UiiNQzrS3nXboc=,xGIBC4d5UyAEmOO7VYQRet+LdqU=
398,443,4QfkQYsQuh2k8UiiNQzrS3nXboc=,xGIBC4d5UyAEmOO7VYQRet+LdqU=
396,443,4QfkQYsQuh2k8UiiNQzrS3nXboc=,xGIBC4d5UyAEmOO7VYQRet+LdqU=
389,443,4QfkQYsQuh2k8UiiNQzrS3nXboc=,xGIBC4d5UyAEmOO7VYQRet+LdqU=
392,443,4QfkQYsQuh2k8UiiNQzrS3nXboc=,xGIBC4d5UyAEmOO7VYQRet+LdqU=
393,443,4QfkQYsQuh2k8UiiNQzrS3nXboc=,xGIBC4d5UyAEmOO7VYQRet+LdqU=
394,443,4QfkQYsQuh2k8UiiNQzrS3nXboc=,xGIBC4d5UyAEmOO7VYQRet+LdqU=
394,432,4QfkQYsQuh2k8UiiNQzrS3nXboc=,xGIBC4d5UyAEmOO7VYQRet+LdqU=
391,443,4QfkQYsQuh2k8UiiNQzrS3nXboc=,xGIBC4d5UyAEmOO7VYQRet+LdqU=
388,443,4QfkQYsQuh2k8UiiNQzrS3nXboc=,xGIBC4d5UyAEmOO7VYQRet+LdqU=
398,442,4QfkQYsQuh2k8UiiNQzrS3nXboc=,xGIBC4d5UyAEmOO7VYQRet+LdqU=
397,442,4QfkQYsQuh2k8UiiNQzrS3nXboc=,xGIBC4d5UyAEmOO7VYQRet+LdqU=
396,442,4QfkQYsQuh2k8UiiNQzrS3nXboc=,xGIBC4d5UyAEmOO7VYQRet+LdqU=
395,442,4QfkQYsQuh2k8UiiNQzrS3nXboc=,xGIBC4d5UyAEmOO7VYQRet+LdqU=
394,442,4QfkQYsQuh2k8UiiNQzrS3nXboc=,xGIBC4d5UyAEmOO7VYQRet+LdqU=
393,442,4QfkQYsQuh2k8UiiNQzrS3nXboc=,xGIBC4d5UyAEmOO7VYQRet+LdqU=
390,443,4QfkQYsQuh2k8UiiNQzrS3nXboc=,xGIBC4d5UyAEmOO7VYQRet+LdqU=
386,443,4QfkQYsQuh2k8UiiNQzrS3nXboc=,xGIBC4d5UyAEmOO7VYQRet+LdqU=
387,443,4QfkQYsQuh2k8UiiNQzrS3nXboc=,xGIBC4d5UyAEmOO7VYQRet+LdqU=
392,442,4QfkQYsQuh2k8UiiNQzrS3nXboc=,xGIBC4d5UyAEmOO7VYQRet+LdqU=
385,443,4QfkQYsQuh2k8UiiNQzrS3nXboc=,xGIBC4d5UyAEmOO7VYQRet+LdqU=
388,442,4QfkQYsQuh2k8UiiNQzrS3nXboc=,xGIBC4d5UyAEmOO7VYQRet+LdqU=
389,442,4QfkQYsQuh2k8UiiNQzrS3nXboc=,xGIBC4d5UyAEmOO7VYQRet+LdqU=
391,442,4QfkQYsQuh2k8UiiNQzrS3nXboc=,xGIBC4d5UyAEmOO7VYQRet+LdqU=
393,432,4QfkQYsQuh2k8UiiNQzrS3nXboc=,xGIBC4d5UyAEmOO7VYQRet+LdqU=
384,443,4QfkQYsQuh2k8UiiNQzrS3nXboc=,xGIBC4d5UyAEmOO7VYQRet+LdqU=
399,441,4QfkQYsQuh2k8UiiNQzrS3nXboc=,xGIBC4d5UyAEmOO7VYQRet+LdqU=
398,441,4QfkQYsQuh2k8UiiNQzrS3nXboc=,xGIBC4d5UyAEmOO7VYQRet+LdqU=
397,441,4QfkQYsQuh2k8UiiNQzrS3nXboc=,xGIBC4d5UyAEmOO7VYQRet+LdqU=
396,441,4QfkQYsQuh2k8UiiNQzrS3nXboc=,xGIBC4d5UyAEmOO7VYQRet+LdqU=
395,441,4QfkQYsQuh2k8UiiNQzrS3nXboc=,xGIBC4d5UyAEmOO7VYQRet+LdqU=
394,441,4QfkQYsQuh2k8UiiNQzrS3nXboc=,xGIBC4d5UyAEmOO7VYQRet+LdqU=
393,441,4QfkQYsQuh2k8UiiNQzrS3nXboc=,xGIBC4d5UyAEmOO7VYQRet+LdqU=
399,442,4QfkQYsQuh2k8UiiNQzrS3nXboc=,xGIBC4d5UyAEmOO7VYQRet+LdqU=
391,441,4QfkQYsQuh2k8UiiNQzrS3nXboc=,xGIBC4d5UyAEmOO7VYQRet+LdqU=
390,441,4QfkQYsQuh2k8UiiNQzrS3nXboc=,xGIBC4d5UyAEmOO7VYQRet+LdqU=
385,442,4QfkQYsQuh2k8UiiNQzrS3nXboc=,xGIBC4d5UyAEmOO7VYQRet+LdqU=
389,441,4QfkQYsQuh2k8UiiNQzrS3nXboc=,xGIBC4d5UyAEmOO7VYQRet+LdqU=
387,441,4QfkQYsQuh2k8UiiNQzrS3nXboc=,xGIBC4d5UyAEmOO7VYQRet+LdqU=
390,442,4QfkQYsQuh2k8UiiNQzrS3nXboc=,xGIBC4d5UyAEmOO7VYQRet+LdqU=
388,434,4QfkQYsQuh2k8UiiNQzrS3nXboc=,xGIBC4d5UyAEmOO7VYQRet+LdqU=
389,434,4QfkQYsQuh2k8UiiNQzrS3nXboc=,xGIBC4d5UyAEmOO7VYQRet+LdqU=
390,434,4QfkQYsQuh2k8UiiNQzrS3nXboc=,xGIBC4d5UyAEmOO7VYQRet+LdqU=
391,434,4QfkQYsQuh2k8UiiNQzrS3nXboc=,xGIBC4d5UyAEmOO7VYQRet+LdqU=
392,434,4QfkQYsQuh2k8UiiNQzrS3nXboc=,xGIBC4d5UyAEmOO7VYQRet+LdqU=
393,434,4QfkQYsQuh2k8UiiNQzrS3nXboc=,xGIBC4d5UyAEmOO7VYQRet+LdqU=
394,434,4QfkQYsQuh2k8UiiNQzrS3nXboc=,xGIBC4d5UyAEmOO7VYQRet+LdqU=
395,434,4QfkQYsQuh2k8UiiNQzrS3nXboc=,xGIBC4d5UyAEmOO7VYQRet+LdqU=
396,434,4QfkQYsQuh2k8UiiNQzrS3nXboc=,xGIBC4d5UyAEmOO7VYQRet+LdqU=
397,434,4QfkQYsQuh2k8UiiNQzrS3nXboc=,xGIBC4d5UyAEmOO7VYQRet+LdqU=
398,434,4QfkQYsQuh2k8UiiNQzrS3nXboc=,xGIBC4d5UyAEmOO7VYQRet+LdqU=
399,434,4QfkQYsQuh2k8UiiNQzrS3nXboc=,xGIBC4d5UyAEmOO7VYQRet+LdqU=
385,441,4QfkQYsQuh2k8UiiNQzrS3nXboc=,xGIBC4d5UyAEmOO7VYQRet+LdqU=
392,432,4QfkQYsQuh2k8UiiNQzrS3nXboc=,xGIBC4d5UyAEmOO7VYQRet+LdqU=
384,441,4QfkQYsQuh2k8UiiNQzrS3nXboc=,xGIBC4d5UyAEmOO7VYQRet+LdqU=
399,440,4QfkQYsQuh2k8UiiNQzrS3nXboc=,xGIBC4d5UyAEmOO7VYQRet+LdqU=
398,440,4QfkQYsQuh2k8UiiNQzrS3nXboc=,xGIBC4d5UyAEmOO7VYQRet+LdqU=
397,440,4QfkQYsQuh2k8UiiNQzrS3nXboc=,xGIBC4d5UyAEmOO7VYQRet+LdqU=
396,440,4QfkQYsQuh2k8UiiNQzrS3nXboc=,xGIBC4d5UyAEmOO7VYQRet+LdqU=
395,440,4QfkQYsQuh2k8UiiNQzrS3nXboc=,xGIBC4d5UyAEmOO7VYQRet+LdqU=
394,440,4QfkQYsQuh2k8UiiNQzrS3nXboc=,xGIBC4d5UyAEmOO7VYQRet+LdqU=
393,440,4QfkQYsQuh2k8UiiNQzrS3nXboc=,xGIBC4d5UyAEmOO7VYQRet+LdqU=
392,440,4QfkQYsQuh2k8UiiNQzrS3nXboc=,xGIBC4d5UyAEmOO7VYQRet+LdqU=
391,440,4QfkQYsQuh2k8UiiNQzrS3nXboc=,xGIBC4d5UyAEmOO7VYQRet+LdqU=
386,441,4QfkQYsQuh2k8UiiNQzrS3nXboc=,xGIBC4d5UyAEmOO7VYQRet+LdqU=
389,440,4QfkQYsQuh2k8UiiNQzrS3nXboc=,xGIBC4d5UyAEmOO7VYQRet+LdqU=
388,440,4QfkQYsQuh2k8UiiNQzrS3nXboc=,xGIBC4d5UyAEmOO7VYQRet+LdqU=
386,440,4QfkQYsQuh2k8UiiNQzrS3nXboc=,xGIBC4d5UyAEmOO7VYQRet+LdqU=
387,440,4QfkQYsQuh2k8UiiNQzrS3nXboc=,xGIBC4d5UyAEmOO7VYQRet+LdqU=
386,442,4QfkQYsQuh2k8UiiNQzrS3nXboc=,xGIBC4d5UyAEmOO7VYQRet+LdqU=
384,442,4QfkQYsQuh2k8UiiNQzrS3nXboc=,xGIBC4d5UyAEmOO7VYQRet+LdqU=
391,432,4QfkQYsQuh2k8UiiNQzrS3nXboc=,xGIBC4d5UyAEmOO7VYQRet+LdqU=
399,439,4QfkQYsQuh2k8UiiNQzrS3nXboc=,xGIBC4d5UyAEmOO7VYQRet+LdqU=
398,439,4QfkQYsQuh2k8UiiNQzrS3nXboc=,xGIBC4d5UyAEmOO7VYQRet+LdqU=
397,439,4QfkQYsQuh2k8UiiNQzrS3nXboc=,xGIBC4d5UyAEmOO7VYQRet+LdqU=
396,439,4QfkQYsQuh2k8UiiNQzrS3nXboc=,xGIBC4d5UyAEmOO7VYQRet+LdqU=
395,439,4QfkQYsQuh2k8UiiNQzrS3nXboc=,xGIBC4d5UyAEmOO7VYQRet+LdqU=
394,439,4QfkQYsQuh2k8UiiNQzrS3nXboc=,xGIBC4d5UyAEmOO7VYQRet+LdqU=
393,439,4QfkQYsQuh2k8UiiNQzrS3nXboc=,xGIBC4d5UyAEmOO7VYQRet+LdqU=
392,439,4QfkQYsQuh2k8UiiNQzrS3nXboc=,xGIBC4d5UyAEmOO7VYQRet+LdqU=
391,439,4QfkQYsQuh2k8UiiNQzrS3nXboc=,xGIBC4d5UyAEmOO7VYQRet+LdqU=
390,439,4QfkQYsQuh2k8UiiNQzrS3nXboc=,xGIBC4d5UyAEmOO7VYQRet+LdqU=
389,439,4QfkQYsQuh2k8UiiNQzrS3nXboc=,xGIBC4d5UyAEmOO7VYQRet+LdqU=
388,439,4QfkQYsQuh2k8UiiNQzrS3nXboc=,xGIBC4d5UyAEmOO7VYQRet+LdqU=
385,440,4QfkQYsQuh2k8UiiNQzrS3nXboc=,xGIBC4d5UyAEmOO7VYQRet+LdqU=
388,441,4QfkQYsQuh2k8UiiNQzrS3nXboc=,xGIBC4d5UyAEmOO7VYQRet+LdqU=
385,439,4QfkQYsQuh2k8UiiNQzrS3nXboc=,xGIBC4d5UyAEmOO7VYQRet+LdqU=
390,432,4QfkQYsQuh2k8UiiNQzrS3nXboc=,xGIBC4d5UyAEmOO7VYQRet+LdqU=
392,441,4QfkQYsQuh2k8UiiNQzrS3nXboc=,xGIBC4d5UyAEmOO7VYQRet+LdqU=
399,438,4QfkQYsQuh2k8UiiNQzrS3nXboc=,xGIBC4d5UyAEmOO7VYQRet+LdqU=
398,438,4QfkQYsQuh2k8UiiNQzrS3nXboc=,xGIBC4d5UyAEmOO7VYQRet+LdqU=
397,438,4QfkQYsQuh2k8UiiNQzrS3nXboc=,xGIBC4d5UyAEmOO7VYQRet+LdqU=
396,438,4QfkQYsQuh2k8UiiNQzrS3nXboc=,xGIBC4d5UyAEmOO7VYQRet+LdqU=
395,438,4QfkQYsQuh2k8UiiNQzrS3nXboc=,xGIBC4d5UyAEmOO7VYQRet+LdqU=
394,438,4QfkQYsQuh2k8UiiNQzrS3nXboc=,xGIBC4d5UyAEmOO7VYQRet+LdqU=
393,438,4QfkQYsQuh2k8UiiNQzrS3nXboc=,xGIBC4d5UyAEmOO7VYQRet+LdqU=
392,438,4QfkQYsQuh2k8UiiNQzrS3nXboc=,xGIBC4d5UyAEmOO7VYQRet+LdqU=
391,438,4QfkQYsQuh2k8UiiNQzrS3nXboc=,xGIBC4d5UyAEmOO7VYQRet+LdqU=
387,439,4QfkQYsQuh2k8UiiNQzrS3nXboc=,xGIBC4d5UyAEmOO7VYQRet+LdqU=
384,439,4QfkQYsQuh2k8UiiNQzrS3nXboc=,xGIBC4d5UyAEmOO7VYQRet+LdqU=
386,439,4QfkQYsQuh2k8UiiNQzrS3nXboc=,xGIBC4d5UyAEmOO7VYQRet+LdqU=
388,438,4QfkQYsQuh2k8UiiNQzrS3nXboc=,xGIBC4d5UyAEmOO7VYQRet+LdqU=
390,440,4QfkQYsQuh2k8UiiNQzrS3nXboc=,xGIBC4d5UyAEmOO7VYQRet+LdqU=
385,438,4QfkQYsQuh2k8UiiNQzrS3nXboc=,xGIBC4d5UyAEmOO7VYQRet+LdqU=
389,432,4QfkQYsQuh2k8UiiNQzrS3nXboc=,xGIBC4d5UyAEmOO7VYQRet+LdqU=
384,440,4QfkQYsQuh2k8UiiNQzrS3nXboc=,xGIBC4d5UyAEmOO7VYQRet+LdqU=
399,437,4QfkQYsQuh2k8UiiNQzrS3nXboc=,xGIBC4d5UyAEmOO7VYQRet+LdqU=
398,437,4QfkQYsQuh2k8UiiNQzrS3nXboc=,xGIBC4d5UyAEmOO7VYQRet+LdqU=
397,437,4QfkQYsQuh2k8UiiNQzrS3nXboc=,xGIBC4d5UyAEmOO7VYQRet+LdqU=
396,437,4QfkQYsQuh2k8UiiNQzrS3nXboc=,xGIBC4d5UyAEmOO7VYQRet+LdqU=
395,437,4QfkQYsQuh2k8UiiNQzrS3nXboc=,xGIBC4d5UyAEmOO7VYQRet+LdqU=
394,437,4QfkQYsQuh2k8UiiNQzrS3nXboc=,xGIBC4d5UyAEmOO7VYQRet+LdqU=
393,437,4QfkQYsQuh2k8UiiNQzrS3nXboc=,xGIBC4d5UyAEmOO7VYQRet+LdqU=
392,437,4QfkQYsQuh2k8UiiNQzrS3nXboc=,xGIBC4d5UyAEmOO7VYQRet+LdqU=
391,437,4QfkQYsQuh2k8UiiNQzrS3nXboc=,xGIBC4d5UyAEmOO7VYQRet+LdqU=
387,438,4QfkQYsQuh2k8UiiNQzrS3nXboc=,xGIBC4d5UyAEmOO7VYQRet+LdqU=
388,437,4QfkQYsQuh2k8UiiNQzrS3nXboc=,xGIBC4d5UyAEmOO7VYQRet+LdqU=
386,438,4QfkQYsQuh2k8UiiNQzrS3nXboc=,xGIBC4d5UyAEmOO7VYQRet+LdqU=
386,437,4QfkQYsQuh2k8UiiNQzrS3nXboc=,xGIBC4d5UyAEmOO7VYQRet+LdqU=
384,438,4QfkQYsQuh2k8UiiNQzrS3nXboc=,xGIBC4d5UyAEmOO7VYQRet+LdqU=
385,437,4QfkQYsQuh2k8UiiNQzrS3nXboc=,xGIBC4d5UyAEmOO7VYQRet+LdqU=
388,432,4QfkQYsQuh2k8UiiNQzrS3nXboc=,xGIBC4d5UyAEmOO7VYQRet+LdqU=
390,438,4QfkQYsQuh2k8UiiNQzrS3nXboc=,xGIBC4d5UyAEmOO7VYQRet+LdqU=
399,436,4QfkQYsQuh2k8UiiNQzrS3nXboc=,xGIBC4d5UyAEmOO7VYQRet+LdqU=
398,436,4QfkQYsQuh2k8UiiNQzrS3nXboc=,xGIBC4d5UyAEmOO7VYQRet+LdqU=
397,436,4QfkQYsQuh2k8UiiNQzrS3nXboc=,xGIBC4d5UyAEmOO7VYQRet+LdqU=
396,436,4QfkQYsQuh2k8UiiNQzrS3nXboc=,xGIBC4d5UyAEmOO7VYQRet+LdqU=
395,436,4QfkQYsQuh2k8UiiNQzrS3nXboc=,xGIBC4d5UyAEmOO7VYQRet+LdqU=
394,436,4QfkQYsQuh2k8UiiNQzrS3nXboc=,xGIBC4d5UyAEmOO7VYQRet+LdqU=
393,436,4QfkQYsQuh2k8UiiNQzrS3nXboc=,xGIBC4d5UyAEmOO7VYQRet+LdqU=
392,436,4QfkQYsQuh2k8UiiNQzrS3nXboc=,xGIBC4d5UyAEmOO7VYQRet+LdqU=
391,436,4QfkQYsQuh2k8UiiNQzrS3nXboc=,xGIBC4d5UyAEmOO7VYQRet+LdqU=
390,436,4QfkQYsQuh2k8UiiNQzrS3nXboc=,xGIBC4d5UyAEmOO7VYQRet+LdqU=
389,436,4QfkQYsQuh2k8UiiNQzrS3nXboc=,xGIBC4d5UyAEmOO7VYQRet+LdqU=
390,437,4QfkQYsQuh2k8UiiNQzrS3nXboc=,xGIBC4d5UyAEmOO7VYQRet+LdqU=
387,442,4QfkQYsQuh2k8UiiNQzrS3nXboc=,xGIBC4d5UyAEmOO7VYQRet+LdqU=
389,438,4QfkQYsQuh2k8UiiNQzrS3nXboc=,xGIBC4d5UyAEmOO7VYQRet+LdqU=
384,437,4QfkQYsQuh2k8UiiNQzrS3nXboc=,xGIBC4d5UyAEmOO7VYQRet+LdqU=
387,432,4QfkQYsQuh2k8UiiNQzrS3nXboc=,xGIBC4d5UyAEmOO7VYQRet+LdqU=
387,437,4QfkQYsQuh2k8UiiNQzrS3nXboc=,xGIBC4d5UyAEmOO7VYQRet+LdqU=
399,435,4QfkQYsQuh2k8UiiNQzrS3nXboc=,xGIBC4d5UyAEmOO7VYQRet+LdqU=
398,435,4QfkQYsQuh2k8UiiNQzrS3nXboc=,xGIBC4d5UyAEmOO7VYQRet+LdqU=
397,435,4QfkQYsQuh2k8UiiNQzrS3nXboc=,xGIBC4d5UyAEmOO7VYQRet+LdqU=
396,435,4QfkQYsQuh2k8UiiNQzrS3nXboc=,xGIBC4d5UyAEmOO7VYQRet+LdqU=
395,435,4QfkQYsQuh2k8UiiNQzrS3nXboc=,xGIBC4d5UyAEmOO7VYQRet+LdqU=
394,435,4QfkQYsQuh2k8UiiNQzrS3nXboc=,xGIBC4d5UyAEmOO7VYQRet+LdqU=
393,435,4QfkQYsQuh2k8UiiNQzrS3nXboc=,xGIBC4d5UyAEmOO7VYQRet+LdqU=
392,435,4QfkQYsQuh2k8UiiNQzrS3nXboc=,xGIBC4d5UyAEmOO7VYQRet+LdqU=
390,435,4QfkQYsQuh2k8UiiNQzrS3nXboc=,xGIBC4d5UyAEmOO7VYQRet+LdqU=
391,435,4QfkQYsQuh2k8UiiNQzrS3nXboc=,xGIBC4d5UyAEmOO7VYQRet+LdqU=
389,435,4QfkQYsQuh2k8UiiNQzrS3nXboc=,xGIBC4d5UyAEmOO7VYQRet+LdqU=
389,437,4QfkQYsQuh2k8UiiNQzrS3nXboc=,xGIBC4d5UyAEmOO7VYQRet+LdqU=
385,436,4QfkQYsQuh2k8UiiNQzrS3nXboc=,xGIBC4d5UyAEmOO7VYQRet+LdqU=
386,436,4QfkQYsQuh2k8UiiNQzrS3nXboc=,xGIBC4d5UyAEmOO7VYQRet+LdqU=
388,436,4QfkQYsQuh2k8UiiNQzrS3nXboc=,xGIBC4d5UyAEmOO7VYQRet+LdqU=
386,432,4QfkQYsQuh2k8UiiNQzrS3nXboc=,xGIBC4d5UyAEmOO7VYQRet+LdqU=
384,436,4QfkQYsQuh2k8UiiNQzrS3nXboc=,xGIBC4d5UyAEmOO7VYQRet+LdqU=
388,435,4QfkQYsQuh2k8UiiNQzrS3nXboc=,xGIBC4d5UyAEmOO7VYQRet+LdqU=
384,435,4QfkQYsQuh2k8UiiNQzrS3nXboc=,xGIBC4d5UyAEmOO7VYQRet+LdqU=
387,436,4QfkQYsQuh2k8UiiNQzrS3nXboc=,xGIBC4d5UyAEmOO7VYQRet+LdqU=
387,435,4QfkQYsQuh2k8UiiNQzrS3nXboc=,xGIBC4d5UyAEmOO7VYQRet+LdqU=
386,435,4QfkQYsQuh2k8UiiNQzrS3nXboc=,xGIBC4d5UyAEmOO7VYQRet+LdqU=
385,435,4QfkQYsQuh2k8UiiNQzrS3nXboc=,xGIBC4d5UyAEmOO7VYQRet+LdqU=
415,447,ktFQ4ww3oSUk28SI0xU6PCwHUA4=,xGIBC4d5UyAEmOO7VYQRet+LdqU=
414,447,ktFQ4ww3oSUk28SI0xU6PCwHUA4=,xGIBC4d5UyAEmOO7VYQRet+LdqU=
415,432,ktFQ4ww3oSUk28SI0xU6PCwHUA4=,xGIBC4d5UyAEmOO7VYQRet+LdqU=
413,432,ktFQ4ww3oSUk28SI0xU6PCwHUA4=,xGIBC4d5UyAEmOO7VYQRet+LdqU=
414,432,ktFQ4ww3oSUk28SI0xU6PCwHUA4=,xGIBC4d5UyAEmOO7VYQRet+LdqU=
409,432,ktFQ4ww3oSUk28SI0xU6PCwHUA4=,xGIBC4d5UyAEmOO7VYQRet+LdqU=
400,433,ktFQ4ww3oSUk28SI0xU6PCwHUA4=,xGIBC4d5UyAEmOO7VYQRet+LdqU=
401,433,ktFQ4ww3oSUk28SI0xU6PCwHUA4=,xGIBC4d5UyAEmOO7VYQRet+LdqU=
403,433,ktFQ4ww3oSUk28SI0xU6PCwHUA4=,xGIBC4d5UyAEmOO7VYQRet+LdqU=
402,433,ktFQ4ww3oSUk28SI0xU6PCwHUA4=,xGIBC4d5UyAEmOO7VYQRet+LdqU=
402,432,ktFQ4ww3oSUk28SI0xU6PCwHUA4=,xGIBC4d5UyAEmOO7VYQRet+LdqU=
404,432,ktFQ4ww3oSUk28SI0xU6PCwHUA4=,xGIBC4d5UyAEmOO7VYQRet+LdqU=
401,432,ktFQ4ww3oSUk28SI0xU6PCwHUA4=,xGIBC4d5UyAEmOO7VYQRet+LdqU=
403,432,ktFQ4ww3oSUk28SI0xU6PCwHUA4=,xGIBC4d5UyAEmOO7VYQRet+LdqU=
412,447,ktFQ4ww3oSUk28SI0xU6PCwHUA4=,xGIBC4d5UyAEmOO7VYQRet+LdqU=
413,447,ktFQ4ww3oSUk28SI0xU6PCwHUA4=,xGIBC4d5UyAEmOO7VYQRet+LdqU=
411,447,ktFQ4ww3oSUk28SI0xU6PCwHUA4=,xGIBC4d5UyAEmOO7VYQRet+LdqU=
409,447,ktFQ4ww3oSUk28SI0xU6PCwHUA4=,xGIBC4d5UyAEmOO7VYQRet+LdqU=
400,432,ktFQ4ww3oSUk28SI0xU6PCwHUA4=,xGIBC4d5UyAEmOO7VYQRet+LdqU=
410,447,ktFQ4ww3oSUk28SI0xU6PCwHUA4=,xGIBC4d5UyAEmOO7VYQRet+LdqU=
408,432,ktFQ4ww3oSUk28SI0xU6PCwHUA4=,xGIBC4d5UyAEmOO7VYQRet+LdqU=
411,432,ktFQ4ww3oSUk28SI0xU6PCwHUA4=,xGIBC4d5UyAEmOO7VYQRet+LdqU=
403,447,ktFQ4ww3oSUk28SI0xU6PCwHUA4=,xGIBC4d5UyAEmOO7VYQRet+LdqU=
406,432,ktFQ4ww3oSUk28SI0xU6PCwHUA4=,xGIBC4d5UyAEmOO7VYQRet+LdqU=
402,447,ktFQ4ww3oSUk28SI0xU6PCwHUA4=,xGIBC4d5UyAEmOO7VYQRet+LdqU=
406,447,ktFQ4ww3oSUk28SI0xU6PCwHUA4=,xGIBC4d5UyAEmOO7VYQRet+LdqU=
404,433,ktFQ4ww3oSUk28SI0xU6PCwHUA4=,xGIBC4d5UyAEmOO7VYQRet+LdqU=
404,447,ktFQ4ww3oSUk28SI0xU6PCwHUA4=,xGIBC4d5UyAEmOO7VYQRet+LdqU=
415,446,ktFQ4ww3oSUk28SI0xU6PCwHUA4=,xGIBC4d5UyAEmOO7VYQRet+LdqU=
414,446,ktFQ4ww3oSUk28SI0xU6PCwHUA4=,xGIBC4d5UyAEmOO7VYQRet+LdqU=
413,446,ktFQ4ww3oSUk28SI0xU6PCwHUA4=,xGIBC4d5UyAEmOO7VYQRet+LdqU=
412,446,ktFQ4ww3oSUk28SI0xU6PCwHUA4=,xGIBC4d5UyAEmOO7VYQRet+LdqU=
411,446,ktFQ4ww3oSUk28SI0xU6PCwHUA4=,xGIBC4d5UyAEmOO7VYQRet+LdqU=
409,446,ktFQ4ww3oSUk28SI0xU6PCwHUA4=,xGIBC4d5UyAEmOO7VYQRet+LdqU=
412,432,ktFQ4ww3oSUk28SI0xU6PCwHUA4=,xGIBC4d5UyAEmOO7VYQRet+LdqU=
407,447,ktFQ4ww3oSUk28SI0xU6PCwHUA4=,xGIBC4d5UyAEmOO7VYQRet+LdqU=
410,446,ktFQ4ww3oSUk28SI0xU6PCwHUA4=,xGIBC4d5UyAEmOO7VYQRet+LdqU=
401,447,ktFQ4ww3oSUk28SI0xU6PCwHUA4=,xGIBC4d5UyAEmOO7VYQRet+LdqU=
405,447,ktFQ4ww3oSUk28SI0xU6PCwHUA4=,xGIBC4d5UyAEmOO7VYQRet+LdqU=
408,447,ktFQ4ww3oSUk28SI0xU6PCwHUA4=,xGIBC4d5UyAEmOO7VYQRet+LdqU=
404,446,ktFQ4ww3oSUk28SI0xU6PCwHUA4=,xGIBC4d5UyAEmOO7VYQRet+LdqU=
405,433,ktFQ4ww3oSUk28SI0xU6PCwHUA4=,xGIBC4d5UyAEmOO7VYQRet+LdqU=
400,447,ktFQ4ww3oSUk28SI0xU6PCwHUA4=,xGIBC4d5UyAEmOO7VYQRet+LdqU=
405,446,ktFQ4ww3oSUk28SI0xU6PCwHUA4=,xGIBC4d5UyAEmOO7VYQRet+LdqU=
415,445,ktFQ4ww3oSUk28SI0xU6PCwHUA4=,xGIBC4d5UyAEmOO7VYQRet+LdqU=
414,445,ktFQ4ww3oSUk28SI0xU6PCwHUA4=,xGIBC4d5UyAEmOO7VYQRet+LdqU=
413,445,ktFQ4ww3oSUk28SI0xU6PCwHUA4=,xGIBC4d5UyAEmOO7VYQRet+LdqU=
412,445,ktFQ4ww3oSUk28SI0xU6PCwHUA4=,xGIBC4d5UyAEmOO7VYQRet+LdqU=
411,445,ktFQ4ww3oSUk28SI0xU6PCwHUA4=,xGIBC4d5UyAEmOO7VYQRet+LdqU=
410,445,ktFQ4ww3oSUk28SI0xU6PCwHUA4=,xGIBC4d5UyAEmOO7VYQRet+LdqU=
409,445,ktFQ4ww3oSUk28SI0xU6PCwHUA4=,xGIBC4d5UyAEmOO7VYQRet+LdqU=
407,446,ktFQ4ww3oSUk28SI0xU6PCwHUA4=,xGIBC4d5UyAEmOO7VYQRet+LdqU=
406,446,ktFQ4ww3oSUk28SI0xU6PCwHUA4=,xGIBC4d5UyAEmOO7VYQRet+LdqU=
406,433,ktFQ4ww3oSUk28SI0xU6PCwHUA4=,xGIBC4d5UyAEmOO7VYQRet+LdqU=
401,446,ktFQ4ww3oSUk28SI0xU6PCwHUA4=,xGIBC4d5UyAEmOO7VYQRet+LdqU=
408,446,ktFQ4ww3oSUk28SI0xU6PCwHUA4=,xGIBC4d5UyAEmOO7VYQRet+LdqU=
402,446,ktFQ4ww3oSUk28SI0xU6PCwHUA4=,xGIBC4d5UyAEmOO7VYQRet+LdqU=
406,445,ktFQ4ww3oSUk28SI0xU6PCwHUA4=,xGIBC4d5UyAEmOO7VYQRet+LdqU=
400,446,ktFQ4ww3oSUk28SI0xU6PCwHUA4=,xGIBC4d5UyAEmOO7VYQRet+LdqU=
405,445,ktFQ4ww3oSUk28SI0xU6PCwHUA4=,xGIBC4d5UyAEmOO7VYQRet+LdqU=
415,444,ktFQ4ww3oSUk28SI0xU6PCwHUA4=,xGIBC4d5UyAEmOO7VYQRet+LdqU=
414,444,ktFQ4ww3oSUk28SI0xU6PCwHUA4=,xGIBC4d5UyAEmOO7VYQRet+LdqU=
412,444,ktFQ4ww3oSUk28SI0xU6PCwHUA4=,xGIBC4d5UyAEmOO7VYQRet+LdqU=
413,444,ktFQ4ww3oSUk28SI0xU6PCwHUA4=,xGIBC4d5UyAEmOO7VYQRet+LdqU=
411,444,ktFQ4ww3oSUk28SI0xU6PCwHUA4=,xGIBC4d5UyAEmOO7VYQRet+LdqU=
407,445,ktFQ4ww3oSUk28SI0xU6PCwHUA4=,xGIBC4d5UyAEmOO7VYQRet+LdqU=
407,433,ktFQ4ww3oSUk28SI0xU6PCwHUA4=,xGIBC4d5UyAEmOO7VYQRet+LdqU=
404,445,ktFQ4ww3oSUk28SI0xU6PCwHUA4=,xGIBC4d5UyAEmOO7VYQRet+LdqU=
410,444,ktFQ4ww3oSUk28SI0xU6PCwHUA4=,xGIBC4d5UyAEmOO7VYQRet+LdqU=
401,445,ktFQ4ww3oSUk28SI0xU6PCwHUA4=,xGIBC4d5UyAEmOO7VYQRet+LdqU=
400,445,ktFQ4ww3oSUk28SI0xU6PCwHUA4=,xGIBC4d5UyAEmOO7VYQRet+LdqU=
403,445,ktFQ4ww3oSUk28SI0xU6PCwHUA4=,xGIBC4d5UyAEmOO7VYQRet+LdqU=
408,433,ktFQ4ww3oSUk28SI0xU6PCwHUA4=,xGIBC4d5UyAEmOO7VYQRet+LdqU=
409,433,ktFQ4ww3oSUk28SI0xU6PCwHUA4=,xGIBC4d5UyAEmOO7VYQRet+LdqU=
408,444,ktFQ4ww3oSUk28SI0xU6PCwHUA4=,xGIBC4d5UyAEmOO7VYQRet+LdqU=
402,445,ktFQ4ww3oSUk28SI0xU6PCwHUA4=,xGIBC4d5UyAEmOO7VYQRet+LdqU=
409,444,ktFQ4ww3oSUk28SI0xU6PCwHUA4=,xGIBC4d5UyAEmOO7VYQRet+LdqU=
407,444,ktFQ4ww3oSUk28SI0xU6PCwHUA4=,xGIBC4d5UyAEmOO7VYQRet+LdqU=
406,444,ktFQ4ww3oSUk28SI0xU6PCwHUA4=,xGIBC4d5UyAEmOO7VYQRet+LdqU=
415,443,ktFQ4ww3oSUk28SI0xU6PCwHUA4=,xGIBC4d5UyAEmOO7VYQRet+LdqU=
414,443,ktFQ4ww3oSUk28SI0xU6PCwHUA4=,xGIBC4d5UyAEmOO7VYQRet+LdqU=
413,443,ktFQ4ww3oSUk28SI0xU6PCwHUA4=,xGIBC4d5UyAEmOO7VYQRet+LdqU=
412,443,ktFQ4ww3oSUk28SI0xU6PCwHUA4=,xGIBC4d5UyAEmOO7VYQRet+LdqU=
410,443,ktFQ4ww3oSUk28SI0xU6PCwHUA4=,xGIBC4d5UyAEmOO7VYQRet+LdqU=
403,444,ktFQ4ww3oSUk28SI0xU6PCwHUA4=,xGIBC4d5UyAEmOO7VYQRet+LdqU=
405,444,ktFQ4ww3oSUk28SI0xU6PCwHUA4=,xGIBC4d5UyAEmOO7VYQRet+LdqU=
402,444,ktFQ4ww3oSUk28SI0xU6PCwHUA4=,xGIBC4d5UyAEmOO7VYQRet+LdqU=
410,433,ktFQ4ww3oSUk28SI0xU6PCwHUA4=,xGIBC4d5UyAEmOO7VYQRet+LdqU=
400,444,ktFQ4ww3oSUk28SI0xU6PCwHUA4=,xGIBC4d5UyAEmOO7VYQRet+LdqU=
409,443,ktFQ4ww3oSUk28SI0xU6PCwHUA4=,xGIBC4d5UyAEmOO7VYQRet+LdqU=
401,444,ktFQ4ww3oSUk28SI0xU6PCwHUA4=,xGIBC4d5UyAEmOO7VYQRet+LdqU=
410,432,ktFQ4ww3oSUk28SI0xU6PCwHUA4=,xGIBC4d5UyAEmOO7VYQRet+LdqU=
406,443,ktFQ4ww3oSUk28SI0xU6PCwHUA4=,xGIBC4d5UyAEmOO7VYQRet+LdqU=
407,443,ktFQ4ww3oSUk28SI0xU6PCwHUA4=,xGIBC4d5UyAEmOO7VYQRet+LdqU=
408,443,ktFQ4ww3oSUk28SI0xU6PCwHUA4=,xGIBC4d5UyAEmOO7VYQRet+LdqU=
415,442,ktFQ4ww3oSUk28SI0xU6PCwHUA4=,xGIBC4d5UyAEmOO7VYQRet+LdqU=
414,442,ktFQ4ww3oSUk28SI0xU6PCwHUA4=,xGIBC4d5UyAEmOO7VYQRet+LdqU=
413,442,ktFQ4ww3oSUk28SI0xU6PCwHUA4=,xGIBC4d5UyAEmOO7VYQRet+LdqU=
411,433,ktFQ4ww3oSUk28SI0xU6PCwHUA4=,xGIBC4d5UyAEmOO7VYQRet+LdqU=
404,443,ktFQ4ww3oSUk28SI0xU6PCwHUA4=,xGIBC4d5UyAEmOO7VYQRet+LdqU=
401,443,ktFQ4ww3oSUk28SI0xU6PCwHUA4=,xGIBC4d5UyAEmOO7VYQRet+LdqU=
402,443,ktFQ4ww3oSUk28SI0xU6PCwHUA4=,xGIBC4d5UyAEmOO7VYQRet+LdqU=
411,442,ktFQ4ww3oSUk28SI0xU6PCwHUA4=,xGIBC4d5UyAEmOO7VYQRet+LdqU=
412,442,ktFQ4ww3oSUk28SI0xU6PCwHUA4=,xGIBC4d5UyAEmOO7VYQRet+LdqU=
410,442,ktFQ4ww3oSUk28SI0xU6PCwHUA4=,xGIBC4d5UyAEmOO7VYQRet+LdqU=
407,432,ktFQ4ww3oSUk28SI0xU6PCwHUA4=,xGIBC4d5UyAEmOO7VYQRet+LdqU=
409,442,ktFQ4ww3oSUk28SI0xU6PCwHUA4=,xGIBC4d5UyAEmOO7VYQRet+LdqU=
407,442,ktFQ4ww3oSUk28SI0xU6PCwHUA4=,xGIBC4d5UyAEmOO7VYQRet+LdqU=
404,442,ktFQ4ww3oSUk28SI0xU6PCwHUA4=,xGIBC4d5UyAEmOO7VYQRet+LdqU=
412,433,ktFQ4ww3oSUk28SI0xU6PCwHUA4=,xGIBC4d5UyAEmOO7VYQRet+LdqU=
413,433,ktFQ4ww3oSUk28SI0xU6PCwHUA4=,xGIBC4d5UyAEmOO7VYQRet+LdqU=
414,433,ktFQ4ww3oSUk28SI0xU6PCwHUA4=,xGIBC4d5UyAEmOO7VYQRet+LdqU=
415,433,ktFQ4ww3oSUk28SI0xU6PCwHUA4=,xGIBC4d5UyAEmOO7VYQRet+LdqU=
400,434,ktFQ4ww3oSUk28SI0xU6PCwHUA4=,xGIBC4d5UyAEmOO7VYQRet+LdqU=
401,434,ktFQ4ww3oSUk28SI0xU6PCwHUA4=,xGIBC4d5UyAEmOO7VYQRet+LdqU=
402,434,ktFQ4ww3oSUk28SI0xU6PCwHUA4=,xGIBC4d5UyAEmOO7VYQRet+LdqU=
403,434,ktFQ4ww3oSUk28SI0xU6PCwHUA4=,xGIBC4d5UyAEmOO7VYQRet+LdqU=
404,434,ktFQ4ww3oSUk28SI0xU6PCwHUA4=,xGIBC4d5UyAEmOO7VYQRet+LdqU=
408,442,ktFQ4ww3oSUk28SI0xU6PCwHUA4=,xGIBC4d5UyAEmOO7VYQRet+LdqU=
415,441,ktFQ4ww3oSUk28SI0xU6PCwHUA4=,xGIBC4d5UyAEmOO7VYQRet+LdqU=
414,441,ktFQ4ww3oSUk28SI0xU6PCwHUA4=,xGIBC4d5UyAEmOO7VYQRet+LdqU=
413,441,ktFQ4ww3oSUk28SI0xU6PCwHUA4=,xGIBC4d5UyAEmOO7VYQRet+LdqU=
412,441,ktFQ4ww3oSUk28SI0xU6PCwHUA4=,xGIBC4d5UyAEmOO7VYQRet+LdqU=
411,441,ktFQ4ww3oSUk28SI0xU6PCwHUA4=,xGIBC4d5UyAEmOO7VYQRet+LdqU=
406,442,ktFQ4ww3oSUk28SI0xU6PCwHUA4=,xGIBC4d5UyAEmOO7VYQRet+LdqU=
403,442,ktFQ4ww3oSUk28SI0xU6PCwHUA4=,xGIBC4d5UyAEmOO7VYQRet+LdqU=
402,442,ktFQ4ww3oSUk28SI0xU6PCwHUA4=,xGIBC4d5UyAEmOO7VYQRet+LdqU=
401,442,ktFQ4ww3oSUk28SI0xU6PCwHUA4=,xGIBC4d5UyAEmOO7VYQRet+LdqU=
408,445,ktFQ4ww3oSUk28SI0xU6PCwHUA4=,xGIBC4d5UyAEmOO7VYQRet+LdqU=
405,434,ktFQ4ww3oSUk28SI0xU6PCwHUA4=,xGIBC4d5UyAEmOO7VYQRet+LdqU=
400,442,ktFQ4ww3oSUk28SI0xU6PCwHUA4=,xGIBC4d5UyAEmOO7VYQRet+LdqU=
407,441,ktFQ4ww3oSUk28SI0xU6PCwHUA4=,xGIBC4d5UyAEmOO7VYQRet+LdqU=
409,441,ktFQ4ww3oSUk28SI0xU6PCwHUA4=,xGIBC4d5UyAEmOO7VYQRet+LdqU=
402,441,ktFQ4ww3oSUk28SI0xU6PCwHUA4=,xGIBC4d5UyAEmOO7VYQRet+LdqU=
410,441,ktFQ4ww3oSUk28SI0xU6PCwHUA4=,xGIBC4d5UyAEmOO7VYQRet+LdqU=
404,441,ktFQ4ww3oSUk28SI0xU6PCwHUA4=,xGIBC4d5UyAEmOO7VYQRet+LdqU=
415,440,ktFQ4ww3oSUk28SI0xU6PCwHUA4=,xGIBC4d5UyAEmOO7VYQRet+LdqU=
414,440,ktFQ4ww3oSUk28SI0xU6PCwHUA4=,xGIBC4d5UyAEmOO7VYQRet+LdqU=
413,440,ktFQ4ww3oSUk28SI0xU6PCwHUA4=,xGIBC4d5UyAEmOO7VYQRet+LdqU=
410,440,ktFQ4ww3oSUk28SI0xU6PCwHUA4=,xGIBC4d5UyAEmOO7VYQRet+LdqU=
408,441,ktFQ4ww3oSUk28SI0xU6PCwHUA4=,xGIBC4d5UyAEmOO7VYQRet+LdqU=
406,441,ktFQ4ww3oSUk28SI0xU6PCwHUA4=,xGIBC4d5UyAEmOO7VYQRet+LdqU=
403,443,ktFQ4ww3oSUk28SI0xU6PCwHUA4=,xGIBC4d5UyAEmOO7VYQRet+LdqU=
406,434,ktFQ4ww3oSUk28SI0xU6PCwHUA4=,xGIBC4d5UyAEmOO7VYQRet+LdqU=
400,441,ktFQ4ww3oSUk28SI0xU6PCwHUA4=,xGIBC4d5UyAEmOO7VYQRet+LdqU=
409,440,ktFQ4ww3oSUk28SI0xU6PCwHUA4=,xGIBC4d5UyAEmOO7VYQRet+LdqU=
405,441,ktFQ4ww3oSUk28SI0xU6PCwHUA4=,xGIBC4d5UyAEmOO7VYQRet+LdqU=
403,440,ktFQ4ww3oSUk28SI0xU6PCwHUA4=,xGIBC4d5UyAEmOO7VYQRet+LdqU=
402,440,ktFQ4ww3oSUk28SI0xU6PCwHUA4=,xGIBC4d5UyAEmOO7VYQRet+LdqU=
401,440,ktFQ4ww3oSUk28SI0xU6PCwHUA4=,xGIBC4d5UyAEmOO7VYQRet+LdqU=
400,440,ktFQ4ww3oSUk28SI0xU6PCwHUA4=,xGIBC4d5UyAEmOO7VYQRet+LdqU=
415,439,ktFQ4ww3oSUk28SI0xU6PCwHUA4=,xGIBC4d5UyAEmOO7VYQRet+LdqU=
414,439,ktFQ4ww3oSUk28SI0xU6PCwHUA4=,xGIBC4d5UyAEmOO7VYQRet+LdqU=
413,439,ktFQ4ww3oSUk28SI0xU6PCwHUA4=,xGIBC4d5UyAEmOO7VYQRet+LdqU=
408,440,ktFQ4ww3oSUk28SI0xU6PCwHUA4=,xGIBC4d5UyAEmOO7VYQRet+LdqU=
407,440,ktFQ4ww3oSUk28SI0xU6PCwHUA4=,xGIBC4d5UyAEmOO7VYQRet+LdqU=
411,440,ktFQ4ww3oSUk28SI0xU6PCwHUA4=,xGIBC4d5UyAEmOO7VYQRet+LdqU=
412,440,ktFQ4ww3oSUk28SI0xU6PCwHUA4=,xGIBC4d5UyAEmOO7VYQRet+LdqU=
407,434,ktFQ4ww3oSUk28SI0xU6PCwHUA4=,xGIBC4d5UyAEmOO7VYQRet+LdqU=
400,443,ktFQ4ww3oSUk28SI0xU6PCwHUA4=,xGIBC4d5UyAEmOO7VYQRet+LdqU=
407,439,ktFQ4ww3oSUk28SI0xU6PCwHUA4=,xGIBC4d5UyAEmOO7VYQRet+LdqU=
406,439,ktFQ4ww3oSUk28SI0xU6PCwHUA4=,xGIBC4d5UyAEmOO7VYQRet+LdqU=
409,439,ktFQ4ww3oSUk28SI0xU6PCwHUA4=,xGIBC4d5UyAEmOO7VYQRet+LdqU=
405,439,ktFQ4ww3oSUk28SI0xU6PCwHUA4=,xGIBC4d5UyAEmOO7VYQRet+LdqU=
404,440,ktFQ4ww3oSUk28SI0xU6PCwHUA4=,xGIBC4d5UyAEmOO7VYQRet+LdqU=
402,439,ktFQ4ww3oSUk28SI0xU6PCwHUA4=,xGIBC4d5UyAEmOO7VYQRet+LdqU=
401,439,ktFQ4ww3oSUk28SI0xU6PCwHUA4=,xGIBC4d5UyAEmOO7VYQRet+LdqU=
400,439,ktFQ4ww3oSUk28SI0xU6PCwHUA4=,xGIBC4d5UyAEmOO7VYQRet+LdqU=
415,438,ktFQ4ww3oSUk28SI0xU6PCwHUA4=,xGIBC4d5UyAEmOO7VYQRet+LdqU=
414,438,ktFQ4ww3oSUk28SI0xU6PCwHUA4=,xGIBC4d5UyAEmOO7VYQRet+LdqU=
413,438,ktFQ4ww3oSUk28SI0xU6PCwHUA4=,xGIBC4d5UyAEmOO7VYQRet+LdqU=
404,444,ktFQ4ww3oSUk28SI0xU6PCwHUA4=,xGIBC4d5UyAEmOO7VYQRet+LdqU=
410,439,ktFQ4ww3oSUk28SI0xU6PCwHUA4=,xGIBC4d5UyAEmOO7VYQRet+LdqU=
412,439,ktFQ4ww3oSUk28SI0xU6PCwHUA4=,xGIBC4d5UyAEmOO7VYQRet+LdqU=
404,439,ktFQ4ww3oSUk28SI0xU6PCwHUA4=,xGIBC4d5UyAEmOO7VYQRet+LdqU=
408,439,ktFQ4ww3oSUk28SI0xU6PCwHUA4=,xGIBC4d5UyAEmOO7VYQRet+LdqU=
408,434,ktFQ4ww3oSUk28SI0xU6PCwHUA4=,xGIBC4d5UyAEmOO7VYQRet+LdqU=
403,439,ktFQ4ww3oSUk28SI0xU6PCwHUA4=,xGIBC4d5UyAEmOO7VYQRet+LdqU=
406,438,ktFQ4ww3oSUk28SI0xU6PCwHUA4=,xGIBC4d5UyAEmOO7VYQRet+LdqU=
405,438,ktFQ4ww3oSUk28SI0xU6PCwHUA4=,xGIBC4d5UyAEmOO7VYQRet+LdqU=
403,438,ktFQ4ww3oSUk28SI0xU6PCwHUA4=,xGIBC4d5UyAEmOO7VYQRet+LdqU=
410,438,ktFQ4ww3oSUk28SI0xU6PCwHUA4=,xGIBC4d5UyAEmOO7VYQRet+LdqU=
411,438,ktFQ4ww3oSUk28SI0xU6PCwHUA4=,xGIBC4d5UyAEmOO7VYQRet+LdqU=
401,438,ktFQ4ww3oSUk28SI0xU6PCwHUA4=,xGIBC4d5UyAEmOO7VYQRet+LdqU=
415,437,ktFQ4ww3oSUk28SI0xU6PCwHUA4=,xGIBC4d5UyAEmOO7VYQRet+LdqU=
400,438,ktFQ4ww3oSUk28SI0xU6PCwHUA4=,xGIBC4d5UyAEmOO7VYQRet+LdqU=
414,437,ktFQ4ww3oSUk28SI0xU6PCwHUA4=,xGIBC4d5UyAEmOO7VYQRet+LdqU=
413,437,ktFQ4ww3oSUk28SI0xU6PCwHUA4=,xGIBC4d5UyAEmOO7VYQRet+LdqU=
405,442,ktFQ4ww3oSUk28SI0xU6PCwHUA4=,xGIBC4d5UyAEmOO7VYQRet+LdqU=
412,438,ktFQ4ww3oSUk28SI0xU6PCwHUA4=,xGIBC4d5UyAEmOO7VYQRet+LdqU=
410,437,ktFQ4ww3oSUk28SI0xU6PCwHUA4=,xGIBC4d5UyAEmOO7VYQRet+LdqU=
408,438,ktFQ4ww3oSUk28SI0xU6PCwHUA4=,xGIBC4d5UyAEmOO7VYQRet+LdqU=
409,434,ktFQ4ww3oSUk28SI0xU6PCwHUA4=,xGIBC4d5UyAEmOO7VYQRet+LdqU=
407,438,ktFQ4ww3oSUk28SI0xU6PCwHUA4=,xGIBC4d5UyAEmOO7VYQRet+LdqU=
404,438,ktFQ4ww3oSUk28SI0xU6PCwHUA4=,xGIBC4d5UyAEmOO7VYQRet+LdqU=
406,437,ktFQ4ww3oSUk28SI0xU6PCwHUA4=,xGIBC4d5UyAEmOO7VYQRet+LdqU=
405,437,ktFQ4ww3oSUk28SI0xU6PCwHUA4=,xGIBC4d5UyAEmOO7VYQRet+LdqU=
402,438,ktFQ4ww3oSUk28SI0xU6PCwHUA4=,xGIBC4d5UyAEmOO7VYQRet+LdqU=
411,437,ktFQ4ww3oSUk28SI0xU6PCwHUA4=,xGIBC4d5UyAEmOO7VYQRet+LdqU=
402,437,ktFQ4ww3oSUk28SI0xU6PCwHUA4=,xGIBC4d5UyAEmOO7VYQRet+LdqU=
401,437,ktFQ4ww3oSUk28SI0xU6PCwHUA4=,xGIBC4d5UyAEmOO7VYQRet+LdqU=
400,437,ktFQ4ww3oSUk28SI0xU6PCwHUA4=,xGIBC4d5UyAEmOO7VYQRet+LdqU=
415,436,ktFQ4ww3oSUk28SI0xU6PCwHUA4=,xGIBC4d5UyAEmOO7VYQRet+LdqU=
414,436,ktFQ4ww3oSUk28SI0xU6PCwHUA4=,xGIBC4d5UyAEmOO7VYQRet+LdqU=
413,436,ktFQ4ww3oSUk28SI0xU6PCwHUA4=,xGIBC4d5UyAEmOO7VYQRet+LdqU=
412,436,ktFQ4ww3oSUk28SI0xU6PCwHUA4=,xGIBC4d5UyAEmOO7VYQRet+LdqU=
409,437,ktFQ4ww3oSUk28SI0xU6PCwHUA4=,xGIBC4d5UyAEmOO7VYQRet+LdqU=
412,437,ktFQ4ww3oSUk28SI0xU6PCwHUA4=,xGIBC4d5UyAEmOO7VYQRet+LdqU=
410,434,ktFQ4ww3oSUk28SI0xU6PCwHUA4=,xGIBC4d5UyAEmOO7VYQRet+LdqU=
406,436,ktFQ4ww3oSUk28SI0xU6PCwHUA4=,xGIBC4d5UyAEmOO7VYQRet+LdqU=
405,436,ktFQ4ww3oSUk28SI0xU6PCwHUA4=,xGIBC4d5UyAEmOO7VYQRet+LdqU=
408,437,ktFQ4ww3oSUk28SI0xU6PCwHUA4=,xGIBC4d5UyAEmOO7VYQRet+LdqU=
403,436,ktFQ4ww3oSUk28SI0xU6PCwHUA4=,xGIBC4d5UyAEmOO7VYQRet+LdqU=
402,436,ktFQ4ww3oSUk28SI0xU6PCwHUA4=,xGIBC4d5UyAEmOO7VYQRet+LdqU=
401,436,ktFQ4ww3oSUk28SI0xU6PCwHUA4=,xGIBC4d5UyAEmOO7VYQRet+LdqU=
400,436,ktFQ4ww3oSUk28SI0xU6PCwHUA4=,xGIBC4d5UyAEmOO7VYQRet+LdqU=
415,435,ktFQ4ww3oSUk28SI0xU6PCwHUA4=,xGIBC4d5UyAEmOO7VYQRet+LdqU=
414,435,ktFQ4ww3oSUk28SI0xU6PCwHUA4=,xGIBC4d5UyAEmOO7VYQRet+LdqU=
413,435,ktFQ4ww3oSUk28SI0xU6PCwHUA4=,xGIBC4d5UyAEmOO7VYQRet+LdqU=
412,435,ktFQ4ww3oSUk28SI0xU6PCwHUA4=,xGIBC4d5UyAEmOO7VYQRet+LdqU=
411,435,ktFQ4ww3oSUk28SI0xU6PCwHUA4=,xGIBC4d5UyAEmOO7VYQRet+LdqU=
406,440,ktFQ4ww3oSUk28SI0xU6PCwHUA4=,xGIBC4d5UyAEmOO7VYQRet+LdqU=
403,437,ktFQ4ww3oSUk28SI0xU6PCwHUA4=,xGIBC4d5UyAEmOO7VYQRet+LdqU=
401,441,ktFQ4ww3oSUk28SI0xU6PCwHUA4=,xGIBC4d5UyAEmOO7VYQRet+LdqU=
404,436,ktFQ4ww3oSUk28SI0xU6PCwHUA4=,xGIBC4d5UyAEmOO7VYQRet+LdqU=
409,436,ktFQ4ww3oSUk28SI0xU6PCwHUA4=,xGIBC4d5UyAEmOO7VYQRet+LdqU=
407,436,ktFQ4ww3oSUk28SI0xU6PCwHUA4=,xGIBC4d5UyAEmOO7VYQRet+LdqU=
408,436,ktFQ4ww3oSUk28SI0xU6PCwHUA4=,xGIBC4d5UyAEmOO7VYQRet+LdqU=
403,435,ktFQ4ww3oSUk28SI0xU6PCwHUA4=,xGIBC4d5UyAEmOO7VYQRet+LdqU=
402,435,ktFQ4ww3oSUk28SI0xU6PCwHUA4=,xGIBC4d5UyAEmOO7VYQRet+LdqU=
401,435,ktFQ4ww3oSUk28SI0xU6PCwHUA4=,xGIBC4d5UyAEmOO7VYQRet+LdqU=
400,435,ktFQ4ww3oSUk28SI0xU6PCwHUA4=,xGIBC4d5UyAEmOO7VYQRet+LdqU=
415,434,ktFQ4ww3oSUk28SI0xU6PCwHUA4=,xGIBC4d5UyAEmOO7VYQRet+LdqU=
413,434,ktFQ4ww3oSUk28SI0xU6PCwHUA4=,xGIBC4d5UyAEmOO7VYQRet+LdqU=
414,434,ktFQ4ww3oSUk28SI0xU6PCwHUA4=,xGIBC4d5UyAEmOO7VYQRet+LdqU=
412,434,ktFQ4ww3oSUk28SI0xU6PCwHUA4=,xGIBC4d5UyAEmOO7VYQRet+LdqU=
409,435,ktFQ4ww3oSUk28SI0xU6PCwHUA4=,xGIBC4d5UyAEmOO7VYQRet+LdqU=
404,435,ktFQ4ww3oSUk28SI0xU6PCwHUA4=,xGIBC4d5UyAEmOO7VYQRet+LdqU=
408,435,ktFQ4ww3oSUk28SI0xU6PCwHUA4=,xGIBC4d5UyAEmOO7VYQRet+LdqU=
404,437,ktFQ4ww3oSUk28SI0xU6PCwHUA4=,xGIBC4d5UyAEmOO7VYQRet+LdqU=
407,435,ktFQ4ww3oSUk28SI0xU6PCwHUA4=,xGIBC4d5UyAEmOO7VYQRet+LdqU=
407,437,ktFQ4ww3oSUk28SI0xU6PCwHUA4=,xGIBC4d5UyAEmOO7VYQRet+LdqU=
410,436,ktFQ4ww3oSUk28SI0xU6PCwHUA4=,xGIBC4d5UyAEmOO7VYQRet+LdqU=
406,435,ktFQ4ww3oSUk28SI0xU6PCwHUA4=,xGIBC4d5UyAEmOO7VYQRet+LdqU=
405,435,ktFQ4ww3oSUk28SI0xU6PCwHUA4=,xGIBC4d5UyAEmOO7VYQRet+LdqU=
405,443,ktFQ4ww3oSUk28SI0xU6PCwHUA4=,xGIBC4d5UyAEmOO7VYQRet+LdqU=
411,439,ktFQ4ww3oSUk28SI0xU6PCwHUA4=,xGIBC4d5UyAEmOO7VYQRet+LdqU=
405,440,ktFQ4ww3oSUk28SI0xU6PCwHUA4=,xGIBC4d5UyAEmOO7VYQRet+LdqU=
409,438,ktFQ4ww3oSUk28SI0xU6PCwHUA4=,xGIBC4d5UyAEmOO7VYQRet+LdqU=
410,435,ktFQ4ww3oSUk28SI0xU6PCwHUA4=,xGIBC4d5UyAEmOO7VYQRet+LdqU=
403,441,ktFQ4ww3oSUk28SI0xU6PCwHUA4=,xGIBC4d5UyAEmOO7VYQRet+LdqU=
405,432,ktFQ4ww3oSUk28SI0xU6PCwHUA4=,xGIBC4d5UyAEmOO7VYQRet+LdqU=
411,434,ktFQ4ww3oSUk28SI0xU6PCwHUA4=,xGIBC4d5UyAEmOO7VYQRet+LdqU=
411,443,ktFQ4ww3oSUk28SI0xU6PCwHUA4=,xGIBC4d5UyAEmOO7VYQRet+LdqU=
403,446,ktFQ4ww3oSUk28SI0xU6PCwHUA4=,xGIBC4d5UyAEmOO7VYQRet+LdqU=
411,436,ktFQ4ww3oSUk28SI0xU6PCwHUA4=,xGIBC4d5UyAEmOO7VYQRet+LdqU=
